seed,method,artist_id,tracks,macro_mean_delta,macro_contribution,macro_delta_without_artist,electronic_delta,electronic_contribution,pop_delta,pop_contribution,ambient_delta,ambient_contribution,rock_delta,rock_contribution
20260926,sigmoid,artist_000087,3,0.025762001957713204,0.0003206888210503718,-0.007967701139514434,-0.004130401485977524,-5.1415786132500305e-05,-0.015543191873221575,-0.00019348371626416898,0.12069658534228707,0.0015024471204434075,0.0020250158477648416,2.5207666154749067e-05
20260926,sigmoid,artist_000209,1,-0.005457584843424591,-2.264558026317258e-05,-0.007556538668699463,0.000588752582011548,2.4429567718321495e-06,-3.993200298457039e-05,-1.6569295844220078e-07,-0.023062996039941275,-9.56970790039057e-05,0.0006838360872159328,2.8374941378254473e-06
20260926,sigmoid,artist_001048,1,0.022941103654934947,9.519130147275911e-05,-0.007674866537442628,0.007034022578445195,2.9186815678195832e-05,-0.00010268700335059537,-4.2608715083234594e-07,0.0833740363450342,0.0003459503582781502,0.0014590426996110067,6.05411908552285e-06
20260926,sigmoid,artist_001336,11,-0.01001958513187609,-0.0004573254624507758,-0.007429614908176778,-0.007952685389661414,-0.0003629856401920147,-0.008108015815956182,-0.00037007541068679673,-0.02650736932677317,-0.0012098799277780285,0.002489730004886425,0.00011363912885373724
20260926,sigmoid,artist_001390,1,0.007282808122892574,3.02191208418779e-05,-0.0076096236393924516,-2.1224967575968266e-05,-8.807040487953637e-08,0.030160895455843384,0.00012514894380018002,-0.004361374168997161,-1.8096988253100255e-05,0.0033529361723000396,1.3912598225311368e-05
20260926,sigmoid,artist_001798,1,-0.04450299027945413,-0.00018465971070312918,-0.007393849479382674,-0.00561320589194092,-2.3291310754941576e-05,-0.0014190669639722068,-5.888244663785091e-06,-0.17210143750712908,-0.0007141138485772991,0.0011217492452256714,4.65456118350901e-06
20260926,sigmoid,artist_002060,1,-0.015984182362470564,-6.632440814303139e-05,-0.007512677845703438,-0.009064877617998013,-3.761360007468055e-05,-0.04821962844540659,-0.0002000814458315626,-0.009461702432270746,-3.926017606751347e-05,0.0028094790457930986,1.1657589401631114e-05
20260926,sigmoid,artist_002443,1,0.02039858379725271,8.464142654461706e-05,-0.007664272704702285,0.00012162933997195667,5.04686057974924e-07,-0.0053925548890998015,-2.2375746427800006e-05,-0.0005391825088032593,-2.237271820760412e-06,0.08740444324694194,0.0003626740383690537
20260926,sigmoid,artist_003177,3,0.021636150545217097,0.0002693296748367273,-0.00791569460910482,0.004830638860255067,6.013243394508382e-05,0.009268193784022542,0.0001153717068550524,0.07001574499038478,0.00087156529033674,0.0024300245462059978,3.0249268210033167e-05
20260926,sigmoid,artist_003471,4,-0.01811917884994256,-0.0003007332589202085,-0.0073694099153228925,-0.0066561639551245555,-0.00011047575029252374,0.03959115534695741,0.0006571146115677578,-0.07297250151158735,-0.0012111618508147278,-0.032439205280015745,-0.0005384100461413402
20260926,sigmoid,artist_004116,1,0.006782229875047453,2.8142032676545446e-05,-0.007607537896693097,0.021341018599258188,8.855194439526219e-05,-0.00012688451162216083,-5.26491749469547e-07,0.005235711359835618,2.1724943401807545e-05,0.0006790740527181679,2.8177346585816095e-06
20260926,sigmoid,artist_004337,2,0.02080102916594473,0.00017262264868003925,-0.0077850582580049595,-0.005970198865514366,-4.95452188009491e-05,-0.009096135120201307,-7.548659850789467e-05,0.09697128702316389,0.0008047409711465884,0.0012991636263306855,1.0781440882412329e-05
20260926,sigmoid,artist_004505,1,0.017036160048560275,7.068946078240778e-05,-0.0076502626057494,0.0004422406514905178,1.8350234501681235e-06,-0.008226522612537347,-3.413494859974003e-05,-0.010971082597146714,-4.552316430351334e-05,0.08690000475243465,0.0003605809325827164
20260926,sigmoid,artist_004965,2,-0.0055921753215952795,-4.640809395514755e-05,-0.007564194622125963,0.0029260165291302292,2.428229484755377e-05,-0.0005076161205510039,-4.2125819132863395e-06,-0.026159616904061322,-0.00021709225646523918,0.001372515209100975,1.1390167710381535e-05
20260926,sigmoid,artist_005138,1,-0.031737753916113,-0.00013169192496312448,-0.007447037964229928,-0.010471139598024926,-4.344871202499969e-05,0.028438678037328136,0.00011800281343289683,-0.14819035830241917,-0.0006148977522921958,0.003271804198663953,1.3575951031800635e-05
20260926,sigmoid,artist_005373,1,-0.002725105082769918,-1.1307489969999659e-05,-0.007567924001035524,-0.0009253912478010104,-3.839797708717886e-06,-0.002589899428383273,-1.0746470657192004e-05,-0.011280553850646573,-4.680727738857499e-05,0.003895424195751184,1.6163585874486242e-05
20260926,sigmoid,artist_005393,3,-0.002328056833929834,-2.897996058833818e-05,-0.007613624768191203,0.0062281707178604324,7.752909607295144e-05,-0.017553675482373885,-0.00021851048318307742,-0.0014026622461018087,-1.7460525885084756e-05,0.003415939674895927,4.2522070641858015e-05
20260926,sigmoid,artist_006064,1,-0.02763570472060482,-0.00011467097394441834,-0.007464129835877879,0.001665299374973797,6.909955912754345e-06,0.008711266805176532,3.6146335291188927e-05,-0.09176245076745959,-0.0003807570571263883,-0.029156934295110015,-0.00012098312985522829
20260926,sigmoid,artist_006819,2,-0.04334610999536744,-0.00035971875514827754,-0.007248262114395652,0.0010064349077939915,8.352156911153457e-06,-0.0058590605194742285,-4.86229088753048e-05,-0.1707777771701821,-0.0014172429640679012,0.002245962800392598,1.863869543894272e-05
20260926,sigmoid,artist_007320,4,0.0013418482280880334,2.2271339885278563e-05,-0.007697866068538599,-3.485516561005679e-05,-5.785089727810255e-07,0.04635019596994769,0.0007692978584223683,-0.040233386603037415,-0.0006677740515026957,-0.0007145612889480786,-1.1859938405777239e-05
20260926,sigmoid,artist_007525,3,-0.015811748952989976,-0.00019682675045215736,-0.007443662262488764,0.004539166461301212,5.650414682117691e-05,0.045658124794272774,0.0005683583999287067,-0.013441221217498009,-0.00016731810644188394,-0.10000306585003588,-0.0012448514421166293
20260926,sigmoid,artist_007625,1,-0.05193245438067991,-0.0002154873625754353,-0.0073628933789609,-0.013732364770742467,-5.69807666835787e-05,-0.004505220503968305,-1.869386101231662e-05,-0.19008635607275512,-0.00078874006669193,0.0005941238247462667,2.4652440860840945e-06
20260926,sigmoid,artist_007783,1,0.03470582429949758,0.00014400756970745884,-0.007723886206794972,0.0042008294871393875,1.7430827747466338e-05,0.05516099601811114,0.00022888380090502547,-0.0012538220167379098,-5.202580982314978e-06,0.08071529370947772,0.0003349182311596586
20260926,sigmoid,artist_007872,6,0.011119047223145722,0.00027682275244346195,-0.008024430419873064,0.0008751192587711132,2.178720146318124e-05,0.04768007311196607,0.0011870557621236368,-0.018580964918756847,-0.00046259663698149827,0.014501961440602548,0.0003610446831685282
20260926,sigmoid,artist_337114,5,-0.0014124297716049318,-2.9303522232467466e-05,-0.007677816595225725,0.0028949399956824883,6.0060995761047474e-05,-0.0029630179613276777,-6.147340168729622e-05,-0.0077868165569908495,-0.00016155221072595123,0.002205175436216314,4.5750527722330164e-05
20260926,sigmoid,artist_337627,2,-0.04828561187637728,-0.00040071047200313095,-0.007206927370621512,-0.011226736292583889,-9.316793603804057e-05,-0.003431084487777272,-2.8473730189023005e-05,-0.17970008067841975,-0.0014912869765843963,0.001215453953271788,1.0086754798936e-05
20260926,sigmoid,artist_337775,1,0.01649798706008244,6.845637784266573e-05,-0.00764802021829741,-0.013862826813075518,-5.752210295881958e-05,-0.008630276748873098,-3.5810276966278414e-05,0.08674397507889409,0.00035993350655142775,0.0017410767233842967,7.224384744333182e-06
20260926,sigmoid,artist_337907,4,-0.03115330431223648,-0.0005170672914894021,-0.007149424675452954,0.0003483287454670919,5.781389966258786e-06,-0.008284128487674165,-0.00013749590850911476,-0.11872181525504814,-0.0019704865602497615,0.0020443977483093024,3.393191283500917e-05
20260926,sigmoid,artist_338395,1,-0.02363673267150152,-9.80777289273922e-05,-0.007480792219415809,-2.7335099187356972e-05,-1.1342364808031939e-07,-0.026497339282785415,-0.00010994746590367393,-0.07119060555077457,-0.0002953967035301849,0.0031683492467412464,1.3146677372370316e-05
20260926,sigmoid,artist_338549,1,-0.054087199129924886,-0.00022442821215736466,-0.007353915275839045,0.021222441088141974,8.805992152756006e-05,-0.0028693871805641463,-1.1906170873710151e-05,-0.23569111591523662,-0.000977971435332932,0.0009892654879592342,4.104836049623379e-06
20260926,sigmoid,artist_338660,6,-0.032999917310416384,-0.0008215747048236444,-0.006897988772207649,-0.010137754907442066,-0.00025239223835955355,-0.009092121013398076,-0.00022635985925472388,-0.11424655250224412,-0.002844312510429314,0.0014767591814187381,3.676578874901423e-05
20260926,sigmoid,artist_338876,4,0.01747034188231968,0.00028996418061941377,-0.007970076931901158,-0.002610838849513254,-4.333342488818679e-05,0.03849460839890151,0.0006389146622224317,-0.0019350690573633363,-3.211732875291845e-05,0.0359326670372538,0.0005963928138963286
20260926,sigmoid,artist_339517,2,-0.00152956477050664,-1.2693483572669211e-05,-0.007598191363139258,-0.013902349011326337,-0.0001153721909653638,0.049370660975695674,0.0004097150288439475,-0.06460540144876874,-0.000536144410363226,0.02301883040237284,0.00019102763819396547
20260926,sigmoid,artist_339610,1,0.013533396279188228,5.6155171282938706e-05,-0.007635667756710349,8.31143600340846e-05,3.4487286321196925e-07,0.040688216468914185,0.00016883077372993437,-2.051926252946159e-05,-8.51421681720398e-08,0.013382773550334109,5.553018070678053e-05
20260926,sigmoid,artist_339785,1,-0.026677256262846484,-0.0001106940093894045,-0.007468123371118538,0.0008722122010166346,3.6191377635545005e-06,-0.03794003301620996,-0.00015742752288883802,-0.0011032569008878313,-4.57782946426486e-06,-0.06853794733530477,-0.0002843898229680696
20260926,sigmoid,artist_340110,4,0.027620747904774,0.00045843564987176766,-0.008141391801478446,0.017278508231518712,0.0002867802196102691,-0.014176981356280347,-0.00023530259512498502,0.10514839260828975,0.0017452015370670497,0.002233072135567885,3.706343793473668e-05
20260926,sigmoid,artist_340913,5,0.0021962435889886075,4.556521968856033e-05,-0.007754271539306097,0.0011531481967933792,2.392423644799542e-05,-0.029093065217849063,-0.0006035905646856652,-0.010581265604849496,-0.00021952833205081943,0.04730615698185961,0.0009814555390427306
20260926,sigmoid,artist_340942,1,0.0537521846793476,0.00022303811070268714,-0.007803246041711014,0.02119220599928806,8.793446472733635e-05,-0.015628355458899,-6.484794796223651e-05,0.20552044599750238,0.0008527819335995949,0.00392444217949893,1.6283992446053652e-05
20260926,sigmoid,artist_341125,1,0.047308420681279224,0.00019630050075219595,-0.007776397025052396,-0.01008532239836471,-4.184781078159631e-05,-0.0009611942276467069,-3.988357791065174e-06,0.19656390012383712,0.0008156178428374984,0.003716299227291185,1.5420328743946827e-05
20260926,sigmoid,artist_341642,8,-0.02360021896567689,-0.0007834097581967432,-0.006996674307321376,-0.006543402090285623,-0.00021720836814226134,0.004617606124884108,0.00015328153111648492,-0.09381837037510234,-0.0031143027510407415,0.0013432904777963058,4.459055527954542e-05
20260926,sigmoid,artist_343038,1,-0.01501090534380561,-6.228591428964984e-05,-0.007516733166614542,-0.00787610061591508,-3.268091541873477e-05,-0.0028230732590825754,-1.171399692565384e-05,-0.05214180410214478,-0.000216356033618858,0.0027973566019199847,1.160728880464724e-05
20260926,sigmoid,artist_343564,1,-0.030366824658372434,-0.00012600342181897276,-0.007452750169470514,0.00803163526410891,3.332628740294154e-05,-0.005437720852001553,-2.2563157062247106e-05,-0.001084016662504465,-4.497994450225996e-06,-0.12297719638309262,-0.0005102788231663595
20260926,sigmoid,artist_346032,4,0.03473548790653844,0.0005765226208554097,-0.008261471801508226,0.0005875247618266637,9.751448329073256e-06,-0.0029038567620307057,-4.8196792730800095e-05,0.14062518227269044,0.0023340279215384304,0.0006331013536673638,1.0507906284935498e-05
20260926,sigmoid,artist_346644,4,-0.016323436522295204,-0.000270928407009049,-0.007399717802709345,0.0019734054845451064,3.2753618000748655e-05,-0.0018819676372772173,-3.123597738219448e-05,-0.0861311446286213,-0.001429562566450146,0.020745960692172594,0.00034433129779539573
20260926,sigmoid,artist_347673,14,-0.022746637504700986,-0.001321381431808356,-0.0066104578866320795,0.0006858881378372687,3.984412418971685e-05,-0.0018550076098016216,-0.00010775977816274981,-0.09066017876592358,-0.005266566401339959,0.0008427482190839854,4.895632807956761e-05
20260926,sigmoid,artist_348126,6,-0.022614145894044646,-0.0005630077815944725,-0.007163157404115012,0.004966470378599081,0.00012364656544230074,0.013535651491507332,0.00033698717406242324,-0.12507869398100513,-0.003113992381269837,0.01611998853472016,0.0004013275153872239
20260926,sigmoid,artist_348135,1,-0.033164045630194684,-0.00013761014784313146,-0.007441095082087921,0.0006449060454093193,2.6759586946444783e-06,-0.01256654854996099,-5.2143354979091246e-05,-0.0071879194080075376,-2.982539173447111e-05,-0.11354662060821952,-0.00047114780335360797
20260926,sigmoid,artist_349194,1,-0.023394949499793607,-9.707447925225564e-05,-0.007481799649297926,-0.00977924612565996,-4.057778475377577e-05,-0.002648428198176426,-1.0989328623138698e-05,-0.08166678716082898,-0.0003388663367669252,0.0005146634854909378,2.135533134817169e-06
20260926,sigmoid,artist_349503,2,-0.04536341985048058,-0.000376459915771623,-0.007231380860377969,0.00011465965819598949,9.515324331617385e-07,-0.0003232424199673358,-2.6825097092724965e-06,-0.18373271440617484,-0.001524752816648754,0.0024876177660238716,2.0644130838372377e-05
20260926,sigmoid,artist_349959,4,0.007613021591823447,0.0001263572048435427,-0.007803708656956073,0.0003820859263344564,6.341675125883094e-06,0.04562995893694386,0.0007573437167957487,-0.009831673902126187,-0.00016318130957885786,-0.005728284593858342,-9.507526296860319e-05
20260926,sigmoid,artist_350065,5,-0.023499632258189806,-0.0004875442377217802,-0.007209867390001469,-2.4829627622555292e-05,-5.151375025426409e-07,-0.0005702371413998447,-1.1830646087133706e-05,-0.094533486098531,-0.0019612756451977387,0.0011300238347941708,2.3444477900294002e-05
20260926,sigmoid,artist_350284,4,-0.04878980529740093,-0.0008097892995419241,-0.006851762211568321,0.0035477461970285784,5.8883754307528276e-05,-0.004202070812954316,-6.974391390795546e-05,-0.19540298061508726,-0.0032432029977607843,0.0008980840414092744,1.4905959193514928e-05
20260926,sigmoid,artist_350839,1,0.011165706519143477,4.633073244457874e-05,-0.007625802382710164,0.0010458083077588068,4.3394535591651734e-06,0.04663074156363356,0.00019348855420594837,-0.06637946626845154,-0.0002754334699935748,0.06336574247363308,0.00026292839200677627
20260926,sigmoid,artist_351221,4,-0.008482903254694744,-0.00014079507476671776,-0.007532047478111885,-0.0017426548963907537,-2.8923732720178484e-05,-0.0036432560223848783,-6.046897962464528e-05,-0.03143040129177467,-0.0005216664114817373,0.0028846991917713255,4.787882475969005e-05
20260926,sigmoid,artist_353901,1,0.03298937615647717,0.00013688537824264386,-0.007716734339532388,0.020137126134419647,8.355653997684501e-05,-0.0024697323273355117,-1.0247851980645276e-05,0.11310174597356532,0.00046930185051271916,0.0011883648452592531,4.930974461656652e-06
20260926,sigmoid,artist_354516,1,0.005679824872633766,2.356773806072102e-05,-0.007602944542516373,0.0002672638297051746,1.1089785464945004e-06,0.04049451151263721,0.0001680270187246357,-0.021359443744982613,-8.862839728208553e-05,0.003316967893175291,1.3763352253839382e-05
20260926,sigmoid,artist_354817,2,-0.02080215923564766,-0.00017263202685184782,-0.00743691442200837,0.0028214381625441542,2.3414424585428668e-05,-0.003609371029167081,-2.9953286549104407e-05,-0.08532338667061723,-0.0007080778976814708,0.0029026825946495004,2.408865223775519e-05
20260926,sigmoid,artist_356417,1,0.04321103576158201,0.00017929890357502908,-0.0077593245878869906,0.002913399723275853,1.208879553226495e-05,-0.036341351202877986,-0.00015079398839368458,0.20246579072364423,0.000840107015450806,0.0038063038022859534,1.5793791710730096e-05
20260926,sigmoid,artist_360341,1,-0.016657486942070934,-6.91182030791325e-05,-0.007509872409955103,-0.007090099670891255,-2.9419500709092343e-05,-0.0027663077636800055,-1.147845545095438e-05,-0.05905920996718913,-0.00024505896251945697,0.0022856696334766485,9.484106362973644e-06
20260926,sigmoid,artist_361634,1,-0.00838300772448871,-3.47842644169656e-05,-0.00754434940669503,0.010923074583749276,4.532396092842023e-05,0.05487404418635175,0.00022769312940394918,-0.09481197571650793,-0.00039341068762036485,-0.004517173951547937,-1.874346037986696e-05
20260926,sigmoid,artist_362636,3,0.0021641232974048425,2.6939294158566504e-05,-0.007670248887493741,-0.003396005264760856,-4.227392445760402e-05,-0.001695921224435823,-2.1111052586338047e-05,0.01233576907998357,0.00015355729145207763,0.00141265059883248,1.758486222613046e-05
20260926,sigmoid,artist_364441,1,-0.001326361449378613,-5.503574478749431e-06,-0.007573752099507988,-3.4343029548743274e-05,-1.4250219729768993e-07,-0.0010827071779024979,-4.492560904159742e-06,-0.004726739100703323,-1.9613025314121672e-05,0.0005383435106401126,2.23379050058138e-06
20260926,sigmoid,artist_369134,1,-0.0527046705257394,-0.00021869157894497675,-0.007359675811689818,0.0001718927949812786,7.132481119555129e-07,-0.007471788170253468,-3.1003270415989495e-05,-0.2049672289448791,-0.0008504864271571747,0.0014484422171936774,6.010133681301566e-06
20260926,sigmoid,artist_375106,1,-0.005101947784716138,-2.1169907820398916e-05,-0.007558020489777415,-3.579315836186887e-05,-1.4851932930236044e-07,-0.07334437873347899,-0.0003043335217156804,-0.0008205520273367388,-3.4047801964180033e-06,0.05379293278031304,0.00022320718995980513
20260926,sigmoid,artist_376782,2,0.005659868529950092,4.69698633190879e-05,-0.007658353984900401,-0.00395875215918301,-3.285271501396689e-05,-0.04277874074643351,-0.00035501029665090046,-0.0015712196475148352,-1.3039167199293237e-05,0.07094818667293172,0.0005887816321405122
20260926,sigmoid,artist_378789,2,-0.0328994260707286,-0.00027302428274463567,-0.0073356820635558095,-0.012828896367920443,-0.00010646387027319871,0.015370062961464315,0.00012755238972169555,-0.1362816652790837,-0.001130968176589906,0.002142794402625447,1.778252616286678e-05
20260926,sigmoid,artist_386200,3,-0.004075451872844607,-5.073176605200755e-05,-0.0075915987803057226,0.002500742463741772,3.112957423744944e-05,-0.016382805884338332,-0.00020393534295856845,-0.004295874867460951,-5.347562075677532e-05,0.0018761307966790833,2.335432526986411e-05
20260926,sigmoid,artist_419285,3,-0.021727272485728616,-0.00027046397285139355,-0.007369096839807184,0.004923754978459839,6.129155574846272e-05,-0.006244888466127997,-7.773720082317008e-05,-0.08780524757595776,-0.001093011380613582,0.0022172911207114566,2.760113428271523e-05
20260926,sigmoid,artist_420796,4,0.03761426000301532,0.0006243030705894659,-0.00831005867233484,0.013465141639954721,0.000223487828049041,-0.010873719631729655,-0.00018047667438555445,0.14595512312376868,0.0024224916701040444,0.0019104948800675158,3.170945859033221e-05
20260926,sigmoid,artist_425618,1,0.05289039987766577,0.00021946224015628952,-0.0077996552717040065,0.0038520860915858546,1.598375971612388e-05,-0.00147098449788771,-6.10367011571664e-06,0.206916993007555,0.0008585767344711825,0.002263504909409936,9.3921365535682e-06
20260926,sigmoid,artist_427689,4,-0.017542472062045622,-0.0002911613620256535,-0.007379143363219888,-0.006348694376368339,-0.00010537252076959899,-0.004406648059387329,-7.313938687779799e-05,-0.05147126729279654,-0.0008542948928264985,-0.007943278519630285,-0.00013183864762871843
20260926,sigmoid,artist_429795,1,-0.03316804240167261,-0.00013762673195714774,-0.007441078428873429,0.0011167941619564942,4.634000672018648e-06,-0.004071457301025091,-1.6894013697199548e-05,-0.061616553288223276,-0.00025567034559428745,-0.06810095317939854,-0.0002825765692091226
20260926,sigmoid,artist_432230,1,-0.04900443900552844,-0.00020333792118476532,-0.007375093443024031,-0.006362039914296243,-2.639850586844914e-05,-0.011218479394210862,-4.654970702992059e-05,-0.18215686322346558,-0.0007558376067363717,0.0037196265098588983,1.5434134895680077e-05
20260926,sigmoid,artist_432564,4,0.043372066916270796,0.0007198683305605112,-0.008407236848085987,-0.006520401654863569,-0.0001082224341056194,-0.008174352762282195,-0.0001356739047681692,0.184973559709961,0.0030701005760989377,0.0032094623722679462,5.3269085016895373e-05
20260926,sigmoid,artist_434091,1,0.051593543923345225,0.00021408109511761504,-0.007794251705227671,0.0226450984794061,9.396306422990084e-05,-0.005838960374468193,-2.422805134634105e-05,0.1870263417004156,0.0007760429116199818,0.0025416958880273913,1.0546455966918636e-05
20260926,sigmoid,artist_434498,1,0.02642694149078345,0.00010965535888291889,-0.0076893908617586635,0.0013703771188822364,5.686212111544549e-06,0.038833406500198175,0.00016113446680580157,-0.02178780170378965,-9.04058161982973e-05,0.08729178404784305,0.00036220657281262677
20260926,sigmoid,artist_435415,4,-0.034406555512978394,-0.0005710631620411352,-0.007094517482191486,0.004671085993568965,7.752839823350979e-05,-0.013613611738845415,-0.00022595206205552556,-0.11876666348801895,-0.0019712309292617253,-0.009917032818618207,-0.00016459805508080012
20260926,sigmoid,artist_435725,4,-0.03687772750150014,-0.000612078464755189,-0.007052809938081414,0.0011812699439850897,1.960614014913012e-05,-0.0008029735010517374,-1.3327361013306846e-05,-0.14874839029369824,-0.002468852950932751,0.0008591838447643226,1.426031277617133e-05
20260926,sigmoid,artist_438938,2,-0.010667826535184699,-8.85296807899145e-05,-0.007521720553392997,0.007957151173356491,6.603444957142316e-05,-0.0023015367965428476,-1.9099890427741473e-05,-0.05205883608992999,-0.00043202353601601653,0.0037319155723775557,3.0970253712676814e-05
20260926,sigmoid,artist_439398,4,-0.020471735055996497,-0.0003397798349542987,-0.007329704325347299,0.0039011647927368652,6.474962311596457e-05,-0.0012673710349710556,-2.1035203899934532e-05,-0.08601633320512732,-0.0014276569826577148,0.0014955992233755125,2.4823223624489836e-05
20260926,sigmoid,artist_440232,1,-0.0597582080375922,-0.00024795936945059004,-0.007330286072057098,0.0006232846814693584,2.586243491574101e-06,-0.0019592802773896337,-8.129793682114662e-06,-0.24161160646195695,-0.0010025377861491989,0.003914769907508423,1.624385853737935e-05
20260926,sigmoid,artist_443135,4,0.021294375899078757,0.0003534336248809752,-0.00803461759041186,-0.00801482481977597,-0.00013302613808756795,-0.006382712765516188,-0.00010593714133636827,0.09822848416072513,0.0016303482848253135,0.0013465570208820508,2.2349494122523665e-05
20260926,sigmoid,artist_444571,1,0.04757039289075218,0.00019738752236826633,-0.0077774885759252,-0.0005265705891539518,-2.1849402039583063e-06,-0.015072119924063487,-6.253991669735887e-05,0.20214596596418083,0.0008387799417600865,0.0037342961120453433,1.549500461429603e-05
20260926,sigmoid,artist_456650,4,-0.024078274798091492,-0.0003996394157359584,-0.007268834456282404,-0.0022328545011616047,-3.7059825745420824e-05,0.052346437200191276,0.0008688205344430087,-0.15232921755279266,-0.0025282857685110815,0.005902535661397007,9.796739686965986e-05
20260926,sigmoid,artist_458979,1,0.016355503925226157,6.786516151546123e-05,-0.007647426538568841,0.0070325958983199904,2.9180895843651412e-05,-0.0005492822737233377,-2.279179559017999e-06,0.055233712746039165,0.00022918553006655255,0.0037049893302688076,1.5373399710658954e-05
20260926,sigmoid,artist_463410,4,0.008751537245740872,0.00014525373021976551,-0.00782292411103063,0.009913531899540287,0.00016453994854008776,0.035583166661949786,0.0005905919777916977,-0.006420335904300502,-0.00010656159177262244,-0.004070213674226081,-6.755541368010093e-05
20260926,sigmoid,artist_470555,2,0.00266791085182281,2.2140339019276432e-05,-0.007633316682154567,-0.010203457750687608,-8.46759979310175e-05,0.0505939649406299,0.000419866928967883,-0.015331769135584249,-0.00012723459863555394,-0.014387094647066799,-0.0001193949763242058
20260926,sigmoid,artist_479407,1,0.006953654386324868,2.8853337702592815e-05,-0.007608252165490086,0.016521933758365193,6.855574173595515e-05,-0.00613294583706504,-2.5447908037614273e-05,-0.003437392623824672,-1.4263039932882458e-05,0.020863022247823992,8.656855704491283e-05
20260926,sigmoid,artist_489296,1,-0.0495991934234809,-0.0002058057818401697,-0.007372615299615895,0.02041390214685168,8.47049881612103e-05,-0.0007523739402605814,-3.121883569545981e-06,-0.22175991885720936,-0.0009201656384116571,0.003701616956694645,1.535940645931388e-05
20260926,sigmoid,artist_490028,2,-0.010319600554169606,-8.563983862381416e-05,-0.007524634578338731,0.00810522627253367,6.726328856874415e-05,-0.00594462438861074,-4.933298247809743e-05,-0.026095638273730085,-0.00021656131347493846,-0.017343365826871265,-0.00014392834711096487
20260926,sigmoid,artist_490031,4,-0.025767733259611018,-0.00042768022007653143,-0.007240320389421315,-0.0006786559921526107,-1.1263999869752875e-05,-0.0016802329406668838,-2.7887683662520895e-05,-0.10312985498052117,-0.0017116988378509737,0.002417810874896587,4.0129641077121776e-05
20260926,sigmoid,artist_490298,2,-0.004933580623155413,-4.09425777855221e-05,-0.007569705874832573,0.002830230686160503,2.3487391586394215e-05,-0.005894726421312769,-4.891889146317651e-05,0.013949791692888548,0.0001157659061650502,-0.030619618450357933,-0.0002541047174303563
20260926,sigmoid,artist_493403,3,-0.004115206293080568,-5.122663435370002e-05,-0.007591097674168295,-0.013184272572691993,-0.00016411957559367624,0.021979794153091693,0.0002736073960965771,-0.0036256172562870205,-4.5132165016021004e-05,-0.021630729496434953,-0.0002692621929016799
20260926,sigmoid,artist_496537,2,0.009719936829690681,8.066337618000565e-05,-0.007692329451843837,0.00239137783430529,1.9845459205853028e-05,-0.0005866447871877204,-4.868421470437514e-06,-0.003742649190753994,-3.105932938385057e-05,0.04081766346239915,0.00033873579636845767
20260926,temperature,artist_000087,3,-0.0003303696169788644,-4.112484858658063e-06,0.00021787207357329685,0.000508642800110796,6.331653113412399e-06,-0.004499127772821964,-5.600573991064685e-05,0.0004962956909935756,6.177954659671066e-06,0.002172710813802134,2.7046192702931132e-05
20260926,temperature,artist_000209,1,-0.00043463868804765243,-1.8034800333927487e-06,0.00021373784728148212,-0.0004572420879387154,-1.8972700744345037e-06,-0.00015026403277751074,-6.235022106950653e-07,-0.001639329723489187,-6.80219802277671e-06,0.0005082810920148033,2.1090501743352833e-06
20260926,temperature,artist_001048,1,-0.00031637872116915404,-1.312774776635494e-06,0.00021324509741948834,-0.0007535662609809146,-3.126830958427032e-06,-0.0002998581426787124,-1.2442246584178938e-06,-0.001501728817612489,-6.231239907105763e-06,0.0012896383365955,5.3511964174087134e-06
20260926,temperature,artist_001336,11,0.0007308343081001011,3.335758252739051e-05,0.0001861881185669867,-9.755370622096285e-05,-4.452658790168429e-06,-0.004373608206524952,-0.00019962527083723847,0.0014073581584518014,6.423626449365068e-05,0.005987140986694519,0.00027327199524331827
20260926,temperature,artist_001390,1,0.0001640386882571297,6.806584574984635e-07,0.0002112433582135455,-2.253034038788345e-05,-9.348688957627987e-08,-0.008042145481780304,-3.336989826464856e-05,-0.0005828578074658659,-2.418497126414381e-06,0.009303688382662573,3.8604516110633084e-05
20260926,temperature,artist_001798,1,0.0007083923755450269,2.9393874503943025e-06,0.00020897521784984593,0.0028056843058542613,1.164184359275627e-05,-0.0020514132206409597,-8.512088052452115e-06,0.0011520507160664994,4.780293427661823e-06,0.0009272477009003063,3.847500833611229e-06
20260926,temperature,artist_002060,1,0.0025871735260982426,1.0735159859328808e-05,0.00020114696305587423,0.0024119486205244067,1.0008085562341937e-05,-0.0011962466889754997,-4.9636792073672185e-06,-0.0009877631222122343,-4.0986021668557435e-06,0.010120755295056297,4.1994835249196255e-05
20260926,temperature,artist_002443,1,0.0009213704712586789,3.823113988625224e-06,0.00020808780911770573,-0.0002701770863134476,-1.1210667481885794e-06,-0.004920841006245565,-2.0418427411807325e-05,-0.00011797849008644433,-4.895373032632545e-07,0.008994478467680173,3.7321487417760054e-05
20260926,temperature,artist_003177,3,0.0027206241680275915,3.386669088831027e-05,0.00017941416872027427,-8.483378475503585e-05,-1.0560222168676663e-06,0.005390348938947674,6.709977932300008e-05,0.0007395071273834687,9.205482913487162e-06,0.004837474390534258,6.021752353362147e-05
20260926,temperature,artist_003471,4,0.004450611682652248,7.386907357099167e-05,0.00013949366214725342,0.0018606838409334497,3.088271935159253e-05,0.016016830892958092,0.00026583951689557,-0.0010858293007347912,-1.8022063082735122e-05,0.0010107612974522432,1.6776121119539304e-05
20260926,temperature,artist_004116,1,0.000713191831391594,2.9593022049443733e-06,0.0002089552201171519,0.0028007980986164416,1.1621568873927143e-05,-0.0003506091474248029,-1.454809740351879e-06,-0.00010147281716789934,-4.210490338916985e-07,0.0005040511915426367,2.091498720093928e-06
20260926,temperature,artist_004337,2,-0.00026943955692038444,-2.236012920501116e-06,0.00021506830030689882,-0.0006973196308999521,-5.7868849037340426e-06,-0.004501962049391341,-3.7360680907811954e-05,0.002983309746409835,2.4757757231616888e-05,0.0011382137061999203,9.44575689792465e-06
20260926,temperature,artist_004505,1,0.0008431571437326965,3.4985773598867075e-06,0.00020841369798239731,-0.0004120481270092971,-1.709743265598743e-06,-0.006194738169727279,-2.5704307758204476e-05,-0.001084562667625917,-4.500260031642809e-06,0.01106397753929328,4.590862049499286e-05
20260926,temperature,artist_004965,2,-5.793273137493567e-05,-4.807695549787193e-07,0.00021329836871237625,-0.00045085409189701137,-3.7415277335851564e-06,-0.0008568533823475171,-7.110816451016739e-06,-0.00012036873026569778,-9.989106246115998e-07,0.0011963452790104835,9.928176589298618e-06
20260926,temperature,artist_005138,1,0.010114272882156678,4.196793727035966e-05,0.0001697840490722974,0.002136033932884862,8.863211339771212e-06,0.02879620876397737,0.00011948634341899324,7.486306735104975e-05,3.1063513423672094e-07,0.009449985764413433,3.921155918843748e-05
20260926,temperature,artist_005373,1,0.00049702934172546,2.062362413798589e-06,0.00020985589715742745,-0.00017410279574405114,-7.22418239601872e-07,-0.003100266332493032,-1.286417565349806e-05,-0.0011034215201112599,-4.578512531581991e-06,0.006365908015250183,2.6414556079876277e-05
20260926,temperature,artist_005393,3,-0.0006647284776726929,-8.274628352772111e-06,0.00022208668106103415,-0.00030801143550394754,-3.834167246937106e-06,-0.00803327411069995,-9.999926278879604e-05,-0.00023117705299538266,-2.8777226513948047e-06,0.005913548688508508,7.361263927603952e-05
20260926,temperature,artist_006064,1,-0.0018758252292636283,-7.783507175367752e-06,0.00021974279120321531,-0.0006590884775584185,-2.7348069608233134e-06,0.01881015762426763,7.805044657372461e-05,-0.0016987060559241762,-7.0485728461584076e-06,-0.02395566400783955,-9.94010954682139e-05
20260926,temperature,artist_006819,2,-0.00038892194856488904,-3.2275680378828965e-06,0.00021606815295664364,-0.0005440954092651978,-4.515314599711185e-06,-0.004677990036236372,-3.8821494076650394e-05,0.0012051753689366063,1.0001455343872252e-05,0.0024612222823054072,2.0425081180957737e-05
20260926,temperature,artist_007320,4,0.002087223744592166,3.4642717752567075e-05,0.0001793820661651451,-7.898898943908616e-05,-1.3110205716030898e-06,0.0023000497749164003,3.817509999861245e-05,-0.0009639278965352758,-1.5998803261996278e-05,0.0070917620894266255,0.00011770559484525519
20260926,temperature,artist_007525,3,-0.0025141419387762257,-3.129637268186173e-05,0.00024539861544469214,-0.0002812770384907236,-3.5013739231210406e-06,0.009636499834585,0.00011995642947616183,-0.00086685031681154,-1.0790667844127055e-05,-0.01854494023438764,-0.0002308498784363607
20260926,temperature,artist_007625,1,-0.0005375014223418125,-2.230296358264782e-06,0.00021416644200770776,-0.0002452672033580183,-1.017706238000076e-06,-0.00441981198696431,-1.833946882557805e-05,0.002085236264164847,8.652432631389407e-06,0.0004298372367902311,1.7835569991295896e-06
20260926,temperature,artist_007783,1,0.007502556615697355,3.1130940314096906e-05,0.00018066620018254457,-0.0008084621491096233,-3.3546147265959473e-06,0.0174388244292063,7.236026734110499e-05,-0.00022921558621410922,-9.511020174859304e-07,0.013609079768906851,5.646921065936453e-05
20260926,temperature,artist_007872,6,-0.00024487063135803536,-6.096364266175153e-06,0.0002226879508410905,-0.0003625835906293998,-9.026977360068045e-06,0.0056697004045386966,0.00014115436691797584,-0.0009627848319402312,-2.3969746853283763e-05,-0.0053238145074012075,-0.00013254309976932466
20260926,temperature,artist_337114,5,-0.00045195494433736115,-9.376658596210813e-06,0.0002250941499203172,0.00037165408458490756,7.710665655288539e-06,-0.0030691870906000974,-6.367608071784435e-05,-0.0015266287900206719,-3.1672796473457924e-05,0.0024163420186864167,5.0131577151170475e-05
20260926,temperature,artist_337627,2,-0.00014761653343476483,-1.225033472487675e-06,0.00021404886077982252,-0.0006494868313653493,-5.389932210500824e-06,-0.0033934786156925387,-2.816164826300862e-05,0.0024110289924327982,2.0008539356288783e-05,0.0010414703208860307,8.642907227269964e-06
20260926,temperature,artist_337775,1,-0.0016143636951668264,-6.6986045442606906e-06,0.00021865336814447866,-0.00018374105289375997,-7.624110078579252e-07,-0.006342941842718396,-2.631926075816762e-05,-0.0015512083385603968,-6.436549122657249e-06,0.0016204364535052475,6.723802711640031e-06
20260926,temperature,artist_337907,4,-0.0006171174586881061,-1.024261342220923e-05,0.00022502495567198512,0.0002189117158829044,3.633389475234928e-06,-0.005664063005309381,-9.400934448646275e-05,0.000638071650110263,1.059040083170561e-05,0.002338609804563789,3.881510049068529e-05
20260926,temperature,artist_338395,1,-0.0001036425556300534,-4.3005209805001407e-07,0.00021235869672974213,-0.0001228524301604664,-5.097611209977858e-07,-0.007894790656791703,-3.2758467455567236e-05,-0.0020181721690111926,-8.374158377639802e-06,0.009621245033443148,3.992217856200476e-05
20260926,temperature,artist_338549,1,0.001016820286778918,4.2191713144353446e-06,0.00020769010155303807,0.0014678900577854703,6.090830115292408e-06,-0.003317982737763757,-1.3767563227235506e-05,0.005123021174102738,2.125734927013584e-05,0.000794352652991221,3.296069099548635e-06
20260926,temperature,artist_338660,6,0.00047131807324794734,1.1734059914886656e-05,0.0002044022817873207,0.00020557554176631244,5.1180632804891064e-06,-0.003957405403953197,-9.852461586605471e-05,0.0013959078239481244,3.475289188252592e-05,0.004241194331230551,0.00010558990036258632
20260926,temperature,artist_338876,4,0.0064864800234676594,0.00010765941947664165,0.0001051330150448836,0.00034345709300855,5.7005326640423235e-06,0.02680606768449545,0.00044491398646465477,-0.00027742328395024657,-4.604535833199113e-06,-0.0009261813996831163,-1.5372305388931392e-05
20260926,temperature,artist_339517,2,0.0026437918322305344,2.1940181180336386e-05,0.0001906897949583556,0.0008835154730812977,7.332078614782554e-06,0.0207903526684608,0.00017253404704116844,-0.0008937813698278296,-7.4172727786541875e-06,-0.010204919442792131,-8.468812815595129e-05
20260926,temperature,artist_339610,1,0.007543495123564055,3.1300809641344625e-05,0.00018049562306643333,-0.0002445713711982612,-1.0148189676276399e-06,0.02775656401141191,0.00011517246477764278,-8.301201278462146e-06,-3.4444818582830483e-08,0.0026702890553210313,1.1080037573946188e-05
20260926,temperature,artist_339785,1,-0.0014062173315314939,-5.834926686852672e-06,0.00021778609162933143,-0.0005277077258513431,-2.18965861349105e-06,-0.005367040213375002,-2.226987640404565e-05,-0.0002075180903229135,-8.610709142029606e-07,0.0004773967034232829,1.9808991843289744e-06
20260926,temperature,artist_340110,4,0.000950322602276498,1.5772989249402457e-05,0.00019857027109874287,0.0006286180809569608,1.0433495119617607e-05,-0.0011175680262270411,-1.8548846908332634e-05,0.0008606479152706383,1.4284612701587358e-05,0.003429592439105434,5.692269608473749e-05
20260926,temperature,artist_340913,5,0.0018334735022391738,3.80388693410617e-05,0.0001766740557131872,-0.0003708586791875309,-7.694163468620972e-06,-0.000898689412068485,-1.8645008549138694e-05,-0.0006072934613581926,-1.259944940577163e-05,0.009210735561570904,0.00019109409878777808
20260926,temperature,artist_340942,1,-2.986892219087895e-05,-1.2393743647667616e-07,0.00021205130659041223,0.0014573907913142392,6.047264694249955e-06,-0.007954397964966137,-3.3005800684506795e-05,-0.0006743408737827083,-2.7980949119614453e-06,0.00705187235867109,2.9260881156311576e-05
20260926,temperature,artist_341125,1,0.00244210368511928,1.0133210311698257e-05,0.00020175142072661987,-0.0007912935320685127,-3.283375651736567e-06,-0.0015549084468956188,-6.451902269276426e-06,0.0036945826687301286,1.5330218542448668e-05,0.008420034050711123,3.4937900625357354e-05
20260926,temperature,artist_341642,8,0.0024834202721725593,8.243718745801027e-05,0.0001330261050735089,-9.918970282334224e-05,-3.2926042430984975e-06,0.004811873191494891,0.0001597302304230669,0.003482070913241645,0.00011558741620719153,0.001738926686777044,5.7723707444881135e-05
20260926,temperature,artist_343038,1,-0.0007576749544789255,-3.143879479165666e-06,0.00021508383172494575,-0.000799250474333324,-3.3163920096818423e-06,-0.0032826092583819605,-1.3620785304489463e-05,-0.0021004895190547684,-8.71572414545547e-06,0.0031516494338543507,1.3077383542964111e-05
20260926,temperature,artist_343564,1,-0.006607523912747928,-2.741711167115323e-05,0.0002394582023843999,-0.0006991025049095656,-2.900840269334297e-06,-0.0049448407382854075,-2.0518011362180113e-05,-0.00020469129649347312,-8.493414792260295e-07,-0.020581461111303267,-8.540025357387247e-05
20260926,temperature,artist_346032,4,-0.0010917509842895072,-1.8120348286962773e-05,0.00023303564808719863,-0.0003475336641928739,-5.7681935965622225e-06,-0.0028071160908009055,-4.6591138436529555e-05,-0.0016966047737071313,-2.8159415331238693e-05,0.0004842505915428818,8.037354216479366e-06
20260926,temperature,artist_346644,4,-0.004120996934483026,-6.839828936901287e-05,0.0002841621620145154,-0.00038444397125251195,-6.380812800871568e-06,-0.002164520560484026,-3.5925652456166405e-05,0.0011020495936968702,1.829127956343353e-05,-0.015037072799892432,-0.000249577971782447
20260926,temperature,artist_347673,14,-0.00029267248444263017,-1.7001721087953622e-05,0.00024211391824539592,-0.00017393047699479827,-1.0103845136627285e-05,-0.0020127513462077067,-0.00011692331471746015,0.0003281028707525206,1.905991780305099e-05,0.0006878890146794636,3.996035769922195e-05
20260926,temperature,artist_348126,6,0.001104297671946698,2.749288809825804e-05,0.00018824110054394835,-0.00021706102615422757,-5.404008949897782e-06,0.011797028334219672,0.0002937019502295354,0.0012742243834051898,3.1723428632494354e-05,-0.008437001003683843,-0.0002100498175190998
20260926,temperature,artist_348135,1,-0.006336131535985456,-2.629100222400604e-05,0.0002383274008145563,-0.0004727357754186548,-1.9615592341023022e-06,-0.007448312152535226,-3.090585955408807e-05,-0.0008245479114921111,-3.4213606285979713e-06,-0.01659893030449583,-6.88752294792358e-05
20260926,temperature,artist_349194,1,-0.0013666088589001277,-5.670576178008829e-06,0.00021762105632670075,-0.0008005139480379286,-3.3216346391615297e-06,-0.003146721093921676,-1.3056933999675004e-05,-0.0018818181452932015,-7.808374046859757e-06,0.00036261775165229463,1.5046379736609736e-06
20260926,temperature,artist_349503,2,0.0011711908596463328,9.719426221131392e-06,0.00020301281564943677,-0.000263933860316467,-2.190322492252838e-06,-0.0006980779419657711,-5.7931779416246565e-06,0.0029104280370278457,2.415292976786594e-05,0.0027363472038397234,2.2708275550537123e-05
20260926,temperature,artist_349959,4,0.0024381395749208433,4.0467046886653005e-05,0.0001734594361174037,-0.00027660231210254973,-4.59090974444066e-06,-0.0018849796143287443,-3.128596870255177e-05,-0.0007222722794119662,-1.1987921649991139e-05,0.012636412505526634,0.00020973298764359559
20260926,temperature,artist_350065,5,-0.0003042201411222009,-6.311621185107903e-06,0.00022196417527592822,-6.523433881595159e-05,-1.353409519003145e-06,-0.0008624222822330716,-1.78925784695658e-05,-0.0012376465718314273,-2.5677314768286873e-05,0.0009484226283916469,1.967681801642421e-05
20260926,temperature,artist_350284,4,0.0015124391925434532,2.5102725187443205e-05,0.00018908307126301368,0.0003979529448720539,6.605028130656496e-06,-0.0033853043917394707,-5.618762475916134e-05,0.004654113094208604,7.724669036030878e-05,0.004382995122832626,7.274680701796889e-05
20260926,temperature,artist_350839,1,0.0022010439579811776,9.1329624812497e-06,0.00020275583625636197,-0.0005631586771637186,-2.3367579965299524e-06,0.025206965061141062,0.0001045932160213322,-0.0020605645169792935,-8.550060236428604e-06,-0.01377906603507334,-5.717454786337485e-05
20260926,temperature,artist_351221,4,-0.00024197068907225178,-4.016111021946088e-06,0.0002186933646236163,-0.00029517955494634996,-4.899245725250622e-06,-0.003304806070567281,-5.4851553038461096e-05,-0.0011987148897830147,-1.9895682817975347e-05,0.0038308177590076387,6.358203749390272e-05
20260926,temperature,artist_353901,1,-0.0006895957334332577,-2.8613930847853018e-06,0.00021480016830392214,0.0011325019401944858,4.699178175080854e-06,-0.003003382952790439,-1.2462169928591033e-05,-0.0018835672779413323,-7.815631858677727e-06,0.000996065356804255,4.133051273046701e-06
20260926,temperature,artist_354516,1,-0.00012412578128334888,-5.150447356155556e-07,0.00021244404350329748,-0.00034524781163423543,-1.4325635337520143e-06,-0.007941633502977177,-3.295283611193849e-05,-0.0015796214866361027,-6.55444600263943e-06,0.00936999967611412,3.887966670586772e-05
20260926,temperature,artist_354817,2,0.00016242368373560028,1.3479143878473053e-06,0.00021145438197504957,0.0011822377386850463,9.811101565851007e-06,-0.003331926793265344,-2.7650844757388747e-05,-0.0005413537719724821,-4.49256242300815e-06,0.003340737561495181,2.7723963165935113e-05
20260926,temperature,artist_356417,1,0.0005331200248336458,2.2121162856167874e-06,0.00020970551931114335,-0.0007667578843751702,-3.1815679849592124e-06,-0.005855608165887621,-2.4297129319035774e-05,0.002988799063961489,1.2401655867060122e-05,0.005766047085635885,2.3925506579402015e-05
20260926,temperature,artist_360341,1,-0.0009422596065259727,-3.9097908984480195e-06,0.00021585293444180843,-0.0007741253399646403,-3.212138340102242e-06,-0.003238879699313576,-1.3439334851923551e-05,-0.0020980543466911777,-8.705619695814016e-06,0.0023420209598655033,9.717929294047731e-06
20260926,temperature,artist_361634,1,-0.01231188657831047,-5.1086666300043444e-05,0.00026322638015757716,-0.0004590739969790314,-1.9048713567594663e-06,-0.001711917760666537,-7.10339319778646e-06,-0.0016342186843663897,-6.780990391561783e-06,-0.04544233587122992,-0.00018855741025406607
20260926,temperature,artist_362636,3,-0.000715636180004002,-8.908334190921186e-06,0.0002227283747878994,-0.000382092419337102,-4.756337170171394e-06,-0.0021935224080895563,-2.730525819198618e-05,-0.0015417734415591171,-1.9192200517333408e-05,0.0012548435489697684,1.5620459115806245e-05
20260926,temperature,artist_364441,1,-0.000495180602909522,-2.0546912983797596e-06,0.0002139901052600732,-5.260413128857586e-05,-2.1827440368703678e-07,-0.0016933545612229186,-7.026367473954019e-06,-0.0006171847589479251,-2.560932609742428e-06,0.0003824210398213315,1.586809293864446e-06
20260926,temperature,artist_369134,1,-0.0004930126586452753,-2.0456956790260385e-06,0.0002139810721589722,-0.0002991469090692523,-1.2412734816151548e-06,-0.005897329671612869,-2.44702476000534e-05,0.0029467139154283895,1.2227028694723608e-05,0.001277712030672631,5.301709670840792e-06
20260926,temperature,artist_375106,1,0.008271527252622497,3.432168984490663e-05,0.00017746215586202316,-5.958579934936797e-05,-2.4724398070277166e-07,0.02222265612422747,9.221019138683597e-05,-0.0001645564948860533,-6.828070327222129e-07,0.011087595180497935,4.60066190062155e-05
20260926,temperature,artist_376782,2,-0.0018745829458945474,-1.5556704945182965e-05,0.00022850046255772864,0.0027647674355649188,2.294412809597443e-05,-0.003382634227490758,-2.8071653340172263e-05,-0.0002552194672700607,-2.1180038777598397e-06,-0.006625245524382289,-5.4981290658774184e-05
20260926,temperature,artist_378789,2,0.00660188130452938,5.4787396718086146e-05,0.0001575677073240556,-0.00019942783603207892,-1.6550027886479577e-06,0.021923880599419576,0.00018194091783750685,0.0023645590103496955,1.9622896351449756e-05,0.002318513444380329,1.9240775472035926e-05
20260926,temperature,artist_386200,3,-0.00037339302276501917,-4.648045926535509e-06,0.00021841438541093743,0.0008190302047384831,1.0195396739483192e-05,-0.005886835916499906,-7.328011514315235e-05,-0.0005557302174799386,-6.917803537094672e-06,0.004129963838181285,5.1410338234621806e-05
20260926,temperature,artist_419285,3,0.0006812886176211924,8.48077117370779e-06,0.0002051200790195146,0.0010447439592104664,1.3005111525441492e-05,-0.004562183426937008,-5.6790665065605916e-05,0.0027110373956860715,3.37473534732706e-05,0.0035315565425252412,4.396128476172499e-05
20260926,temperature,artist_420796,4,-0.0013584898356450979,-2.2547549139337724e-05,0.00023753756962906515,4.342524504827999e-05,7.207509551581741e-07,-0.006073539140676288,-0.00010080562889089274,-0.001485647361575337,-2.465804749502634e-05,0.002081801914622953,3.455272887341001e-05
20260926,temperature,artist_425618,1,-0.0002761434894656517,-1.1458236077412933e-06,0.00021307745062072378,-0.0008023775530612703,-3.3293674400882586e-06,-0.002103844668119712,-8.729645925807933e-06,-0.0005085537949285346,-2.1101817216951644e-06,0.0023102020582469102,9.585900656626184e-06
20260926,temperature,artist_427689,4,-0.00021308509040049526,-3.536681998348469e-06,0.0002182058439709284,0.0002751972156557413,4.567588641589067e-06,-0.00377743757873602,-6.269605939810821e-05,-0.0017021937295476886,-2.8252178083779063e-05,0.004352093731025987,7.223392084690434e-05
20260926,temperature,artist_429795,1,-0.0015481766133166202,-6.423969349861495e-06,0.00021837758863676947,-0.0005763540756441934,-2.391510687320305e-06,-0.004152498256136923,-1.723028322048516e-05,-0.002088836119257864,-8.667369789451718e-06,0.0006249819977725002,2.5932862978112043e-06
20260926,temperature,artist_432230,1,-0.0002080787837602776,-8.633974429887038e-07,0.0002127938476802847,-0.0007398558790833731,-3.0699414069849508e-06,-0.007133371317488681,-2.959905110991154e-05,0.0016602185660450353,6.888873718029192e-06,0.005380693495485908,2.2326529026912483e-05
20260926,temperature,artist_432564,4,-0.000494605413100449,-8.20921847469625e-06,0.0002229572418224044,0.000735011228562372,1.2199356490661775e-05,-0.005700744849638106,-9.461817177822583e-05,-0.0010810904866343993,-1.7943410566546046e-05,0.004068402455308337,6.752535195532509e-05
20260926,temperature,artist_434091,1,0.001459672946932904,6.056734219638606e-06,0.00020584488213572978,0.002256014309733989,9.361055227111987e-06,-0.005152147378731948,-2.1378204891003934e-05,-0.0016927466948496728,-7.0238452068451155e-06,0.010427571551579248,4.326793174929148e-05
20260926,temperature,artist_434498,1,0.00857480491590777,3.558010338550942e-05,0.00017619849893166784,-0.0006183985070805156,-2.5659689090477827e-06,0.02825055654527553,0.00011722222632894411,-0.0015951038617898483,-6.6186882231943915e-06,0.008262165487225914,3.428284434533574e-05
20260926,temperature,artist_435415,4,0.00018244525166956392,3.0281369571711853e-06,0.0002115302263832481,-0.00038473538473745504,-6.385649539210872e-06,-0.0038876002486716724,-6.452448545513149e-05,0.0011911247093865833,1.9769704720109267e-05,0.0038109919307008,6.325297810291784e-05
20260926,temperature,artist_435725,4,3.899372325786966e-05,6.471987262716956e-07,0.00021395134922563955,-0.000507733815577897,-8.42711727100244e-06,-0.00126911255190172,-2.1064108745256764e-05,0.0010424144864873107,1.730148525290142e-05,0.0008904067740237852,1.4778535668444568e-05
20260926,temperature,artist_438938,2,0.0008052558427922356,6.682621102010254e-06,0.00020607503336369699,-0.0007012770271192792,-5.819726366135097e-06,-0.0028149597049943816,-2.336066145223553e-05,-0.001506132740240215,-1.249902688996029e-05,0.008243392843522818,6.840989911637193e-05
20260926,temperature,artist_439398,4,0.0006696870212252947,1.111513728174763e-05,0.00020330673660171676,-0.00035735137951539925,-5.931143228471357e-06,-0.001844455399927675,-3.0613367633654354e-05,-0.0003130229325985952,-5.19540137093104e-06,0.005193577796942848,8.620046136004727e-05
20260926,temperature,artist_440232,1,0.002313684928945101,9.60035240226183e-06,0.00020228649887734564,-0.0004668744050822793,-1.937238195362155e-06,-0.0025669115750922705,-1.0651085373826849e-05,0.00568219322457697,2.3577565247207345e-05,0.006606332471377983,2.7412167931028974e-05
20260926,temperature,artist_443135,4,-0.0004339210770946544,-7.202009578334513e-06,0.00022193303361977496,-0.00027711389403496395,-4.599400730870771e-06,-0.003615247067193177,-6.000410070030169e-05,0.0009735619262051633,1.6158704169380304e-05,0.0011831147266443598,1.9636758948454104e-05
20260926,temperature,artist_444571,1,0.0007726618310030984,3.2060656888095366e-06,0.00020870742845210396,0.002501517017145183,1.0379738660353456e-05,-0.007882462088765592,-3.270731157164146e-05,0.0030321027791238575,1.258133933246414e-05,0.005439489616508945,2.257049633406201e-05
20260926,temperature,artist_456650,4,-0.005060157273666375,-8.398601284093569e-05,0.0003000129694268926,0.0003101360855994259,5.147486897915783e-06,0.020676458125006528,0.00034317772821587596,0.00038308423538405134,6.358244570689649e-06,-0.041610307540655506,-0.0006906275110482241
20260926,temperature,artist_458979,1,0.002465868930801822,1.0231821289634116e-05,0.0002016523988696093,-0.0007536326343775268,-3.1271063667117297e-06,-0.0010356681553794886,-4.297378238089164e-06,0.006328797646130813,2.6260571145771007e-05,0.0053239788668334904,2.209119861756635e-05
20260926,temperature,artist_463410,4,-0.004927694557830275,-8.178746154075145e-05,0.00029777731177565043,7.030918668787366e-05,1.1669574554003928e-06,0.025137454806736473,0.00041721916691678793,-0.0006376402781698098,-1.0583241131449125e-05,-0.044280901946575635,-0.000734952729403745
20260926,temperature,artist_470555,2,0.0006612201740431186,5.487304348905549e-06,0.0002072803527674553,0.0005216974349085829,4.3294392938471606e-06,0.02157619246961573,0.0001790555391669355,-0.0013238945236299666,-1.0986676544647025e-05,-0.01812911468472187,-0.00015044908452051345
20260926,temperature,artist_479407,1,-0.010461881194713281,-4.3410295413748056e-05,0.0002555180243925889,0.00032816440256161483,1.3616780189278625e-06,-0.005297575170627174,-2.1981639712145952e-05,-0.0004907797179489852,-2.0364303649335486e-06,-0.03638733429283858,-0.00015098478959684058
20260926,temperature,artist_489296,1,0.003913318122504346,1.6237834533213053e-05,0.00019562136057084878,0.0012112921408477528,5.026108468247937e-06,-0.0013027897997079938,-5.405766803767609e-06,0.007276542882782011,3.0193123994946103e-05,0.008468227266095613,3.513787247342578e-05
20260926,temperature,artist_490028,2,-0.0062085549128719835,-5.152327728524468e-05,0.00026476801039854403,-0.0006925022967247257,-5.74690702676121e-06,-0.005135618155445359,-4.26192378045258e-05,-0.0015814709320608154,-1.3124240100089755e-05,-0.017424628267257034,-0.00014460272420960195
20260926,temperature,artist_490031,4,0.0010637126443456923,1.765498164889116e-05,0.00019665651511445266,0.0010663765893070309,1.769919650302126e-05,-0.002005597360910129,-3.3287923002657745e-05,0.000589240848036761,9.779931087747071e-06,0.004604830500949108,7.642872200745406e-05
20260926,temperature,artist_490298,2,-0.012222951730695437,-0.00010143528407216131,0.0003150976908824223,-0.0007609386920405248,-6.314843917348753e-06,-0.004795528340409493,-3.979691568804559e-05,0.0026277997242075066,2.1807466590933665e-05,-0.04596313961453924,-0.00038143684327418456
20260926,temperature,artist_493403,3,0.003454062400879128,4.299662739683562e-05,0.00017016914897844817,0.000834765810502384,1.039127564940727e-05,0.001659249900143711,2.0654563072328353e-05,-0.0004803336391219195,-5.979256918530118e-06,0.011802567531992337,0.00014691992778413697
20260926,temperature,artist_496537,2,0.0016270299915538279,1.3502323581359567e-05,0.00019919826224435312,-0.0004832645079320772,-4.0104938417599766e-06,-0.0010303556147343552,-8.550669001944857e-06,-0.000489507379435274,-4.0623019040271705e-06,0.008511247468317017,7.063275907317026e-05
20260927,sigmoid,artist_000005,4,0.01674137531187283,0.0002755781944341206,0.0029061656502785186,-0.009513379427646688,-0.00015659883831517182,0.005779056601405251,9.512850372683542e-05,-0.002570599586477261,-4.23143964852224e-05,0.07327042366021,0.0012060975088100411
20260927,sigmoid,artist_001025,3,-0.023947028984154933,-0.0002956423331377152,0.0034724174109021758,0.019891713327765525,0.00024557670775019163,0.009268996676117193,0.00011443205772984188,-0.1201059591501854,-0.0014827896191380915,-0.004842866790317039,-5.978847889280295e-05
20260927,sigmoid,artist_001576,2,0.002637343425944308,2.170653025468566e-05,0.003138026575984103,-0.022056618456492056,-0.0001815359543744202,0.0427530000154708,0.0003518765433372082,-0.007713369118711096,-6.348451949556457e-05,-0.002433638736490413,-2.0029948448480765e-05
20260927,sigmoid,artist_002034,5,-0.011776257911951856,-0.0002423098335792563,0.003447144458923599,0.010705666959888333,0.00022028121316642658,0.03167265346791311,0.0006517006886401876,-0.08347118873902991,-0.0017175141715849776,-0.006012163336578953,-0.00012370706453866158
20260927,sigmoid,artist_002060,1,0.021943655248640125,9.030310801909517e-05,0.0030561794893199054,0.07160242029990282,0.0002946601658432215,0.05537550711900038,0.0002278827453456806,-0.030852562206428367,-0.00012696527656966408,-0.008350744217914331,-3.436520254285733e-05
20260927,sigmoid,artist_003274,1,0.010905558770663454,4.4878842677627384e-05,0.003101791458237165,-0.002425065445151264,-9.979693189922898e-06,0.03166579016008718,0.0001303118936629102,-4.047172132764162e-06,-1.6655029352938937e-08,0.014385557539850666,5.919982526687517e-05
20260927,sigmoid,artist_003573,1,0.03520939133270522,0.00014489461453788156,0.0030013623980634386,-0.032786858493652496,-0.00013492534359527776,0.01604604772777291,6.60331182212877e-05,0.15801283862412935,0.0006502585951610262,-0.0004344625274288988,-1.7879116355098715e-06
20260927,sigmoid,artist_003881,1,0.007351617441615579,3.025356971858263e-05,0.0031164771662084366,-0.0008138182635508812,-3.3490463520612397e-06,-0.09061102408054567,-0.0003728848727594472,-0.00027767189145005695,-1.142682680864432e-06,0.12110898400200892,0.0004983908806667034
20260927,sigmoid,artist_004115,2,-0.007554232437985557,-6.217475257601281e-05,0.003222603969045761,-0.011240427347079189,-9.251380532575464e-05,0.015334194528045318,0.00012620736237074336,-0.02519469840420917,-0.00020736377287414957,-0.009115998528699187,-7.502879447489043e-05
20260927,sigmoid,artist_004116,1,0.03276816420963424,0.0001348484123853261,0.0030114501134480293,-0.0011075234228492548,-4.557709559050431e-06,0.0023781359285013678,9.786567607001513e-06,0.13054795516821627,0.0005372343834082974,-0.0007459108353314014,-3.069591914944039e-06
20260927,sigmoid,artist_004337,2,0.055940654046818236,0.00046041690573512953,0.0026956754504996712,0.006176320630571844,5.0833914654912295e-05,0.015964858277871762,0.00013139801051746306,0.20279495274925624,0.001669094261310751,-0.001173515470426885,-9.658563542608106e-06
20260927,sigmoid,artist_005240,5,0.017493507801517993,0.00035994872019584346,0.002832233414522972,-0.01544908071845057,-0.0003178823193096825,0.014421369559540343,0.00029673599916749674,0.07199940343099427,0.001481469206399059,-0.0009976610660120734,-2.0528005473499455e-05
20260927,sigmoid,artist_005324,8,0.02094732604119437,0.0006896239025907611,0.002527491418444691,0.03374483415523644,0.0011109410421477018,-0.053465657919422635,-0.0017601862689521856,0.09170249254562979,0.0030190121002676472,0.011807635383333875,0.00038872873689988066
20260927,sigmoid,artist_005373,1,-0.0062056379253569004,-2.5537604631098355e-05,0.0031724988826008853,-0.0004411957370009491,-1.8156203168763338e-06,0.033683106307616575,0.00013861360620418344,-0.03942987856194078,-0.00016226287474049704,-0.018634583710102445,-7.668552967120348e-05
20260927,sigmoid,artist_005390,2,-0.008506350584539966,-7.001111592213964e-05,0.003230505364452852,0.004179262826739749,3.4397224911438265e-05,0.00993949429915187,8.180653744157918e-05,-0.036630864627414585,-0.00030148859775649863,-0.011513294836636902,-9.475962828507738e-05
20260927,sigmoid,artist_005393,3,-0.00974071999580086,-0.00012025580241729458,0.0032948385485477498,-0.021678888449450873,-0.0002676405981413688,0.029001529893968304,0.00035804357893788033,-0.002870369709561523,-3.5436663081006455e-05,-0.04341515171815935,-0.0005359895273846833
20260927,sigmoid,artist_006573,1,0.0035180939582764937,1.447775291471808e-05,0.003132318172337937,0.004183450630700386,1.7215846216874016e-05,0.013962502215033897,5.745885685199134e-05,-0.0027885631805830754,-1.1475568644374795e-05,-0.0012850138320452315,-5.288122765618237e-06
20260927,sigmoid,artist_007542,2,-0.004472271209426764,-3.680881653849188e-05,0.0031970275273149828,-0.02058911177663231,-0.00016945771009573918,0.036235996063852666,0.00029823865073129766,-0.01989439354157147,-0.00016373986453968288,-0.013641575583355936,-0.0001122763422498431
20260927,sigmoid,artist_007986,1,-0.007952291275087403,-3.2725478498302066e-05,0.003179716458426218,0.05701387496114385,0.00023462499984009815,-0.07190075550133751,-0.00029588788272155356,-0.009268679840793478,-3.814271539421185e-05,-0.007653604719362474,-3.1496315717541044e-05
20260927,sigmoid,artist_336426,1,0.05139626075087056,0.00021150724588835622,0.0029344745079057303,0.012892894677394129,5.305717974236267e-05,0.029061336129306684,0.00011959397584076825,0.17333586847214166,0.0007133163311610768,-0.009705056275360214,-3.993850319078277e-05
20260927,sigmoid,artist_336619,2,0.0015478807797012703,1.2739759503714159e-05,0.003147067759770352,0.03614121646094441,0.0002974585716950157,0.01338085388847023,0.00011013048467876733,-0.04167505546573183,-0.0003430045717344184,-0.001655491764877726,-1.3625446624508033e-05
20260927,sigmoid,artist_336995,1,0.007576840460661758,3.1180413418361146e-05,0.0031155464925760146,-0.008581141316166399,-3.531333874965596e-05,0.015248778592234415,6.275217527668483e-05,-2.3067017362483536e-05,-9.492599737647545e-08,0.023662791583941502,9.737774314379219e-05
20260927,sigmoid,artist_337088,2,-0.03204738424356303,-0.0002637644793708891,0.0034258666396314663,-0.0012570691802499434,-1.0346248397118875e-05,-0.06386988251884852,-0.0005256780454226216,-0.04865153440074771,-0.0004004241514464832,-0.014411050874405916,-0.00011860947221733264
20260927,sigmoid,artist_337391,3,-0.010988116414779042,-0.00013565575820714866,0.0033104310037849766,0.0514791250902835,0.0006355447542010309,0.02392422245587901,0.0002953607710602347,-0.11710587315656142,-0.0014457515204513755,-0.0022499400487172474,-2.7777037638484538e-05
20260927,sigmoid,artist_337565,1,-0.04794401769483943,-0.000197300484340903,0.003344971526276433,-0.00010973027709640693,-4.5156492632266225e-07,-0.05416185883022301,-0.00022288830794330456,-0.00012542119079618367,-5.161365876386159e-07,-0.13737906048124213,-0.0005653459279063462
20260927,sigmoid,artist_337712,1,0.04044712023754357,0.00016644905447548794,0.0029797188901922052,-0.019714138384733952,-8.112814150096276e-05,0.04592043723293088,0.0001889729927281106,-0.0034082966689272976,-1.4025912217807809e-05,0.13899047877090465,0.0005719772788926117
20260927,sigmoid,artist_337775,1,0.07073561382564883,0.0002910930610109005,0.0028545598257785475,0.036910765025452485,0.00015189615236811723,0.015986218732461213,6.578690836403792e-05,0.23276235391160627,0.0009578697691835649,-0.0027168823669246125,-1.1180585872117747e-05
20260927,sigmoid,artist_337965,2,0.06877452344525334,0.00056604546045476,0.002589170310263696,0.00014545365605511673,1.1971494325524011e-06,0.03675478062500169,0.000302508482510302,0.239042748117145,0.0019674300256555142,-0.0008448886171884389,-6.953815779328716e-06
20260927,sigmoid,artist_338395,1,-0.01647823355452558,-6.781166071821226e-05,0.0032149476248701774,-0.008555903631738738,-3.520947996600304e-05,0.058282689929610915,0.00023984646061568277,-0.11324437806705637,-0.0004660262471895324,-0.0023953424489181344,-9.857376332996439e-06
20260927,sigmoid,artist_338549,1,-0.006411578478518686,-2.6385096619418462e-05,0.0031733498766222147,-0.03603397302440886,-0.00014828795483295826,0.04500305573313369,0.00018519776021865716,-0.03326157418591427,-0.00013687890611487354,-0.0013538224368853016,-5.5712857484991835e-06
20260927,sigmoid,artist_339313,2,0.0053947119117855056,4.4400921084654365e-05,0.0031151438499605237,-0.0016461837091457264,-1.3548837112310505e-05,0.01004242175663005,8.265367700930082e-05,1.4387528790147269e-06,1.1841587481602691e-08,0.013181170846778684,0.00010848700285414556
20260927,sigmoid,artist_339517,2,-0.02275466118603891,-0.0001872811620250116,0.003348748605959067,0.05068258937138223,0.0004171406532624052,-0.08533528569173027,-0.0007023480303846113,-0.11144300662704812,-0.0009172263919921656,0.055077058203240506,0.0004533091210143251
20260927,sigmoid,artist_339783,1,0.010876924154539763,4.476100475119244e-05,0.00310190978309718,-0.0034933221502576792,-1.4375811317932836e-05,0.03338729087698807,0.00013739625875303733,-3.6756465487251566e-06,-1.5126117484465666e-08,0.013617403537977378,5.6038697687149706e-05
20260927,sigmoid,artist_340121,6,0.04614011101201715,0.0011392620002967197,0.0020451410362529723,0.020612737477602717,0.0005089564809284621,0.014891005893941295,0.0003676791578750937,0.1507275728552992,0.0037216684655629433,-0.001670872178774622,-4.125610317962029e-05
20260927,sigmoid,artist_341393,10,0.013691197337060399,0.0005634237587267654,0.0026808030828045205,0.020369690944921685,0.0008382588866222916,-0.03665796377113974,-0.0015085581798822936,-0.027369173421771354,-0.001126303432994706,0.09842223559623099,0.0040502977611617695
20260927,sigmoid,artist_342111,1,0.05116627021937288,0.00021056078279577318,0.0029354248820028283,-0.0024256547370373398,-9.98211825941292e-06,0.058687307286328316,0.00024151155261863504,-0.0003235917636644104,-1.3316533484132115e-06,0.14872702009186495,0.0006120453501722837
20260927,sigmoid,artist_342174,8,0.04846942664124562,0.0015957012886006789,0.0015905688448259248,0.005511944299936062,0.00018146318682917074,-0.01952730432113871,-0.0006428742163337847,0.2140397925764974,0.007046577533382631,-0.006146725990312288,-0.00020236134947530167
20260927,sigmoid,artist_342389,1,0.002201573896311833,9.0599748819417e-06,0.0031377583378832457,-0.018537903705898223,-7.628766957159763e-05,0.029393885465307648,0.00012096249162678045,-0.0010095954162332923,-4.154713647050585e-06,-0.0010400907579288,-4.280208880365432e-06
20260927,sigmoid,artist_343038,1,-0.02358992207900127,-9.707786863786531e-05,0.0032443347675332997,-0.00032327140631812495,-1.3303350054243826e-06,0.008684929514673702,3.5740450677669554e-05,-0.10047404359044063,-0.0004134734304133359,-0.002247302833920036,-9.248159810370519e-06
20260927,sigmoid,artist_343280,3,-0.039882003479430994,-0.0004923704133263086,0.003671604592093126,-0.0024341981674999833,-3.0051829228394857e-05,0.005862306528563577,7.237415467362441e-05,-0.1627883466806337,-0.0020097326750695517,-0.00016777559815386896,-2.0713036809119625e-06
20260927,sigmoid,artist_344950,1,-0.0844586419179361,-0.0003475664276458276,0.0034958584032313777,-0.016649192304353307,-6.85151946681206e-05,0.008061028478089642,3.3172956699957374e-05,-0.33840052688659483,-0.0013925947608501845,0.00915412304111407,3.7671288235037325e-05
20260927,sigmoid,artist_348126,6,-0.028355209183322305,-0.0007001286218104272,0.003931098509552705,-0.013769831099092888,-0.0003399958296072318,-0.0365422540631766,-0.0009022778781031259,-0.1203713483572894,-0.0029721320582046765,0.05726259678626968,0.0014138912786733253
20260927,sigmoid,artist_348135,1,-0.03650175620668664,-0.0001502129885048833,0.0032976894540113384,-0.021425656055277915,-8.817142409579389e-05,0.014457724429633657,5.949680835240188e-05,-0.014240230300562377,-5.860177078420731e-05,-0.12479886290053993,-0.0005135755674919338
20260927,sigmoid,artist_349315,4,-0.00798758975590063,-0.00013148295894486634,0.0033200395426261917,0.00019124041310371955,3.1479903391558773e-06,0.030794780013034682,0.0005069099590622992,-0.05717338565509389,-0.0009411256897957842,-0.0057629937946470375,-9.486409538513643e-05
20260927,sigmoid,artist_349508,2,-0.00864705048293722,-7.116913977726106e-05,0.003231672998464447,-0.0013301261861899815,-1.0947540627078036e-05,0.012350615687997021,0.00010165115792590141,-0.04483027679792951,-0.0003689734715878972,-0.000778414635626409,-6.406704819970445e-06
20260927,sigmoid,artist_350333,5,-0.013335446811116198,-0.0002743919096937489,0.0034799005282337746,-0.03461573403490098,-0.000712257901952695,0.01851799673531721,0.00038102873940981907,-0.010544360517500658,-0.00021696215056585716,-0.02669968942738036,-0.0005493763256662625
20260927,sigmoid,artist_350646,1,-0.03751466397910471,-0.0001543813332473445,0.0033018750233188513,-0.013728897495318654,-5.649752055686689e-05,-0.0769097195322832,-0.0003165009034250338,-0.007234386256040652,-2.977113685613437e-05,-0.05218565263277634,-0.00021475577215134296
20260927,sigmoid,artist_352416,3,-0.02877721107330226,-0.00035527421078150937,0.003532794687016517,-0.012863063060304337,-0.00015880324765807824,-0.014611926853717453,-0.0001803941586878698,-0.08423175580009268,-0.0010398982197542307,-0.0034020985790945545,-4.2001217025858696e-05
20260927,sigmoid,artist_352450,1,0.02627435942322452,0.00010812493589804329,0.0030382840175241024,-0.03238135659881722,-0.00013325661151776633,0.011869137484622566,4.8844187179516734e-05,-0.019310682206349305,-7.946782800966793e-05,0.14492033901344203,0.0005963799959400907
20260927,sigmoid,artist_352865,2,-0.0118906110446443,-9.78651114785539e-05,0.0032585905134993607,-0.002674527490987794,-2.201257194228637e-05,0.006255056758506256,5.148194862968112e-05,-0.04179301606524233,-0.000343975440866192,-0.009349957380853334,-7.695438173541839e-05
20260927,sigmoid,artist_353252,1,-0.012254656737259492,-5.0430686161561695e-05,0.0031974948281046148,-0.03037598497724714,-0.00012500405340430923,0.01368397511920986,5.631265481156321e-05,-0.027271329885195532,-0.00011222769500080466,-0.005055287205805156,-2.0803651052696117e-05
20260927,sigmoid,artist_353869,2,-0.04855487195781469,-0.00039962857578448304,0.0035628582389198617,-0.030453506517662043,-0.00025064614417828843,0.006766912197964354,5.569475060052966e-05,-0.16478302138247314,-0.0013562388591150053,-0.005749872129087947,-4.732405044516829e-05
20260927,sigmoid,artist_354509,1,0.06642524999870085,0.00027335493826625865,0.00287237124655106,-0.0052092327349327165,-2.1437171748694305e-05,0.005631083855500655,2.3173184590537676e-05,0.2656348181334861,0.0010931473997262803,-0.0003556692592506224,-1.463659503088981e-06
20260927,sigmoid,artist_358794,1,-0.030850800383144285,-0.00012695802626808348,0.0032743383968892627,0.013611012724734167,5.601239804417353e-05,0.048371962246183606,0.00019906157302956217,-0.183742142545564,-0.0007561405043027326,-0.0016440339579309074,-6.765571843337067e-06
20260927,sigmoid,artist_360462,1,-0.05797934203832745,-0.00023859811538406357,0.0033864398086875403,-0.03516054827615896,-0.00014469361430518088,0.0548468680423731,0.00022570727589453949,-0.2507717000043489,-0.0010319823045446457,-0.0008319879151750508,-3.4238185809672873e-06
20260927,sigmoid,artist_360980,2,-0.03584630921715259,-0.00029503135158150275,0.0034573929879600103,-0.017469400861464982,-0.0001437810770490945,-0.08530008687438045,-0.0007020583281842013,-0.03606467795857933,-0.0002968286251734924,-0.004551071174185575,-3.745737591922284e-05
20260927,sigmoid,artist_362501,8,0.002094590320060744,6.895770601023026e-05,0.0031692866770364737,-0.010783702422154477,-0.00035501900978286347,-0.020338887079276446,-0.0006695929902642452,0.02970043733651634,0.0009777921756877806,0.009800513445157567,0.00032265064840024914
20260927,sigmoid,artist_363878,3,0.029869583104068176,0.0003687602852354096,0.0027997097597993867,-0.005542755338391791,-6.842907825175052e-05,0.015376262909403882,0.0001898304062889368,-0.002176226680068639,-2.6866996050230112e-05,0.11182105152532927,0.0013805068089546822
20260927,sigmoid,artist_366513,1,0.06234949406551738,0.0002565822801050098,0.002889213213217107,-0.040246898197249165,-0.0001656250954619307,0.02888181807444703,0.00011885521841336225,0.26363831150642075,0.0010849313230716904,-0.0028752551215490943,-1.1832325603082693e-05
20260927,sigmoid,artist_371725,1,0.007626409278605403,3.138440032347903e-05,0.0031153416627498014,-0.022343084632631578,-9.194685034004765e-05,-0.08910386421253547,-0.0003666825687758661,-0.0009280543071308899,-3.819153527287613e-06,0.14288064026671954,0.0005879861739371174
20260927,sigmoid,artist_375106,1,0.036097892812744475,0.00014855099922940113,0.002997690904344268,-0.0003948889557465856,-1.6250574310559077e-06,0.058672945504878504,0.0002414524506373601,-0.0002999848907761014,-1.234505723358442e-06,0.0864134995926221,0.00035561110943465885
20260927,sigmoid,artist_386200,3,0.0032549073693358545,4.0184041596738945e-05,0.0031323932064835406,0.0005415044093320011,6.685239621382729e-06,0.04654920313442688,0.0005746815201781096,-0.024097677504499326,-0.0002975021914135719,-0.009973400561916135,-0.00012312840199896462
20260927,sigmoid,artist_420796,4,0.05629167816266692,0.0009266119862167394,0.0022442358954535132,-0.03868653140498108,-0.0006368153317692359,0.017527086481753468,0.00028851171163380194,0.24852356051429933,0.004090922806819742,-0.002197402940404022,-3.617124181735015e-05
20260927,sigmoid,artist_422484,1,-0.017592075844182112,-7.239537384437083e-05,0.003219550278959667,-0.03422135807423107,-0.00014082863405033363,0.023750191833123754,9.773741495112656e-05,-0.05608994164480967,-0.00023082280512267352,-0.0038071954908114637,-1.566747115560273e-05
20260927,sigmoid,artist_425274,2,0.0036291558797147032,2.9869595717816488e-05,0.00312979576723912,-0.03142750248969772,-0.0002586625719316685,0.05357728203492565,0.0004409652842380712,-0.0035548128142945433,-2.925771863616908e-05,-0.0040783432120745765,-3.356661079896771e-05
20260927,sigmoid,artist_427606,2,0.007487627239206354,6.162656163955846e-05,0.0030977752580317202,0.03479385197892144,0.0002863691520898884,0.02330517931730194,0.00019181217545104478,-0.021615657645434827,-0.00017790664728752943,-0.0065328646939631346,-5.376843369516983e-05
20260927,sigmoid,artist_428449,3,0.021441358477726616,0.0002647081293546496,0.0029050625676286562,-0.028039741800389924,-0.0003461696518566657,0.008326060605488392,0.00010279087167269619,0.1060284509755517,0.0013089932219203914,-0.0005493358697437144,-6.781924317823634e-06
20260927,sigmoid,artist_431065,2,-0.008924857082615414,-7.345561384868653e-05,0.0032339784474244323,0.027593384637399694,0.0002271060463983514,0.014476745019009451,0.00011915016476550988,-0.07726992399978022,-0.0006359664526730882,-0.0004996339870905889,-4.11221388551925e-06
20260927,sigmoid,artist_431101,3,-0.008342165886033788,-0.00010298970229671345,0.003277356622175661,-0.009038580227505514,-0.00011158741021611746,0.029153490923448152,0.00035991964103022407,-0.010712606340023094,-0.00013225439925954437,-0.04277096790005469,-0.0005280366407414159
20260927,sigmoid,artist_431420,1,0.00838569438465922,3.4509030389544116e-05,0.0031122041209892485,0.005125095597814648,2.109092838606851e-05,0.03858289572137996,0.00015877734864765415,-0.006030009534467361,-2.4814854051306015e-05,-0.00413520424609037,-1.7017301424240206e-05
20260927,sigmoid,artist_431422,2,0.03701139144812784,0.0003046205057459081,0.0028527647666713764,-0.0043459853171352565,-3.576942647847948e-05,0.05383221077953888,0.00044306346320608134,-0.01534150481171885,-0.00012626752931455844,0.11390084514182658,0.0009374555155705892
20260927,sigmoid,artist_433117,1,-0.0004873973735797267,-2.005750508558546e-06,0.0031488697894117234,0.0016092495959072056,6.6224263206057845e-06,0.04289050186031247,0.00017650412288194433,-0.018462054376414745,-7.59755324132294e-05,-0.02798728657412384,-0.00011517401882355489
20260927,sigmoid,artist_435024,2,-0.06660834529872642,-0.0005482168337343738,0.0037126795944461004,-0.034861401291988545,-0.000286925113514309,0.0038296432621599125,3.1519697630945783e-05,-0.23393231053965868,-0.0019253688110259974,-0.0014693126254183332,-1.209310802813443e-05
20260927,sigmoid,artist_438392,3,0.057304998024751676,0.0007074691114166874,0.002456767073290843,-0.006763847211257615,-8.350428655873597e-05,0.0032996415364904184,4.0736315265313805e-05,0.2328577661414264,0.002874787236313906,-0.00017356836765250382,-2.142819353734615e-06
20260927,sigmoid,artist_438759,1,-0.0035592076850009284,-1.4646945205765137e-05,0.003161563220450654,-0.0033811995015905387,-1.3914401241113329e-05,0.004321324176030555,1.7783227061854137e-05,-0.010853426290879143,-4.466430572378248e-05,-0.004323529123564586,-1.7792300920018872e-05
20260927,sigmoid,artist_441505,21,-0.014270292514339004,-0.001233235155560161,0.004780248803897191,0.022881054961408798,0.001977375120121748,-0.0040583295138077085,-0.00035071983452659213,-0.058218187721909835,-0.005031201408066282,-0.017685707783047268,-0.001528394499769517
20260927,sigmoid,artist_443377,5,0.01181119839784989,0.00024302877361831048,0.0029516096624991927,-0.009840298987418675,-0.0002024752878069686,0.025650373820113693,0.0005277854695496645,-0.0013052936296914874,-2.6857893615051182e-05,0.03274001238839603,0.0006736628063455973
20260927,sigmoid,artist_444571,1,0.050085116197671156,0.0002061115892908278,0.0029398924606049014,0.03871953931104666,0.00015933966794669406,0.019266125174716695,7.928446573957487e-05,0.16009427037314272,0.0006588241579141675,-0.01773947006822145,-7.300193443712531e-05
20260927,sigmoid,artist_448635,3,0.0551041530315459,0.0006802981855746408,0.0024842776357059154,0.030169327284487787,0.0003724608306726887,0.022669403806468452,0.0002798691827959068,0.1706717435224695,0.0021070585620057963,-0.003093862487242112,-3.819583317582854e-05
20260927,sigmoid,artist_457998,3,0.008836316568302298,0.00010909032800373207,0.00306262559149646,0.012080670615531352,0.00014914408167322657,0.03962893493511361,0.0004892461103100446,-0.012851222390153785,-0.00015865706654510846,-0.003513116887281987,-4.337181342323441e-05
20260927,sigmoid,artist_458379,1,0.006096392575116029,2.5088035288543332e-05,0.003121664045822071,-0.02154314290303823,-8.865490906600094e-05,0.05865937646055008,0.00024139661094876578,-0.00838777610406943,-3.451759713608819e-05,-0.004342887152978306,-1.7871963592503317e-05
20260927,sigmoid,artist_458979,1,-0.0006496704294567861,-2.6735408619620827e-06,0.003149540339229397,-0.03980670029029307,-0.00016381358144153526,0.006436572057060488,2.6487950852100774e-05,0.03302747132737427,0.00013591551986573774,-0.0022560248119688356,-9.284052724151587e-06
20260927,sigmoid,artist_466627,1,-0.0049651427095320465,-2.0432686047456983e-05,0.003167372869312353,-0.0101284906068369,-4.168103130385556e-05,0.035743804089976655,0.00014709384399167347,-0.03461107460906143,-0.00014243240579860672,-0.01086480971220651,-4.471115107903914e-05
20260927,sigmoid,artist_471813,8,-0.026312182639256367,-0.0008662446959425965,0.004136325756502589,-0.020071710325586217,-0.0006607970477559248,0.029101533930270262,0.0009580751911200087,-0.101846769753106,-0.0033529800741763293,-0.01243178440860351,-0.00040927685295814024
20260927,sigmoid,artist_475209,2,0.021943749186555374,0.00018060698918975616,0.002977807441041272,-0.014528096140533582,-0.00011957280774101714,0.035544132406078455,0.0002925442996385058,-0.036401549683027196,-0.00029960123195907156,0.10316051016370384,0.0008490576968206077
20260927,sigmoid,artist_475732,3,-0.008230390454236467,-0.00010160975869427737,0.0032759594292781943,-0.0016401422653457842,-2.0248669942540547e-05,0.0313786107461384,0.00038739025612516544,-0.05249359514759392,-0.0006480690758962213,-0.010166435150144579,-0.0001255115450635133
20260927,sigmoid,artist_480599,2,0.06694922081477897,0.0005510223935372754,0.002604318049935682,-0.021796006421876873,-0.00017939099935701132,0.035246120098984556,0.0002900915234484326,0.26207436306385773,0.002156990642500887,-0.0077275934818495234,-6.360159244320596e-05
20260927,sigmoid,artist_484191,2,-0.021543123845486584,-0.00017730966127972497,0.003338694354170251,-0.0012163941529169443,-1.001147450960448e-05,-0.04282157431573449,-0.0003524409408702427,-0.0345601173101891,-0.0002844454099604041,-0.007574409603105795,-6.234081977864852e-05
20260927,sigmoid,artist_488616,4,-0.03200211577022197,-0.0005267837986867814,0.0037219562960039546,-0.026376452818430922,-0.0004341802933075049,-0.07455804015380216,-0.0012272928420378956,-0.11624125336695328,-0.0019134362694148688,0.08916728325829848,0.0014677742100131436
20260927,sigmoid,artist_490860,3,0.003912002073702048,4.829632189755615e-05,0.003124179522678963,-0.007121356034647242,-8.791797573638571e-05,0.044318556744123126,0.0005471426758533719,-0.00839307310472851,-0.00010361818647812974,-0.01315611930993918,-0.00016242122604863185
20260927,sigmoid,artist_492259,1,0.03237733105756001,0.00013324004550436218,0.0030130651264731294,-0.03213351963219205,-0.00013223670630531706,0.008874295112116966,3.6519732971674756e-05,0.15290721624844247,0.0006292478034915328,-0.0001386674981273655,-5.706481404418334e-07
20260927,sigmoid,artist_493403,3,-0.009240123585369719,-0.00011407559981937926,0.0032885810934173603,0.0695398628978119,0.0008585168258989124,-0.039075838942273074,-0.0004824177647194206,-0.002193301131157383,-2.7077791742683742e-05,-0.06523121716586032,-0.000805323668714325
20260927,sigmoid,artist_495923,2,-0.023150605996126065,-0.00019053996704630505,0.0033520344550054333,-0.032812633798763216,-0.00027006282961945034,0.036119605283631846,0.00029728070192289586,-0.07642251812505431,-0.0006289919187247268,-0.019486877344318605,-0.00016038582176393913
20260927,sigmoid,artist_496884,2,-0.0034578317290466887,-2.845952040367645e-05,0.003188608942415563,0.0009623295305935115,7.920407659205855e-06,0.00978323292478335,8.05204355949247e-05,-0.016913630534695134,-0.00013920683567650316,-0.007663258836868478,-6.307208919233315e-05
20260927,temperature,artist_000005,4,0.006824105912480265,0.0001123309615223089,0.0003780389231179345,-0.003594456864456106,-5.916801422973014e-05,0.0016317298971983973,2.68597513942123e-05,-0.0015509915443139514,-2.553072500928315e-05,0.03081014216149272,0.0005071628339340365
20260927,temperature,artist_001025,3,-0.0010117541469158876,-1.249079193723318e-05,0.0005028457863160627,-0.010108755294423247,-0.00012479944807929934,0.009626992047784248,0.00011885175367634874,0.00048005209384019567,5.9265690597555015e-06,-0.004045305434864746,-4.99420424057376e-05
20260927,temperature,artist_001576,2,0.003571611717577909,2.9395981214632998e-05,0.00045852490804959166,-0.0016508494148403663,-1.3587237982225237e-05,0.021606498335422004,0.0001778312620199342,-0.0032940351238001163,-2.711140019588573e-05,-0.0023751669264698862,-1.9548698983291244e-05
20260927,temperature,artist_002034,5,-0.002240303261659527,-4.609677493126598e-05,0.0005413833721991809,-0.01015101460389343,-0.000208868613248836,0.006766420578156379,0.0001392267608674152,-0.0006777831968622306,-1.3946156314037665e-05,-0.004898835824038826,-0.00010079909102960548
20260927,temperature,artist_002060,1,0.008068865388113682,3.3205207358492517e-05,0.00045280521027683357,0.0337623468612549,0.00013893969901750987,0.012847626315614036,5.2870890187712084e-05,-0.007542032922533103,-3.103717252071236e-05,-0.006792478701881106,-2.7952587250539534e-05
20260927,temperature,artist_003274,1,0.0035576492205365213,1.4640531771755232e-05,0.00047144659939905327,-0.0019585247888695024,-8.059772793701656e-06,0.021429091754673904,8.818556277643581e-05,-4.9209187779760155e-05,-2.025069455957208e-07,-0.00519076089587856,-2.136115595011753e-05
20260927,temperature,artist_003573,1,-0.0007064215324166816,-2.9070844955418998e-06,0.0004890667264773722,-0.010421583769035125,-4.2887176004259775e-05,0.014801975403521874,6.0913479026838986e-05,-0.006713120575899085,-2.7626010600407758e-05,-0.0004929571882543905,-2.0286304043390555e-06
20260927,temperature,artist_003881,1,-0.021342853195453617,-8.783067158622888e-05,0.0005743412374816571,-0.0007072613465126064,-2.91054052062801e-06,-0.06880615570023829,-0.000283152904116207,-0.0003430320043654269,-1.4116543389523741e-06,-0.015514963730698134,-6.384758736912812e-05
20260927,temperature,artist_004115,2,-0.002580824802421682,-2.1241356398532362e-05,0.000509582472530916,-0.009958740692531352,-8.196494397145146e-05,0.013676417139102155,0.00011256310402553214,-0.006786166865743038,-5.5853225232452984e-05,-0.007254808790514492,-5.971036041575714e-05
20260927,temperature,artist_004116,1,0.009242690430292595,3.803576308762385e-05,0.0004479546935736149,0.03973639467878587,0.0001635242579373904,0.003400029919965207,1.3991892674753939e-05,-0.005349791451683274,-2.201560268182417e-05,-0.0008158714258974217,-3.3574955798247807e-06
20260927,temperature,artist_004337,2,0.0010237839509076906,8.426205357264942e-06,0.0004796687069431204,-0.008477873168550979,-6.977673389753892e-05,0.01181487610423466,9.724177863567621e-05,0.0019526589044915332,1.607126670363402e-05,-0.0011945260365444515,-9.831490012711535e-06
20260927,temperature,artist_005240,5,0.0013701515066916754,2.8192417833162045e-05,0.00046553348210776903,-0.0069752142205195735,-0.00014352292634813938,0.011428115692767494,0.0002351464134314299,0.002040037337646515,4.197607690630689e-05,-0.0010123327831277327,-2.0829892656949233e-05
20260927,temperature,artist_005324,8,-0.007250955658914514,-0.00023871458959389346,0.0007474696661549938,0.010358459184556395,0.00034101923241337925,-0.049311728248639906,-0.0016234313826712725,0.008412919350908859,0.00027696853830152623,0.0015365270775165975,5.058525358079333e-05
20260927,temperature,artist_005373,1,-3.11664419893002e-05,-1.2825696291893085e-07,0.00048627641618635004,-0.001435168384182342,-5.906042733260667e-06,0.021825574190901198,8.981717774033415e-05,-0.008250375864946834,-3.395216405327915e-05,-0.012264695709729222,-5.047199880547005e-05
20260927,temperature,artist_005390,2,-0.003461919358557534,-2.8493163444917973e-05,0.000516894460548641,-0.008450006048192168,-6.954737488224007e-05,0.010149955435321493,8.353872786272834e-05,-0.0075316583292270416,-6.198895744219787e-05,-0.008015968492132418,-6.597504931796229e-05
20260927,temperature,artist_005393,3,0.00020425988712087823,2.521727001492324e-06,0.00048764561089060317,-0.002737779923802004,-3.379975214570375e-05,0.020598430420247556,0.000254301610126513,-0.00164665491185701,-2.032907298588901e-05,-0.01539695603610503,-0.000190085876988951
20260927,temperature,artist_006573,1,0.00018688350527115032,7.690679229265445e-07,0.0004853753833464308,-0.009647860908902128,-3.970313131235444e-05,0.01346398089018564,5.540732876619604e-05,-0.0017237591005030196,-7.093658849806665e-06,-0.00134482685969589,-5.534266912328765e-06
20260927,temperature,artist_007542,2,0.0013704810565744912,1.1279679477979351e-05,0.00047679155253924657,0.0009421313764452527,7.754167707368335e-06,0.01864174916180427,0.0001534300342535331,-0.005539696403247134,-4.5594209080223327e-05,-0.008562259908704423,-7.047127496876069e-05
20260927,temperature,artist_007986,1,0.0014307993721713206,5.888063259964282e-06,0.00048023523513609953,0.03883948793123104,0.00015983328366761746,-0.022886046600577137,-9.418126173077011e-05,-0.0038957394421073616,-1.6031849555997372e-05,-0.006334504399861262,-2.6067919340992846e-05
20260927,temperature,artist_336426,1,0.007211265441084953,2.9675989469485404e-05,0.00045634901171083656,-0.011423938232616435,-4.70120914922487e-05,0.020748831038891025,8.538613596251451e-05,0.027165487831648738,0.00011179213099443926,-0.007645318873583516,-3.1462217586763444e-05
20260927,temperature,artist_336619,2,0.007500196989592388,6.173001637524599e-05,0.00042592254064698185,0.0022340445456773064,1.8387197906809107e-05,0.012930137056758797,0.0001064208811255868,0.016486863577674815,0.00013569435043353758,-0.0016502572217413692,-1.3582363964949542e-05
20260927,temperature,artist_336995,1,7.541171543853226e-05,3.103362775248241e-07,0.0004858360105771441,-0.005888178751550319,-2.4231188277984853e-05,0.014303223256954257,5.8861001057424924e-05,-8.34701501216023e-05,-3.4349856017120287e-07,-0.008029927493528205,-3.304496910916957e-05
20260927,temperature,artist_337088,2,-0.0076761251211405045,-6.317798453613584e-05,0.0005518671224787901,-0.0010640275979131749,-8.757428789408847e-06,-0.01403691106092983,-0.00011553013218872287,-0.005535511826647078,-4.555976812055208e-05,-0.010068049999071932,-8.286460904585952e-05
20260927,temperature,artist_337391,3,0.004954470174797548,6.11662984542907e-05,0.0004282679822946448,0.01193716884831745,0.0001473724549174994,0.010914488517368884,0.00013474677181936893,-0.0009582231658702816,-1.1829915628028167e-05,-0.0020755535006258662,-2.562411729167736e-05
20260927,temperature,artist_337565,1,0.004083422380557916,1.680420732739883e-05,0.0004692739830353284,-0.0001027142036879118,-4.226921962465506e-07,-0.0017033759579819785,-7.009777604864109e-06,-0.00020559008378097566,-8.46049727493727e-07,0.01834536976768253,7.549534883819971e-05
20260927,temperature,artist_337712,1,0.016850257375566783,6.934262294471927e-05,0.00041651846652702735,-0.010443070812393991,-4.297560005100408e-05,0.021079942377722843,8.674873406470306e-05,-0.001984384933425955,-8.166193141670596e-06,0.05874854287036424,0.0002417635509068487
20260927,temperature,artist_337775,1,-0.00020976749080746967,-8.632407029113978e-07,0.000487014437049235,-0.004086873959475795,-1.681841135586747e-05,0.01476510767678231,6.076175998675848e-05,-0.008885061580626102,-3.656403942644487e-05,-0.0026322420999102913,-1.0832272016091733e-05
20260927,temperature,artist_337965,2,0.016156178227936732,0.00013297266031223648,0.0003540886714491035,0.03886694744768343,0.00031989257158587185,0.018613519779868148,0.00015319769366146623,0.008042716403781403,6.619519673894158e-05,-0.000898470719586043,-7.394820737333688e-06
20260927,temperature,artist_338395,1,-0.002800224231153601,-1.1523556506804943e-05,0.0004977188037448802,-0.0058742359550175705,-2.4173810514475597e-05,0.0035385175823345882,1.45618007503481e-05,-0.006510287193411096,-2.679130532267941e-05,-0.002354891358520326,-9.690910940412864e-06
20260927,temperature,artist_338549,1,0.0009103209266278758,3.7461766527896124e-06,0.0004823859725143782,-0.008556976931760801,-3.521389683852182e-05,0.021380402937291737,8.79851972728055e-05,-0.0077719394454075705,-3.198328989879659e-05,-0.0014102028536118617,-5.803303924328649e-06
20260927,temperature,artist_339313,2,0.0011071842750976896,9.112627778581808e-06,0.00047897658807017436,-0.001357250188777635,-1.1170783446729506e-05,0.01061074622751072,8.733124467087012e-05,-2.861641747855578e-05,-2.3552606978235208e-07,-0.00479614252086377,-3.947442404003103e-05
20260927,temperature,artist_339517,2,-0.008893220819460493,-7.319523308197937e-05,0.0005619675017179602,0.006946341099952735,5.717153168685379e-05,-0.07095390616427866,-0.0005839827667841865,-0.004358915173216814,-3.5875845047051965e-05,0.032793596959700765,0.0002699061478164672
20260927,temperature,artist_339783,1,0.003514920723056808,1.4464694333567112e-05,0.0004716231634382256,-0.002725063515480291,-1.1214253150124655e-05,0.021774889449970754,8.960859855955042e-05,-4.838170767587733e-05,-1.991016776785075e-07,-0.0049417613345873555,-2.0336466397478828e-05
20260927,temperature,artist_340121,6,0.002935860524260359,7.249038331507058e-05,0.0004220783254411192,0.0010994952062653668,2.7148029784330047e-05,0.011589203523790781,0.00028615317342693284,0.0006355851841505078,1.5693461337049573e-05,-0.0015808418171652215,-3.903313128803016e-05
20260927,temperature,artist_341393,10,0.004930802700439379,0.00020291369137610612,0.0002933034303464104,0.010442332183836164,0.0004297256042730932,-0.019293346008980666,-0.0007939648563366529,-0.003828288854222474,-0.00015754275120257095,0.03240251348112449,0.0013334367687705552
20260927,temperature,artist_342111,1,-0.0011391725712343807,-4.687952968042719e-06,0.0004908549539105033,-0.001958959745184769,-8.061562737385881e-06,-0.002139458429381902,-8.804355676468732e-06,-0.00038017369737557583,-1.564500812245168e-06,-7.809841299527553e-05,-3.2139264607109276e-07
20260927,temperature,artist_342174,8,-0.0065853523270683785,-0.00021680172270183962,0.0007248108293261891,-0.005791285032045875,-0.00019065958953237447,-0.014918830032392659,-0.0004911548981857666,-0.0021807099678381944,-7.179292075187471e-05,-0.0034505842759967893,-0.00011359948233734286
20260927,temperature,artist_342389,1,0.0021949946081771623,9.032899622128239e-06,0.00047707740358235635,-0.010118872114243366,-4.164144902980809e-05,0.020845831351755537,8.578531420475529e-05,-0.0008385305954536672,-3.4507431911673546e-06,-0.0011084502093498545,-4.561523495266891e-06
20260927,temperature,artist_343038,1,-0.001099880772977571,-4.52625832501058e-06,0.0004906925911077892,-0.0042063929583324704,-1.7310259087787945e-05,0.009531587148801075,3.922463847243241e-05,-0.007499574400730735,-3.086244609354212e-05,-0.002225142881648153,-9.156966591144664e-06
20260927,temperature,artist_343280,3,0.0014705248461467984,1.815462773020739e-05,0.00047181729890277924,-0.001958542349576863,-2.417953517996127e-05,0.006938007423019875,8.565441262987499e-05,0.0011026788274174637,1.3613318857005725e-05,-0.00020004451627328307,-2.4696853860899146e-06
20260927,temperature,artist_344950,1,0.01069556362137677,4.401466510854638e-05,0.0004419510853459943,-0.009515905736820741,-3.916010591284256e-05,0.009007916176739808,3.706961389604859e-05,0.03072926576264068,0.00012645788379687521,0.012560978282947333,5.169126865410425e-05
20260927,temperature,artist_348126,6,-0.004659993446183426,-0.00011506156657243026,0.0006143784259586834,-0.004045967046723562,-9.990042090675462e-05,-0.0325472510377894,-0.0008036358280935655,9.145129776444091e-05,2.258056734924467e-06,0.017861793002014823,0.00044103192597567465
20260927,temperature,artist_348135,1,0.0013082937271659484,5.383924803152051e-06,0.0004807414568096754,-0.010840180483561654,-4.460979622864878e-05,0.013792219340679972,5.675810428263363e-05,-0.005074142555156955,-2.0881245082950434e-05,0.007355278606702431,3.0268636241573792e-05
20260927,temperature,artist_349315,4,0.0019867980772981008,3.2704495099557215e-05,0.00045899805006659,-0.004598859244911591,-7.57013867475159e-05,0.01981673978431487,0.00032620147793110894,-0.0027271839789310987,-4.489191734866006e-05,-0.004543504251279778,-7.479019343670416e-05
20260927,temperature,artist_349508,2,0.0005999089851114786,4.937522511205586e-06,0.0004831863415140433,-0.0011206482755727462,-9.223442597306552e-06,0.01222710008960788,0.00010063456863874799,-0.007902577187447767,-6.504178755101043e-05,-0.0008042386861414519,-6.619248445608658e-06
20260927,temperature,artist_350333,5,0.0008829687818878156,1.8168081931848058e-05,0.00047576841330112743,-0.0018155487111578884,-3.735696936538865e-05,0.01584824479624607,0.00032609557193921955,-0.003890168038064863,-8.004460983672557e-05,-0.006610652919472056,-0.00013602166500971307
20260927,temperature,artist_350646,1,-0.015277413086515942,-6.28700127017117e-05,0.0005492774353786088,-0.00839473378060581,-3.454622954981815e-05,-0.030372531024307814,-0.000124989839606205,-0.0033160594713011193,-1.3646335272844113e-05,-0.019026328069849024,-7.829764637797953e-05
20260927,temperature,artist_352416,3,-0.006592500843088948,-8.138889929739442e-05,0.000572605120018226,0.0027963614156743186,3.4522980440423685e-05,-0.01787223150819343,-0.00022064483343448677,-0.008378266554649072,-0.0001034353895635688,-0.002915866725187609,-3.5998354631945795e-05
20260927,temperature,artist_352450,1,0.01244915530464555,5.1231091788664815e-05,0.0004347048387209168,-0.010569014523499634,-4.349388692798203e-05,0.012002889167513516,4.939460562762764e-05,-0.0060238123126079325,-2.478935108069108e-05,0.05438655888717625,0.00022381299953570474
20260927,temperature,artist_352865,2,-0.0035132028425299048,-2.8915249732756417e-05,0.0005173200496272498,-0.006308774521801698,-5.192407013828558e-05,0.006518220723933112,5.3647907192865124e-05,-0.0070368582713602745,-5.7916528982389094e-05,-0.007225399300890759,-5.9468307003216123e-05
20260927,temperature,artist_353252,1,0.0066407399059746075,2.7328147761212377e-05,0.0004587065552443504,0.024935157898677285,0.00010261381851307525,0.01327650570908871,5.463582596332803e-05,-0.007149909095368973,-2.94234942196254e-05,-0.004498794888498596,-1.8513559211928378e-05
20260927,temperature,artist_353869,2,0.00523737890727183,4.3105999236805185e-05,0.0004447011139442479,0.018178660496127208,0.00014961860490639677,0.007874505904571453,6.481074818577328e-05,-9.588716242756035e-05,-7.891947524902086e-07,-0.00500776360918378,-4.1216161392459096e-05
20260927,temperature,artist_354509,1,-3.353049534405149e-05,-1.3798557754753698e-07,0.0004862861850018655,-0.0038752075492193795,-1.5947356169627078e-05,0.006821604463984112,2.8072446353844082e-05,-0.0026720587761099035,-1.0996126650658039e-05,-0.00040846012003103473,-1.680905843749114e-06
20260927,temperature,artist_358794,1,0.002207115229157901,9.082778720814406e-06,0.00047702731837169217,-0.011407282780886749,-4.6943550538628596e-05,0.019989160673128295,8.225992046554854e-05,0.0019280465558950688,7.934347966646374e-06,-0.0016814635315050119,-6.919603010308691e-06
20260927,temperature,artist_360462,1,0.0041383817516912344,1.7030377578976272e-05,0.0004690468781959346,-0.009204619451798679,-3.787909239423325e-05,0.013762032164489096,5.6633877220119737e-05,0.012898686641493184,5.308101498556866e-05,-0.0009025723474186636,-3.7142894955500563e-06
20260927,temperature,artist_360980,2,-0.02440265166732354,-0.0002008448696899057,0.0006906764714097697,-0.009787086711812512,-8.055215400668734e-05,-0.07606430555513616,-0.0006260436671204622,-0.007797685991584917,-6.417848552744787e-05,-0.003961528410760585,-3.260517210502539e-05
20260927,temperature,artist_362501,8,0.0005373721178034549,1.76912631375623e-05,0.0004823351035433182,-0.006253389451911127,-0.00020587290376662147,-0.0017106013332884966,-5.631609327698754e-05,0.009374602498415752,0.0003086288888367326,0.0007388767579976918,2.4325160757125658e-05
20260927,temperature,artist_363878,3,0.0012317842386520025,1.520721282286423e-05,0.00047480155649646415,-0.003848532538743985,-4.751274739190105e-05,0.014278440843628957,0.00017627704745220934,-0.001361100327595871,-1.6803707748097174e-05,-0.004141671022681093,-5.113174102075423e-05
20260927,temperature,artist_366513,1,0.0033774277357829555,1.3898879571123274e-05,0.0004721913162782002,0.0004841774901866991,1.9924999596160457e-06,0.0206952625746716,8.516568960770207e-05,-0.0049030042733779755,-2.017697231842788e-05,-0.002766724848348502,-1.1385698964397127e-05
20260927,temperature,artist_371725,1,-0.02271670332529513,-9.348437582425979e-05,0.0005800183041338947,-0.011014548378757247,-4.5327359583363155e-05,-0.07373106141698949,-0.00030342000583123246,-0.0007899941153988528,-3.251004590118736e-06,-0.0053312093900349244,-2.193913329232479e-05
20260927,temperature,artist_375106,1,-0.005872009861040912,-2.416464963391322e-05,0.0005104121327940013,-0.0003547083793043372,-1.459705264626902e-06,-0.0038266226379368717,-1.57474182631147e-05,-0.0003612611333863092,-1.4866713308078567e-06,-0.01894544729353613,-7.796480367710341e-05
20260927,temperature,artist_386200,3,0.001616605936617603,1.995809798293337e-05,0.0004699912852718941,0.0064367736428161855,7.946634126933563e-05,0.013588905246865667,0.00016776426230698355,-0.006118813258934479,-7.554090443128986e-05,-0.007440441884276962,-9.185730721329583e-05
20260927,temperature,artist_420796,4,0.003867269341703662,6.365875459594505e-05,0.0004275257276497605,0.007793125704415621,0.0001282819045994341,0.015342283877817865,0.000252547882762434,-0.005632879841636669,-9.272230191994516e-05,-0.0020334523737821674,-3.347246705814267e-05
20260927,temperature,artist_422484,1,-0.000844021316429599,-3.4733387507390905e-06,0.000489635320626186,-0.009767717797784764,-4.0196369538208904e-05,0.01881927893100034,7.744559230864338e-05,-0.00889510663405814,-3.660537709488946e-05,-0.003532539764875834,-1.4537200678501375e-05
20260927,temperature,artist_425274,2,0.0002539546561086235,2.0901617786717983e-06,0.0004860573317962247,-0.008847624787702492,-7.281995710043203e-05,0.015412228234043493,0.00012684961509500816,-0.001871087794837447,-1.5399899545987218e-05,-0.0036776970270690603,-3.026911133390173e-05
20260927,temperature,artist_427606,2,0.006740678196154504,5.547883289016053e-05,0.0004322256011734373,0.01915604828424807,0.0001576629488415479,0.018595131484219242,0.0001530463496643559,-0.00525442585239159,-4.3246303311864935e-05,-0.005534041131457707,-4.554766363339676e-05
20260927,temperature,artist_428449,3,0.002916812030928317,3.6010025073189106e-05,0.00045373870909301025,0.007602424965107918,9.385709833466565e-05,0.008898050489098202,0.00010985247517405188,-0.004227980984006026,-5.2197296098839826e-05,-0.000605246346486824,-7.472177117121284e-06
20260927,temperature,artist_431065,2,0.0026079969578265538,2.1464995537667108e-05,0.00046652171103508006,0.00830340284246495,6.834076413551399e-05,0.01136193400724141,9.35138601419046e-05,-0.008687778950216933,-7.150435349972785e-05,-0.0005455700681832082,-4.49028862702229e-06
20260927,temperature,artist_431101,3,-0.002384796489549304,-2.9441931969744496e-05,0.0005200088155989805,-0.005950041344870014,-7.34573005539508e-05,0.0129198461794736,0.0001595042738206617,-0.003948059918029769,-4.874148046950332e-05,-0.012560930874771033,-0.0001550732206761856
20260927,temperature,artist_431420,1,0.00135777410914721,5.587547774268354e-06,0.0004805369924213231,-0.010095772939409324,-4.154639069715771e-05,0.02225644771530097,9.159031981605337e-05,-0.0029369693390647964,-1.2086293576398339e-05,-0.0037926090002380094,-1.5607444445423906e-05
20260927,temperature,artist_431422,2,0.01610816919924438,0.0001325775242736163,0.0003544870866249736,-0.0032329733658742776,-2.660883428703109e-05,0.008280132620531386,6.814923967515544e-05,-0.0051525976687954445,-4.240821126580613e-05,0.06453811521111585,0.0005311779029721469
20260927,temperature,artist_433117,1,-0.0018357695067953775,-7.55460702384929e-06,0.0004937334536442263,-0.007725338457946006,-3.179151628784365e-05,0.02188646076138029,9.006773975876662e-05,-0.005879329945980873,-2.4194773440250504e-05,-0.01562487038463492,-6.429987812606964e-05
20260927,temperature,artist_435024,2,0.0031568252839284643,2.598210110229189e-05,0.00046196711911722187,-0.001257776800464211,-1.0352072431804205e-05,0.005014735272099339,4.1273541334150936e-05,0.010383119621554249,8.545777466299793e-05,-0.001512776957475522,-1.2450839156177135e-05
20260927,temperature,artist_438392,3,-0.0018413761753963732,-2.273303920242436e-05,0.0005132160616720689,-0.004586339402444288,-5.6621474104250466e-05,0.004413211711802196,5.448409520743452e-05,-0.006985753661385044,-8.624387236277832e-05,-0.00020662334955835691,-2.5509055501031716e-06
20260927,temperature,artist_438759,1,-0.0013406696975050837,-5.517159248992114e-06,0.000491687586663688,-0.002646566884842054,-1.089122174832121e-05,0.00552764850680038,2.2747524719343128e-05,-0.004303880653945333,-1.7711443020351165e-05,-0.003939879758033327,-1.6213496946639206e-05
20260927,temperature,artist_441505,21,-0.00010766925369320654,-9.304750319165997e-06,0.0005401296423543457,-0.00016942698398006732,-1.4641838121734213e-05,-0.00121994004710765,-0.00010542691765127839,0.004236915464726608,0.0003661531883097069,-0.0032782254484117214,-0.00028330343381335866
20260927,temperature,artist_443377,5,0.0003773362552237716,7.764120477855383e-06,0.0004863909453739014,-0.004958531336163436,-0.00010202739374821885,0.014870961841250002,0.00030598686916152266,-0.0007756309754057089,-1.595948509065245e-05,-0.007627454508785771,-0.00015694350841122986
20260927,temperature,artist_444571,1,0.015934437414481067,6.557381652049822e-05,0.0004203028465315138,0.030181262732035696,0.00012420272729232797,0.01665547196015523,6.85410368730668e-05,0.028771273652406504,0.00011840030309632306,-0.011870258686673168,-4.884880117972497e-05
20260927,temperature,artist_448635,3,0.0036644961167194754,4.524069279900587e-05,0.00044439265802062074,-0.0007718034302809813,-9.528437410876312e-06,0.015676685974208685,0.00019353933301492207,0.0025214157181991698,3.112858911357e-05,-0.0027683137952489753,-3.417671352159229e-05
20260927,temperature,artist_457998,3,0.005981444501481134,7.38449938454461e-05,0.0004154308032111,0.009743832732245687,0.00012029423126229242,0.020133561385152054,0.0002485624862364451,-0.0027471301731721576,-3.391518732311306e-05,-0.003204485938301041,-3.9561554793840015e-05
20260927,temperature,artist_458379,1,-0.004826719171843822,-1.98630418594396e-05,0.0005060927497807902,-0.010864053875403804,-4.4708040639521824e-05,-0.0008347473860827459,-3.435174428324057e-06,-0.003653139911282426,-1.5033497577293934e-05,-0.003954935514606314,-1.6275454792618576e-05
20260927,temperature,artist_458979,1,0.006328790418347087,2.604440501377402e-05,0.00045999560271388557,-0.0023850001582335356,-9.814815465981627e-06,0.007574327593319302,3.117007240049096e-05,0.02235865892770572,9.201094208932396e-05,-0.002232824689403142,-9.18857896873721e-06
20260927,temperature,artist_466627,1,-0.00020932964432378558,-8.614388655299818e-07,0.0004870126277662446,-0.0067119425605897155,-2.7621162800780722e-05,0.022103891393092476,9.096251602095669e-05,-0.007889688293599706,-3.24678530600811e-05,-0.008339579116198197,-3.43192556222148e-05
20260927,temperature,artist_471813,8,0.007542788368044652,0.00024832225079982393,0.00024385284821595824,0.018444455505457605,0.0006072248726076577,0.019005803280194293,0.0006257054577841742,0.0008713733370960563,2.8687188052545065e-05,-0.00815047865056935,-0.00026832851524508143
20260927,temperature,artist_475209,2,-0.0012958928335077575,-1.066578463792393e-05,0.0004989191366893067,-0.007786714909588494,-6.40881885562839e-05,0.021458144671919914,0.0001766102442133326,-0.005099608899329994,-4.1972089706419705e-05,-0.013755392197032455,-0.00011321310450232472
20260927,temperature,artist_475732,3,0.0041536419734672135,5.127953053663227e-05,0.000438278334811274,0.00981860782726343,0.00012121738058349912,0.02006511186184252,0.0002477174303931176,-0.005795322091203482,-7.15471863111541e-05,-0.007473829704033615,-9.226950251893352e-05
20260927,temperature,artist_480599,2,0.004212679713042776,3.4672261012697746e-05,0.0004532048416971861,0.005180214724476934,4.2635512135612626e-05,0.022014742411905798,0.00018119129557124113,-0.004031948473852909,-3.318476110167003e-05,-0.006312289810358719,-5.195300255439275e-05
20260927,temperature,artist_484191,2,-0.0026453686124044,-2.1772581172052677e-05,0.000510118105808781,-0.0010272194908147255,-8.454481405882515e-06,0.00265368726485863,2.184104744739613e-05,-0.005993080742072644,-4.9325767424466205e-05,-0.006214861481588861,-5.115112330525812e-05
20260927,temperature,artist_488616,4,-0.009741408300878102,-0.00016035240001445437,0.0006552860229230954,-0.008385406149977813,-0.0001380313769543673,-0.06758008795028458,-0.0011124294312804047,-0.0005242176714375501,-8.629097472223047e-06,0.03752407856818754,0.0006176803056491776
20260927,temperature,artist_490860,3,-2.925646221512938e-05,-3.6119089154480717e-07,0.0004905645652573033,-0.00824191245751612,-0.00010175200564834716,0.011065582589074509,0.00013661213072931492,0.004415599465107699,5.451357364330493e-05,-0.007356295445526605,-9.081846229045191e-05
20260927,temperature,artist_492259,1,-0.0018991085617966312,-7.815261571179552e-06,0.000493995185276463,-0.010651964385494012,-4.383524438474902e-05,0.0096877880666826,3.98674406036321e-05,-0.006465134856313025,-2.660549323585607e-05,-0.00016712307206208772,-6.877492677452169e-07
20260927,temperature,artist_493403,3,0.0003514500224736372,4.3388891663412e-06,0.0004858057341986937,0.032853708138825544,0.00040560133504722896,-0.019414974528227182,-0.00023969104355836025,-0.0013703067662969536,-1.6917367485147575e-05,-0.01066262675440686,-0.0001316373673383563
20260927,temperature,artist_495923,2,-0.0001693470606882845,-1.393802968627856e-06,0.0004895702091140413,-0.0036447838050293266,-2.9998220617525323e-05,0.017934341396546323,0.0001476077481197228,-0.0031876132359048744,-2.6235499883990737e-05,-0.011779332598365258,-9.694923949271817e-05
20260927,temperature,artist_496884,2,-0.00017893081719457015,-1.4726816230005773e-06,0.0004896497423630562,0.002009763472249085,1.6541263146083e-05,0.009174241824196306,7.550816316210951e-05,-0.0056014705695573725,-4.610263843257097e-05,-0.006298257995666299,-5.1837514367623864e-05
20260928,sigmoid,artist_000357,1,-0.016909197750590056,-7.134682595185677e-05,-0.0064289792116012535,0.0034992449843926766,1.4764746769589354e-05,-0.030302625955675386,-0.00012785918124757546,-0.004510824128453908,-1.903301320022746e-05,-0.0363225859026236,-0.0001532598561292135
20260928,sigmoid,artist_000905,1,0.02552948416607653,0.00010771934247289675,-0.0066088041349769595,0.011272511645005426,4.75633402742845e-05,0.051803905285921714,0.00021858187884355154,-0.02260102571236268,-9.536297768929401e-05,0.06164254544574166,0.00026009512846304495
20260928,sigmoid,artist_001025,3,-0.027698781012183316,-0.0003506174811668774,-0.006201076703640752,0.016911023046216264,0.000214063582863497,-0.01027495778580778,-0.00013006275678237696,-0.11475150351635706,-0.0014525506774222413,-0.0026796857927846814,-3.392007332638837e-05
20260928,sigmoid,artist_001365,4,-0.04163801395051064,-0.000702751290303977,-0.005869511742001903,-0.011484119445164923,-0.0001938248007622772,-0.0034362232622871655,-5.799532932130237e-05,-0.14894720521691732,-0.0025138768812981824,-0.0026845078776731573,-4.5308149834146115e-05
20260928,sigmoid,artist_001585,3,-0.01921540948502031,-0.0002432330314559533,-0.006309837877065919,0.008594546303437834,0.00010879172535997258,-0.023639579713490306,-0.00029923518624671273,-0.037105400520259756,-0.0004696886141805033,-0.02471120400976901,-0.00031280005075656975
20260928,sigmoid,artist_001665,1,-0.03196273353441144,-0.00013486385457557568,-0.006365193043025739,0.0070742754450543455,2.9849263481241963e-05,-0.0304856790537629,-0.00012863155718887298,-0.10089511472789203,-0.0004257177836619917,-0.0035444158010451616,-1.4955340932680006e-05
20260928,sigmoid,artist_002831,5,0.07953835323347849,0.0016780243298202212,-0.008326896801102924,-0.001096823913075169,-2.3139745001585847e-05,0.05806166684730579,0.001224929680322907,0.21628981297601407,0.004563076223122659,0.04489875702366922,0.0009472311608369034
20260928,sigmoid,artist_002986,1,0.04759375785259196,0.00020081754368182262,-0.006702296820089313,0.00449760645835194,1.8977242440303545e-05,-0.013217073162001505,-5.576824118987977e-05,0.1992663491420743,0.0008407862832998916,-0.0001718510280568777,-7.251098230248004e-07
20260928,sigmoid,artist_003177,3,0.03455536447425736,0.0004374096768893337,-0.0069992067739797345,-0.01112899094804006,-0.0001408733031397476,0.011428929354271818,0.00014466999182622553,0.14402537553166997,0.0018231060193882275,-0.00610385604087228,-7.726400051737064e-05
20260928,sigmoid,artist_003471,4,-0.02830499306517925,-0.0004777214019439536,-0.006098404804411026,-0.026955189373375682,-0.0004549399050358765,0.06352579103369807,0.0010721652495138915,-0.125307179876045,-0.0021148891118319833,-0.02448339404499439,-0.00041322184042184623
20260928,sigmoid,artist_003786,4,-0.0861303121614024,-0.0014536761546228255,-0.005105695463703331,0.011813083107703869,0.00019937693008782902,-0.0005611436880057016,-9.470779544400027e-06,-0.35535735391921314,-0.005997592471210348,-0.0004158341460946887,-7.018297824382932e-06
20260928,sigmoid,artist_004497,2,0.002447221217590832,2.065165584464837e-05,-0.006549118017547521,0.001722691817229041,1.453748368969655e-05,0.06727674678995177,0.0005677362598308166,-0.09653343596772458,-0.0008146281516263678,0.0373228822309071,0.00031496103148444813
20260928,sigmoid,artist_004713,2,-0.0034764487174452556,-2.9337119978440974e-05,-0.006498703805334448,0.0006900974924073048,5.823607530863332e-06,-0.014394161932654423,-0.00012146972095067024,-9.65637771085914e-05,-8.148841950092102e-07,-0.00010516665242531263,-8.87482298947786e-07
20260928,sigmoid,artist_004820,4,-0.07909732041874946,-0.0013349758720464045,-0.005226433519371194,0.009419515792749817,0.0001589791694978872,-0.00987224908844654,-0.00016662023777968844,-0.3149892586044434,-0.005316274406826049,-0.0009472897748577651,-1.5988013077768188e-05
20260928,sigmoid,artist_005119,4,0.007761426020209288,0.00013099453198665465,-0.006717570797293232,0.0013386584593987633,2.2593391719810352e-05,-0.0004304059838455183,-7.264236014270351e-06,0.03433792238041952,0.0005795429937623548,-0.004200470775135609,-7.08940215212761e-05
20260928,sigmoid,artist_005393,3,-0.00920578517161371,-0.00011652892622295836,-0.006438166393904465,-0.0033712076546629556,-4.267351461598678e-05,-0.014256747053415258,-0.00018046515257487668,-0.0011001646404213163,-1.392613468887742e-05,-0.018095021337955312,-0.00022905090301209255
20260928,sigmoid,artist_005648,1,0.0008318557261822949,3.5099397729210754e-06,-0.006504153167011306,0.0009743269544094474,4.111084195820453e-06,-0.0006309192412053667,-2.662106502976231e-06,-0.00017370123086801585,-7.329165859409952e-07,0.003157716422393115,1.3323697984781075e-05
20260928,sigmoid,artist_005692,3,-0.004218648144311165,-5.3400609421660316e-05,-0.006502104048100651,0.0060215547690491535,7.622221226644498e-05,-0.016106073235625462,-0.00020387434475475268,-0.04625856850374401,-0.0005855515000473925,0.039468494393075655,0.000499601194849059
20260928,sigmoid,artist_006021,4,-0.0390203469232862,-0.0006585712560892186,-0.005914450231739661,0.010842442320434636,0.00018299480709594324,-0.010554807456448437,-0.00017814021023541667,-0.1536704872316027,-0.0025935947212084843,-0.002698535325528265,-4.554490000891587e-05
20260928,sigmoid,artist_007525,3,0.0025103601847725645,3.177671119965271e-05,-0.006588373385653007,0.006857555563241867,8.680450080052996e-05,0.04798050920337151,0.0006073482177641963,-0.017928382775260314,-0.00022694155411721916,-0.026868241252262805,-0.00034010431964889625
20260928,sigmoid,artist_007783,1,0.03288053031402344,0.00013873641482710312,-0.006639952635603853,0.011924353848414233,5.031372931820352e-05,0.07174358607084552,0.0003027155530415423,-0.00159418669396301,-6.7265261348650206e-06,0.049448368030796996,0.00020864290308353163
20260928,sigmoid,artist_007986,1,0.0012660021609345014,5.341781269765829e-06,-0.006505992770548392,-0.04757358371381837,-0.00020073242073341083,0.06928056140401773,0.000292323043898809,-0.002989201810879217,-1.2612665868688679e-05,-0.013653767235582134,-5.7610832217646134e-05
20260928,sigmoid,artist_008264,7,-0.05674720034873948,-0.001676077647431124,-0.0049431212575969975,-0.03357076318024902,-0.0009915415285305616,0.06348109716766225,0.001874969114656691,-0.2567208314791879,-0.007582471815840992,-0.00017830390318330155,-5.266360009633379e-06
20260928,sigmoid,artist_008274,1,-0.005662978460287417,-2.389442388306927e-05,-0.006476632683170332,0.009695899129821522,4.091096679249587e-05,-0.0011415019265106833,-4.816463824939592e-06,-0.02965258162839267,-0.00012511637817887202,-0.0015537294160678373,-6.555820320961339e-06
20260928,sigmoid,artist_336871,1,-0.07537170347737454,-0.00031802406530537783,-0.006181256729708098,0.010438357181219545,4.404370118658036e-05,0.06295013890342549,0.00026561240043639447,-0.37485569805418273,-0.001581669612042965,-1.9611939960491738e-05,-8.275080152106218e-08
20260928,sigmoid,artist_337114,5,-0.00398577192963284,-8.40880153930979e-05,-0.0065268078967255245,-0.007609629669181758,-0.00016054071032029025,-0.006828259249267635,-0.00014405610230522437,-0.00042347084738890705,-8.933984122128841e-06,-0.001081727952693058,-2.2821264824748055e-05
20260928,sigmoid,artist_337775,1,0.04399857694512333,0.00018564800398786216,-0.006687063002684786,0.013180736854099678,5.561492343501974e-05,-0.01351635492015476,-5.703103341837451e-05,0.17686781880323543,0.0007462777164693478,-0.0005378929566870296,-2.2695905345444287e-06
20260928,sigmoid,artist_337907,4,-0.054356226355892115,-0.0009174046642344661,-0.005651173331609088,0.0041022668806910256,6.923657182600887e-05,-0.011024116800335083,-0.0001860610430436301,-0.20914523343690564,-0.003529877357584905,-0.0013578220670187292,-2.29168281353372e-05
20260928,sigmoid,artist_338800,1,-0.008770506463501814,-3.7006356386083606e-05,-0.006463465191631289,0.0006548960110735893,2.763274308327381e-06,-0.0393130369031979,-0.00016587779284049748,-0.010977948295474927,-4.632045694293218e-05,0.01455406333359198,6.140954993076784e-05
20260928,sigmoid,artist_339248,1,-0.05063884386283308,-0.0002136660078600552,-0.0062860569823120875,-0.04989833865317972,-0.00021054151330455578,0.06539852162427684,0.00027594312921635795,-0.21785586313206617,-0.0009192230511901526,-0.00019969529036325412,-8.425961618702705e-07
20260928,sigmoid,artist_339517,2,0.011048771117679676,9.323857483273988e-05,-0.006622322697548278,-0.0014232956206211567,-1.2010933507351533e-05,0.06985524505582363,0.00058949573886771,-0.07094045369807575,-0.0005986536177052806,0.046703588733591976,0.00039412311167588167
20260928,sigmoid,artist_339613,1,0.058978143531901436,0.00024885292629494275,-0.006750535742459269,-0.017017735361408548,-7.180479055446645e-05,-0.02666434223747359,-0.00011250777315389701,0.28821082604331644,0.0012160794347819259,-0.00861617431682855,-3.635516589379135e-05
20260928,sigmoid,artist_339783,1,-0.005989123497098773,-2.5270563278897775e-05,-0.006475250712675369,0.0029952681920052695,1.2638262413524344e-05,-0.026998921126303407,-0.00011391949842322113,3.421994213859741e-05,1.4438794151306922e-07,1.2939003764452298e-05,5.4594952592625726e-08
20260928,sigmoid,artist_339831,1,0.04420579949025173,0.00018652236071836173,-0.006687941064316685,0.012431663316848543,5.245427559851706e-05,-0.009596846378080049,-4.049302269232088e-05,0.17443442827928224,0.0007360102459041444,-0.0004460472570438134,-1.8820559368937275e-06
20260928,sigmoid,artist_340121,6,0.04329943312932699,0.001096188180489291,-0.007765995196815791,-0.00020487861963608064,-5.186800497115966e-06,-0.004647040567098516,-0.00011764659663540546,0.18019442367913222,0.0045618841437755,-0.002144771975089647,-5.4298024685813846e-05
20260928,sigmoid,artist_341346,14,-0.00981833460016063,-0.0005799860101360709,-0.006263191064063843,0.004331251282566601,0.00025585450614317476,-0.014804819005067157,-0.0008745462703415199,-0.02690451819905836,-0.0015892964336996498,-0.0018952524790836012,-0.00011195584264628868
20260928,sigmoid,artist_342507,1,-0.05585818935945295,-0.0002356885626981137,-0.006263941111563699,0.0022574002945323747,9.52489575752057e-06,-0.0025169115795592822,-1.0619880082528617e-05,-0.2224403688695316,-0.0009385669572554077,-0.0007328772832532818,-3.0923092120391634e-06
20260928,sigmoid,artist_342552,1,-0.027545687485296656,-0.00011622652947382555,-0.006383909339844022,0.013376579926192997,5.644126551136286e-05,-0.0031108083158572575,-1.3125773484629779e-05,-0.2015007225172037,-0.0008502140190599312,0.08105220096568133,0.00034199240913789593
20260928,sigmoid,artist_342607,1,-0.018710970417730788,-7.894924226890628e-05,-0.006421344581655742,0.007086151939444953,2.989937527191963e-05,-0.014847211173000214,-6.264646064557053e-05,-0.06318064478207426,-0.00026658499908048213,-0.0039021776552936264,-1.6464884621492094e-05
20260928,sigmoid,artist_344950,1,-0.09699589710236528,-0.00040926538861757504,-0.006089628790619155,0.008925612749218739,3.766081328784278e-05,-0.0030547528939359903,-1.2889252717029494e-05,-0.40378640714814557,-0.0017037401145491373,0.009931958883401704,4.1906999508024064e-05
20260928,sigmoid,artist_345154,1,-0.08453482156569266,-0.0003566870108257074,-0.006142429958147429,0.01698978948945204,7.168687548292e-05,-0.009768665542498025,-4.121799806961192e-05,-0.34516925248418984,-0.0014564103480345562,-0.0001911577255347752,-8.0657268158133e-07
20260928,sigmoid,artist_346710,1,0.05718287382135181,0.00024127794861329878,-0.006742928667414567,-0.020010506184958865,-8.443251554834964e-05,-0.007747698644364174,-3.269071157959567e-05,0.25718506808131225,0.001085169063634229,-0.000695367966581993,-2.934042053088578e-06
20260928,sigmoid,artist_348102,4,-0.004281476269729228,-7.226120286462831e-05,-0.0065108256936033,0.0048198568479448246,8.134779490202236e-05,0.026850112571280824,0.0004531664568992544,-0.0009668858314208218,-1.6318748209634124e-05,-0.047828988666721736,-0.0008072403150501559
20260928,sigmoid,artist_348729,1,-0.09869894662936951,-0.0004164512516007152,-0.006082412479064052,0.01796572111094158,7.580473042591384e-05,-0.016148749357113152,-6.813818294140571e-05,-0.3958002572310944,-0.0016700432794560945,-0.0008125010402120763,-3.4282744312745835e-06
20260928,sigmoid,artist_352844,4,-0.010849097995138592,-0.00018310713915845725,-0.006398076822780822,0.005321962631034307,8.982215411028367e-05,-0.015563977545673994,-0.0002626831653278311,-0.0037846343069849343,-6.387568450607484e-05,-0.029369742758929746,-0.0004956918609102067
20260928,sigmoid,artist_353215,1,-0.005191415697575107,-2.190470758470509e-05,-0.00647863083046996,0.009595491832789415,4.048730731134774e-05,0.0675063854333312,0.00028483706933895024,-0.07134619287260346,-0.0003010387884919977,-0.026521347183817587,-0.00011190441849712062
20260928,sigmoid,artist_353905,1,-0.02413304538659719,-0.00010182719572403878,-0.006398369687719867,-0.0038495642766064597,-1.624288724306523e-05,0.07096558716379497,0.00029943285723120245,-0.14617107295149445,-0.0006167555820738162,-0.017477131482082825,-7.374317081047605e-05
20260928,sigmoid,artist_354858,2,-0.05953833800863144,-0.0005024332321403497,-0.0060215813432818,0.004286801208480722,3.617553762430989e-05,-0.013259291034418218,-0.00011189275134530141,-0.22831457501429903,-0.0019267052743822703,-0.0008662871942892191,-7.310440458136871e-06
20260928,sigmoid,artist_354940,1,0.012865512751056754,5.428486392850951e-05,-0.006555143239150605,0.0064450470799237505,2.719429147647152e-05,-0.028020038570525846,-0.00011822801084610061,0.1214240640742501,0.0005123378230981017,-0.048387021579420986,-0.00020416464801443454
20260928,sigmoid,artist_355745,2,-0.028537808696740406,-0.0002408253898459106,-0.006285415635297894,-0.003200000658473784,-2.7004224966023492e-05,-0.029812903953669135,-0.0002515856873727353,-0.07708024753877046,-0.0006504662239558689,-0.004058082636048246,-3.424542308901474e-05
20260928,sigmoid,artist_355870,1,-0.010884434592954132,-4.5925884358456256e-05,-0.006454507869048863,0.009148812917589844,3.860258615016812e-05,-0.005485847949745345,-2.3147037762638587e-05,-0.004126575802480005,-1.7411712246751076e-05,-0.04307412753718102,-0.00018174737357460344
20260928,sigmoid,artist_356417,1,0.05460427441958655,0.00023039778236112467,-0.006732002398763018,0.009731544489960248,4.1061369155950415e-05,-0.03969575899811961,-0.0001674926540005047,0.25580044667282664,0.001079326779210239,-0.007419134486321084,-3.1304364921186006e-05
20260928,sigmoid,artist_360341,1,-0.025090986366480383,-0.00010586914078683706,-0.00639431061577121,0.017702940112407015,7.469594984137981e-05,-0.006030334201694702,-2.5444448108416464e-05,-0.11015643247421021,-0.0004647950737308448,-0.0018801189024236352,-7.932991149466816e-06
20260928,sigmoid,artist_360462,1,-0.040212443818409965,-0.00016967275872746822,-0.006330236643517271,-0.009766262292286887,-4.120785777336239e-05,-0.024747303667839567,-0.00010441900281788846,-0.11921282892673035,-0.0005030077169904234,-0.007123380386783049,-3.0056457328198516e-05
20260928,sigmoid,artist_362679,1,-0.009174401764264263,-3.871055596735976e-05,-0.006461753770865345,0.013594548241941347,5.736096304616602e-05,-0.013519589045686023,-5.704467951766254e-05,-0.03356524438669896,-0.00014162550374134582,-0.003207321866613422,-1.3533003656596717e-05
20260928,sigmoid,artist_363229,1,0.05724930600951054,0.00024155825320468582,-0.006743210159737272,0.0068636669440149956,2.896062001694091e-05,-0.039406618395465026,-0.00016627265145765835,0.2669087597224355,0.0011261972984069008,-0.005368584232943308,-2.265225414744012e-05
20260928,sigmoid,artist_366162,1,0.03795577944675949,0.00016015096812978689,-0.006661457928539175,0.013924839509343104,5.875459708583588e-05,-0.013611909175646041,-5.7434215930995956e-05,0.15185130652768483,0.0006407228123531005,-0.00034111907434391197,-1.4393209887928775e-06
20260928,sigmoid,artist_367124,3,-0.06257582678889394,-0.0007920990732771385,-0.005753935091118821,0.010976667476451341,0.00013894515792976382,-0.03895931343845565,-0.0004931558663095651,-0.22129099334561206,-0.0028011518145014186,-0.0010296678479594051,-1.3033770227334243e-05
20260928,sigmoid,artist_368292,1,-0.006493182247934895,-2.7397393451202088e-05,-0.00647311487051081,0.0032273154532245496,1.3617364781538184e-05,0.06969145626405682,0.0002940567774854718,-0.04960078666901517,-0.00020928601970048594,-0.049290714040005776,-0.00020797769637133237
20260928,sigmoid,artist_371725,1,0.044346127860261514,0.00018711446354540724,-0.006688535676054015,0.01243274020240756,5.2458819419441187e-05,0.06167023823664086,0.000260211975682029,3.07271211991441e-05,1.296503004183295e-07,0.10325080588079849,0.00043565740877974046
20260928,sigmoid,artist_371757,3,0.0032469779899413492,4.110098721444746e-05,-0.006597817203667991,0.00117306951214448,1.4848981166385824e-05,-0.0009236030230773537,-1.1691177507308274e-05,2.8599734880384395e-05,3.6202196051119484e-07,0.012709845735817885,0.00016088412323820108
20260928,sigmoid,artist_372323,4,0.06426698684103346,0.0010846748833929698,-0.007687623343573475,0.003891816823548045,6.568467212739316e-05,-0.00173429643389447,-2.927082588851426e-05,0.2599254726618681,0.004386927808639124,-0.005015045687387788,-8.4642121306123e-05
20260928,sigmoid,artist_419285,3,-0.04649254053323071,-0.0005885131713067179,-0.0059601310687555295,-0.025404960221974235,-0.0003215817749616992,-0.020703859288588044,-0.00026207416820997524,-0.13161431372090857,-0.0016660039711507413,-0.008247028901452015,-0.0001043927709044559
20260928,sigmoid,artist_420796,4,0.05773104186658113,0.0009743635758072764,-0.0075754182796343794,-0.003950388453684374,-6.667322284699366e-05,-0.005927438656892374,-0.00010004115876611602,0.24264910168854611,0.004095343488414281,-0.001847107111644848,-3.1174803572064944e-05
20260928,sigmoid,artist_421623,3,-0.08589219343391341,-0.0010872429548596633,-0.005455007313618571,0.004586502469195181,5.805699328095166e-05,-0.0037164379079361737,-4.7043517821976884e-05,-0.3442643050562289,-0.004357776013369986,-0.00017453324068364526,-2.209281527641079e-06
20260928,sigmoid,artist_425618,1,0.06908267879597417,0.000291488096185545,-0.006793351569849407,0.013513107187577283,5.7017329905389384e-05,-0.001850437761748273,-7.807754268980055e-06,0.2667879987223887,0.001125687758322315,-0.0021199529643210003,-8.944949216544305e-06
20260928,sigmoid,artist_426890,1,0.003858986410977194,1.628264308429196e-05,-0.006516979991946878,-0.014331155494276326,-6.046901052437269e-05,-0.0010801875769229571,-4.557753489126402e-06,0.030899581343115805,0.0001303779803506996,-5.229262800774485e-05,-2.206440000326787e-07
20260928,sigmoid,artist_434498,1,0.027378087556881456,0.00011551935678009053,-0.006616637200192234,0.01386200642375364,5.8489478581238985e-05,0.07161904748644832,0.0003021900737824823,-0.008544373358000595,-3.605220826160589e-05,0.032575669675324465,0.0001374500830182467
20260928,sigmoid,artist_438848,1,-0.00894571732921208,-3.7745642739291476e-05,-0.006462722772708787,0.003020198972312186,1.2743455579376312e-05,-0.04297933957127498,-0.0001813474243513712,-0.044625619216722076,-0.00018829375196929146,0.04880189049883654,0.00020591514978412042
20260928,sigmoid,artist_439336,4,-0.011211293367890228,-0.00018922014123021481,-0.006391858876467489,0.011574997601110072,0.0001953586093014358,-0.012594982526610425,-0.00021257354475291855,-0.0018068645931367206,-3.04956049474552e-05,-0.04201832395292383,-0.0007091700245219212
20260928,sigmoid,artist_439398,4,-0.025777667995648096,-0.0004350661265088286,-0.006141792359252762,0.007547250522189357,0.0001273797556487655,-0.0016197580784321518,-2.7337689087462478e-05,-0.10236592828462814,-0.0017276949921456225,-0.006672236141721467,-0.00011261158045099522
20260928,sigmoid,artist_440452,1,0.011924517509399728,5.031441987088493e-05,-0.006551155971177482,0.005618517264100007,2.3706823899156147e-05,0.003899296945579764,1.645272972818466e-05,-0.01384152149398782,-5.840304427842962e-05,0.052021777321906965,0.00021950117013462854
20260928,sigmoid,artist_440884,3,-0.05953219961380143,-0.0007535721470101446,-0.005792955952337956,0.009342890946464873,0.00011826444236031486,-0.00928501281373889,-0.0001175318077688467,-0.2372073266268521,-0.003002624387681672,-0.000979349961079565,-1.2396834950374239e-05
20260928,sigmoid,artist_441841,4,0.05795417321306666,0.0009781295057057664,-0.007579248860689925,-0.002192011578686634,-3.6995976011588756e-05,-0.004348521775010972,-7.339277257402485e-05,0.24036837618225304,0.004056850230924102,-0.0020111499762887836,-3.394345951542251e-05
20260928,sigmoid,artist_452922,1,-0.019088966906818657,-8.05441641637918e-05,-0.006419742901617234,-0.006930137899695488,-2.9241088184369146e-05,-0.003528686029666997,-1.4888970589312223e-05,-0.0558984988351959,-0.0002358586448742443,-0.009998544862716242,-4.218795300724153e-05
20260928,sigmoid,artist_454470,4,-0.049964885923514876,-0.0008432892138989852,-0.0057265611501906705,0.014008203103081898,0.00023642536882838647,-0.012948473926595684,-0.00021853964433072884,-0.16935633927740115,-0.0028583348401249138,-0.03156293359314456,-0.0005327077399686846
20260928,sigmoid,artist_455072,4,0.0025926009993569718,4.3756978892100787e-05,-0.006628835603802205,0.005016901215335634,8.46734382335128e-05,0.04345969565179961,0.0007334969730261537,-0.006225112035485811,-0.0001050651820335158,-0.031881080834221545,-0.0005380773136577476
20260928,sigmoid,artist_456900,3,-0.05203492543663351,-0.0006586699422358672,-0.005889074852045236,-0.019190775657719383,-0.00024292121085720737,-0.01656092694904838,-0.00020963198669681494,-0.1610021916201655,-0.002038002425571715,-0.011385807519600733,-0.0001441241458177308
20260928,sigmoid,artist_457786,4,-0.0004922084531549286,-8.307315665062086e-06,-0.006575877501613159,0.0016945958512491867,2.860077386074577e-05,0.0015502664808436512,2.616483511972407e-05,0.025652697813044002,0.0004329569251146667,-0.03086639395775655,-0.0005209517967553848
20260928,sigmoid,artist_457998,3,-0.030046558388507293,-0.0003803361821330037,-0.00617097699368788,0.0036214574443406977,4.584123347266706e-05,-0.01705484310479465,-0.00021588408993410946,-0.09893074744340202,-0.0012522879423215445,-0.007822100450173194,-9.901392974902778e-05
20260928,sigmoid,artist_458979,1,0.009620632645812597,4.059338669119239e-05,-0.006541393747179231,0.013515768504621245,5.702855909122888e-05,-0.0006567420829228912,-2.771063641024857e-06,0.027101668789984434,0.00011435303286913264,-0.0014781646284324024,-6.236981554567098e-06
20260928,sigmoid,artist_461498,4,-0.009252619098111158,-0.00015616234764744572,-0.00642548418581992,0.009964289521599553,0.0001681736628118068,-0.03131461241472986,-0.0005285166652275082,-0.005257171440408003,-8.872863190562031e-05,-0.010402982058906324,-0.00017557775626846116
20260928,sigmoid,artist_463410,4,0.04289770008487004,0.0007240118157783973,-0.007320768635313159,-0.0034372552999628377,-5.801274767869768e-05,0.06770094638887614,0.0011426320065633104,-0.002407142842435311,-4.062688341662972e-05,0.10973425209300217,0.0018520548876456062
20260928,sigmoid,artist_467520,4,-0.009249312380569802,-0.00015610653806868866,-0.006425540953503033,0.012789139816278525,0.0002158504610342367,-0.015506488172880886,-0.00026171288055495164,-0.02818038655252922,-0.0004756183384393117,-0.0060995146131476285,-0.00010294539431472791
20260928,sigmoid,artist_470555,2,0.018970020648663245,0.00016008456243597676,-0.00668973758717367,0.011762924134148978,9.926518256665805e-05,0.06052224120114938,0.0005107362126679272,-0.011172217952992131,-9.428032027841461e-05,0.014767135212346755,0.00012461717478773633
20260928,sigmoid,artist_477635,2,0.010743525312346933,9.06626608636872e-05,-0.006619724860907147,0.00504767183092524,4.259638675886279e-05,-0.0435700589258603,-0.00036767982215915867,2.590876130589407e-05,2.1863933591471787e-07,0.0814705795830169,0.00068751543951913
20260928,sigmoid,artist_477775,8,0.010111361915656272,0.00034131179462130876,-0.007052572869055616,0.014437207633270473,0.0004873319032327586,0.05536758939702037,0.0018689481653002657,-0.008000099405863877,-0.0002700455495650254,-0.021359249961801878,-0.0007209873404827638
20260928,sigmoid,artist_479547,2,0.001685475977774418,1.4223425972779898e-05,-0.0065426350793363185,0.004703100588491313,3.9688612561108124e-05,-0.006263548253704695,-5.285694728864722e-05,-0.0004709420008727629,-3.974194100192092e-06,0.008773293577183816,7.403623271885076e-05
20260928,sigmoid,artist_487143,6,0.0597533989782495,0.0015127442779303672,-0.008193370933151442,0.011096032897805572,0.00028091222526090056,-0.004341919169944953,-0.00010992200430240387,0.23630565907876985,0.005982421748829616,-0.004046176893632413,-0.00010243485806664338
20260928,sigmoid,artist_487713,1,-0.002870083557372167,-1.211005720410197e-05,-0.006488466983606414,0.01683101687982483,7.101694886002037e-05,-0.007798089480936812,-3.2903331143193304e-05,-0.011860028035298125,-5.004231238522416e-05,-0.008653233593078558,-3.651153414801079e-05
20260928,sigmoid,artist_489225,3,-0.011517320070655458,-0.00014578886165386655,-0.0064085313310962375,0.004758123926679268,6.0229416793408464e-05,-0.026125965265111933,-0.00033070842107736626,-0.011150449815114831,-0.00014114493436854218,-0.013550989129074336,-0.00017153150796296628
20260928,sigmoid,artist_490298,2,0.022199178975348018,0.00018733484367382293,-0.006717219785698647,0.01268112049771639,0.00010701367508621425,-0.016136828341561858,-0.0001361757665954587,0.0029689811257435222,2.5054693044249133e-05,0.089283442619494,0.0007534467731602869
20260928,sigmoid,artist_492663,1,0.0008328574799852605,3.5141665822162893e-06,-0.006504157411730809,0.01192097227413233,5.0299461072288314e-05,-6.905557869638302e-05,-2.9137374977376803e-07,-0.008418457217533728,-3.5520916529678174e-05,-0.00010202955796117743,-4.305044639712128e-07
20260928,sigmoid,artist_494944,3,0.010024378338276052,0.000126890865041469,-0.006684706951723565,0.009613431286694262,0.00012168900362904129,0.06896590091417198,0.0008729860875211643,-0.009713799587182706,-0.00012295948844535072,-0.028768019260579328,-0.00036415214253897885
20260928,temperature,artist_000357,1,-0.007823814474250183,-3.301187541877714e-05,0.0014951230216607959,0.0036250888643077953,1.5295733604674243e-05,-0.017612775147432078,-7.43155069511902e-05,0.002713206638795436,1.1448129277617873e-05,-0.020020778252671886,-8.447585760621049e-05
20260928,temperature,artist_000905,1,0.032538024151486294,0.0001372912411455118,0.0013240982817212343,0.010254056099661103,4.326605949224094e-05,0.057365136046973686,0.00024204698753997335,0.006093495535112445,2.5710951624947025e-05,0.056439408924197965,0.00023814096592488591
20260928,temperature,artist_001025,3,0.0010370993890771046,1.3127840368064616e-05,0.0014611706003011381,0.014029997877282938,0.00017759490983902454,-0.009602179299195487,-0.0001215465734075378,0.002199211035578063,2.7838114374405864e-05,-0.0024786320573570958,-3.137508933363412e-05
20260928,temperature,artist_001365,4,-0.005158300308489432,-8.705992081838704e-05,0.0015693494415092504,-0.011763328874608868,-0.00019853719619593026,-0.0038705243516410567,-6.532530551292923e-05,-0.0025357555357294562,-4.2797561784463394e-05,-0.0024635924719783476,-4.157961978022527e-05
20260928,temperature,artist_001585,3,-0.0031052942147963398,-3.930752170628278e-05,0.001514278210607208,0.00954249361193543,0.0001207910583789295,-0.015251512047725997,-0.00019305711452817718,0.0041913960190555445,5.305564581082967e-05,-0.010903554442450336,-0.0001380196764867131
20260928,temperature,artist_001665,1,-0.0011073259880417588,-4.6722615529188135e-06,0.0014666633246853363,0.010140431963333058,4.2786632756679565e-05,-0.017579533026064742,-7.417524483571621e-05,0.006364384860974348,2.68539445610732e-05,-0.0033545877504096992,-1.4154378693711811e-05
20260928,temperature,artist_002831,5,0.022499247898223544,0.0004746676771777119,0.0010022800825283617,-0.00012669488579131056,-2.6728878858926277e-06,0.0425537694393333,0.0008977588489310822,0.0060549841464000165,0.0001277422815696206,0.04151493289295218,0.0008758424660960376
20260928,temperature,artist_002986,1,-0.0005647383973960437,-2.3828624362702266e-06,0.0014643642247249733,0.004149249551903705,1.750738207554306e-05,-0.012313085658754708,-5.1953947927235054e-05,0.006085670365537664,2.5677934031804488e-05,-0.00018078784827083407,-7.628179251933927e-07
20260928,temperature,artist_003177,3,-0.003191461499262998,-4.03982468261139e-05,0.0015153829193824213,-0.01037455563273626,-0.00013132348902197797,0.0038055510029266423,4.817153168261572e-05,-0.000911123024921013,-1.153320284710143e-05,-0.0052857183423213605,-6.690782711799191e-05
20260928,temperature,artist_003471,4,0.0051961797814894725,8.769923681838772e-05,0.0013915901266598272,-0.029937534970782637,-0.000505274851827555,0.04415851460453703,0.0007452913857305827,0.000566580205901277,9.56253512069666e-06,0.005997159286302223,0.00010121787824982656
20260928,temperature,artist_003786,4,-0.0020690124099168507,-3.492004067370212e-05,0.0015163144561260301,0.013105471637063958,0.00022118939471837902,-0.0006795918096126264,-1.1469903959706774e-05,-0.02027443333326287,-0.00034218452883144087,-0.0004274961338558641,-7.2151246220399e-06
20260928,temperature,artist_004497,2,0.02091305871482813,0.00017648150814200951,0.0012902089413108144,0.0017716874388807194,1.4950948851314088e-05,0.04454785198559638,0.0003759312403847796,0.006582260829056566,5.55465048865533e-05,0.030750434605778844,0.0002594973384453911
20260928,temperature,artist_004713,2,-0.003246946488465404,-2.740039230772493e-05,0.0014958260068707594,0.0007049678101979242,5.949095444708221e-06,-0.012039479737783052,-0.00010159898512897091,0.00034228648080491023,2.888493508902196e-06,-0.0019955605070814,-1.684017305553924e-05
20260928,temperature,artist_004820,4,-0.004449273705459369,-7.509322709636066e-05,0.0015571773109851294,0.007760445447111527,0.00013097798222973042,-0.00910373091473276,-0.00015364946691532084,-0.01550675945106575,-0.00026171745908971727,-0.0009470499031504967,-1.5983964610134965e-05
20260928,temperature,artist_005119,4,0.0009193524683427552,1.5516497355995867e-05,0.0014650120547825178,0.0006098479448588484,1.02927923182928e-05,-0.0005262029058959942,-8.881061702885978e-06,0.007162752274692513,0.0001208903337500846,-0.0035689874402843463,-6.023607494150795e-05
20260928,temperature,artist_005393,3,-0.0060919143957211775,-7.71128404521668e-05,0.001552568212926757,-0.0004124977289543796,-5.221490239928855e-06,-0.012605529743095806,-0.00015956366763412414,0.0011473202661696942,1.452304134392018e-05,-0.01249695037700422,-0.00015818924527853442
20260928,temperature,artist_005648,1,-0.0020852265132997234,-8.798424106749888e-06,0.0014708069709788024,0.0009971300269106765,4.20729969160623e-06,-0.0007665132728269349,-3.23423321867905e-06,0.0004943376163429878,2.0858127271856024e-06,-0.009065860423625623,-3.8252575627112334e-05
20260928,temperature,artist_005692,3,-0.0010108909842920274,-1.279608840875984e-05,0.001487426887139204,0.006406464702313871,8.109448990270722e-05,-0.014018656803251235,-0.00017745135193988906,0.0033811345350145544,4.2799171329298155e-05,0.00018749362875470263,2.373337072844337e-06
20260928,temperature,artist_006021,4,-0.0012336686122827757,-2.0821411177768367e-05,0.0015019737900722264,0.009397365858230096,0.00015860533094059234,-0.009488143947945785,-0.0001601374505982411,-0.0024087988204460915,-4.065483241259226e-05,-0.0024350975389693216,-4.109869264083243e-05
20260928,temperature,artist_007525,3,0.016577554820031565,0.00020984246607634892,0.0012619339922119782,0.00831236731327277,0.00010521983940851608,0.018247357183006508,0.00023097920484818366,0.003160507242354941,4.000642078930305e-05,0.03658998754149204,0.0004631643992593929
20260928,temperature,artist_007783,1,0.01107578937879032,4.673328851810261e-05,0.0014150399544868954,0.012808995805906054,5.404639580551077e-05,0.04767038064283202,0.00020114084659422795,0.0015048569374594939,6.3496073310527165e-06,-0.01768107587103629,-7.460369565838096e-05
20260928,temperature,artist_007986,1,0.00029865723757326913,1.260157120562317e-06,0.0014607057686445947,-0.05095922022759747,-0.00021501780686749986,0.06093491016089558,0.00025710932557339907,0.0021500499748328614,9.071940822079583e-06,-0.0109311109578379,-4.6122831045729537e-05
20260928,temperature,artist_008264,7,0.0012124195128948914,3.580985903065081e-05,0.0014632099219453628,-0.03602374383202516,-0.0010639924338572831,0.05364363394782268,0.0015844111292605855,-0.012586771210012464,-0.0003717611749792711,-0.00018344085420548715,-5.418084301427891e-06
20260928,temperature,artist_008274,1,0.002444406312359782,1.031395068506237e-05,0.0014516136115480418,0.005960184516285272,2.51484578746214e-05,-0.001364068619423761,-5.755563795036966e-06,0.006724229543924022,2.8372276556641444e-05,-0.001542720191346404,-6.5093678959763884e-06
20260928,temperature,artist_336871,1,0.0026644690166172016,1.1242485302182285e-05,0.0014506811424622051,0.011109734105033044,4.687651521110989e-05,0.022277187784646046,9.399657293099598e-05,-0.02270808168691063,-9.581469066207017e-05,-2.096413629965697e-05,-8.845627130656949e-08
20260928,temperature,artist_337114,5,-0.0032106993517201387,-6.77362732430409e-05,0.0015563737732599066,-0.006620859603003082,-0.00013968058234183718,-0.006896679929265337,-0.00014549957656677926,0.0017403515932992962,3.67162783396476e-05,-0.0010656094679114283,-2.248121240319469e-05
20260928,temperature,artist_337775,1,0.00047476855020808925,2.0032428278822333e-06,0.0014599595342690234,0.00968950515741876,4.0883988005986325e-05,-0.012516628634782187,-5.281277904971387e-05,0.005280010435670033,2.2278525045021236e-05,-0.0005538127574742487,-2.336762689764762e-06
20260928,temperature,artist_337907,4,-0.0027875792992038055,-4.70477518852963e-05,0.0015286503683884672,0.004439999078546626,7.493669330880382e-05,-0.00989668640011315,-0.00016703268185844978,-0.004396206929663332,-7.419758531077354e-05,-0.0012974229455853675,-2.1897433680765697e-05
20260928,temperature,artist_338800,1,-0.005924787444427407,-2.4999103141043912e-05,0.001487076296958157,0.0006684247477971433,2.8203575856419547e-06,-0.011443041587701541,-4.828287589747486e-05,0.0043792810943862025,1.8477979301207604e-05,-0.01730381403219143,-7.301187355355035e-05
20260928,temperature,artist_339248,1,0.0013869358112145668,5.852049836348383e-06,0.0014560944187562842,-0.05304996399971207,-0.0002238395105473083,0.06260009509050324,0.00026413542232279845,-0.0037927535930372125,-1.6003179717456593e-05,-0.00020963425289569017,-8.845327126400429e-07
20260928,temperature,artist_339517,2,0.0158696802355197,0.0001339213521984785,0.0013331313113474819,-0.0055518036680028415,-4.685066386500288e-05,0.060006080906483794,0.0005063804295905805,0.002510556650575313,2.118613207236551e-05,0.006513887053022537,5.496951099597078e-05
20260928,temperature,artist_339613,1,-0.01224923543078477,-5.168453768263616e-05,0.0015138748053749255,-0.021288716633343308,-8.982580857950763e-05,-0.01777277023262472,-7.499059169883847e-05,-0.00248315027026913,-1.0477427300713628e-05,-0.00745230458690192,-3.144432315148489e-05
20260928,temperature,artist_339783,1,-0.004342002145290881,-1.832068415734549e-05,0.0014803695795889344,0.0030969445038044265,1.306727638736045e-05,-0.017794625225780583,-7.508280685983369e-05,5.9583483615351015e-05,2.5140710386224055e-07,-0.00272991134280272,-1.151861326077097e-05
20260928,temperature,artist_339831,1,-0.004794214662536475,-2.0228753850364873e-05,0.001482285734323026,0.013410200263740783,5.658312347569951e-05,-0.009593720748771725,-4.047983438300306e-05,-0.022532015958343754,-9.507179729258968e-05,-0.0004613222067712028,-1.9465072015662564e-06
20260928,temperature,artist_340121,6,-0.001929432972622362,-4.884640437018638e-05,0.0015437308072442936,-0.0017496174879109625,-4.429411361799905e-05,-0.004844793340543786,-0.00012265299596313383,0.0008557003842646072,2.1663300867458408e-05,-0.0019790214462993066,-5.0101808767071056e-05
20260928,temperature,artist_341346,14,-0.0013822228615712575,-8.165029562024305e-05,0.0016339746130031177,0.00458554379516325,0.000270876004777576,-0.011789192257087789,-0.0006964079814313463,0.003456631969374594,0.00020418923025841484,-0.0017818749537350854,-0.00010525843608561686
20260928,temperature,artist_342507,1,-0.001463807245567962,-6.176401880033595e-06,0.0014681738384884134,0.0020909056713153684,8.822386798799022e-06,-0.0029014496731011785,-1.2242403683971217e-05,-0.00429651222967431,-1.812874358512367e-05,-0.0007481727508117281,-3.156847049838515e-06
20260928,temperature,artist_342552,1,0.019301885766675173,8.144255597753237e-05,0.0013801836138602646,0.015389765594141847,6.493571980650569e-05,-0.00353757844165103,-1.492649131498325e-05,-0.002039977471441079,-8.607499879498223e-06,0.06739533338565096,0.00028436849529810533
20260928,temperature,artist_342607,1,-0.000732724633337124,-3.091665119565924e-06,0.0014650760308094694,0.006506398620422484,2.745315873595985e-05,-0.013381418442905132,-5.646168119369254e-05,0.007610335230494536,3.21111191160107e-05,-0.0036662139413603844,-1.5469257136541708e-05
20260928,temperature,artist_344950,1,-0.002385263536164242,-1.0064403106178236e-05,0.001472078314296025,0.00943277325450563,3.980073103166933e-05,-0.003478193636133839,-1.4675922515332653e-05,-0.026541987961410607,-0.00011199151038569876,0.011046354198381847,4.660908944464914e-05
20260928,temperature,artist_345154,1,-0.004071781382593033,-1.71805121628398e-05,0.0014792245763571637,0.015043251473541297,6.347363490945695e-05,-0.009733394478151308,-4.106917501329666e-05,-0.021396182932245544,-9.027925287867318e-05,-0.00020079959351657273,-8.472556688462985e-07
20260928,temperature,artist_346710,1,-0.004097830338218437,-1.7290423368010282e-05,0.00147933495328778,-0.015253887416278145,-6.436239416151116e-05,-0.008024045343502227,-3.3856731407182394e-05,0.00759759137516218,3.205734757452397e-05,-0.0007109799682555556,-2.9999154778715427e-06
20260928,temperature,artist_348102,4,-0.004332949039701578,-7.312994159833887e-05,0.0015551803210150383,0.005071506484854677,8.559504615788484e-05,-0.010775151201570667,-0.0001818590920096315,0.0010311595894767361,1.7403537375134787e-05,-0.012659311031567057,-0.0002136592579167436
20260928,temperature,artist_348729,1,-0.006171748864641603,-2.604113444996457e-05,0.00148812274365398,0.01560799795359838,6.585653144978219e-05,-0.014162216231407593,-5.975618663041178e-05,-0.025305943152370447,-0.00010677613144460105,-0.0008268340283867498,-3.4887511746276362e-06
20260928,temperature,artist_352844,4,-0.003739049259563935,-6.310631661711282e-05,0.001544984616634993,0.006549610091078654,0.00011054194246546252,-0.011617051882589841,-0.00019606838620404794,-0.0010662676087896585,-1.799607778547947e-05,-0.00882248763795489,-0.00014890274494438633
20260928,temperature,artist_353215,1,0.015580075251852466,6.573871414283741e-05,0.0013959539973976492,0.010170622869941394,4.291402054827593e-05,0.062094957845861276,0.0002620040415437185,0.0074889187100529025,3.1598813122586086e-05,-0.0174341984184457,-7.35620186432308e-05
20260928,temperature,artist_353905,1,0.012137521341192583,5.121317021600246e-05,0.0014105410902394283,0.0001011098698686097,4.266239234962435e-07,0.05844516058674287,0.0002466040531086197,0.003220337863714118,1.3587923475586994e-05,-0.013216522955555265,-5.57659196436931e-05
20260928,temperature,artist_354858,2,-0.003390325157079906,-2.861033887831144e-05,0.0014970462508589679,0.0044746834162434496,3.776104148728649e-05,-0.012059454862885285,-0.00010176755158552983,-0.0051125685472844795,-4.314403837370869e-05,-0.0008639606343933101,-7.290807041293756e-06
20260928,temperature,artist_354940,1,-0.014304343997392714,-6.035588184553888e-05,0.0015225828925215694,0.006747098091711534,2.846876831945795e-05,-0.0178179322822984,-7.51811488704574e-05,-0.026339758923171752,-0.00011113822330452216,-0.019806782875812237,-8.357292352663392e-05
20260928,temperature,artist_355745,2,-0.00564483056582705,-4.763570097744346e-05,0.0015162335309334117,-0.0073695969633095215,-6.219069167349807e-05,-0.017324974520952406,-0.00014620231663250977,0.0059016211693585716,4.980271028994575e-05,-0.0037863719484048436,-3.195250589371176e-05
20260928,temperature,artist_355870,1,-0.0035272548115683026,-1.4882931694381024e-05,0.0014769172603782456,0.009677889967388002,4.083497876535022e-05,-0.005936905398226662,-2.5050233747791823e-05,0.0025807802737935403,1.08893682438546e-05,-0.02043078408922809,-8.620584003893708e-05
20260928,temperature,artist_356417,1,-0.003841964073041761,-1.621081887359393e-05,0.0014782507741980483,0.012476361051200063,5.264287363375554e-05,-0.010852081120870494,-4.578937181801896e-05,-0.010449113061117066,-4.4089084646063566e-05,-0.006543023161379546,-2.760769266404872e-05
20260928,temperature,artist_360341,1,0.0032607526361387814,1.3758449941513846e-05,0.0014481545169557578,0.015511292957046924,6.544849348964947e-05,-0.006456426380522543,-2.7242305403048704e-05,0.005838019775268322,2.4632994832355787e-05,-0.0018498758072375786,-7.805383152901175e-06
20260928,temperature,artist_360462,1,-0.006012201888920799,-2.536794045958143e-05,0.0014874466971466884,-0.00547364218594476,-2.309553664955595e-05,-0.017520985947746183,-7.39282107499839e-05,0.005258994412054102,2.2189849839890728e-05,-0.006313173834046354,-2.6637864278676597e-05
20260928,temperature,artist_362679,1,0.0015772980420862006,6.655266000363716e-06,0.0014552877991339467,0.014900583596273158,6.287166074376859e-05,-0.012518810133273935,-5.282198368470015e-05,0.0069847770706939274,2.947163320967902e-05,-0.0030573583653483475,-1.2900246267292605e-05
20260928,temperature,artist_363229,1,-0.004273572910377226,-1.8031953208342723e-05,0.001480079625203707,0.007196104092809567,3.036330840847919e-05,-0.011302829814703985,-4.7691265040945084e-05,-0.00808247343665941,-3.4103263445820296e-05,-0.004905092482955075,-2.0696592755084704e-05
20260928,temperature,artist_366162,1,0.0017421832382784476,7.350984127757163e-06,0.0014545891330483864,0.015549194183727869,6.560841427733277e-05,-0.012580919296105737,-5.30840476628934e-05,0.0043552793842455695,1.8376706262639533e-05,-0.0003548213187539114,-1.4971363660502591e-06
20260928,temperature,artist_367124,3,-0.00019269144839155396,-2.4391322581209364e-06,0.0014769371494994543,0.011825524411790828,0.000149690182427732,-0.003287298983855727,-4.161137954247756e-05,-0.008293410646305807,-0.00010497988159880767,-0.0010155805751955096,-1.28554503189305e-05
20260928,temperature,artist_368292,1,0.008286704452583431,3.496499769022545e-05,0.0014268581109538737,0.006659849838406201,2.810063222956203e-05,0.0385248336729746,0.00016255204081423881,0.007566637337317092,3.192673981990334e-05,-0.01960450303836417,-8.27194221028024e-05
20260928,temperature,artist_371725,1,0.02522989151358695,0.00010645523845395338,0.001355064945441147,0.013411494214041787,5.6588583181610914e-05,0.062230700767145986,0.000262576796485848,0.000143297117089285,6.046291860307384e-07,0.025134073956070757,0.00010605094496232387
20260928,temperature,artist_371757,3,-0.004005110352197268,-5.069759939490212e-05,0.001525814314932861,0.0012032516285494237,1.5231033272777515e-05,-0.0011034106802981422,-1.3967223801242307e-05,5.040002791413594e-05,6.379750368877968e-07,-0.016170682384954487,-0.00020469218208803147
20260928,temperature,artist_372323,4,-8.239436113011839e-05,-1.3906221287783694e-06,0.0014822094252455711,0.00604976735097911,0.00010210577807559679,-0.0020129505896641885,-3.397384961458546e-05,1.5861470044415543e-05,2.6770413577072646e-07,-0.00438225567587981,-7.396212111189553e-05
20260928,temperature,artist_419285,3,-0.012799908466665665,-0.0001620241578058945,0.0016385681369132249,-0.02432077713340722,-0.0003078579383975598,-0.01335985246017377,-0.00016911205645789583,-0.007435639749112708,-9.412202214066719e-05,-0.006083364523968966,-7.700461422745527e-05
20260928,temperature,artist_420796,4,-0.0015042130018050942,-2.5387561211900322e-05,0.0015066183289481458,-0.00021240167788936365,-3.584838445390104e-06,-0.006257446932896603,-0.00010561091869867684,0.0021809848105120255,3.6809870219612244e-05,-0.0017279882069464348,-2.916435792314658e-05
20260928,temperature,artist_421623,3,-0.004616332321679468,-5.843458635037301e-05,0.0015336504940287865,0.004794040902038625,6.068406205112183e-05,-0.004168020127489053,-5.275974844922852e-05,-0.018908008054043895,-0.00023934187410182143,-0.00018334200722355083,-2.3207849015639347e-06
20260928,temperature,artist_425618,1,0.0006084123597661828,2.5671407585071e-06,0.0014593932469403876,0.014784532332981978,6.238199296616868e-05,-0.002168416643699096,-9.14943731518606e-06,-0.008109649371943806,-3.421792983942534e-05,-0.0020728168782743446,-8.74606277752888e-06
20260928,temperature,artist_426890,1,-0.0026558473035852544,-1.1206106766182508e-05,0.0014732248556834021,-0.009814284507948745,-4.1410483155901875e-05,-0.0012931833184430946,-5.456469698072129e-06,0.0005397296796341739,2.2773404203973583e-06,-5.5651067583352414e-05,-2.3481463115338572e-07
20260928,temperature,artist_434498,1,0.013855117996345565,5.846041348669015e-05,0.0014032631383108138,0.015607644591349737,6.585504046983011e-05,0.05640440709715988,0.00023799327889096995,0.00384706999250352,1.6232362837567595e-05,-0.020438649695630876,-8.623902825160707e-05
20260928,temperature,artist_438848,1,0.01977158430923746,8.342440636809055e-05,0.00137819336579856,0.0031230310366885945,1.3177346146365378e-05,0.02144946929819097,9.050408986578468e-05,0.007457561166460944,3.146650281207149e-05,0.04705627573560933,0.00019854968664814065
20260928,temperature,artist_439336,4,0.0002817316204336488,4.7549640579518784e-06,0.001475958335433318,0.013831278786566738,0.00023343930441462849,-0.011389732252224748,-0.00019223176797003794,0.0014707299504848831,2.4822446421685792e-05,-0.002785350003092279,-4.701012663446884e-05
20260928,temperature,artist_439398,4,0.0008742045599160232,1.4754507340354823e-05,0.0014657871261718179,0.008882491347283791,0.00014991546577694162,-0.0018511138523518622,-3.1242427887795146e-05,0.0020810605956511317,3.512338558060982e-05,-0.0056156198509189695,-9.477839410833704e-05
20260928,temperature,artist_440452,1,-0.004553601377833719,-1.9213507923349028e-05,0.0014812661865064888,0.005864770753516625,2.4745868158297995e-05,-0.01212817225618439,-5.117372259993413e-05,0.00490902509108956,2.0713186038352576e-05,-0.016860029099756674,-7.113936329011255e-05
20260928,temperature,artist_440884,3,-0.0016615970164674733,-2.103287362617055e-05,0.0014957692721670943,0.010055898989059217,0.00012728986062100276,-0.008554694414034274,-0.00010828727106372499,-0.0071771212309012416,-9.084963583419294e-05,-0.0009704714099935952,-1.2284448227767028e-05
20260928,temperature,artist_441841,4,-0.0013045637906479468,-2.2017954272539186e-05,0.0015031908746793536,-0.004371604729979162,-7.378235831188459e-05,-0.004410480139985169,-7.443848337527711e-05,0.005480144442976418,9.249188933293532e-05,-0.001916314735603874,-3.234286473593036e-05
20260928,temperature,artist_452922,1,-0.001900480724293315,-8.018906009676435e-06,0.0014700241498389448,-0.00279331850458181,-1.1786154027771349e-05,-0.003976094139760744,-1.6776768522197232e-05,0.007629223574077498,3.219081676825949e-05,-0.008461733826908204,-3.5703518256996644e-05
20260928,temperature,artist_454470,4,-0.002595006886331953,-4.379758457944225e-05,0.0015253444042189932,0.010840739120949239,0.0001829660611130673,-0.011247844854154948,-0.00018983704395198224,-0.0009456786411609179,-1.5960820947863593e-05,-0.009027243170961187,-0.0001523585345309905
20260928,temperature,artist_455072,4,0.006362656213861685,0.00010738660276559806,0.0013715647801813343,0.005961224721750894,0.00010061138770887584,0.03432811133767695,0.0005793774065430709,0.001914980082366776,3.2320338942899174e-05,-0.016753691286347884,-0.00028276272213245376
20260928,temperature,artist_456900,3,-0.008814670135574942,-0.00011157810298196128,0.0015874753377966772,-0.01521678916741305,-0.00019261758439763355,-0.008215402893424097,-0.00010399244168891261,-0.003247261769822332,-4.110457936483965e-05,-0.008579226711640285,-0.00010859780647645932
20260928,temperature,artist_457786,4,-0.0031824616106641175,-5.371243224749565e-05,0.0015354294638641806,0.0017473414920655041,2.9490995646675177e-05,0.006083943309729729,0.00010268258750598699,-0.003565298811301759,-6.0173819600029685e-05,-0.016995832433149945,-0.00028684949254261514
20260928,temperature,artist_457998,3,-0.004837894694418088,-6.12391733470644e-05,0.0015364910372690252,0.0033340741842379945,4.220347068655689e-05,-0.014478427757146792,-0.00018327123743223787,-0.0021834437257420604,-2.763852817395013e-05,-0.006023781479021496,-7.625039846862653e-05
20260928,temperature,artist_458979,1,-0.002161878883461903,-9.121851828953177e-06,0.0014711317691574557,0.014788265106277787,6.239774306446324e-05,-0.000797155986346677,-3.3635273685513797e-06,-0.02116766858269281,-8.931505731094013e-05,-0.0014709560710859106,-6.2065657007844335e-06
20260928,temperature,artist_461498,4,-0.0007276989706656644,-1.2281839167352987e-05,0.0014932876159672115,0.010652839203897837,0.00017979475449616603,-0.007741928432120496,-0.00013066545876996619,0.0025959851529261065,4.3814095408035555e-05,-0.008417691807366106,-0.00014207074780364735
20260928,temperature,artist_463410,4,0.02633475876104037,0.00044446850229604,0.001028696066925048,-0.0005817896937889162,-9.819235338209556e-06,0.044558764164976936,0.0007520466525734504,0.001569292838988369,2.648595508841129e-05,0.05979276773398509,0.001009160636860508
20260928,temperature,artist_467520,4,0.0005796075334255225,9.782405627434978e-06,0.0014708445858540582,0.014138731373571184,0.00023862837761301576,-0.012878734988094224,-0.0002173626158328139,0.006467565938862344,0.00010915723103565138,-0.005409132190637215,-9.129337030611334e-05
20260928,temperature,artist_470555,2,0.013641789489466644,0.00011512058640900121,0.0013520920836543164,0.008884161301648714,7.49718253303689e-05,0.022359593616333467,0.00018868855372433305,0.004397530565566186,3.71099625786176e-05,0.01892587247431821,0.00015971200400268531
20260928,temperature,artist_477635,2,0.006109112759010686,5.1553694168866546e-05,0.0014161999707220266,0.005259289627465816,4.4382190949078614e-05,0.01677796141312521,0.00014158617226266,0.0001590808506096945,1.3424544355248481e-06,0.002240119144842026,1.890395902820275e-05
20260928,temperature,artist_477775,8,0.01566821336072963,0.000528884839180747,0.0009592991779557231,0.01175081409432066,0.00039665195255090836,0.05022266668579606,0.001695279888128137,-0.00031295026541878265,-1.056372203945258e-05,0.0010123229282205859,3.4171238083395306e-05
20260928,temperature,artist_479547,2,-0.0030552417460470334,-2.5782630768329395e-05,0.00149419447714805,0.0049057504521276005,4.139873799263798e-05,-0.00667471459594047,-5.6326705450974427e-05,0.0006473510405742171,5.462877979529258e-06,-0.011099353880949481,-9.366543359451039e-05
20260928,temperature,artist_487143,6,-0.0007479090008174384,-1.8934405083985783e-05,0.0015130418729116981,0.007751647562516599,0.00019624424208902782,-0.004687945119857353,-0.00011868215493309755,-0.002672506930073261,-6.765840329299394e-05,-0.0033828315158557372,-8.564130419887943e-05
20260928,temperature,artist_487713,1,0.0009826083107920124,4.146026627814398e-06,0.0014578076708767187,0.01492648447426699,6.298094714880586e-05,-0.008068436289689722,-3.4044034977593766e-05,0.00455231194168049,1.9208067264474643e-05,-0.0074799268830897095,-3.1560872924429154e-05
20260928,temperature,artist_489225,3,-0.003164423329272267,-4.005599150977553e-05,0.001515036276177412,0.004960314125450368,6.278878639810593e-05,-0.012605102092948293,-0.00015955825434111763,0.003578966294856023,4.530337082096232e-05,-0.008591871644447168,-0.00010875786891705276
20260928,temperature,artist_490298,2,0.015418427299099412,0.0001301133105409233,0.0013369717618702077,0.014545323687600972,0.00012274534757469174,-0.012377785284794258,-0.00010445388425986716,-0.009512634603693178,-8.027539749952048e-05,0.06901880539728411,0.0005824371763483891
20260928,temperature,artist_492663,1,0.00410706395912604,1.732938379378076e-05,0.0014445684520278457,0.012805036837839838,5.402969129890227e-05,-8.581090258326863e-05,-3.6207131891674527e-07,0.0038170223824117895,1.6105579672623584e-05,-0.00010799248116419874,-4.5566447748607063e-07
20260928,temperature,artist_494944,3,0.012920125953374545,0.0001635458981439816,0.0013088241058870683,0.010711833175880115,0.0001355928250111407,0.050221110614721585,0.0006357102609458428,0.00397837816849843,5.035921732276494e-05,-0.013230818145601947,-0.0001674787107038221
20260929,sigmoid,artist_000087,3,0.04718135273634289,0.0006127448407317259,-0.008782432417922892,0.009649353140699566,0.00012531627455453982,0.0008565112486385675,1.1123522709591787e-05,0.17812446536488627,0.002313304744998523,9.508119114718087e-05,1.234820664249102e-06
20260929,sigmoid,artist_000797,3,0.028757086802700876,0.00037346865977533605,-0.008540007866164444,-0.001104706183537171,-1.434683355243079e-05,0.003106245370258756,4.034084896439943e-05,-0.003488190166682708,-4.530117099587933e-05,0.11651499819076461,0.0015131817946852546
20260929,sigmoid,artist_000876,3,-0.046410173849372016,-0.0006027295305113248,-0.007550964962847697,0.007917661354177352,0.0001028267708334721,0.0003232262731820026,4.197743807558475e-06,-0.1982710616256745,-0.0025749488522814872,0.004389478600827072,5.700621559515678e-05
20260929,sigmoid,artist_001183,1,-0.0023872537790174467,-1.0334431943798471e-05,-0.008080275127384231,-0.0034373732810875565,-1.4880403814231846e-05,0.0007641608505732263,3.308055630187127e-06,-0.014658946185096496,-6.345864149392423e-05,0.00778314349954104,3.3693261902775065e-05
20260929,sigmoid,artist_001311,2,-0.014953198210736356,-0.00012946491957347494,-0.007995389243038943,-0.014304869314488655,-0.00012385168237652515,0.006996550376210164,6.057619373342134e-05,-0.057467078988768565,-0.0004975504674352256,0.004962605084101632,4.296627778442972e-05
20260929,sigmoid,artist_001365,4,-0.04024402952055491,-0.0006968663120442409,-0.007488433546234234,0.010790904442697988,0.00018685548818524655,0.0005305254100921688,9.186587187743183e-06,-0.17281337444468955,-0.002992439384323629,0.0005158265096797774,8.932060773675799e-06
20260929,sigmoid,artist_001585,3,-0.029628559963499054,-0.0003847864930324552,-0.007771775671872341,-0.009493960153731924,-0.00012329818381470032,-0.0034858585503324507,-4.52708902640578e-05,-0.14009098412090043,-0.0018193634301415641,0.034556562970968596,0.0004487865320905012
20260929,sigmoid,artist_003383,3,0.016091997495164333,0.00020898698045667967,-0.008373361954223174,-0.0017274826888829325,-2.243484011536276e-05,-0.011436828421835882,-0.00014853023924462185,-0.0022699038863752915,-2.947927125162716e-05,0.07980220497775144,0.0010363922724383305
20260929,sigmoid,artist_003737,1,-0.050103610546283046,-0.00021689874695360626,-0.00787281270665699,-0.019067931519587134,-8.25451580934508e-05,0.004075705720076317,1.7643747705958082e-05,-0.1854228297873075,-0.000802696232845487,6.134016861522248e-07,2.6554185547715362e-09
20260929,sigmoid,artist_004116,1,0.016972023982271895,7.347196529122033e-05,-0.008164445900259403,0.006306753147611421,2.730196167797152e-05,0.0004787921346083835,2.0726932234129156e-06,0.06111641294609556,0.0002645732162168639,-1.3862299227784813e-05,-6.000995336703382e-08
20260929,sigmoid,artist_005324,8,0.03002101603216962,0.0010396888669149651,-0.009421608346792591,0.020770803790352295,0.0007193351962026769,-0.004899299951275311,-0.00016967272558529218,0.10907571158618183,0.0037775138211664705,-0.004863151296580345,-0.00016842082412399462
20260929,sigmoid,artist_005721,4,-0.048304476711745,-0.0008364411551817317,-0.007346399234495202,0.004981763458896462,8.626430231855345e-05,-0.001345151739373142,-2.329267081165614e-05,-0.19713747020890068,-0.003413635847773172,0.0002829516423973371,4.899595539347828e-06
20260929,sigmoid,artist_005987,2,-0.011805230597545149,-0.00010220978872333462,-0.008022882409966377,0.017201730031784268,0.00014893272754791574,0.0010461738033800908,9.057781847446673e-06,-0.06541291670336119,-0.0005663455991633004,-5.59095219837669e-05,-4.840651254005792e-07
20260929,sigmoid,artist_006051,3,-0.01719306962162676,-0.0002232866184626852,-0.007935400544791712,-0.007003976291300662,-9.096073105585275e-05,-0.0034453569595390096,-4.4744895578428695e-05,-0.07452109032806356,-0.0009678063678969294,0.016198145092396195,0.00021036552068047005
20260929,sigmoid,artist_007320,4,-0.013676271287586422,-0.00023681855043439692,-0.007956587876330596,-0.0008184022094087666,-1.417146682958903e-05,0.00942960828317526,0.0001632832603147231,-0.06713444538005296,-0.0011625012187022159,0.003818154155940791,6.611522347949421e-05
20260929,sigmoid,artist_007462,1,0.010222077901468948,4.425141948687856e-05,-0.008135098308603738,0.03829156770079917,0.00016576436234112194,-0.0020341333565977587,-8.805772106483805e-06,-0.0017858630068727686,-7.731008687760903e-06,0.006416740268547154,2.777809640063703e-05
20260929,sigmoid,artist_336984,1,-0.01307069855760657,-5.658311063898948e-05,-0.008033825367477323,-0.011320181752497091,-4.9005115811675716e-05,-0.0021933042302528377,-9.494823507588042e-06,-0.025822751737723876,-0.00011178680405941072,-0.012946556509952481,-5.604569917728347e-05
20260929,sigmoid,artist_336995,1,-0.004358234340467818,-1.886681532670051e-05,-0.008071705646682274,-0.007199561933810789,-3.1166934778401684e-05,0.0010921146239386247,4.727768934799241e-06,-0.0001923264459167819,-8.325820169557658e-07,-0.011133163606082325,-4.819551344624383e-05
20260929,sigmoid,artist_337907,4,-0.0530641981926266,-0.000918860574764097,-0.007262527490338698,0.0005793483752050367,1.0032006497056912e-05,0.000766242611427479,1.3268270327748553e-05,-0.21369451044004273,-0.003700337843117623,9.212668290380331e-05,1.5952672364294946e-06
20260929,sigmoid,artist_339200,1,-0.08940425442441334,-0.00038703140443468976,-0.0077019403419694675,-0.00010921054339757541,-4.727729151410191e-07,0.0008732261288185925,3.7801996918553784e-06,-0.3642271792064153,-0.0015767410355256074,0.005846145923340946,2.5307991010133964e-05
20260929,sigmoid,artist_339613,1,0.06755494465006838,0.00029244564783579386,-0.0083843716422933,0.043407493917717366,0.00018791122908102755,0.0009333347886505208,4.040410340478445e-06,0.2253291293222211,0.0009754507762866714,0.000549820571684497,2.380175634997822e-06
20260929,sigmoid,artist_339858,1,-0.01913204604368288,-8.282271014581333e-05,-0.008007471682755252,0.005778193787568525,2.5013825920210064e-05,0.0011186202456880297,4.8425118860953665e-06,-0.08335359899205311,-0.0003608380908746888,-7.139921593496803e-05,-3.0908751486999146e-07
20260929,sigmoid,artist_340061,1,-0.017317061843951303,-7.496563568810088e-05,-0.008015362918406259,-0.006308487436633049,-2.730946942265389e-05,0.0004993876004334014,2.1618510841272786e-06,-0.0001979811807269917,-8.570613884285355e-07,-0.06326116635887857,-0.0002738578630254484
20260929,sigmoid,artist_340185,1,-0.016635045789416672,-7.201318523557001e-05,-0.008018328205599888,-0.005151670333555829,-2.230160317556636e-05,-0.002560752623348983,-1.108550919198694e-05,-0.0774309146401852,-0.0003351987646761264,0.018603154439423335,8.053313610139972e-05
20260929,sigmoid,artist_342111,1,-0.0254752938796576,-0.00011028265748769524,-0.00797989234433797,-0.005436073764444101,-2.3532786859065373e-05,-0.008451988009129802,-3.658869268021559e-05,-0.0009558954037018805,-4.138075340700782e-06,-0.08705721834135462,-0.0003768710750707992
20260929,sigmoid,artist_345642,1,-0.05008239024448044,-0.00021680688417524,-0.00787290496883874,-0.016461456806720967,-7.126171777801284e-05,0.0009196791822428524,3.981295161224469e-06,-0.22095897905726916,-0.0009565323768712951,0.03617119570382553,0.0001565852627871235
20260929,sigmoid,artist_346032,4,0.07209977565070019,0.0012484809636484882,-0.009468060069075733,-0.004690729769489526,-8.122475791323855e-05,0.0008355020301917132,1.4467567622367328e-05,0.29233819889594037,0.0050621333142154175,-8.386855384174528e-05,-1.4522693305929919e-06
20260929,sigmoid,artist_346710,1,0.04249009141599093,0.0001839397896796144,-0.008275394019536442,-0.01893991400781367,-8.19909697307951e-05,0.0006000161202935625,2.5974723822232145e-06,0.1883946672928677,0.0008155613302721545,-9.440374138387374e-05,-4.086742051249945e-07
20260929,sigmoid,artist_348078,3,-0.007629679995125721,-9.908675318345092e-05,-0.00806123461882462,1.919079959459679e-05,2.492311635661921e-07,0.0010786161437210892,1.4008001866507652e-05,-0.04736745899597102,-0.0006151618051424808,0.01575093207215245,0.0002045575593786032
20260929,sigmoid,artist_348254,2,-0.01323662960137447,-0.00011460285369155386,-0.00801038110862289,-0.003131633952672877,-2.7113713875955646e-05,0.0006776016455922549,5.866680914218657e-06,-0.05318288271087549,-0.000460457858968619,0.0026903966124582437,2.3293477164140637e-05
20260929,sigmoid,artist_348729,1,-0.07108200120928601,-0.0003077142909492901,-0.007781602312470021,0.0021376680299624723,9.253974155681698e-06,0.0009227951691803474,3.9947842821660056e-06,-0.28729361599737546,-0.0012436953073479457,-9.485203891138982e-05,-4.106148870622936e-07
20260929,sigmoid,artist_349182,2,0.025518436514638244,0.0002209388442825822,-0.00834885330177584,-0.001786801081911658,-1.547013923733037e-05,0.010094674379785375,8.739977817995996e-05,-0.016205723829374886,-0.000140309297224025,0.10997159659005415,0.0009521350354117242
20260929,sigmoid,artist_349503,2,-0.08162972904765597,-0.0007067509008455063,-0.007413061462803838,-0.003482527271369733,-3.0151751267270416e-05,0.0004866755971872686,4.213641534088905e-06,-0.3258175611563109,-0.002820931265422605,0.002294496639869465,1.98657717737616e-05
20260929,sigmoid,artist_350284,4,-0.06845612940043942,-0.001185387522085531,-0.006991304032932304,-0.0003048760635755241,-5.279239196112972e-06,-0.00022063362514247254,-3.820495673462728e-06,-0.27952123897241743,-0.004840194614240995,0.006222231059377707,0.00010774426076844514
20260929,sigmoid,artist_350549,1,0.006716297618844395,2.9074881466858855e-05,-0.008119855785635805,0.044118090495669726,0.00019098740474315898,0.0009350813292463012,4.04797112227836e-06,-0.018280188028788,-7.913501311163636e-05,9.22066792495525e-05,3.991631136344264e-07
20260929,sigmoid,artist_350839,1,-0.03356761107252612,-0.00014531433364729923,-0.00794470835654289,-0.005931153343779758,-2.5675988501211072e-05,0.004478289840644134,1.9386536106684562e-05,-0.03112086850327777,-0.00013472237447306393,-0.10169671228369109,-0.0004402455077216065
20260929,sigmoid,artist_351588,1,-0.023288660967997674,-0.00010081671414717608,-0.007989399443953884,-0.014323060661666345,-6.200459160894522e-05,-0.0035003116695936642,-1.5152864370535344e-05,0.02354537223544151,0.00010192801833524462,-0.0988766437761722,-0.0004280374189444684
20260929,sigmoid,artist_352350,1,-0.007395340914046113,-3.2014462831368454e-05,-0.008058500835492803,-0.019512183054776505,-8.44683249124524e-05,-0.003634797715101168,-1.5735055043728e-05,-0.01571818981158111,-6.804411173844635e-05,0.009283806925274328,4.018964036915293e-05
20260929,sigmoid,artist_353869,2,-0.032617553218279326,-0.0002824030581669206,-0.007841115400178306,-0.010418032215112089,-9.019941311785359e-05,0.0004024314607582099,3.4842550714996525e-06,-0.12106947290652671,-0.0010482205446452528,0.0006148607877632828,5.3234700239245264e-06
20260929,sigmoid,artist_353905,1,-0.012162017105575908,-5.26494246994628e-05,-0.008037776156399196,-0.01924300239267676,-8.330304066093836e-05,-0.004270372586743565,-1.8486461414474305e-05,-0.026745717825178157,-0.0001157823282475245,0.0016110243822948494,6.974131525085928e-06
20260929,sigmoid,artist_354509,1,0.08020112421135515,0.00034719101390197034,-0.0084393550316902,-0.0012052351697071236,-5.217468267130406e-06,0.0006643184465481081,2.8758374309441907e-06,0.321420901023561,0.0013914324719634676,-7.548745498138086e-05,-3.2678551939991716e-07
20260929,sigmoid,artist_354858,2,-0.08010373913927511,-0.0006935388670067109,-0.007426388885584456,-0.0036052084947425693,-3.1213926361407526e-05,0.0011157625427660363,9.660281755550098e-06,-0.3185721048648491,-0.002758200042119906,0.0006465942597251636,5.598218698919165e-06
20260929,sigmoid,artist_356417,1,0.05958612542934577,0.0002579485949322328,-0.008349724602203202,-0.017939230471940362,-7.76590063720362e-05,-0.010577694400923321,-4.579088485248191e-05,0.2664530532284133,0.001153476420902222,0.0004083733618334643,1.7678500512271181e-06
20260929,sigmoid,artist_358362,4,-0.0029786730609215667,-5.157875430167215e-05,-0.008145091809840108,-0.0011202997983776643,-1.9399130707838343e-05,-0.02533822367438441,-0.0004387571199027603,-0.07073234438343488,-0.0012248025001460586,0.08527617561251069,0.0014766437335499687
20260929,sigmoid,artist_360275,2,-0.07532008054222886,-0.0006521219094565269,-0.0074681675632879176,-0.012814606244570837,-0.00011094897181446612,0.0009574621346059766,8.289715451133997e-06,-0.28937323549367383,-0.002505395978300206,-4.994256527669063e-05,-4.3240316256875003e-07
20260929,sigmoid,artist_360980,2,-0.015627266417504452,-0.00013530100794376148,-0.00798950218446455,-0.004611787285235591,-3.9928894244463995e-05,-0.006160516100863878,-5.333780173908119e-05,-0.05220159837620861,-0.0004519618907031048,0.00046483609229027085,4.024554911604077e-06
20260929,sigmoid,artist_361297,1,0.0031332029229327557,1.3563649017024916e-05,-0.008104277113044884,-0.0011251814511574769,-4.870915372976091e-06,0.012278455535183294,5.3153487165295643e-05,-0.0013151875804730986,-5.693452729320774e-06,0.0026947251881783048,1.1665477005100886e-05
20260929,sigmoid,artist_361454,2,-0.007955869430707044,-6.8881986413048e-05,-0.008056501284785925,0.0024759608311598624,2.14368903130724e-05,-0.0032173160063667114,-2.7855549838672825e-05,-0.033231621602068336,-0.0002877196675503752,0.002149499054447011,1.8610381423783647e-05
20260929,sigmoid,artist_361634,1,-0.03858894427744963,-0.0001670517068287863,-0.007922876473043223,-0.01952390311490701,-8.451906110349354e-05,0.006657177263957703,2.8818949194622093e-05,-0.06410030026220558,-0.0002774904773255653,-0.07738875099664366,-0.0003350162380807085
20260929,sigmoid,artist_362501,8,0.01538935561687469,0.0005329646966883009,-0.008896705730997257,-0.011559638107886502,-0.00040033378728611266,0.006705124573984535,0.00023221210645833887,0.06498203265115046,0.002250460005234648,0.0014299033502502608,4.952046234632938e-05
20260929,sigmoid,artist_364441,1,-7.872726929578189e-05,-3.408106895921294e-07,-0.00809031219916563,-0.0005476461126235187,-2.370762392309605e-06,0.0011488001483122602,4.97316081520459e-06,-0.0008386445572331637,-3.6304959187582847e-06,-7.741855563870529e-05,-3.351452625052177e-07
20260929,sigmoid,artist_365072,1,-0.023442710557159723,-0.00010148359548553992,-0.007988729663131439,-0.018355349263393522,-7.946038642161698e-05,0.0010440836421244486,4.5198426065993445e-06,-0.0009553934825280675,-4.1359025217665265e-06,-0.07550418312484175,-0.00032685793560537557
20260929,sigmoid,artist_365532,2,0.02818950134106471,0.00024406494667588493,-0.008372181378862533,0.01256739321792956,0.00010880859928943342,0.00045405410177036185,3.931204344332137e-06,0.08855420680107677,0.0007667030891868119,0.011182351243482165,9.681689388296247e-05
20260929,sigmoid,artist_371757,3,-0.005735534247567925,-7.44874577606224e-05,-0.008086157589187223,-0.006044191471676026,-7.84959931386497e-05,0.000533462358034922,6.928082571882104e-06,-0.00014180248326852262,-1.841590691798995e-06,-0.017289605393362068,-0.00022454032978392298
20260929,sigmoid,artist_372323,4,0.05154376195800013,0.0008925326745974049,-0.009105839563477495,-0.014228278210737456,-0.00024637711187424163,0.0007670897960833199,1.3282940191918959e-05,0.2176328378887033,0.003768533989414776,0.0020033983579513847,3.4690880657166835e-05
20260929,sigmoid,artist_376272,1,-0.060385400117388834,-0.0002614086585168348,-0.007828109273739139,-0.0012616400153186652,-5.46164508795959e-06,0.0005484188557487533,2.3741076006439537e-06,-0.26356664292568044,-0.0011409811382064089,0.02273826361569501,9.843404162638532e-05
20260929,sigmoid,artist_376671,1,-0.0011576750445477318,-5.01158027942741e-06,-0.008085621121881926,0.02139680763836621,9.262687289336022e-05,-0.0010188814316314104,-4.410742128274504e-06,-0.027002446812854197,-0.00011689370914655496,0.001993820427928469,8.631257263759606e-06
20260929,sigmoid,artist_378789,2,-0.04935379409802918,-0.00042730557660631326,-0.007694947357560404,0.02138055496839439,0.00018511303002938866,-0.008764451462492051,-7.588269664495283e-05,-0.2106101946490317,-0.0018234648887362052,0.0005789147510126152,5.012248926516149e-06
20260929,sigmoid,artist_422307,2,0.004587216867506667,3.971616335503608e-05,-0.008166047890010499,-0.012682116265333186,-0.00010980187242712715,-0.00870456325679185,-7.536418404148788e-05,-0.0014385135778398834,-1.2454663011600721e-05,0.041174060569991594,0.00035648537290036014
20260929,sigmoid,artist_427606,2,0.0012411516115403802,1.074590139861801e-05,-0.008136824612665815,0.020924048449691247,0.00018116059263801945,-0.004451353191658382,-3.853985447323274e-05,-0.024714436295929516,-0.0002139778034279612,0.013206347484058174,0.00011434067085764653
20260929,sigmoid,artist_427689,4,-0.03443709847825782,-0.000596313393562906,-0.007590758322309953,0.013703116806888002,0.00023728340791148055,0.0010775525627349778,1.865891883523771e-05,-0.17425381014073857,-0.003017381993779023,0.021724746858084287,0.0003761860927806803
20260929,sigmoid,artist_431420,1,0.0004020393229661786,1.7404299695505569e-06,-0.008092402488697205,0.003998719522210967,1.73104741221254e-05,0.0011676279940805619,5.054666641041393e-06,-0.003471708264457373,-1.5029040105876075e-05,-8.648195996944098e-05,-3.7438077908848907e-07
20260929,sigmoid,artist_431744,2,-0.029719423921846073,-0.00025731102962637295,-0.00786642657307292,0.019055492567102664,0.0001649826196285945,-0.00011394583967937535,-9.865440664880983e-07,-0.15270935995227572,-0.0013221589606257638,0.014890117537468134,0.00012891876655816566
20260929,sigmoid,artist_432148,5,-0.025842553676772517,-0.0005593626336963749,-0.007662114003068709,0.017640561231269964,0.00038183032968116805,-0.007826908974913071,-0.0001694136141756076,-0.11580558675908659,-0.0025066144320148613,0.002621719795639638,5.674718172380169e-05
20260929,sigmoid,artist_432564,4,0.08055710800755621,0.0013949282771871204,-0.009617087952015928,0.01510233345828212,0.00026151226767588085,0.0002312280785378663,4.003949411911105e-06,0.3067035285949217,0.005310883612033276,0.00019134189848315212,3.3132796274138895e-06
20260929,sigmoid,artist_434246,2,-0.023452040155854902,-0.00020304796671735846,-0.007921163549195113,0.041201272575911135,0.0003567209746832133,0.0004889954315709719,4.2337266802681546e-06,-0.17437046724307217,-0.001509701015091534,0.038872038612170444,0.00033655444685861855
20260929,sigmoid,artist_435290,4,-0.009755445753407978,-0.00016892546759148013,-0.008025677313056206,-0.0005038216076842985,-8.724183682844996e-06,-0.0025361770946146405,-4.39164864868336e-05,-0.036439934460273105,-0.0006309945361086252,0.0004581501489401309,7.93333591238322e-06
20260929,sigmoid,artist_435725,4,-0.05768411660210264,-0.0009988591619411711,-0.007181119236427226,-0.006384593760794697,-0.00011055573611765709,0.0004929350129232565,8.53567121945033e-06,-0.22814430687384937,-0.003950550768378344,0.0032994992133102614,5.7134185511866e-05
20260929,sigmoid,artist_437945,1,0.08677518274231445,0.000375650141741621,-0.008467937894868284,0.033392772174627605,0.0001445574553014182,0.0006769075091150418,2.9303355372945534e-06,0.3091933726397499,0.001338499448656926,0.003837678645765289,1.6613327470845408e-05
20260929,sigmoid,artist_438938,2,-0.015923111987567837,-0.00013786244145080377,-0.007986918380359193,-0.01816085284316285,-0.0001572368211529251,0.0011516802338830626,9.971257436216992e-06,-0.06366223904637888,-0.0005511882168517653,0.01697896370538734,0.00014700401476525833
20260929,sigmoid,artist_439258,2,-0.033571220812696215,-0.0002906599204562443,-0.007832786425554577,-0.0016883193570470308,-1.4617483610796804e-05,-0.027462732885657537,-0.00023777257909660205,-0.004022557363031633,-3.482733647646436e-05,-0.10111127364504865,-0.0008754222826411139
20260929,sigmoid,artist_439398,4,-0.023235316273408017,-0.00040234313893347214,-0.007788146554994531,-0.007164380407313194,-0.00012405853519157047,0.00038393547279876993,6.648233295216795e-06,-0.08780962789818678,-0.0015205130371980394,0.0016488077390691244,2.855078336050432e-05
20260929,sigmoid,artist_440232,1,-0.05238031446019032,-0.00022675460805277194,-0.007862913993987827,-0.005211194941901885,-2.2559285462778722e-05,0.0011014848386612097,4.7683326348970114e-06,-0.2095540690562927,-0.0009071604721051632,0.004142521318772113,1.7932992721957197e-05
20260929,sigmoid,artist_441841,4,0.04931823897773542,0.0008539954801339467,-0.009066623299508074,0.015116468772541414,0.0002617570350223621,0.0007820870636436077,1.3542633136685849e-05,0.17989077881452242,0.0031149918409441113,0.0014836212602342576,2.5690411432627838e-05
20260929,sigmoid,artist_442127,3,0.018799937090047424,0.00024415502714347304,-0.008408992738366374,-0.002969096668530529,-3.855969699390298e-05,-0.0036875429421022437,-4.789016807924992e-05,-0.01779476003802276,-0.00023110077971458126,0.09965114800884523,0.0012941707533616262
20260929,sigmoid,artist_442171,4,0.053703342800744146,0.0009299280138656995,-0.009143893851455363,-0.0016661306954818874,-2.8850747973712335e-05,0.0006353770614324567,1.1002200197964618e-05,0.2153890709634099,0.0037296808824832882,0.00045505387361612613,7.879720755257595e-06
20260929,sigmoid,artist_454470,4,-0.046156766452784825,-0.0007992513671477892,-0.007384244349190535,0.012717797445864508,0.00022022160079419062,0.0005125811309380831,8.875863739187585e-06,-0.21731437818819382,-0.0037630195357263,0.019456933800251923,0.0003369166026017649
20260929,sigmoid,artist_461498,4,-0.009638664964656953,-0.00016690328943128922,-0.008027735124311732,-0.0070361749478007,-0.00012183852723464416,-0.018614923593268426,-0.00032233633927737534,-0.01678135080218888,-0.0002905861610768638,0.003877789484630196,6.714786986372634e-05
20260929,sigmoid,artist_466600,8,-0.035051796278521494,-0.001213915022632779,-0.007087157680938201,-0.00026834376434574955,-9.293290540112538e-06,-0.00021221407169602375,-7.349405080381775e-06,-0.14174230803445426,-0.00490882452067374,0.0020156807564100576,6.980712576311888e-05
20260929,sigmoid,artist_467232,4,0.0010621416331759361,1.8392062912137423e-05,-0.00821629559299601,-0.0077228753671984346,-0.0001337294435878517,0.0005232748058000792,9.06103559826977e-06,0.027739366530467886,0.0004803353511769331,-0.016291199436365776,-0.0002820986915388013
20260929,sigmoid,artist_469116,1,-0.001641621510897662,-7.106586627262606e-06,-0.00808351700681084,-0.000397287433015335,-1.7198590173824025e-06,-0.020334001020189285,-8.802597844237786e-05,-0.02578097374462171,-0.00011160594694641433,0.03994577615423568,0.00017292543789712418
20260929,sigmoid,artist_470512,3,-0.06819010104584401,-0.000885585727868104,-0.007264386973420433,-0.01036538467687342,-0.00013461538541394052,0.0006779781514702794,8.804911058055577e-06,-0.2638122422856284,-0.0034261330166964724,0.000739244627655467,9.60057957994113e-06
20260929,sigmoid,artist_475209,2,-0.05007959119811088,-0.0004335895341827782,-0.00768860851825838,-0.007416747239831643,-6.421426181672418e-05,-0.0008125953339412767,-7.0354574367210105e-06,-0.11160026202163104,-0.0009662360348193164,-0.08048876019703954,-0.000696872382658351
20260929,sigmoid,artist_477635,2,-0.03265538329538231,-0.00028273059130201134,-0.007840785006491817,-0.0008586925611421784,-7.434567628936609e-06,-0.027550719992627037,-0.00023853437223053713,-0.0007840211850764657,-6.788062208454249e-06,-0.10142809944268355,-0.0008781653631401173
20260929,sigmoid,artist_479407,1,-0.029645547372139015,-0.0001283357029096927,-0.007961760807414137,-0.01720140634895223,-7.446496254957676e-05,0.0011036063175436268,4.7775165261628866e-06,-0.0008462519028624012,-3.663428150919486e-06,-0.10163813755428505,-0.00043999193746443744
20260929,sigmoid,artist_479547,2,-0.0044531495124583015,-3.8555407034271007e-05,-0.008087092725119975,-0.005965821618118105,-5.165213522180177e-05,0.0011620924728888878,1.0061406691678681e-05,-0.002982268479237347,-2.5820506313743265e-05,-0.01002660042536664,-8.681039329321766e-05
20260929,sigmoid,artist_484438,3,0.08532685399410402,0.0011081409609623898,-0.00928434690815659,0.008174945497373493,0.00010616812334251288,0.000723765988844492,9.399558296681715e-06,0.2853410023803137,0.0037057273036404373,0.047067702109884445,0.0006112688585699278
20260929,sigmoid,artist_485239,4,0.002756006112419175,4.7723049565700005e-05,-0.008246143425229372,-0.007958207330662626,-0.00013780445594220998,-0.007577318712635513,-0.00013120898203697857,-0.010255582312837547,-0.00017758584091493587,0.03681513280581239,0.0006374914771569244
20260929,sigmoid,artist_488616,4,-0.03928479613902118,-0.000680256210199501,-0.007505336337098265,-0.011945127766999476,-0.00020684203925540217,-0.005819381746820701,-0.00010076851509646236,-0.10855447244967409,-0.0018797311246696812,-0.03082020259259043,-0.0005336831617764576
20260929,sigmoid,artist_489225,3,-0.008427524801653279,-0.00010944837404744518,-0.008050736660843995,-0.004376288717678937,-5.683491841141477e-05,-0.009712609723488594,-0.00012613778861673497,-0.023635819511886785,-0.00030695869495956865,0.004014618746441196,5.213790579793762e-05
20260929,sigmoid,artist_492925,2,-0.0033054262519752074,-2.8618409108010455e-05,-0.008097116509054324,0.017051994071933876,0.0001476363123111158,-0.0019120894481420847,-1.6554886996901165e-05,-0.005107113366132758,-4.421743174140916e-05,-0.023254496265559865,-0.0002013376300048473
20260929,sigmoid,artist_493156,4,-0.004701797024026889,-8.141639868444828e-05,-0.008114728391988032,-0.0016975943565496008,-2.939557327358616e-05,0.00653672791929568,0.00011319009384061784,0.00864755722459654,0.00014974125064236431,-0.03229387888345018,-0.0005592013659471893
20260929,sigmoid,artist_493403,3,0.023524741359391643,0.0003055161215505408,-0.008471161215594585,0.03477044159332169,0.00045156417653664533,0.003325853877709043,4.319290750271485e-05,-0.0008694099864810211,-1.1291038785467806e-05,0.05687207995301685,0.0007385984409482708
20260929,sigmoid,artist_495923,2,-0.03020855664659411,-0.0002615459449921568,-0.007862154671546736,-0.00468893454682455,-4.059683590324285e-05,8.321987225194585e-05,7.205183744757216e-07,-0.11710541037695121,-0.0010138996569433005,0.0008768984651473751,7.5921945034404774e-06
20260929,temperature,artist_000087,3,0.0010102285212120166,1.3119850924831385e-05,0.00015287191187142167,0.0016715451638807156,2.1708378751697607e-05,0.0007587619346163289,9.854051098913362e-06,0.0011769794250603334,1.528544707870563e-05,0.0004336275612906886,5.631526770008943e-06
20260929,temperature,artist_000797,3,-0.0016291120074725706,-2.1157298798345073e-05,0.00018760007672253466,-0.0010396129818130973,-1.3501467296273989e-05,-0.002955577428062192,-3.8384122442366125e-05,-0.00037979287840867896,-4.932375044268558e-06,-0.0021414647416063137,-2.7811230410471608e-05
20260929,temperature,artist_000876,3,-0.0001474300035458153,-1.9146753707248737e-06,0.00016810426088139315,-0.0035555236674039013,-4.6175632044206514e-05,0.00022197874053793952,2.882840786207007e-06,0.0012376592151418092,1.6073496300542977e-05,0.0015061656975408916,1.9560593474557034e-05
20260929,temperature,artist_001183,1,-0.00033576874043513504,-1.4535443308880304e-06,0.00016617934874241447,-0.0030354717870452273,-1.3140570506689295e-05,0.0005907129879038206,2.557199081834721e-06,-0.0012157409321391748,-5.262947758178246e-06,0.0023174247695400413,1.0032141859480698e-05
20260929,temperature,artist_001311,2,-0.0033460118419967964,-2.896979949780776e-05,0.00019466159456032223,-0.00896355659529333,-7.760655060860026e-05,-0.004097931306138669,-3.547992472847332e-05,-0.0019439669546812734,-1.6830882724513188e-05,0.0016214074881260865,1.4038160070355727e-05
20260929,temperature,artist_001365,4,0.001973182745972967,3.416766659693449e-05,0.0001321266541252349,0.005366885071685866,9.293307483438729e-05,0.00038490009445129556,6.6649367004553345e-06,0.0015501662656005957,2.6842705897845813e-05,0.0005907795521541107,1.0229948955049536e-05
20260929,temperature,artist_001585,3,-0.0003249647971835445,-4.220322041344734e-06,0.00017044024500820538,-0.005821035800648434,-7.559786754088875e-05,0.0014093836912612793,1.8303684302094536e-05,0.0010954000010129962,1.4225974039129822e-05,0.002016392919639981,2.6186921034285467e-05
20260929,temperature,artist_003383,3,-0.00022445076078295124,-2.914944945233133e-06,0.00016911769189767125,-0.0015629470735804868,-2.0298013942603726e-05,0.00018505747432367992,2.4033438223854536e-06,-0.00030249986056179345,-3.928569617685629e-06,0.0007825864166867957,1.0163459956971372e-05
20260929,temperature,artist_003737,1,-0.001884650844739673,-8.15866166553971e-06,0.00017291361876112986,-0.0024811923454294837,-1.074109240445664e-05,-0.005313910611044803,-2.3003942039154992e-05,-0.00018639274046303167,-8.068949803594444e-07,0.0004428923179786259,1.9172827618122333e-06
20260929,temperature,artist_004116,1,0.007930250879430797,3.4330090387146306e-05,0.00013024013300386693,0.031572908407677236,0.00013667925717609193,0.00032730039101855,1.4168848096041126e-06,-0.0006036963295420646,-2.6134040239916216e-06,0.00042449104856946284,1.8376235868807914e-06
20260929,temperature,artist_005324,8,0.0015265545528261623,5.2867690141165794e-05,0.00011512576254578875,0.009293512990462096,0.00032185326373894706,-0.005294510480787727,-0.0001833596703303109,0.0024578889713456863,8.512169597733978e-05,-0.0003506732697154053,-1.2144528821312738e-05
20260929,temperature,artist_005721,4,0.00015552101834970895,2.693004646748207e-06,0.00016415593566925706,-0.0009522315595392686,-1.648885817384015e-05,-0.0017192808661355054,-2.9771097249099663e-05,0.002798181216579914,4.845335439965219e-05,0.0004954152824936961,8.578619610280452e-06
20260929,temperature,artist_005987,2,0.003636339426725031,3.1483458240043556e-05,0.00013368036077235864,0.011965268281268072,0.00010359539637461534,0.0010062082003157698,8.711759310093246e-06,0.0012259373064083118,1.0614175813058977e-05,0.0003479439189079717,3.0125014624066817e-06
20260929,temperature,artist_006051,3,0.0016606211351309307,2.1566508248453645e-05,0.000144314114319857,0.008973273822451173,0.00011653602366819706,-0.0041532977276770395,-5.393893152827324e-05,7.001266981265964e-05,9.092554521124628e-07,0.0017524957759369282,2.275968540177829e-05
20260929,temperature,artist_007320,4,-2.084397517858845e-05,-3.6093463512707275e-07,0.000167263688859183,-0.0007767440346340243,-1.3450113153835919e-05,-0.00015517745338263812,-2.6870554698292315e-06,-0.0005428017207863769,-9.399163996300898e-06,0.0013913473080886854,2.4092594079457756e-05
20260929,temperature,artist_007462,1,0.006097609746756558,2.639657899028813e-05,0.00013820813792853753,0.020226054754001577,8.755867858875141e-05,0.0022806113758333385,9.872776518759041e-06,-0.00026126455909296397,-1.1310154073288484e-06,0.0021450374162842803,9.28587626097091e-06
20260929,temperature,artist_336984,1,-0.0013795345986749924,-5.972011249675291e-06,0.00017071746116954428,-0.008207674083156313,-3.5531056637040316e-05,0.0022728020490429823,9.838969909276979e-06,-0.001682248868064673,-7.282462632314602e-06,0.0020989825074780345,9.086504361376772e-06
20260929,temperature,artist_336995,1,-0.0005724013791490268,-2.477928048264185e-06,0.00016720818630204008,-0.005816785701546336,-2.5180890482884573e-05,0.001667890092841226,7.2203034322131e-06,-4.099119488145661e-05,-1.7745106009288576e-07,0.0019002812869904594,8.226325917707616e-06
20260929,temperature,artist_337907,4,0.0006983289650558582,1.209227645118369e-05,0.00015459103792994167,-0.00019587102935913255,-3.3917061360888752e-06,0.0006148607024613662,1.0646938570759587e-05,0.0019268801195292534,3.336588951565807e-05,0.0004474460675919461,7.747983854405992e-06
20260929,temperature,artist_339200,1,0.0003106091440007847,1.344628329007726e-06,0.0001633690101144322,-0.009377710861060706,-4.059615091368271e-05,0.0007131168130319904,3.087085770701257e-06,0.007841472283895423,3.394576746275075e-05,0.0020655583401364315,8.941810996261608e-06
20260929,temperature,artist_339613,1,0.007278374436554064,3.150811444395699e-05,0.00013307437840767882,0.028638241222552985,0.0001239750702275021,0.0018431152741552395,7.978854000672033e-06,-0.0021949029615671717,-9.501744422368708e-06,0.0008270442110752049,3.580277970022532e-06
20260929,temperature,artist_339858,1,-0.0023947266647828397,-1.0366782098627012e-05,0.00017513133971783926,-0.008520915514406535,-3.688708014894604e-05,0.0011087089893516006,4.799606014509094e-06,-0.0022602902617182286,-9.784806327784539e-06,9.359012764180463e-05,4.0515206771343995e-07
20260929,temperature,artist_340061,1,5.536657481921951e-05,2.396821420745433e-07,0.00016447876041522161,-0.00520493389641247,-2.2532181369750955e-05,0.002069943722765019,8.960795336645105e-06,-4.201887694874358e-05,-1.8189990021101117e-07,0.003398475349873073,1.4712014501615035e-05
20260929,temperature,artist_340185,1,-0.0027262027971066997,-1.1801743710418613e-05,0.0001765725402931604,-0.0043666219167047375,-1.890312518053999e-05,-0.0074255652656709525,-3.2145304180393735e-05,-0.002287424640741831,-9.902271172042558e-06,0.003174800634690722,1.3743725691301827e-05
20260929,temperature,artist_342111,1,-0.000503983905565558,-2.1817485089418096e-06,0.00016691071902559022,-0.004577235015524948,-1.98148701970777e-05,0.001323361912101334,5.7288394463261215e-06,-0.0001575110122333254,-6.818658538239195e-07,0.0013954484933947076,6.0409025688082575e-06
20260929,temperature,artist_345642,1,-0.0007583599028130935,-3.282943302221184e-06,0.00016801670162231865,-0.009575543086298419,-4.145256747315333e-05,0.001853954446509605,8.025776824716905e-06,0.00100934168325445,4.36944451625303e-06,0.0036788073452819897,1.5925572923298658e-05
20260929,temperature,artist_346032,4,-0.0011670085975287524,-2.0207941082748958e-05,0.00018746042229266608,-0.0039043233577900176,-6.760733087082281e-05,0.0006930083269912374,1.2000144190324457e-05,-0.0016322622662478248,-2.8264281666629e-05,0.00017554290693159563,3.039704016131526e-06
20260929,temperature,artist_346710,1,-0.0008310652872007575,-3.5976852259773053e-06,0.0001683328119892215,-0.0019979561006891744,-8.649160609044046e-06,0.0004314097987024382,1.867574886157741e-06,-0.0019226072462260255,-8.322975091887557e-06,0.00016489239940973167,7.138199108646392e-07
20260929,temperature,artist_348078,3,-0.0007877565620579459,-1.0230604702051245e-05,0.0001765296103355001,-0.005059948836347016,-6.571362125125995e-05,0.0011097254239427548,1.441201849276305e-05,-0.0018622454583693392,-2.4185005952848562e-05,0.002661442622541817,3.4564189903140484e-05
20260929,temperature,artist_348254,2,-0.0013730952221003092,-1.1888270321214798e-05,0.00017743088172279828,-0.006383246414520228,-5.526620272311885e-05,0.000527031963702466,4.5630473047832554e-06,-0.0007066157014060147,-6.117884860658136e-06,0.0010704492638225391,9.267958994134539e-06
20260929,temperature,artist_348729,1,-0.0009625311994023629,-4.166801729014558e-06,0.0001689044029118372,-0.009535257242683767,-4.127816988174791e-05,0.001851517730809743,8.01522827190365e-06,0.003665978998014685,1.5870038952444523e-05,0.0001676357162498878,7.256957413415057e-07
20260929,temperature,artist_349182,2,-0.001464818951874056,-1.2682415167740745e-05,0.000178231962332176,-0.001593725873131011,-1.37984924080607e-05,-0.0008717535502544005,-7.5476497857523855e-06,-0.0010041104460997946,-8.693596935928957e-06,-0.0023896859380110186,-2.0689921541220942e-05
20260929,temperature,artist_349503,2,0.0010486462266510554,9.079188109532947e-06,0.00015628030138435843,-0.003065205068533782,-2.6538572021937507e-05,0.0003339280558792958,2.891151998954942e-06,0.005839897383393272,5.0561882107301055e-05,0.0010859645358654363,9.402290353813301e-06
20260929,temperature,artist_350284,4,0.002483515928660149,4.300460482528397e-05,0.00012313399892369866,0.0033090270657141745,5.7299169969076616e-05,0.0009822176882246143,1.700809849739592e-05,0.004481762336163025,7.760627421927316e-05,0.0011610566245387835,2.010487661539019e-05
20260929,temperature,artist_350549,1,0.0084362432036984,3.6520533349343724e-05,0.00012804016637661648,0.032756071459529745,0.0001418011751494794,0.0018416982207322616,7.97271957026953e-06,-0.0013901787723662185,-6.0180899236632836e-06,0.0005373819068978077,2.326328601289211e-06
20260929,temperature,artist_350839,1,-0.003967639598331725,-1.7175928997107032e-05,0.00018197009160283442,-0.004936866467481225,-2.1371716309442533e-05,-0.005157754091502931,-2.232793979005598e-05,-0.0018420735175271596,-7.974344231719306e-06,-0.003933864316815583,-1.7029715657210314e-05
20260929,temperature,artist_351588,1,-0.0012711714404788823,-5.50290666873975e-06,0.00017024631700347423,-0.009332852928228323,-4.040196072826114e-05,0.002164094033497127,9.368372439381502e-06,0.0034227913918357666,1.4817278752535786e-05,-0.0013387182590200997,-5.79531713861515e-06
20260929,temperature,artist_352350,1,-0.00045805524224082524,-1.982923126583659e-06,0.0001667110291850479,-0.005194950954401367,-2.248896517056869e-05,0.0021491359327521498,9.303618756502812e-06,-0.001269485558325626,-5.495608477600113e-06,0.0024830796110115426,1.0749262385331352e-05
20260929,temperature,artist_353869,2,0.0025096313136082973,2.172840964163028e-05,0.00014352060630176244,0.009918810722345558,8.587714911121696e-05,0.0002695771084253029,2.3340009387472116e-06,-0.0009173405688540914,-7.942342587481312e-06,0.0007674779925164192,6.644831104038262e-06
20260929,temperature,artist_353905,1,-0.0028802687249283344,-1.2468695778910539e-05,0.00017724239215325448,-0.003239483522613995,-1.4023738193134178e-05,-0.007791373748544328,-3.372889068633908e-05,-0.0017124974227096766,-7.413408756318946e-06,0.001222279794154662,5.291254520150052e-06
20260929,temperature,artist_354509,1,-0.0002968596495127281,-1.2851067078473079e-06,0.00016601017878188225,-0.001135130179813503,-4.913983462396118e-06,0.0004909450754216798,2.1253033568038085e-06,-0.0008614552914987805,-3.729243686141907e-06,0.0003182017978396914,1.3774969603449844e-06
20260929,temperature,artist_354858,2,0.0009540554783861416,8.260220592087806e-06,0.0001571064214565411,-0.0031294052953891533,-2.709441814189743e-05,0.0011115671402526783,9.623957924265613e-06,0.005130496047802663,4.4419879201754656e-05,0.0007035640208783782,6.091463384228382e-06
20260929,temperature,artist_356417,1,-0.000537915045889317,-2.3286365622914156e-06,0.00016705824572265006,-0.009181745875376915,-3.974781764232431e-05,0.0008355911980058583,3.617277913445274e-06,0.005441049811374665,2.3554328187769114e-05,0.0007534446824391233,3.2616652919442567e-06
20260929,temperature,artist_358362,4,-0.001625754403498441,-2.8151591402570405e-05,0.0001955440488295769,-0.0010173169731596647,-1.7615878323111077e-05,-0.0043429385640729595,-7.520239937788675e-05,-0.0010635438762517813,-1.8416344177520022e-05,-7.92182005093585e-05,-1.3717437317637836e-06
20260929,temperature,artist_360275,2,0.0006806144290171369,5.89276561919599e-06,0.00015949455289207825,-0.0028789082899281573,-2.4925612899810886e-05,0.001273826651393313,1.102880217656548e-05,0.0042677243024514255,3.69499939606184e-05,5.981505215196662e-05,5.178792394109664e-07
20260929,temperature,artist_360980,2,-0.0031841496530387054,-2.7568395264404375e-05,0.00019324795098863584,-0.003952462744401045,-3.422045666148091e-05,-0.007656582842186566,-6.629076053841182e-05,-0.001856102957524114,-1.6070155476399255e-05,0.0007285499319569025,6.30779161867448e-06
20260929,temperature,artist_361297,1,0.0006318169113773251,2.7351381444905847e-06,0.0001619724546040994,-0.001062905643480829,-4.601323131951641e-06,0.002291433720140734,9.919626494115733e-06,-0.0002042973575298345,-8.844041451507987e-07,0.0015030369263792295,6.5066533609490455e-06
20260929,temperature,artist_361454,2,0.001542102200261446,1.33515342013978e-05,0.00015197064222618908,0.008855734456362863,7.667302559621527e-05,-0.0018841907003427343,-1.631333939690679e-05,-0.0018961811137107286,-1.6417152499659987e-05,0.0010930461587363837,9.463603105942716e-06
20260929,temperature,artist_361634,1,-0.00581751193663509,-2.5184034357727663e-05,0.00019001301481284905,-0.0058722420592260405,-2.5420961295350823e-05,-0.004258466911462477,-1.8434921694642758e-05,-0.002291374115507852,-9.919368465401957e-06,-0.01084796466034399,-4.6960885975515105e-05
20260929,temperature,artist_362501,8,-0.0004365946820017239,-1.512016214724585e-05,0.00018555264092526448,-0.0074763556970293705,-0.0002589214094209306,0.0015934798863219473,5.518545060855229e-05,0.0018396823353487531,6.371194234974037e-05,0.0022968147473517745,7.954336787365453e-05
20260929,temperature,artist_364441,1,0.00029684884375663883,1.285059929682419e-06,0.00016342883750679807,-0.0005308887114997819,-2.298219530302086e-06,0.0015464607768605546,6.6946353976647385e-06,-0.00014144466398296,-6.123145626967964e-07,0.0003132679736487427,1.3561384140638212e-06
20260929,temperature,artist_365072,1,-0.0013589432390181634,-5.882871164580794e-06,0.0001706279335188624,-0.00889955801195337,-3.85262251599713e-05,0.0009554149402078872,4.135995412155356e-06,-0.00015744317368172715,-6.815721804403772e-07,0.002665813289354557,1.1540317269933148e-05
20260929,temperature,artist_365532,2,0.0005395148694330011,4.671124410675335e-06,0.00016072686345613182,-0.000627869124096788,-5.436096312526304e-06,0.000313657205882363,2.715646804176303e-06,8.32498768689599e-05,7.207781547096096e-07,0.0023890215190774692,2.0684168996341725e-05
20260929,temperature,artist_371757,3,-0.0005344137682174195,-6.940438548278175e-06,0.00017319615252180898,-0.0050031999735829944,-6.497662303354539e-05,0.0004022329397689054,5.223804412583187e-06,-3.155977536179841e-05,-4.098672124908884e-07,0.0024948717363062096,3.240093164034038e-05
20260929,temperature,artist_372323,4,-0.0004302805065467592,-7.450744702108384e-06,0.00017447842950003183,-0.003681381264143667,-6.374686171677345e-05,0.0006596547110150338,1.1422592398528723e-05,9.584283399720513e-05,1.659616173111777e-06,0.001204761692944391,2.086167433669941e-05
20260929,temperature,artist_376272,1,0.0009967995679536156,4.3151496448208466e-06,0.00016038557348855033,-0.002420087314028746,-1.04765684589989e-05,0.0003858924992012169,1.6705302995723675e-06,0.0026577069353496685,1.1505224828353543e-05,0.0033636861512923236,1.456141191035638e-05
20260929,temperature,artist_376671,1,0.0009851351857160513,4.264654483619269e-06,0.00016043628819393103,0.002039446322948002,8.828771960813861e-06,0.0022914905067049768,9.919872323398168e-06,-0.0017207220744778484,-7.449013309427915e-06,0.0013303259876890749,5.7589869596929645e-06
20260929,temperature,artist_378789,2,0.00018099871863358485,1.5670884730180507e-06,0.0001638580088779608,0.004054117270091931,3.510058242503836e-05,-0.006927302466721075,-5.99766447335158e-05,0.0027584457189919823,2.38826469176795e-05,0.0008387343521714997,7.261769282870127e-06
20260929,temperature,artist_422307,2,-0.0012591690305422685,-1.0901896368331329e-05,0.00017643589315023898,-0.005792986125217443,-5.015572402785665e-05,0.001267785799827753,1.0976500431409117e-05,-0.00021810864180821308,-1.888386509162018e-06,-0.00029336715497117055,-2.5399753677157623e-06
20260929,temperature,artist_427606,2,0.004341882792617638,3.759205881054232e-05,0.00012751840997853674,0.015841362604484693,0.00013715465458428305,0.001174329201827428,1.0167352396774269e-05,-0.00154295857320437,-1.335894868575212e-05,0.0018947979373628015,1.6405176946864082e-05
20260929,temperature,artist_427689,4,0.001862646968614152,3.2253627162149814e-05,0.00013407442112715236,0.004759049366801768,8.240778124332066e-05,0.0011088777363969403,1.9201346084795504e-05,0.00046045390221665164,7.973227744011283e-06,0.0011222068690412475,1.9432153576471818e-05
20260929,temperature,artist_431420,1,-0.0020027937178077005,-8.67010267449221e-06,0.000173427283426643,-0.009145261684424574,-3.95898774217514e-05,0.0012873223919382427,5.57282420752486e-06,-0.00043951454473639337,-1.9026603668242137e-06,0.00028627896599192344,1.2393028830819196e-06
20260929,temperature,artist_431744,2,0.004133394894200517,3.5786968780956856e-05,0.00012933926498654653,0.011487639635086332,9.946008342066088e-05,0.002023002016801719,1.7515168976638262e-05,0.00017012188678285772,1.4729167686827509e-06,0.0028528160381311573,2.4699705957845518e-05
20260929,temperature,artist_432148,5,-0.0007194616333433889,-1.557276262648028e-05,0.00018355216653556254,0.004635794952413452,0.00010034188208687126,-0.007608045093302396,-0.00016467630072083107,-0.0010704496261666474,-2.316990532828241e-05,0.0011648532336820336,2.521327345632107e-05
20260929,temperature,artist_432564,4,0.0019416210997722332,3.3621144584800576e-05,0.00013268280648119496,0.00635764868197495,0.0001100891546662329,0.0013008177230327848,2.2524982217017918e-05,-0.00045650367497263034,-7.904825540651607e-06,0.0005645216690538273,9.77526699660307e-06
20260929,temperature,artist_434246,2,0.00905466999074913,7.839541117531714e-05,8.635869645773769e-05,0.028742467189211834,0.00024885252977672583,0.0010876739615415419,9.417090576117246e-06,0.002904703669179633,2.5148949516706777e-05,0.0034838351430635066,3.016307483171867e-05
20260929,temperature,artist_435290,4,-0.001292485207550983,-2.2380696234649058e-05,0.00018967146387896089,-0.007981902816287127,-0.00013821476738159528,-0.0035029689556017093,-6.065747109267029e-05,0.005699694727436033,9.869601259629494e-05,0.0006152362142488719,1.0653440939374405e-05
20260929,temperature,artist_435725,4,-0.0005509384225884941,-9.54005926560163e-06,0.00017660456017918135,-0.005120437188609472,-8.866557902354064e-05,0.00034647636892911466,5.999590803967353e-06,0.001838464922783646,3.1834890437812054e-05,0.0007317422065427357,1.2670860719354731e-05
20260929,temperature,artist_437945,1,0.003668366984268546,1.588037655527509e-05,0.00014877006298283322,0.014116120850487524,6.110874827050876e-05,0.0005030014744773414,2.1774955605079715e-06,-0.0016836520411291633,-7.288536974585123e-06,0.0017379976532384822,7.523799364668754e-06
20260929,temperature,artist_438938,2,-0.00055750122568343,-4.826850438817576e-06,0.00017030779005103514,-0.004345878399765857,-3.76266528118256e-05,0.0013287450214481376,1.1504285899983875e-05,-0.0022541632488654456,-1.9516564925241953e-05,0.0030412917244494447,2.6331530081813373e-05
20260929,temperature,artist_439258,2,-0.003020855527581019,-2.6154593312389775e-05,0.00019182180142131977,-0.0015315578673577458,-1.3260241275824639e-05,-0.005191491225241929,-4.4947975976120594e-05,-0.00046568438169946604,-4.031899408653386e-06,-0.004894688636024935,-4.237825658896048e-05
20260929,temperature,artist_439398,4,-0.0004318559932092034,-7.478025856436423e-06,0.0001745061913795463,-0.001973090770780944,-3.416607395291678e-05,0.00027668454966196245,4.791074453020995e-06,-0.0010296201445859083,-1.7828920252569842e-05,0.000998602392868076,1.7291816326719933e-05
20260929,temperature,artist_440232,1,-0.00023582775557412288,-1.0208993747797528e-06,0.00016574482272127964,-0.004410943920569014,-1.9094995327138587e-05,0.0010678178975072564,4.622588300897214e-06,0.0006062333179250867,2.624386657684358e-06,0.0017935816828401792,7.764422869438005e-06
20260929,temperature,artist_441841,4,0.0018712919683914176,3.240332412798992e-05,0.00013392208632931506,0.007062372025640279,0.00012229215628814337,0.0010459558462137183,1.811178954482629e-05,-0.0015207090615240544,-2.6332624441974966e-05,0.0008975490632357266,1.5541975120964964e-05
20260929,temperature,artist_442127,3,-0.0025329703678657243,-3.289571906319122e-05,0.00019949294988560247,-0.0025743648194018367,-3.343330934288099e-05,0.00030713815917234386,3.988807261978491e-06,-0.0008908336714840291,-1.1569268460831547e-05,-0.006973821139749374,-9.056910571103084e-05
20260929,temperature,artist_442171,4,0.0004502870586753962,7.797178505201667e-06,0.00015896182042122734,0.001299087165961099,2.249501586079825e-05,0.00047371101263949923,8.202788097653667e-06,-0.0007084561694360196,-1.2267639297593412e-05,0.0007368062255370064,1.2758549359948163e-05
20260929,temperature,artist_454470,4,0.0007229500741951726,1.2518616003379612e-05,0.00015415718578651763,-0.0024666821738200256,-4.27131112349788e-05,0.0014141673254068937,2.4487745894491667e-05,0.0014652590506700584,2.5372451093853826e-05,0.0024790560945237637,4.2927378260151755e-05
20260929,temperature,artist_461498,4,-0.0017315057458059176,-2.9982783477158745e-05,0.0001974075086059201,-0.0052623872843351235,-9.112358933913633e-05,-0.002345726957068783,-4.061864860725165e-05,-0.0010180348230902085,-1.7628308624938676e-05,0.0017001260812704454,2.9439412662691694e-05
20260929,temperature,artist_466600,8,0.0005287848092665856,1.831289382741422e-05,0.0001509201928080157,0.0006227919066576278,2.1568550879917845e-05,0.0002196916497293819,7.608368821796775e-06,0.00020435082605140854,7.077084884897266e-06,0.001068304854627924,3.699757072304499e-05
20260929,temperature,artist_467232,4,-0.00018194513293401344,-3.150565072450449e-06,0.00017010247577998346,-0.005702903402450161,-9.875157406840107e-05,0.0019456515769510924,3.3690936397421514e-05,0.0009546734709233494,1.653114235365107e-05,0.002074797822839665,3.5927235027526666e-05
20260929,temperature,artist_469116,1,-9.309066823976224e-05,-4.029899057998365e-07,0.00016512422668939108,-0.00038862223180971024,-1.6823473238515595e-06,-0.0020070923001965224,-8.688711256262002e-06,-0.0016808541156515568,-7.276424743080333e-06,0.0037042059746987405,1.603552369999455e-05
20260929,temperature,artist_470512,3,-0.0003378973263021556,-4.388276964963059e-06,0.0001706104098650292,-0.00625262307354432,-8.120289705901714e-05,0.0005175443790221665,6.721355571716448e-06,0.003524158721056584,4.5768295078656936e-05,0.0008593306682569464,1.116013854879151e-05
20260929,temperature,artist_475209,2,-0.0006957104084238741,-6.023466739600642e-06,0.00017151485714920496,-0.005847589767714965,-5.0628482837359e-05,0.0022632027571313496,1.959482906607229e-05,-0.0013786328501428774,-1.1936215152752186e-05,0.002180178227030996,1.887600196563633e-05
20260929,temperature,artist_477635,2,-0.003272095451286864,-2.8329830747072414e-05,0.00019401603656285556,-0.0008197464094332878,-7.097371510244916e-06,-0.00755683206345753,-6.542711743253273e-05,-0.0001307906910170518,-1.1323869352125698e-06,-0.004581012641239585,-3.9662447110299435e-05
20260929,temperature,artist_479407,1,0.00019522398347360053,8.451254695826863e-07,0.00016387068472541996,0.0026774705991040593,1.1590781814303286e-05,0.0016486296379811978,7.136924839745445e-06,-0.00014250095287196302,-6.168872418699698e-07,-0.003402703350318892,-1.4730317533848017e-05
20260929,temperature,artist_479547,2,-0.00047097331407475537,-4.077691030950263e-06,0.00016955208776624323,-0.004590455335798431,-3.9744202041544855e-05,0.001327285450642271,1.1491648923309706e-05,-0.000345821812544023,-2.9941282471343982e-06,0.0017250984414011617,1.49359172415685e-05
20260929,temperature,artist_484438,3,0.0019293375863047091,2.5056332289671546e-05,0.00014077837154125467,0.007131003481425864,9.261043482371251e-05,0.0007237089087280011,9.398816996467548e-06,-0.0008918200573178418,-1.1582078666465478e-05,0.000754458012382813,9.798156004971597e-06
20260929,temperature,artist_485239,4,-0.0005471071599082036,-9.473717054687507e-06,0.00017653704894252424,-0.006135410642513342,-0.00010624087692663795,0.0013487178596254291,2.3354421811695744e-05,-0.0009320454894586284,-1.6139315834781443e-05,0.0035303096327137275,6.113090273097364e-05
20260929,temperature,artist_488616,4,-0.005147800379749035,-8.913940051513481e-05,0.00025760653299258297,-0.005540961597789704,-9.594738697471348e-05,-0.007103118744236081,-0.00012299772717291914,-2.685618926744765e-05,-4.650422383973619e-07,-0.00792026498770291,-0.00013714744567450927
20260929,temperature,artist_489225,3,-0.0009610223302443445,-1.2480809483692786e-05,0.00017880942307479486,-0.003728174566267936,-4.8417851509973196e-05,-0.000256072046175327,-3.325610989289961e-06,-0.0013386954068530677,-1.7385654634455426e-05,0.0014788526983189531,1.9205879198947444e-05
20260929,temperature,artist_492925,2,-0.003395339634769557,-2.939687995471478e-05,0.00019509240497755156,3.577172011821894e-05,3.097118624954021e-07,-0.0018930702467225002,-1.6390218586341993e-05,-0.000559416394327049,-4.843431985515576e-06,-0.011164643618146897,-9.666358110949694e-05
20260929,temperature,artist_493156,4,0.00021985755502064571,3.807057229794731e-06,0.0001630222522036899,-0.001540948260523727,-2.668308676231562e-05,0.0006517049843199826,1.1284934793419613e-05,0.0010142603348217115,1.7562949520722278e-05,0.0007544131614646158,1.3063431367352654e-05
20260929,temperature,artist_493403,3,0.004971480714645704,6.456468460578836e-05,0.00010075017248413632,0.01719343606967544,0.00022329137752825245,-0.00010185308650105991,-1.3227673571566222e-06,-0.00014259037609524867,-1.8518230661720606e-06,0.0029369302515036854,3.814195131822968e-05
20260929,temperature,artist_495923,2,0.0032367836907537676,2.802410121864734e-05,0.00013716993051883256,0.011202319587466023,9.69897799780608e-05,0.0016413770475803844,1.4211056689007656e-05,-0.0008442129195784485,-7.309202766912975e-06,0.0009476510475471133,8.204770974433881e-06
20260930,sigmoid,artist_000910,2,0.007259729356026338,5.902218988639299e-05,-0.007814558429251705,0.07070647074876421,0.0005748493556810098,-0.002511396922963704,-2.041786116230654e-05,-0.035230409938929945,-0.0002864260970644711,-0.003925746462765207,-3.191663790866022e-05
20260930,sigmoid,artist_001311,2,-0.010365173957976686,-8.426970697542021e-05,-0.007670092008645123,-0.0140434858964098,-0.00011417468208463252,0.027220307568799923,0.00022130331356747904,-0.04976334772698589,-0.0004045800628210235,-0.004874169777310986,-3.962739656350395e-05
20260930,sigmoid,artist_001365,4,-0.03625663570962732,-0.0005895387920264605,-0.0072198605586233635,0.022698730838730696,0.000369085054288304,-0.001957919968524069,-3.183609704917185e-05,-0.16435425895894631,-0.0026724269749422167,-0.001413094749769589,-2.2977150402757543e-05
20260930,sigmoid,artist_001390,1,-0.007017191216686336,-2.8525167547505433e-05,-0.007694757578810926,-0.00027603201955948197,-1.1220813803230974e-06,-0.0026063029557828327,-1.059472746253184e-05,-0.017427741850709465,-7.084447906792465e-05,-0.007758688040693566,-3.153938227924214e-05
20260930,sigmoid,artist_001619,1,-0.04167836275718545,-0.00016942423885034735,-0.007553283409257868,0.017662270430195137,7.1797847277216e-05,-0.001362212958129336,-5.5374510493062445e-06,-0.1730908278331325,-0.0007036212513541972,-0.009922680667675106,-4.033610027510206e-05
20260930,sigmoid,artist_002023,4,-0.04426404411695106,-0.0007197405547471718,-0.0070875067006510705,0.03587967953265598,0.0005834094232952192,-0.004853579885696677,-7.891999814140938e-05,-0.23121788551999142,-0.00375964041495921,0.023135609405227877,0.0003761887708167134
20260930,sigmoid,artist_002060,1,0.013265298386357894,5.392397718031664e-05,-0.007777543250660086,0.12040060317474321,0.0004894333462387936,-0.010229204524933116,-4.158213221517527e-05,-0.051606210590275446,-0.0002097813438629083,-0.005503994514103078,-2.2373961439443406e-05
20260930,sigmoid,artist_002824,1,-0.1100940491012409,-0.0004475367849643939,-0.007274035709894377,-0.02696354877395627,-0.0001096079218453507,-0.002588335673661064,-1.052168973032953e-05,-0.40678154341427203,-0.001653583509814114,-0.0040427685430742,-1.64340184677813e-05
20260930,sigmoid,artist_002831,5,0.0743510078515349,0.0015111993465759127,-0.009394140403664058,0.02108033204153919,0.0004284620333646177,0.027876331147777544,0.0005665920964995436,0.21518866303070458,0.004373753313632207,0.033258705186118356,0.0006759899428072836
20260930,sigmoid,artist_003202,1,-0.011154863847210487,-4.534497498866052e-05,-0.007677869119094501,-0.03928789364083173,-0.0001597068847188282,0.031871882764876736,0.00012956049904421437,-0.028777382575272584,-0.00011698122998078285,-0.008426061937614363,-3.425228429924538e-05
20260930,sigmoid,artist_003274,1,-0.004981134152166998,-2.0248512813686982e-05,-0.007703068015808964,-0.0032096834074755816,-1.3047493526323503e-05,-0.011143345019609147,-4.5298150486216044e-05,-8.310643578025807e-05,-3.378310397571466e-07,-0.005488401745803003,-2.2310576202451232e-05
20260930,sigmoid,artist_003383,3,-0.0006176045322855078,-7.531762588847656e-06,-0.007779341499705789,-0.0008043553003964588,-9.809210980444619e-06,-0.007451596037172094,-9.087312240453774e-05,-0.005844052465931024,-7.126893251135395e-05,0.011629585674357547,0.0001418242155409457
20260930,sigmoid,artist_004337,2,0.05944080541944552,0.0004832585806458985,-0.008242272167476453,-0.024159830187503447,-0.0001964213836382394,-0.0015606026868750689,-1.2687826722561535e-05,0.2642232576480102,0.0021481565662439853,-0.0007396030958495888,-6.013033299590153e-06
20260930,sigmoid,artist_005071,1,-0.08130635725779112,-0.0003305136473893948,-0.007391536492928865,-0.020488539096539825,-8.328674429487733e-05,0.03140644616403576,0.0001276684803416088,-0.33498628186005863,-0.0013617328530896693,-0.0011570542386018002,-4.703472514641464e-06
20260930,sigmoid,artist_005160,4,0.015892453925823495,0.00025841388497273976,-0.008081828982349824,0.03683093062011733,0.0005988769206523143,-0.007373088577464087,-0.0001198876191457575,-0.004293742948568472,-6.981695851330849e-05,0.038405716609209196,0.0006244831968977105
20260930,sigmoid,artist_005240,5,0.004027646566582613,8.186273509314254e-05,-0.007935149505636003,-0.020297818412281707,-0.00041255728480247373,-0.005537114314954578,-0.00011254297388119061,0.04232349709038774,0.0008602336806989378,-0.0003779780968209927,-7.682481642703102e-06
20260930,sigmoid,artist_005324,8,0.04838541097107056,0.0015735092998722133,-0.009576958343671964,0.04981449343579631,0.0016199835263673596,0.02214559500388513,0.0007201819513458579,0.12430285382282222,0.004042369230010479,-0.0027212983782214026,-8.849750823484236e-05
20260930,sigmoid,artist_005721,4,-0.06077016965665483,-0.0009881328399456068,-0.006814678179333652,-0.003465955752393961,-5.635700410396685e-05,0.006974040483882348,0.00011339903225824957,-0.24476168342602778,-0.003979864771154923,-0.0018270799320799216,-2.9708616781787344e-05
20260930,sigmoid,artist_005987,2,-0.00518875466225107,-4.218499725407374e-05,-0.007712521675003529,0.009575095942864757,7.784630847857526e-05,-0.0034119289375917276,-2.7739259655217297e-05,-0.026445700937211908,-0.00021500569867651957,-0.0004724847170654083,-3.841339163133401e-06
20260930,sigmoid,artist_006573,1,-0.008276481337031419,-3.364423307736349e-05,-0.007689617619136048,-0.002683122012985789,-1.090700005278776e-05,-0.003393834260921774,-1.3796074231389325e-05,-0.026052089211715056,-0.00010590280167363843,-0.0009768798625030529,-3.971056351638426e-06
20260930,sigmoid,artist_007320,4,-0.005042098582090464,-8.198534279821892e-05,-0.007735803321061989,-0.0038689388215219903,-6.29095743336909e-05,0.006031594029402128,9.807469966507525e-05,-0.018956422648080888,-0.00030823451460294126,-0.003374626888161104,-5.487198192131877e-05
20260930,sigmoid,artist_007506,2,0.007274403297591554,5.914149022432158e-05,-0.007814678707461255,0.0048227417890664565,3.920928283793867e-05,-0.001377524196570742,-1.1199383711957252e-05,0.026700135956349694,0.00021707427606788368,-0.0010477403584791848,-8.518214296578738e-06
20260930,sigmoid,artist_007584,1,-0.022397091612365253,-9.10450878551433e-05,-0.007631982475155094,-0.04110153930015607,-0.00016707942804941494,-0.002304648546872199,-9.368490027935768e-06,-0.01675017295459922,-6.809013396178545e-05,-0.02943200564783352,-0.00011964229938143707
20260930,sigmoid,artist_007625,1,-0.028525788478846056,-0.00011595848975140674,-0.007606967385904152,0.001266675198467182,5.149086172630821e-06,-0.0029838456399347655,-1.212945382087303e-05,-0.11188127220422174,-0.0004548019195293567,-0.0005047112696948933,-2.0516718280280216e-06
20260930,sigmoid,artist_007979,1,0.03849019859058729,0.00015646422191295647,-0.00788050202700388,0.08345453426839833,0.0003392460742617818,0.023632044259925045,9.6065220568801e-05,-0.0008469361150207812,-3.442829735856834e-06,0.04772115194904658,0.00019398842255709993
20260930,sigmoid,artist_336871,1,-0.04153673324112945,-0.0001688485091102823,-0.00755386148891524,-0.03999662598853611,-0.00016258791052250451,0.029931781052640938,0.0001216739067180526,-0.15607004867550944,-0.0006344310921768677,-1.2039353113200587e-05,-4.894045980975848e-08
20260930,sigmoid,artist_336896,1,-0.008986940704113993,-3.653227928501623e-05,-0.00768671778498469,-0.004365458433670555,-1.7745765990530713e-05,0.01597521658591161,6.493990482077891e-05,-0.04045890160943509,-0.00016446707971315078,-0.007098619359261938,-2.885617625716235e-05
20260930,sigmoid,artist_337627,2,-0.08227270525480537,-0.0006688837825593933,-0.007080686014408822,-0.018869002987474966,-0.000153406528353455,-0.0013649148591910044,-1.1096868773910605e-05,-0.3075487185759742,-0.00250039608598353,-0.001308184596581328,-1.0635647126677462e-05
20260930,sigmoid,artist_337712,1,-0.012743911568831957,-5.180451857248763e-05,-0.007671383210026659,-0.02643616650941371,-0.00010746409150168175,-0.01114376688392063,-4.5299865381791184e-05,-0.017325583298611454,-7.042920040085956e-05,0.003929870416617964,1.597508299438197e-05
20260930,sigmoid,artist_337907,4,-0.05916744110271459,-0.0009620722130522697,-0.006841169560390516,-0.030046758084125977,-0.0004885651720996094,-0.006137901789061646,-9.980328112295359e-05,-0.1994804217653996,-0.003243584093746335,-0.0010046827722710765,-1.6336305240180107e-05
20260930,sigmoid,artist_337965,2,0.10271456892782879,0.0008350777961612097,-0.008596975147053364,0.08587946735462132,0.000698207051663588,-0.009716413333067067,-7.899523035013876e-05,0.3355026452272037,0.0027276637823349893,-0.0008074235374427457,-6.5644190035995585e-06
20260930,sigmoid,artist_338464,4,-0.006396769212696593,-0.00010401250752352183,-0.007713412070969326,-0.007685769607598484,-0.00012497186353818674,0.0023487327475212177,3.819077638245882e-05,-0.011819548186028865,-0.00019218777538258317,-0.008430491804680244,-0.00013708116755577633
20260930,sigmoid,artist_338660,6,-0.07217428642872391,-0.0017603484494810708,-0.006079946164387582,0.00839246517959121,0.00020469427267295632,-0.0030952337024409593,-7.549350493758438e-05,-0.29126607927756326,-0.007104050714086909,-0.0027282979144826,-6.654385157274635e-05
20260930,sigmoid,artist_338989,1,-0.005558507168201519,-2.259555759431512e-05,-0.007700711391253721,-0.0010003634722926453,-4.066518180051403e-06,-0.005160382824547997,-2.0977165953447144e-05,-5.782438417673213e-05,-2.3505847226313873e-07,-0.016015457991788704,-6.51034877714988e-05
20260930,sigmoid,artist_339783,1,-0.004722250343763384,-1.9196139608794245e-05,-0.007704124684414693,-0.0035445845759470304,-1.440888039002858e-05,-0.01016140466459041,-4.130652302679028e-05,-0.0006356988030785331,-2.5841414759289963e-06,-0.004547313331437564,-1.848501354242912e-05
20260930,sigmoid,artist_340110,4,0.04981616687788827,0.0008100189736241995,-0.008642551510483126,0.0025384407973325397,4.127546011922829e-05,-0.003873220729880149,-6.297919885983982e-05,0.20399950609427475,0.003317065139744305,-0.003400058650174036,-5.5285506506894895e-05
20260930,sigmoid,artist_340185,1,-0.021517714061070843,-8.74703823620766e-05,-0.007635571771282826,-0.03920431160493731,-0.00015936712034527362,0.01970634061822868,8.010707568385642e-05,-0.05776491007895976,-0.0002348167076380478,-0.008807975178614987,-3.5804777148841406e-05
20260930,sigmoid,artist_340438,1,-0.036312354437902,-0.00014761119690204065,-0.007575185484030454,0.0034708634579925512,1.4109201048750209e-05,-0.008265967060718603,-3.360149211674229e-05,-0.13918021818962598,-0.0005657732446732763,-0.0012740959592559599,-5.179251866894146e-06
20260930,sigmoid,artist_340942,1,0.0758709811871749,0.0003084186227120931,-0.008033076649847095,0.01474633792920721,5.994446312685857e-05,-0.0064205868545605775,-2.609994656325438e-05,0.30273582014987177,0.0012306334152433812,-0.007577646475818751,-3.080344095861281e-05
20260930,sigmoid,artist_341968,3,0.07669400319648835,0.0009352927219083946,-0.008733805792653614,-0.015969168305363126,-0.00019474595494345273,-0.002009942012621756,-2.45114879588019e-05,0.32614143894899666,0.0039773346213292276,-0.0013863158450583446,-1.6906290793394447e-05
20260930,sigmoid,artist_342111,1,-0.01147751326374081,-4.665655798268622e-05,-0.0076765521827005,-0.005928387834193366,-2.4099137537371406e-05,-0.0037200607616815207,-1.5122198218217563e-05,-0.011868913393697724,-4.824761542153546e-05,-0.02439269106539063,-9.915728075362045e-05
20260930,sigmoid,artist_342552,1,-0.07233866759661463,-0.0002940596243764822,-0.007428139307872443,-0.03461504990574091,-0.00014071158498268663,-0.0017914833603618115,-7.2824526843976075e-06,-0.29673575184209544,-0.0012062428936670546,0.04378761472173964,0.00017799843382820994
20260930,sigmoid,artist_346550,2,-0.06486057484484586,-0.0005273217467060639,-0.007223408394818326,-0.01975658414628094,-0.0001606226353356174,-0.0020552168702003652,-1.6709080245531423e-05,-0.23351605486575785,-0.0018985045111037224,-0.004114443497144292,-3.345076013938449e-05
20260930,sigmoid,artist_346644,4,-0.03568289307596867,-0.0005802096435116857,-0.007229343907940036,-0.00866197869037217,-0.00014084518195727107,-0.0039059578296665835,-6.35115094254729e-05,-0.13728697863475334,-0.0022323085956870463,0.007123342850917444,0.00011582671302304787
20260930,sigmoid,artist_348126,6,-0.03557651559628406,-0.0008677198925922942,-0.006994890435198579,-0.007595742822361262,-0.00018526202005759177,0.0163596475968776,0.00039901579504579516,-0.1641777582437739,-0.004004335566921315,0.01310779108412128,0.00031970222156393365
20260930,sigmoid,artist_348729,1,-0.10200123517610774,-0.0004146391673825518,-0.007307067603466349,-0.029529910568938177,-0.00012004028686560234,-0.006765355686190796,-2.7501445878824374e-05,-0.3701730291292284,-0.0015047684110944244,-0.001536645320073564,-6.246525691355951e-06
20260930,sigmoid,artist_348759,5,0.03969857386286316,0.0008068815825785195,-0.00867521023792398,-0.01754632295113375,-0.00035663258030759653,0.006861048956050364,0.0001394522145538692,0.16980394676465888,0.0034512997309890012,-0.00032437731812285655,-6.593034921196271e-06
20260930,sigmoid,artist_349425,1,0.06183599558400721,0.0002513658357073464,-0.007975790994323962,0.12283068564829891,0.0004993117302776378,-0.0018415046406447854,-7.485791222133274e-06,0.12641294726412075,0.0005138737693663445,-5.8145935746033603e-05,-2.3636559246355124e-07
20260930,sigmoid,artist_349426,1,-0.005904414834523516,-2.4001686319201282e-05,-0.007699299523227917,0.12150434259748022,0.0004939200918596757,0.029966850191192607,0.00012181646419183986,-0.17474358455404773,-0.0007103397746099501,-0.00034526757271915814,-1.4035267183705616e-06
20260930,sigmoid,artist_349503,2,-0.10400373685292419,-0.0008455588362026357,-0.006902562804588176,-0.02658266335273595,-0.00021611921424988579,-0.0018300741179927244,-1.4878651365794507e-05,-0.3851238311516756,-0.003131088058143704,-0.0024783787892924763,-2.0149421051158345e-05
20260930,sigmoid,artist_351221,4,-0.04332045186958901,-0.000704397591375431,-0.007103103266723171,-0.020773110714500876,-0.00033777415795936385,-0.0041296312878292395,-6.714847622486568e-05,-0.14372311201092933,-0.00233696117090942,-0.004655953465096597,-7.570656040807475e-05
20260930,sigmoid,artist_351545,3,-0.04086709787624545,-0.0004983792423932372,-0.007282434174471716,-0.015441791632486832,-0.00018831453210349795,0.017692738095610106,0.00021576509872695254,-0.16242786373871212,-0.00198082760656966,-0.0032914742293929642,-4.013992962674347e-05
20260930,sigmoid,artist_351985,7,-0.009693279803562776,-0.00027582503506072944,-0.007633388449374158,-0.014008739541490855,-0.00039862266987982105,-0.006651392229760167,-0.00018926725857041127,-0.01325751049388899,-0.0003772462335659469,-0.004855476949111088,-0.00013816397822673829
20260930,sigmoid,artist_352350,1,-0.02200182425199283,-8.943830996745053e-05,-0.007633595811319879,-0.04069340718747477,-0.00016542035442062916,-0.010894039973663505,-4.428471534009555e-05,-0.03004621463876253,-0.00012213908389740866,-0.006373635208070506,-2.5909086211668723e-05
20260930,sigmoid,artist_353215,1,-0.040962595306214857,-0.00016651461506591404,-0.007556204909057748,-0.004527265540688901,-1.8403518458084962e-05,0.010441570916387033,4.244541022921558e-05,-0.15986824498600186,-0.0006498709145772433,-0.009896441614555697,-4.022943745754348e-05
20260930,sigmoid,artist_353869,2,-0.017787026331803475,-0.00014460997017726402,-0.007609257153121952,0.03879325321499623,0.00031539230256094494,-0.004170202469877928,-3.390408512095876e-05,-0.10346200504177341,-0.0008411545125347432,-0.002309151030558794,-1.8773585614299137e-05
20260930,sigmoid,artist_355172,1,0.0024602215713617932,1.0000900696592655e-05,-0.007733440896313164,0.04871539886889292,0.00019803007670281676,-0.004766988146889152,-1.9378000597110374e-05,-0.0324690383049781,-0.00013198796058934187,-0.0016384861315784987,-6.660512729993897e-06
20260930,sigmoid,artist_355362,4,-0.07637740404356663,-0.0012419090088384818,-0.006556707363021061,-0.018997276202867036,-0.00030889880004661847,-0.0005349398542834783,-8.698209012739484e-06,-0.28514393946883937,-0.0046364868206315345,-0.0008334606482766145,-1.3552205663034383e-05
20260930,sigmoid,artist_356144,1,-0.03363888141970296,-0.00013674342040529658,-0.007586097618798613,-0.014753478540671171,-5.997349000272834e-05,-0.0027230208019290514,-1.1069190251744111e-05,-0.11651661480956656,-0.00047364477564864455,-0.0005624115266450623,-2.286225718069359e-06
20260930,sigmoid,artist_359034,20,0.007250049236534531,0.0005894348972792302,-0.009014308773256876,0.04202280975968453,0.003416488598348336,-0.005579574589599951,-0.0004536239503739797,-0.008991617124461043,-0.0007310257824765076,0.001548578900514585,0.00012590072361907197
20260930,sigmoid,artist_360275,2,-0.07870088444621663,-0.0006398445889936312,-0.007109963234151353,-0.007824814627924687,-6.36163790888186e-05,-0.0031914827587054334,-2.5947014298418156e-05,-0.30373101095948757,-0.002469357812678761,-5.622943874881183e-05,-4.5714990852692546e-07
20260930,sigmoid,artist_360831,1,0.08212984885254332,0.00033386117419733057,-0.008058623048481251,-0.032820424771307366,-0.00013341636085897304,-0.004968033365466452,-2.0195257583196962e-05,0.3693622909928054,0.00150147272761303,-0.0030544374458582697,-1.2416412381537681e-05
20260930,sigmoid,artist_362548,5,-0.0063211286931117135,-0.00012847822546975028,-0.007720444624729481,-0.010187370123909613,-0.0002070603683721466,-0.006712474301003584,-0.00013643240449194279,-0.0027450327167995504,-5.5793347902429886e-05,-0.005639637630734107,-0.00011462678111248185
20260930,sigmoid,artist_363013,1,-0.0083829465392705,-3.4077018452319106e-05,-0.007689183067290175,-0.001162458729215038,-4.725441988679016e-06,-0.009547505858630671,-3.8810999425327934e-05,-0.0011507979080587856,-4.67804027666173e-06,-0.021671023661177506,-8.809359211860775e-05
20260930,sigmoid,artist_363229,1,0.0859634769776161,0.00034944502836429305,-0.008074270510216242,-0.02440114066603572,-9.919162872372245e-05,-0.008271179693101878,-3.3622681679275924e-05,0.3775036952351883,0.0015345678668097086,-0.0009774669655863244,-3.973442949537904e-06
20260930,sigmoid,artist_366162,1,0.06776633793580293,0.0002754729184382233,-0.007999996473310882,-0.04117962238251188,-0.00016739683895330033,-0.005819724933435723,-2.3657418428600498e-05,0.3183757616704958,0.0012942104132946984,-0.000311062611336474,-1.2644821599043657e-06
20260930,sigmoid,artist_366513,1,0.10023257636747647,0.00040744949742876614,-0.008132511732215672,0.026488543110967322,0.00010767700451612732,-0.0037452089303067135,-1.522442654596225e-05,0.379119035191394,0.0015411342893959107,-0.0009320639021487135,-3.7888776510110303e-06
20260930,sigmoid,artist_367979,3,-0.003991397204867364,-4.86755756691142e-05,-0.007737689738315889,-0.0015910231434325735,-1.9402721261372847e-05,-0.010355919190015897,-0.00012629169743921825,-0.00034234477428134717,-4.174936271723746e-06,-0.003676301711739641,-4.483294770414196e-05
20260930,sigmoid,artist_368389,6,0.03695722109765296,0.000901395636528121,-0.008808233852547004,-0.02350996879522904,-0.0005734138730543669,-0.003176076019533664,-7.746526876911375e-05,0.1556622259712314,0.003796639657834912,0.01885270323414316,0.0004598220301010527
20260930,sigmoid,artist_371725,1,-0.00484084319675575,-1.9678224377055893e-05,-0.0077036406319535,-0.036805817689348194,-0.0001496171450786512,0.030400166045170374,0.0001235779107527251,-0.0009605195428116409,-3.9045509870391906e-06,-0.011997201600033536,-4.876911219525828e-05
20260930,sigmoid,artist_420796,4,0.0811356947577078,0.0013192795895562244,-0.009160229657257003,0.002598749552770667,4.2256090288953936e-05,-0.0049703599973032015,-8.08188617447675e-05,0.32742095956795836,0.005323918041755421,-0.0005065700925946172,-8.236912074709223e-06
20260930,sigmoid,artist_429795,1,-0.08192181933215152,-0.0003330155257404533,-0.007389024402829436,-0.04038641161105958,-0.00016417240492300642,-0.0027406503784855223,-1.114085519709562e-05,-0.27498070462924046,-0.0011178077423952865,-0.00957951070982048,-3.8941100446424716e-05
20260930,sigmoid,artist_431744,2,-0.05348074155614007,-0.0004348027768791876,-0.007316685716856898,0.038703552797334326,0.00031466303087263677,-0.009999413942582774,-8.129604831368109e-05,-0.23250160089258004,-0.001890256917825854,-0.01012550418673177,-8.232117224985178e-05
20260930,sigmoid,artist_434945,4,-0.0629937450242869,-0.0010242885369802746,-0.006777924867471965,-0.02381166016715082,-0.0003871814661325337,-0.0023618041073772858,-3.840331881914286e-05,-0.2236680488167515,-0.003636878842548805,-0.002133467005867992,-3.4690520420617755e-05
20260930,sigmoid,artist_436354,4,-0.0029129540594702782,-4.7365106658053305e-05,-0.007770995792510256,-0.014808904114583687,-0.0002407951888550193,-0.00662485876764457,-0.00010772128077470846,0.012311062027750043,0.0002001798703699194,-0.0025291153834029125,-4.1123827372405084e-05
20260930,sigmoid,artist_438392,3,0.07555298463670025,0.0009213778614231738,-0.008719719143767343,-0.014826727765686429,-0.0001808137532400784,-0.0017222610988037797,-2.1003184131753412e-05,0.31904970980797837,0.0038908501196094924,-0.0002887823966871521,-3.5217365449652695e-06
20260930,sigmoid,artist_438431,7,0.005481045340135842,0.00015596470480061338,-0.008077824750654035,0.023983896011331687,0.0006824685856883,0.0038763247793234213,0.0001103019246148941,-0.013515514619566042,-0.0003845878143778955,0.007579475189454308,0.0002156761232771551
20260930,sigmoid,artist_438759,1,-0.010142172706975705,-4.122834433729961e-05,-0.00768200255231995,-0.0011318325069532703,-4.600945150216546e-06,-0.003111745062623409,-1.2649370173265891e-05,-0.03472423391610813,-0.00014115542242320377,-0.0016008793422180147,-6.507639602512255e-06
20260930,sigmoid,artist_440149,1,-0.03236537420106664,-0.00013156656179295383,-0.007591295607446109,-0.023354364364591398,-9.49364405064691e-05,-0.002205732558240538,-8.96639251317292e-06,-0.09730003060594533,-0.00039552857969896475,-0.00660136927548928,-2.6834834453208454e-05
20260930,sigmoid,artist_443743,2,-0.02345898082584167,-0.00019072342134830627,-0.00756276572284295,-0.019746342622614158,-0.00016053937091556225,-0.009681471373738232,-7.871114937998562e-05,-0.05948897198033558,-0.00048365017870191526,-0.0049191373266787,-3.999298639576179e-05
20260930,sigmoid,artist_443856,1,-0.018657899734435296,-7.584512087168819e-05,-0.007647244482820114,-0.030935465575337634,-0.0001257539251029985,-0.008276593678611062,-3.364468975045147e-05,-0.028482544214709058,-0.00011578270005979291,-0.006936995469083426,-2.8199168573509863e-05
20260930,sigmoid,artist_444571,1,0.10326098148212037,0.00041976008732569255,-0.0081448725694183,0.04695367899848957,0.00019086861381499825,-0.007527584435592954,-3.059993673005266e-05,0.377509179345213,0.0015345901599398903,-0.003891347979628105,-1.581848772206547e-05
20260930,sigmoid,artist_457998,3,-0.025400973281714364,-0.00030976796685017513,-0.007473373984280741,0.03393424830802805,0.0004138322964393664,-0.009070067093497284,-0.00011061057431094248,-0.12322064012671193,-0.0015026907332525844,-0.003247434214676296,-3.960285627654019e-05
20260930,sigmoid,artist_461498,4,-0.010181408350765656,-0.00016555135529700254,-0.0076508560521582674,-0.017535464636696675,-0.00028512950628775083,-0.0008695890326425315,-1.4139659067358236e-05,-0.018038805654593915,-0.0002933139130828279,-0.0042817740791295045,-6.962234275007324e-05
20260930,sigmoid,artist_467520,4,-0.028257843553224037,-0.0004594771309467323,-0.007352071999225071,-0.013764567997173158,-0.0002238141137751733,-0.008891009008058922,-0.0001445692521635597,-0.08362284497620265,-0.0013597210565236204,-0.006752952231461431,-0.00010980410132457611
20260930,sigmoid,artist_470512,3,-0.09003071000844069,-0.0010979354879078133,-0.00667547600000017,-0.022976472375487045,-0.00028020088262789084,-0.0051926722670703985,-6.3325271549639e-05,-0.3311568880199794,-0.0040384986343899925,-0.0007968073712259044,-9.717163063730542e-06
20260930,sigmoid,artist_477289,1,-0.0037683395335425065,-1.5318453388384173e-05,-0.007708018197925799,-5.3314100039488756e-05,-2.1672398390036079e-07,-0.004371248729862845,-1.7769303779930263e-05,-0.0005183416033279752,-2.1070796883251024e-06,-0.010130453700939717,-4.118070610138097e-05
20260930,sigmoid,artist_477635,2,-0.0044465807921457755,-3.6151063350778663e-05,-0.0077186050673814415,-0.00403871808060688,-3.28351063463974e-05,0.016295501738857077,0.0001324837539744478,-0.0020245505127962186,-1.6459760266635924e-05,-0.02801855631403708,-0.0002277931407645291
20260930,sigmoid,artist_479495,1,-0.07672419269184787,-0.0003118869621619832,-0.00741023920544292,-0.030248463684179355,-0.00012296123448853397,-0.010065543619496242,-4.091684398169204e-05,-0.2599844685291431,-0.0010568474330452972,-0.006598294934572833,-2.682233713240989e-05
20260930,sigmoid,artist_484191,2,-0.01765468265034218,-0.0001435340052873348,-0.0076103419373962245,-0.003444640300937522,-2.800520569867904e-05,0.01677102988354666,0.00013634983645159887,-0.07926626753057463,-0.0006444411994355661,-0.00467885265340323,-3.8039452466692924e-05
20260930,sigmoid,artist_485239,4,-0.012503135602153008,-0.00020330301792118713,-0.007612480395110543,-0.012347882171149831,-0.00020077857188861514,-0.010705238786262963,-0.00017406892335386932,-0.01773655507085879,-0.00028839926944485835,-0.009222866380340446,-0.00014996530699740564
20260930,sigmoid,artist_486831,3,-0.04584804558453196,-0.0005591225071284385,-0.007220940992887932,-0.02674330283919116,-0.00032613783950233126,0.007090099409548513,8.646462694571358e-05,-0.156484501115684,-0.0019083475745815118,-0.007254477792801247,-8.846924137562497e-05
20260930,sigmoid,artist_489296,1,-0.08299117842642995,-0.000337362513928577,-0.007384659671832381,0.11165959411166637,0.00045390078907181454,-0.0029102136881757413,-1.1830136943803826e-05,-0.43834198444912026,-0.0017818779855655294,-0.0023721096800901616,-9.642722276789275e-06
20260930,sigmoid,artist_490028,2,-0.010739411593566563,-8.731228937858995e-05,-0.0076670244870419265,-0.030929990898877012,-0.0002514633406412765,-0.0017313382294298566,-1.407592056447038e-05,-0.028166517840468617,-0.0002289960800038099,0.01787020059450924,0.00014528618369519708
20260930,temperature,artist_000910,2,0.011716570644333183,9.525667190514784e-05,0.0016574085063530435,0.05985625444307069,0.00048663621498431456,0.0021696544769060533,1.7639467291919134e-05,-0.006994572669827091,-5.686644447013895e-05,-0.008165053672816917,-6.638255018550339e-05
20260930,temperature,artist_001311,2,-0.0015779548692418416,-1.2828901375949932e-05,0.0017663800269561174,-0.013771533176432899,-0.00011196368436124308,0.02228916699247513,0.00018121273977622057,-0.009270557205452574,-7.537038378416727e-05,-0.005558896087557023,-4.5194277134609946e-05
20260930,temperature,artist_001365,4,0.003673822244259102,5.973694706112361e-05,0.001707212925048647,0.01998955444726709,0.0003250334056466194,-0.002002724904216422,-3.256463258888491e-05,-0.001851085416692374,-3.009894986491665e-05,-0.001440455149321894,-2.342203494832348e-05
20260930,temperature,artist_001390,1,-0.005958548077448237,-2.4221740152228607e-05,0.0017706096527194172,-0.00027591271243672947,-1.1215963920192256e-06,-0.008464215131128758,-3.440737858182422e-05,-0.006296159665729679,-2.559414498264097e-05,-0.008797904800497783,-3.5763840652430015e-05
20260930,temperature,artist_001619,1,-0.002950430224391113,-1.1993618798337857e-05,0.0017583316206661228,0.006991700897733266,2.8421548364769375e-05,-0.0014107223531751763,-5.734643712094212e-06,-0.0047987284341881875,-1.9507026155236534e-05,-0.012583971007934354,-5.1154353690790054e-05
20260930,temperature,artist_002023,4,0.016041591202992256,0.0002608388813494676,0.001502786991846446,0.04255837631633188,0.000692006118964746,-0.00469583640377756,-7.635506347605789e-05,0.015235896086837295,0.00024773814775345195,0.011067928812577402,0.00017996632215573012
20260930,temperature,artist_002060,1,0.020320850254660038,8.260508233601641e-05,0.0016633468023842814,0.11186501296614682,0.00045473582506563745,-0.004442727416477554,-1.8059867546656724e-05,-0.011086109057916557,-4.5065483975270555e-05,-0.015052775473112553,-6.119014419964452e-05
20260930,temperature,artist_002824,1,0.0001372759136982235,5.580321695049735e-07,0.0017457287384698397,-0.02886189531479941,-0.00011732477770243663,-0.0026244493228956695,-1.0668493182502722e-05,0.03626367484166382,0.00014741331236448705,-0.004228226549175847,-1.7187912801527835e-05
20260930,temperature,artist_002831,5,0.023207441298564717,0.00047169596135294143,0.0012937909142986944,0.025612364288366656,0.0005205765099261516,0.0249062771061198,0.0005062251444333292,0.007573224695361802,0.0001539273312065407,0.034737899104410615,0.0007060548598457442
20260930,temperature,artist_003202,1,-0.006305896759628075,-2.5633726665154776e-05,0.0017720274024426,-0.03678756936013003,-0.00014954296487857736,0.029866262327355675,0.00012140757043640518,-0.008532390802673987,-3.4684515458024336e-05,-0.009769889203063958,-3.971499676042259e-05
20260930,temperature,artist_003274,1,-0.004029922134660564,-1.6381797295368146e-05,0.0017627377100957941,-0.0031971192308030486,-1.2996419637410767e-05,-0.008537720272074417,-3.470617996778218e-05,-7.685598839421212e-05,-3.1242271704964275e-07,-0.004307993047370577,-1.7512166859229986e-05
20260930,temperature,artist_003383,3,-0.002063783087008063,-2.5168086426927596e-05,0.0017861406012338816,-0.0008031941802586561,-9.795050978764098e-06,-0.0005095623394394677,-6.214174871213021e-06,-0.0028247416182673505,-3.444806851545549e-05,-0.004117634210066778,-5.0215051342277787e-05
20260930,temperature,artist_004337,2,-0.008625503870861282,-7.012604773057952e-05,0.0018241468220513589,-0.026028473381136927,-0.00021161360472469047,-0.001582941838728914,-1.2869445843324504e-05,-0.006156651262498087,-5.005407530486249e-05,-0.0007339490010811974,-5.96706504944063e-06
20260930,temperature,artist_005071,1,0.008012626701117595,3.257165325657559e-05,0.0017135844495415975,-0.020052796757465723,-8.15154339734379e-05,0.030435278639657115,0.00012372064487665494,0.022821001397656693,9.27682983644581e-05,-0.0011529764753777055,-4.686896241372787e-06
20260930,temperature,artist_005160,4,0.013573098936326551,0.00022070079571262686,0.0015435885169153007,0.03667209704194998,0.0005962942608447151,-0.004929840256908492,-8.016000417737387e-05,-0.001782887561060358,-2.8990041643257854e-05,0.02433302652132508,0.0003956589678264241
20260930,temperature,artist_005240,5,-0.0035489400473328755,-7.21329277913186e-05,0.0018489025604791424,-0.01614492269415196,-0.0003281488352469911,-0.004374329851682226,-8.890914332687451e-05,0.006697542399809934,0.00013612891056524257,-0.00037405004330724577,-7.602643156651336e-06
20260930,temperature,artist_005324,8,0.0201658532602848,0.000655800106025522,0.0011198066838509688,0.04537060196468682,0.001475466730558921,0.022020887125462803,0.0007161264105841562,0.01433824845620479,0.00046628450264080617,-0.0010663245052152147,-3.46772196817956e-05
20260930,temperature,artist_005721,4,0.002771163003205549,4.505956102773251e-05,0.0017221329125040776,-0.006778973402986131,-0.00011022720980465255,0.006608065527701503,0.00010744821996262607,0.013144782464657962,0.00021373630023834085,-0.0018892225765511398,-3.071906628538439e-05
20260930,temperature,artist_005987,2,0.00290931997622651,2.3653007936800894e-05,0.0017295990855998194,0.006406524700987466,5.2085566674694846e-05,-0.0033738035364086543,-2.74292970439728e-05,0.009071383584164552,7.375108605011832e-05,-0.0004668248438373261,-3.7953239336367975e-06
20260930,temperature,artist_006573,1,-0.006192368348425324,-2.517222905863953e-05,0.001771564021172385,-0.012333965189169738,-5.013806987467373e-05,-0.0033962715334408967,-1.3805981843255678e-05,-0.008069027568794719,-3.2800925076401296e-05,-0.0009702091022959465,-3.943939440227425e-06
20260930,temperature,artist_007320,4,-0.003098557890090518,-5.0383055123423054e-05,0.001819153092558558,-0.0038436094942862382,-6.249771535424777e-05,-0.0002265251522172041,-3.6833358084098227e-06,-0.004651432700775288,-7.563305204512663e-05,-0.003672664213083342,-5.9718117285908e-05
20260930,temperature,artist_007506,2,-0.002535959376929239,-2.0617555909993815e-05,0.0017742325229207683,-0.0051285628474641715,-4.1695632906212776e-05,-0.0014257664130634415,-1.1591596854174321e-05,-0.002546009565532907,-2.069926476043014e-05,-0.0010434986816564365,-8.48372911915802e-06
20260930,temperature,artist_007584,1,-0.015008539548782026,-6.101032336903263e-05,0.0018075483934187387,-0.03775160095057882,-0.00015346179248202773,-0.0023477859204641674,-9.543845205138891e-06,-0.006133869357854144,-2.4934428283959935e-05,-0.013800901966230975,-5.610122750500396e-05
20260930,temperature,artist_007625,1,-0.00574250437054927,-2.3343513701419798e-05,0.00176972784167085,-0.008638662915070622,-3.5116515914921224e-05,-0.0030059888128903273,-1.2219466719066372e-05,-0.010828872103727627,-4.40198052997058e-05,-0.0004964936505085052,-2.0182668719857935e-06
20260930,temperature,artist_007979,1,0.043718387753789126,0.00017771702338938668,0.0015678466493266117,0.0968988168057876,0.00039389762929181954,0.024436282312075508,9.933448094339638e-05,-0.0005802483426942778,-2.358733100383243e-06,0.05411870023998766,0.00021999471642271406
20260930,temperature,artist_336871,1,-0.004514190491530696,-1.8350367851750795e-05,0.0017647143156340394,-0.03725634001903495,-0.00015144853666274372,0.02608627277499742,0.000106041759247957,-0.006875004382813826,-2.7947172287861083e-05,-1.1690339271424976e-05,-4.7521704355386085e-08
20260930,temperature,artist_336896,1,-0.0034441397295822684,-1.4000568006431986e-05,0.0017603467615036378,-0.004343430082819875,-1.765621984886128e-05,0.008572381012839858,3.48470772879669e-05,-0.010102283257511925,-4.1066192103707016e-05,-0.007903226590837132,-3.2126937361126554e-05
20260930,temperature,artist_337627,2,-0.0026222132482986563,-2.1318806896737044e-05,0.0017749395218664191,-0.0263128740292259,-0.00021392580511565772,-0.0014108823361517076,-1.1470588098794371e-05,0.018544648194626437,0.00015076949751728812,-0.001309744822443454,-1.064833188978418e-05
20260930,temperature,artist_337712,1,-0.003388768059933321,-1.3775479918428133e-05,0.001760120754688744,-0.02566299782991291,-0.00010432112938988987,-0.00662581903512674,-2.6934223720027397e-05,-0.006271933485959884,-2.5495664577072697e-05,0.02500567811126625,0.00010164909801327744
20260930,temperature,artist_337907,4,-0.007464537128535113,-0.0001213745874558555,0.0018913180386485513,-0.028166786775147765,-0.00045799653292923195,-0.0056125937112837835,-9.126168636233794e-05,0.004933033464442911,8.021192625110424e-05,-0.0010118014921518164,-1.6452056782956363e-05
20260930,temperature,artist_337965,2,0.02606335553293666,0.0002118971994547696,0.0015398119089054742,0.09714771816633849,0.0007898188468808008,-0.007133924551494447,-5.799938659751583e-05,0.015042120784256097,0.00012229366491265119,-0.0008024922673535028,-6.524327376857746e-06
20260930,temperature,artist_338464,4,-0.007305000435542436,-0.00011878049488686888,0.0018886810685164411,-0.007593977595976068,-0.0001234793105036759,-0.0043967844477190154,-7.149243004421164e-05,-0.004604741586886539,-7.487384694124454e-05,-0.012624498111588122,-0.00020527639205834345
20260930,temperature,artist_338660,6,0.0037753102787835917,9.208073850691687e-05,0.0016882873131921143,0.0005030857980777662,1.2270385318969908e-05,-0.002051746366502646,-5.0042594304942586e-05,0.019764719420219682,0.0004820663273224313,-0.0031148177366604377,-7.597116430879116e-05
20260930,temperature,artist_338989,1,-0.004311097986480137,-1.7524788562927386e-05,0.0017638853666338333,-0.000998877221849548,-4.060476511583529e-06,-0.005012060712878966,-2.03742305401584e-05,-5.590980821984995e-05,-2.2727564317012176e-07,-0.011177544202972185,-4.54371715567975e-05
20260930,temperature,artist_339783,1,-0.0040350604876300405,-1.6402684909065206e-05,0.0017627586829650572,-0.003529529027756378,-1.4347678974619423e-05,-0.008543984931864132,-3.473164606448834e-05,-0.0004534957151129003,-1.843478516719107e-06,-0.0036132322757867525,-1.4687936080433953e-05
20260930,temperature,artist_340110,4,0.0019991637328052488,3.250672736268697e-05,0.001734893231023091,0.010313236518927384,0.00016769490274678672,-0.0029861861633254,-4.855587257439675e-05,0.004309438657458694,7.007217329201128e-05,-0.0036398340818396832,-5.9184294013653384e-05
20260930,temperature,artist_340185,1,-0.011427826360691059,-4.6454578701996174e-05,0.0017929332375489799,-0.03672889778663188,-0.00014930446254728406,0.012841417198742433,5.2200882921717205e-05,-0.011452793164447216,-4.6556069774175674e-05,-0.010371031690427576,-4.215866540824218e-05
20260930,temperature,artist_340438,1,-0.005997212732381485,-2.43789135462662e-05,0.001770767467637512,-0.006563053872523983,-2.6679080782617815e-05,-0.007495980540888653,-3.0471465613368506e-05,-0.008657544156032149,-3.519326892695995e-05,-0.0012722723600811585,-5.17183886211853e-06
20260930,temperature,artist_340942,1,0.009940510818395263,4.0408580562582367e-05,0.0017057155347771989,0.026829367500653012,0.00010906246951484964,-0.006087546876079639,-2.4746125512518855e-05,0.02756720377176436,0.00011206180395026162,-0.008546981122756682,-3.4743825702262934e-05
20260930,temperature,artist_341968,3,-0.0037694191822302413,-4.596852661256392e-05,0.001807197836977365,-0.01392463664809182,-0.00016981264204990026,-0.0019859854420460287,-2.4219334659097912e-05,0.00225468664318128,2.7496178575381464e-05,-0.0014217412819643937,-1.733830831663895e-05
20260930,temperature,artist_342111,1,-0.0021449652783391655,-8.71937105015921e-06,0.001755044008641421,-0.00588970853633277,-2.3941904619238902e-05,0.005992150819241482,2.435833666358326e-05,-0.004841026984634251,-1.967897148225305e-05,-0.0038412764116311227,-1.561494476272814e-05
20260930,temperature,artist_342552,1,0.007872132574868556,3.20005389222299e-05,0.0017141578949548587,-0.027884757963989787,-0.00011335267465036499,-0.0018409990508086263,-7.4837359788968545e-06,0.015577584604114791,6.332351465087314e-05,0.04563670271015785,0.00018551505166730835
20260930,temperature,artist_346550,2,-0.005838329920285495,-4.7466096912890205e-05,0.001801301133931885,-0.021958349121720882,-0.00017852316359122668,-0.0020979959589467684,-1.7056877715014378e-05,0.005195192925652847,4.223734085896624e-05,-0.0044921675261271775,-3.6521687204285994e-05
20260930,temperature,artist_346644,4,0.0022512517946000816,3.66057202373997e-05,0.0017307264862000359,-0.006504334937870868,-0.00010576154370521737,-0.0036652683729838913,-5.95978597233153e-05,0.005818838488922899,9.461525998248617e-05,0.013355772000332188,0.00021716702439564532
20260930,temperature,artist_348126,6,0.008337569252684902,0.00020335534762646104,0.0015742308388445815,-0.0049329195179496485,-0.00012031511019389386,0.01644214037286067,0.0004010278139722115,0.0034422424199964945,8.395713219503645e-05,0.018398813735832093,0.00044875155453249
20260930,temperature,artist_348729,1,-0.0025858931252337484,-1.0511760671681905e-05,0.00175684371413895,-0.03194571774480995,-0.00012986064123906484,-0.006367918884669924,-2.5885849124674488e-05,0.02951155391435123,0.00011996566631850094,-0.0015414897858063532,-6.266218641489241e-06
20260930,temperature,artist_348759,5,-0.003304228166530098,-6.7159109075815e-05,0.0018438255505039813,-0.016873508636621695,-0.0003429574926142621,0.00634840572589634,0.00012903263670521016,-0.002371805340405303,-4.820742561799396e-05,-0.00032000441498973543,-6.504154776214135e-06
20260930,temperature,artist_349425,1,0.03170282746149794,0.00012887328236381278,0.0016168897525604532,0.13233081833838922,0.0005379301558471107,-0.001890758470684541,-7.686010043433093e-06,-0.0035722338374645926,-1.452127576205119e-05,-5.651618424832971e-05,-2.2974058637532403e-07
20260930,temperature,artist_349426,1,0.03851835065998511,0.00015657866121945166,0.0015890712905258118,0.12926416320654255,0.0005254640780753763,0.02973133918951587,0.00012085910239640597,-0.004583719520549728,-1.8633006181096456e-05,-0.000338380235568247,-1.3755294128790527e-06
20260930,temperature,artist_349503,2,0.0003866476764771763,3.1434770445298888e-06,0.0017502767274010435,-0.025711787814310952,-0.00020903892531960123,-0.001852026508506359,-1.5057126085417553e-05,0.03171568669095173,0.00025785111130855067,-0.002605281662225716,-2.1181151725412327e-05
20260930,temperature,artist_351221,4,-0.008462141738718103,-0.00013759580062956266,0.0019078073710482703,-0.024622252711278464,-0.00040036183270371486,-0.00395682601252173,-6.433863434994683e-05,0.0003792436105440719,6.166562773074341e-06,-0.00564873184161629,-9.184929823766325e-05
20260930,temperature,artist_351545,3,-0.0024406726407720613,-2.9764300497220262e-05,0.0017907935586877579,-0.015083745480515087,-0.00018394811561603763,0.012148970599027198,0.00014815817803691704,-0.00277684190517073,-3.3863925672813775e-05,-0.004051073776429628,-4.9403338736946676e-05
20260930,temperature,artist_351985,7,-0.007698440842607593,-0.00021906132478964694,0.0020156062876027702,-0.016074684828819637,-0.0004574097309013718,-0.00584822157314614,-0.00016641280899196332,-0.0033586167594849108,-9.557039559509909e-05,-0.005512240208979684,-0.0001568523636701536
20260930,temperature,artist_352350,1,-0.014399949935139942,-5.853638185016237e-05,0.0018050643541793834,-0.03596059329198355,-0.00014618127354464858,-0.00593106007640154,-2.4110000310575365e-05,-0.008734376871282565,-3.5505597037734e-05,-0.006973769500892115,-2.8348656507691526e-05
20260930,temperature,artist_353215,1,-0.005805585219032822,-2.3599939914767567e-05,0.001769985314521803,-0.004503718451674159,-1.8307798584041298e-05,0.002624577558863639,1.0669014466925361e-05,-0.006434499464443605,-2.6156501887982134e-05,-0.01490870051887716,-6.0604473653972195e-05
20260930,temperature,artist_353869,2,0.008301812812724078,6.749441311157787e-05,0.0016853983246449215,0.04624789712127662,0.00037599916358761477,-0.0040264936754150155,-3.273572093833346e-05,-0.006661724855855011,-5.416036468174806e-05,-0.002352427339110269,-1.91254255212217e-05
20260930,temperature,artist_355172,1,0.005528649593687084,2.2474185340191398e-05,0.0017237231316127423,0.037520563338880264,0.00015252261519870027,-0.004662177073454616,-1.8951939322986244e-05,-0.009097273865814097,-3.6980788072415026e-05,-0.0016465140248632176,-6.693146442533405e-06
20260930,temperature,artist_355362,4,-0.0013364831464968174,-2.1731433276371015e-05,0.0017900278901851084,-0.017795767262761268,-0.00028936206931319135,-0.0005636595534875557,-9.165195991667572e-06,0.013839746652334006,0.00022503653093226025,-0.000826252422072451,-1.3434998732885382e-05
20260930,temperature,artist_356144,1,-0.007092952728140945,-2.8833141171304654e-05,0.001775239875783469,-0.014532699069763205,-5.907601247871222e-05,-0.0027549259902555938,-1.119888613925038e-05,-0.010530230128408397,-4.280581353011543e-05,-0.0005539557241365835,-2.251852537140583e-06
20260930,temperature,artist_359034,20,0.010111029531929333,0.0008220349212950677,0.000998319584956736,0.04067608105234731,0.0033069984595404315,-0.004105198866337065,-0.0003337560053932573,0.0023223829040539767,0.00018881161821577048,0.001550853037653107,0.00012608561281732576
20260930,temperature,artist_360275,2,0.0029776048016813654,2.4208169119360693e-05,0.0017290393739157633,-0.002651104327599416,-2.1553693720320455e-05,-0.003189929906132246,-2.5934389480749965e-05,0.01780616562091998,0.000144765574153821,-5.4712180462858064e-05,-4.448144753077891e-07
20260930,temperature,artist_360831,1,-0.013950130300269736,-5.670784674906397e-05,0.0018032283556697092,-0.037745933523498296,-0.00015343875416056217,-0.004841753129757206,-1.968192329169596e-05,-0.010070825841699466,-4.0938316429672626e-05,-0.003142008706123973,-1.2772393114325093e-05
20260930,temperature,artist_362548,5,-0.0027037176959007004,-5.4953611705298794e-05,0.0018313668270469397,-0.008678183589964158,-0.00017638584532447477,-0.0047050244393266995,-9.563057803509551e-05,0.0029047109417342544,5.903884027915151e-05,-0.0003363736960461966,-6.836863740776354e-06
20260930,temperature,artist_363013,1,-0.006053851536746042,-2.4609152588398545e-05,0.0017709986464308368,-0.0011604953805378867,-4.717460896495474e-06,-0.00827865901998151,-3.365308544707931e-05,-0.0007536475718916448,-3.0636080158196943e-06,-0.014022604174573128,-5.700245599419971e-05
20260930,temperature,artist_363229,1,-0.007987991290761777,-3.247150931203975e-05,0.0017788930944064112,-0.02375957689545704,-9.658364591649203e-05,-0.007499577103715065,-3.048608578745961e-05,0.00027799174581116803,1.13004774719987e-06,-0.0009708029096861726,-3.946353291407206e-06
20260930,temperature,artist_366162,1,-0.013840305340573301,-5.6261403823468705e-05,0.0018027800905280908,-0.03775084915313434,-0.00015345873639485504,-0.005583984706411985,-2.2699124822812945e-05,-0.011721791480263949,-4.764955886286158e-05,-0.00030459602248292955,-1.2381952133452421e-06
20260930,temperature,artist_366513,1,0.006996356235444421,2.844047250180659e-05,0.0017177324922586308,0.03917850238800352,0.0001592622048292826,-0.0037264083547578087,-1.5148001442104914e-05,-0.006541753700196273,-2.6592494716245013e-05,-0.0009249153912717572,-3.7598186637063302e-06
20260930,temperature,artist_367979,3,-0.0027676312577635405,-3.3751600704433416e-05,0.0017948300848234552,-0.0015868444083790075,-1.9351761077792776e-05,-0.006342576651513984,-7.734849575017053e-05,-0.00026095683947082886,-3.1824004813515714e-06,-0.002880147131690342,-3.51237455084188e-05
20260930,temperature,artist_368389,6,-0.0009098984583767303,-2.2192645326261714e-05,0.0018054175316211223,-0.024471068043341666,-0.0005968553181302846,-0.0030284007302524064,-7.386343244518065e-05,0.002337501252517197,5.701222567115114e-05,0.021522373687569957,0.0005249359435992672
20260930,temperature,artist_371725,1,0.001145080683153446,4.654799525014008e-06,0.0017416152496149205,-0.034880565539252645,-0.00014179091682623026,0.03000080359482249,0.00012195448615781499,-0.0006461595567857248,-2.626664864982621e-06,0.010106244233829664,4.108229363345392e-05
20260930,temperature,artist_420796,4,0.0005324223558308929,8.657274078551105e-06,0.0017591368901466338,0.013207293096423503,0.0002147527332751789,-0.0048118062543688386,-7.824075210355836e-05,-0.005764236690142578,-9.372742585597688e-05,-0.0005015607285885154,-8.155459001439275e-06
20260930,temperature,artist_429795,1,-0.010969750517920459,-4.4592481780164465e-05,0.0017910635402315488,-0.03748226797405183,-0.00015236694298395053,-0.002771962882761156,-1.1268141799842098e-05,0.01155745099483424,4.698150810908228e-05,-0.015182222209703083,-6.171635044594749e-05
20260930,temperature,artist_431744,2,0.004819265427161894,3.918101973302353e-05,0.0017139437950183817,0.035054441538778784,0.00028499545966486814,-0.00807970113974987,-6.568862715243796e-05,0.005620043476929723,4.569141038154246e-05,-0.013317722167311065,-0.00010827416396187858
20260930,temperature,artist_434945,4,-0.00427821943852216,-6.956454371580748e-05,0.0018386516305491638,-0.0224641559678854,-0.0003652708287461041,-0.002379859183222933,-3.869689728817778e-05,0.009905687395549836,0.00016106808773251765,-0.0021745499985301453,-3.535853656146578e-05
20260930,temperature,artist_436354,4,-0.009946705018917399,-0.0001617350409580065,0.0019323456070846222,-0.0222943645432169,-0.0003625099925726325,-0.00466650884260147,-7.587819256262553e-05,-0.008178315488371387,-0.00013298073964831524,-0.004647631201479837,-7.557123904845264e-05
20260930,temperature,artist_438392,3,-0.006324098761213127,-7.712315562455032e-05,0.0018387370910388822,-0.01446434418010302,-0.00017639444122076854,-0.0017695156780747551,-2.1579459488716527e-05,-0.008779231929475743,-0.00010706380401799686,-0.0002833032571989868,-3.4549177707193517e-06
20260930,temperature,artist_438431,7,0.0110977437175465,0.00031578945537733943,0.0014650904218241987,0.02802848184934153,0.0007975584266072792,0.00304071107213436,8.652429880057121e-05,0.0023930069335038784,6.809369322978515e-05,0.010928775015206232,0.0003109814028717221
20260930,temperature,artist_438759,1,-0.00381889007810245,-1.552394340692053e-05,0.0017618763547629036,-0.0011299637328334115,-4.593348507452892e-06,-0.0031283176036701367,-1.271673822630137e-05,-0.00940958609196051,-3.8250349967319143e-05,-0.0016076928839457417,-6.535336926608706e-06
20260930,temperature,artist_440149,1,-0.011447931423769596,-4.653630660068941e-05,0.001793015299030933,-0.024726978699674836,-0.00010051617357591396,-0.0022507338434073435,-9.149324566696519e-06,-0.011553314395367262,-4.696469266409456e-05,-0.007260698756628941,-2.9515035596052606e-05
20260930,temperature,artist_443743,2,-0.009824367933982189,-7.987291003237552e-05,0.001833973576667104,-0.019133707205626446,-0.00015555859516769467,-0.0034041075831170164,-2.767567140745542e-05,-0.011530006036034282,-9.373988647182343e-05,-0.005229650911151015,-4.2517487082528573e-05
20260930,temperature,artist_443856,1,-0.01704052814207362,-6.927043960192529e-05,0.0018158422244117657,-0.03679737370636789,-0.0001495828199445849,-0.007503309745855141,-3.0501259129492445e-05,-0.008484235301202635,-3.4488761387002585e-05,-0.015377193814868809,-6.250891794662117e-05
20260930,temperature,artist_444571,1,0.009008143991891539,3.661847151175422e-05,0.0017095211136608874,0.0467808185514208,0.00019016592907081627,-0.006961941539223394,-2.8300575362696726e-05,0.00027300490235304675,1.1097760258253933e-06,-0.0040593059469842966,-1.6501243686928035e-05
20260930,temperature,artist_457998,3,0.008301213634022116,0.00010123431261002581,0.0016581776787520273,0.034440131348210855,0.00042000160180744945,-0.007876570040629877,-9.605573220280338e-05,0.010029479978406313,0.00012231073144397943,-0.0033881867498988215,-4.131935060852221e-05
20260930,temperature,artist_461498,4,-0.004724481939413186,-7.682084454330383e-05,0.001846027870233313,-0.01716060126920301,-0.00027903416697891073,0.008013904636614621,0.0001303073924652784,-0.005226440440355924,-8.498277138790121e-05,-0.004524790684708426,-7.357383227168173e-05
20260930,temperature,artist_467520,4,-0.009144095744684623,-0.0001486844836534085,0.0019190793380890392,-0.01343212807068721,-0.00021840858651523917,-0.0068960064487519224,-0.00011213018615856785,-0.008362380126728176,-0.00013597366059720612,-0.007885868332571178,-0.00012822550134262078
20260930,temperature,artist_470512,3,-0.0006625771407843448,-8.080209033955425e-06,0.0017688417623916133,-0.018757244277963995,-0.0002287468814385853,-0.005039347909593724,-6.145546231211859e-05,0.021938967458024244,0.00026754838363444197,-0.000792683833603904,-9.666876019559805e-06
20260930,temperature,artist_477289,1,-0.0030701877910186675,-1.2480438174872633e-05,0.001758820427060521,-5.3314924081231855e-05,-2.1672733366354411e-07,-0.004304203021356732,-1.749676024941761e-05,-0.00038022972169824494,-1.5456492751961176e-06,-0.00754300349693846,-3.0662615841213256e-05
20260930,temperature,artist_477635,2,0.0021006611041524954,1.707854556221541e-05,0.0017362274370102623,-0.0040187754613911775,-3.267297123082258e-05,0.02903101894033705,0.0002360245442303825,-0.0012116546903199353,-9.850851140812482e-06,-0.015397944372015956,-0.00012518653960988583
20260930,temperature,artist_479495,1,-0.00993937838827288,-4.0403977188101134e-05,0.001786857939702375,-0.03284765080801679,-0.0001335270358049463,-0.008509839094640509,-3.459284184813215e-05,0.008856772956322312,3.6003142098871184e-05,-0.0072567966067565316,-2.9499173198197283e-05
20260930,temperature,artist_484191,2,-0.0008830874733856393,-7.179572954354791e-06,0.0017606843925638536,-0.0034302518090821342,-2.7888226090098654e-05,0.010642498751353882,8.652438009230798e-05,-0.005522389627481784,-4.489747664619337e-05,-0.00522220720833252,-4.2456969173435124e-05
20260930,temperature,artist_485239,4,-0.009438907885338518,-0.00015347817699737427,0.0019239522660337318,-0.01213172535012929,-0.00019726382683137055,-0.006667842934763496,-0.00010842021032135766,-0.006048959473072219,-9.83570646028003e-05,-0.012907103783389062,-0.00020987160623396847
20260930,temperature,artist_486831,3,-0.00717962627970831,-8.755641804522329e-05,0.0018492991591684523,-0.025344673794362935,-0.00030908138773613335,0.005841710903606394,7.12403768732487e-05,0.000326567293551108,3.9825279701354635e-06,-0.009542109521627809,-0.000116367189288144
20260930,temperature,artist_489296,1,0.039934866016556145,0.00016233685372583797,0.0015832895951928686,0.12356995839371343,0.0005023169040394855,-0.0029353291773884125,-1.193223242840818e-05,0.04151781857456327,0.0001687716202218019,-0.0024129837246637,-9.808876929527237e-06
20260930,temperature,artist_490028,2,-0.005471517837254262,-4.4483884855725707e-05,0.0017982944775135964,-0.029782842220517677,-0.00024213692862209494,-0.0017787193467335692,-1.446113290027292e-05,-0.008422729338698661,-6.84774742983631e-05,0.01809821955693286,0.00014713999639782814
