outer_seed,method,low_fraction,high_fraction,repeat,label,success,larger_minus_smaller_brier,larger_minus_smaller_log_loss
20260926,sigmoid,0.25,0.5,0,macro,True,-0.000438957688200816,-0.006012464516884586
20260926,sigmoid,0.25,0.5,0,electronic,True,-0.0023946777367022942,-0.008555540044206666
20260926,sigmoid,0.25,0.5,0,pop,True,0.006147640163092077,0.016146807452689038
20260926,sigmoid,0.25,0.5,0,ambient,True,0.006321802483210293,0.01754389044349025
20260926,sigmoid,0.25,0.5,0,rock,True,-0.01183059566240334,-0.049185015919510966
20260926,sigmoid,0.25,0.5,1,macro,True,-0.00971648197578619,-0.031748265789921806
20260926,sigmoid,0.25,0.5,1,electronic,True,-0.001022099762379186,-0.006071096052705727
20260926,sigmoid,0.25,0.5,1,pop,True,-0.050695092180340406,-0.15812395654570705
20260926,sigmoid,0.25,0.5,1,ambient,True,0.002869039543237306,0.0070538479984409985
20260926,sigmoid,0.25,0.5,1,rock,True,0.009982224496337525,0.030148141440284548
20260926,sigmoid,0.25,0.5,2,macro,True,0.004089916173693579,0.009363604706044526
20260926,sigmoid,0.25,0.5,2,electronic,True,0.00033504263712083593,0.00026981310033985517
20260926,sigmoid,0.25,0.5,2,pop,True,0.0071215870200983244,0.012162949886438235
20260926,sigmoid,0.25,0.5,2,ambient,True,0.004581586997176146,0.011663915049590357
20260926,sigmoid,0.25,0.5,2,rock,True,0.004321448040379011,0.013357740787809658
20260926,sigmoid,0.25,0.5,3,macro,True,-0.006896472756207365,-0.03036118598074844
20260926,sigmoid,0.25,0.5,3,electronic,True,-0.003755785451106858,-0.016754248882281497
20260926,sigmoid,0.25,0.5,3,pop,True,-0.027177075754737184,-0.06996749692792109
20260926,sigmoid,0.25,0.5,3,ambient,True,0.009986273675405333,0.027088634641255716
20260926,sigmoid,0.25,0.5,3,rock,True,-0.00663930349439075,-0.061811632754046886
20260926,sigmoid,0.25,0.5,4,macro,True,-4.110486992627352e-05,-0.0023031128030687603
20260926,sigmoid,0.25,0.5,4,electronic,True,0.0036634118144299177,0.014577425282604972
20260926,sigmoid,0.25,0.5,4,pop,True,0.007976339807488575,0.01782410832042658
20260926,sigmoid,0.25,0.5,4,ambient,True,-0.012494317056317927,-0.03388245245786736
20260926,sigmoid,0.25,0.5,4,rock,True,0.0006901459546943406,-0.00773153235743923
20260926,sigmoid,0.25,0.5,5,macro,True,-0.0010257623211606531,-0.49601191922279525
20260926,sigmoid,0.25,0.5,5,electronic,True,0.006640659238388413,0.019095088463523646
20260926,sigmoid,0.25,0.5,5,pop,True,-0.001583987098370404,0.008967398641272384
20260926,sigmoid,0.25,0.5,5,ambient,True,0.007918227493324576,0.018501824685121016
20260926,sigmoid,0.25,0.5,5,rock,True,-0.017077948917985197,-2.030611988681098
20260926,sigmoid,0.25,0.5,6,macro,True,-0.007787020037263292,-0.07869591991069093
20260926,sigmoid,0.25,0.5,6,electronic,True,-0.026610191743598244,-0.23912247747633208
20260926,sigmoid,0.25,0.5,6,pop,True,-0.009152247162732108,-0.08124103641020441
20260926,sigmoid,0.25,0.5,6,ambient,True,0.006645589821199976,0.016107157318957566
20260926,sigmoid,0.25,0.5,6,rock,True,-0.002031231063922792,-0.01052732307518478
20260926,sigmoid,0.25,0.5,7,macro,True,-0.005651527216979219,-0.018425724042853364
20260926,sigmoid,0.25,0.5,7,electronic,True,-0.004937663130286568,-0.017523934842974986
20260926,sigmoid,0.25,0.5,7,pop,True,-0.007155596687145521,-0.017924132934595216
20260926,sigmoid,0.25,0.5,7,ambient,True,-0.00683223394061408,-0.02003145861618194
20260926,sigmoid,0.25,0.5,7,rock,True,-0.003680615109870708,-0.018223369777661313
20260926,sigmoid,0.25,0.5,8,macro,True,-0.0051815318376615994,-0.013154352597563382
20260926,sigmoid,0.25,0.5,8,electronic,True,-0.0029913160618323387,-0.005647334334471121
20260926,sigmoid,0.25,0.5,8,pop,True,-0.0020695906960533084,0.006354511412088593
20260926,sigmoid,0.25,0.5,8,ambient,True,-0.002910831882204562,-0.007915514490200837
20260926,sigmoid,0.25,0.5,8,rock,True,-0.012754388710556189,-0.04540907297767016
20260926,sigmoid,0.25,0.5,9,macro,True,-0.004394286511675224,-0.01566411294349883
20260926,sigmoid,0.25,0.5,9,electronic,True,-0.0030746619642566253,-0.011538843522791942
20260926,sigmoid,0.25,0.5,9,pop,True,0.006064808977794572,0.012457539343773916
20260926,sigmoid,0.25,0.5,9,ambient,True,-0.015594615498730535,-0.04108850534756725
20260926,sigmoid,0.25,0.5,9,rock,True,-0.004972677561508307,-0.022486642247410038
20260926,sigmoid,0.25,0.5,10,macro,True,-0.0033176130762559604,-0.00922757333662598
20260926,sigmoid,0.25,0.5,10,electronic,True,-0.0031574690345119727,-0.01214940729502062
20260926,sigmoid,0.25,0.5,10,pop,True,-0.01353761790837435,-0.029768612302483455
20260926,sigmoid,0.25,0.5,10,ambient,True,-0.0031055849048424178,-0.010648037786697429
20260926,sigmoid,0.25,0.5,10,rock,True,0.006530219542704899,0.015655764037697584
20260926,sigmoid,0.25,0.5,11,macro,True,-0.002318619033888601,-0.004394919553871307
20260926,sigmoid,0.25,0.5,11,electronic,True,0.0025399229315884175,0.009338727676620695
20260926,sigmoid,0.25,0.5,11,pop,True,0.0007110812492537588,0.003063976037652516
20260926,sigmoid,0.25,0.5,11,ambient,True,0.000654560499710577,0.0029025601313358296
20260926,sigmoid,0.25,0.5,11,rock,True,-0.013180040816107158,-0.03288494206109427
20260926,sigmoid,0.25,0.5,12,macro,True,-0.004524407901719096,-0.019648872845429363
20260926,sigmoid,0.25,0.5,12,electronic,True,-0.007202999429972434,-0.02297774816303133
20260926,sigmoid,0.25,0.5,12,pop,True,-0.008922341555884283,-0.06008699962789521
20260926,sigmoid,0.25,0.5,12,ambient,True,0.005574779652321504,0.013780617260788885
20260926,sigmoid,0.25,0.5,12,rock,True,-0.007547070273341172,-0.009311360851579797
20260926,sigmoid,0.25,0.5,13,macro,True,-0.013370320768381752,-0.06510104356041647
20260926,sigmoid,0.25,0.5,13,electronic,True,-0.0068058701352173845,-0.029683098710888756
20260926,sigmoid,0.25,0.5,13,pop,True,-0.017691558660573314,-0.1497810017167121
20260926,sigmoid,0.25,0.5,13,ambient,True,-0.030022586702314447,-0.07737651864732781
20260926,sigmoid,0.25,0.5,13,rock,True,0.001038732424578137,-0.003563555166737231
20260926,sigmoid,0.25,0.5,14,macro,True,-0.002634759140387046,-0.005144145443019388
20260926,sigmoid,0.25,0.5,14,electronic,True,-0.0011346070240627337,-0.004251379279251122
20260926,sigmoid,0.25,0.5,14,pop,True,-0.0005781462316678254,0.009376509053431403
20260926,sigmoid,0.25,0.5,14,ambient,True,-0.003325641364028048,-0.010912392179362906
20260926,sigmoid,0.25,0.5,14,rock,True,-0.0055006419417895774,-0.014789319366894926
20260926,sigmoid,0.25,0.5,15,macro,True,0.004575649029740232,0.010122618484876417
20260926,sigmoid,0.25,0.5,15,electronic,True,-0.0027323378608897497,-0.014343949219985497
20260926,sigmoid,0.25,0.5,15,pop,True,-0.0030353912825705764,-0.01070129675385928
20260926,sigmoid,0.25,0.5,15,ambient,True,0.026996726634067936,0.0730734328237071
20260926,sigmoid,0.25,0.5,15,rock,True,-0.002926401371646681,-0.007537712910356653
20260926,sigmoid,0.25,0.5,16,macro,True,-0.004085445691403181,-0.01993232691381798
20260926,sigmoid,0.25,0.5,16,electronic,True,-0.014160680785215152,-0.07481231166868008
20260926,sigmoid,0.25,0.5,16,pop,True,-0.005664380675954206,-0.009153797725420187
20260926,sigmoid,0.25,0.5,16,ambient,True,0.00442615594808235,0.011289510245261536
20260926,sigmoid,0.25,0.5,16,rock,True,-0.0009428772525257173,-0.007052708506433192
20260926,sigmoid,0.25,0.5,17,macro,True,0.0028352210825077946,0.009336060206325228
20260926,sigmoid,0.25,0.5,17,electronic,True,-0.0006690607381650837,-0.0014020646935561376
20260926,sigmoid,0.25,0.5,17,pop,True,9.717763066613427e-05,-0.0032182831474389384
20260926,sigmoid,0.25,0.5,17,ambient,True,0.007485317728811114,0.028958509134425714
20260926,sigmoid,0.25,0.5,17,rock,True,0.004427449708719014,0.013006079531870274
20260926,sigmoid,0.25,0.5,18,macro,True,-0.004614278948936623,-0.03158287432331251
20260926,sigmoid,0.25,0.5,18,electronic,True,-0.0007737395798367575,-0.004429095320580556
20260926,sigmoid,0.25,0.5,18,pop,True,-0.008832149260262295,-0.0939372822487683
20260926,sigmoid,0.25,0.5,18,ambient,True,-0.014056878999690464,-0.04406981041924807
20260926,sigmoid,0.25,0.5,18,rock,True,0.005205652044043024,0.016104690695346868
20260926,sigmoid,0.25,0.5,19,macro,True,-0.0023571489437223883,-0.009930002397101262
20260926,sigmoid,0.25,0.5,19,electronic,True,0.0013721763559474687,0.0075071249219826885
20260926,sigmoid,0.25,0.5,19,pop,True,-0.000702512943304423,-0.0034645143991427485
20260926,sigmoid,0.25,0.5,19,ambient,True,-0.014352782970004307,-0.04429551387779973
20260926,sigmoid,0.25,0.5,19,rock,True,0.004254523782471709,0.0005328937665547429
20260926,sigmoid,0.25,0.5,20,macro,True,-0.008806263473658048,-0.023815291534907065
20260926,sigmoid,0.25,0.5,20,electronic,True,-0.006304906679576505,-0.016146421593114857
20260926,sigmoid,0.25,0.5,20,pop,True,-0.007040379366410304,-0.01628500616592843
20260926,sigmoid,0.25,0.5,20,ambient,True,-0.00528633190106742,-0.013141398121397474
20260926,sigmoid,0.25,0.5,20,rock,True,-0.016593435947577964,-0.0496883402591875
20260926,sigmoid,0.25,0.5,21,macro,True,-0.009329302001556072,-0.028470805749400863
20260926,sigmoid,0.25,0.5,21,electronic,True,0.0065431295943398915,0.02338532560100748
20260926,sigmoid,0.25,0.5,21,pop,True,-0.012328098811466237,-0.030117825362739714
20260926,sigmoid,0.25,0.5,21,ambient,True,-0.025059612754458366,-0.09121695170611538
20260926,sigmoid,0.25,0.5,21,rock,True,-0.006472626034639578,-0.015933771529755836
20260926,sigmoid,0.25,0.5,22,macro,True,0.0012520503014170417,-0.005511111503064894
20260926,sigmoid,0.25,0.5,22,electronic,True,5.7767812566666965e-05,0.0023328500822730747
20260926,sigmoid,0.25,0.5,22,pop,True,0.0036446671857348345,-0.00574969430684702
20260926,sigmoid,0.25,0.5,22,ambient,True,-0.00341055401525453,-0.03150405816653945
20260926,sigmoid,0.25,0.5,22,rock,True,0.004716320222621195,0.012876456378853818
20260926,sigmoid,0.25,0.5,23,macro,True,-0.006558253860055242,-0.026620391253239978
20260926,sigmoid,0.25,0.5,23,electronic,True,-0.008911962765233511,-0.026000220231160054
20260926,sigmoid,0.25,0.5,23,pop,True,0.0024590586305591466,0.006056495410992846
20260926,sigmoid,0.25,0.5,23,ambient,True,-0.015276533806956288,-0.06719153544722234
20260926,sigmoid,0.25,0.5,23,rock,True,-0.0045035774985903165,-0.019346304745570364
20260926,sigmoid,0.25,0.5,24,macro,True,-0.007042232206283257,-0.02560979919908843
20260926,sigmoid,0.25,0.5,24,electronic,True,-0.02025167421877372,-0.0768183187197315
20260926,sigmoid,0.25,0.5,24,pop,True,0.003090545913167403,0.008450048907770014
20260926,sigmoid,0.25,0.5,24,ambient,True,-0.009779555251110489,-0.02699337659269735
20260926,sigmoid,0.25,0.5,24,rock,True,-0.0012282452684162226,-0.007077550391694887
20260926,sigmoid,0.25,0.5,25,macro,True,-0.004172485108119871,-0.008611745753441924
20260926,sigmoid,0.25,0.5,25,electronic,True,0.0026184760612163183,0.009201115761280354
20260926,sigmoid,0.25,0.5,25,pop,True,-0.00010949620884925793,-0.0032334319810595202
20260926,sigmoid,0.25,0.5,25,ambient,True,-0.005989795095899059,-0.012929608917662372
20260926,sigmoid,0.25,0.5,25,rock,True,-0.013209125188947485,-0.027485057876326158
20260926,sigmoid,0.25,0.5,26,macro,True,-0.0033803306019972654,-0.00877605780868132
20260926,sigmoid,0.25,0.5,26,electronic,True,-0.009775021740799611,-0.02379907792520186
20260926,sigmoid,0.25,0.5,26,pop,True,0.0037818695688065507,0.008635783234164807
20260926,sigmoid,0.25,0.5,26,ambient,True,-0.0030926022693213984,-0.010572905855754156
20260926,sigmoid,0.25,0.5,26,rock,True,-0.004435567966674603,-0.00936803068793407
20260926,sigmoid,0.25,0.5,27,macro,True,-0.001396781437000623,-0.006731924267302722
20260926,sigmoid,0.25,0.5,27,electronic,True,-0.00927316914536519,-0.022576028334514053
20260926,sigmoid,0.25,0.5,27,pop,True,0.007122051335581303,0.012400968184182681
20260926,sigmoid,0.25,0.5,27,ambient,True,-0.004085566244654393,-0.01714556895730529
20260926,sigmoid,0.25,0.5,27,rock,True,0.0006495583064357879,0.00039293203842577507
20260926,sigmoid,0.25,0.5,28,macro,True,-0.0013466810308689972,-0.007402087721919887
20260926,sigmoid,0.25,0.5,28,electronic,True,-0.0002949027803712534,0.002897326475020945
20260926,sigmoid,0.25,0.5,28,pop,True,-0.004653746823977428,-0.02997345235482618
20260926,sigmoid,0.25,0.5,28,ambient,True,-0.0032654207050621664,-0.016349246037038967
20260926,sigmoid,0.25,0.5,28,rock,True,0.002827346185934859,0.013817021029164656
20260926,sigmoid,0.25,0.5,29,macro,True,0.0004527365919047323,-0.002425731415952259
20260926,sigmoid,0.25,0.5,29,electronic,True,0.0014638109027686197,0.0050707389431268735
20260926,sigmoid,0.25,0.5,29,pop,True,-0.003598433068912499,-0.03850490117383992
20260926,sigmoid,0.25,0.5,29,ambient,True,0.0030644325287933205,0.016890978512412502
20260926,sigmoid,0.25,0.5,29,rock,True,0.0008811360049694877,0.00684025805449151
20260926,sigmoid,0.5,0.75,0,macro,True,-0.0005833793864577011,-0.0025664530634977173
20260926,sigmoid,0.5,0.75,0,electronic,True,0.0012435433854088296,0.004404101473415689
20260926,sigmoid,0.5,0.75,0,pop,True,-0.002240872794986526,-0.004555236487194969
20260926,sigmoid,0.5,0.75,0,ambient,True,-0.002658493380323146,-0.009264144601709157
20260926,sigmoid,0.5,0.75,0,rock,True,0.0013223052440700378,-0.0008505326385024325
20260926,sigmoid,0.5,0.75,1,macro,True,-0.00040524912268300253,-0.0021517374400933514
20260926,sigmoid,0.5,0.75,1,electronic,True,0.00012550753880138932,-0.0008342788293103087
20260926,sigmoid,0.5,0.75,1,pop,True,-0.0019091438345068545,-0.008469122748855251
20260926,sigmoid,0.5,0.75,1,ambient,True,-0.0007153473314399361,-0.0016616064558217514
20260926,sigmoid,0.5,0.75,1,rock,True,0.0008779871364133912,0.0023580582736139055
20260926,sigmoid,0.5,0.75,2,macro,True,-0.00519489191313776,-0.01118819821954542
20260926,sigmoid,0.5,0.75,2,electronic,True,-0.0028127584691594043,-0.005751112772747924
20260926,sigmoid,0.5,0.75,2,pop,True,-0.006434779153228987,-0.008075835914204521
20260926,sigmoid,0.5,0.75,2,ambient,True,-0.010181697584466826,-0.02663706429418128
20260926,sigmoid,0.5,0.75,2,rock,True,-0.0013503324456958232,-0.004288779897047956
20260926,sigmoid,0.5,0.75,3,macro,True,-0.0020682299790699687,-0.0057747320046197675
20260926,sigmoid,0.5,0.75,3,electronic,True,-0.000668197254513031,-0.005628166579702554
20260926,sigmoid,0.5,0.75,3,pop,True,-0.0067343288004201585,-0.014340383881483454
20260926,sigmoid,0.5,0.75,3,ambient,True,-0.0003582600247035994,-0.002046432482905758
20260926,sigmoid,0.5,0.75,3,rock,True,-0.0005121338366430861,-0.0010839450743873047
20260926,sigmoid,0.5,0.75,4,macro,True,-0.0001487890043313858,-0.0011663824619108781
20260926,sigmoid,0.5,0.75,4,electronic,True,-0.004996716049299771,-0.014841324907901687
20260926,sigmoid,0.5,0.75,4,pop,True,0.007106336990382461,0.02055068225842893
20260926,sigmoid,0.5,0.75,4,ambient,True,0.00019834742342447753,0.001149482540753699
20260926,sigmoid,0.5,0.75,4,rock,True,-0.0029031243818327113,-0.011524369738924456
20260926,sigmoid,0.5,0.75,5,macro,True,-0.0076926173063175535,-0.030902993198732548
20260926,sigmoid,0.5,0.75,5,electronic,True,-0.0081571071699868,-0.017992614613602465
20260926,sigmoid,0.5,0.75,5,pop,True,-0.0045662812338212455,-0.02132185622724253
20260926,sigmoid,0.5,0.75,5,ambient,True,-0.005512627661198172,-0.013790149624049008
20260926,sigmoid,0.5,0.75,5,rock,True,-0.012534453160263997,-0.07050735233003619
20260926,sigmoid,0.5,0.75,6,macro,True,-0.0030422363563058115,-0.016421815582389226
20260926,sigmoid,0.5,0.75,6,electronic,True,-0.0031029108601909605,-0.0036316583273364733
20260926,sigmoid,0.5,0.75,6,pop,True,-0.0062319850103582375,-0.058520063211040974
20260926,sigmoid,0.5,0.75,6,ambient,True,-0.005396699946474237,-0.014050463158985949
20260926,sigmoid,0.5,0.75,6,rock,True,0.002562650391800189,0.01051492236780649
20260926,sigmoid,0.5,0.75,7,macro,True,0.0018704812327511103,0.00471985053560503
20260926,sigmoid,0.5,0.75,7,electronic,True,-3.8820350754781296e-05,-0.0005597501070805366
20260926,sigmoid,0.5,0.75,7,pop,True,0.00465631378843101,0.01181301719020511
20260926,sigmoid,0.5,0.75,7,ambient,True,-0.00013805262986771316,0.001966833899304632
20260926,sigmoid,0.5,0.75,7,rock,True,0.0030024841231959254,0.005659301159990915
20260926,sigmoid,0.5,0.75,8,macro,True,-0.0005365472443972369,0.00328522632916102
20260926,sigmoid,0.5,0.75,8,electronic,True,0.0008180369838846901,0.0023709208547979532
20260926,sigmoid,0.5,0.75,8,pop,True,0.0011582501976458437,0.020766733432152018
20260926,sigmoid,0.5,0.75,8,ambient,True,-0.0013618716030335543,-0.003029554048523231
20260926,sigmoid,0.5,0.75,8,rock,True,-0.002760604556085927,-0.00696719492178266
20260926,sigmoid,0.5,0.75,9,macro,True,0.0010803318855678104,0.002411792745177832
20260926,sigmoid,0.5,0.75,9,electronic,True,0.0015922416342163404,0.0053477294522202845
20260926,sigmoid,0.5,0.75,9,pop,True,0.0015851638964727854,0.003660348660280921
20260926,sigmoid,0.5,0.75,9,ambient,True,0.001576068796539487,0.0044304535701118475
20260926,sigmoid,0.5,0.75,9,rock,True,-0.00043214678495737124,-0.003791360701901725
20260926,sigmoid,0.5,0.75,10,macro,True,0.0003590444245576141,0.0013958161996092677
20260926,sigmoid,0.5,0.75,10,electronic,True,0.0002638704094412858,0.0011182588826303963
20260926,sigmoid,0.5,0.75,10,pop,True,0.003635819501725035,0.011686880632844121
20260926,sigmoid,0.5,0.75,10,ambient,True,0.0033669752054613644,0.008960713529071018
20260926,sigmoid,0.5,0.75,10,rock,True,-0.005830487418397229,-0.016182588246108465
20260926,sigmoid,0.5,0.75,11,macro,True,0.0002800709796750289,-0.0015903379723626598
20260926,sigmoid,0.5,0.75,11,electronic,True,-0.0017207603516384007,-0.007869640049882276
20260926,sigmoid,0.5,0.75,11,pop,True,0.0035465741016984798,0.010041367545614022
20260926,sigmoid,0.5,0.75,11,ambient,True,-0.0019098049580952015,-0.0057711490556544565
20260926,sigmoid,0.5,0.75,11,rock,True,0.001204275126735238,-0.0027619303295279285
20260926,sigmoid,0.5,0.75,12,macro,True,-0.0019918454331353044,-0.00844009115758966
20260926,sigmoid,0.5,0.75,12,electronic,True,-0.00285070609946364,-0.014341616635743182
20260926,sigmoid,0.5,0.75,12,pop,True,0.0036396471936562813,0.013550874470188379
20260926,sigmoid,0.5,0.75,12,ambient,True,-0.006152923161840573,-0.01604367511756105
20260926,sigmoid,0.5,0.75,12,rock,True,-0.0026033996648932856,-0.016925947347242787
20260926,sigmoid,0.5,0.75,13,macro,True,-0.0005862636069626434,-0.003894460683870324
20260926,sigmoid,0.5,0.75,13,electronic,True,-0.0007624592207424175,-0.00303836265438312
20260926,sigmoid,0.5,0.75,13,pop,True,-0.00301048301106166,-0.01580035677665631
20260926,sigmoid,0.5,0.75,13,ambient,True,0.0003410008777125495,0.0009184243781303891
20260926,sigmoid,0.5,0.75,13,rock,True,0.0010868869262409542,0.0023424523174277456
20260926,sigmoid,0.5,0.75,14,macro,True,-0.0019341526764693091,-0.005203420270723444
20260926,sigmoid,0.5,0.75,14,electronic,True,-0.0005227475552527505,-0.002497029518208349
20260926,sigmoid,0.5,0.75,14,pop,True,0.0009548712406690363,0.004682051284788158
20260926,sigmoid,0.5,0.75,14,ambient,True,-0.0013927258934617326,-0.003956512235290088
20260926,sigmoid,0.5,0.75,14,rock,True,-0.00677600849783179,-0.019042190614183496
20260926,sigmoid,0.5,0.75,15,macro,True,-0.002745392338119299,-0.00889156222137881
20260926,sigmoid,0.5,0.75,15,electronic,True,-0.0027100338348444164,-0.014113357063783027
20260926,sigmoid,0.5,0.75,15,pop,True,0.003786286603676442,0.010324854145196183
20260926,sigmoid,0.5,0.75,15,ambient,True,-0.012902391599387358,-0.035454537886439375
20260926,sigmoid,0.5,0.75,15,rock,True,0.000844569478078136,0.00367679191951098
20260926,sigmoid,0.5,0.75,16,macro,True,-0.00022214519957179657,-0.0030580444047246386
20260926,sigmoid,0.5,0.75,16,electronic,True,-0.0016478721407734431,-0.0019114478531471746
20260926,sigmoid,0.5,0.75,16,pop,True,-0.0014151073958548754,-0.012866976869829017
20260926,sigmoid,0.5,0.75,16,ambient,True,-0.0004480413656888227,-0.001166614046894554
20260926,sigmoid,0.5,0.75,16,rock,True,0.002622440104029955,0.003712861150972191
20260926,sigmoid,0.5,0.75,17,macro,True,-0.0035205461879349795,-0.00988842775036973
20260926,sigmoid,0.5,0.75,17,electronic,True,0.0012793032143326444,0.0051779119229018455
20260926,sigmoid,0.5,0.75,17,pop,True,-0.000989361211568618,-0.0019567614823412516
20260926,sigmoid,0.5,0.75,17,ambient,True,-0.009496157000134758,-0.034032550489342284
20260926,sigmoid,0.5,0.75,17,rock,True,-0.004875969754369186,-0.00874231095269723
20260926,sigmoid,0.5,0.75,18,macro,True,-0.000806481680984867,-0.003272809185333611
20260926,sigmoid,0.5,0.75,18,electronic,True,0.0005575150547095231,0.0009190527181467401
20260926,sigmoid,0.5,0.75,18,pop,True,-0.0028457033524578734,-0.0053430886468281424
20260926,sigmoid,0.5,0.75,18,ambient,True,0.0008446856519366275,-0.0015675045581663438
20260926,sigmoid,0.5,0.75,18,rock,True,-0.001782424078127745,-0.007099696254486698
20260926,sigmoid,0.5,0.75,19,macro,True,-0.0009719271556559821,-0.010478173981494851
20260926,sigmoid,0.5,0.75,19,electronic,True,-0.011913084584291606,-0.05930173714273107
20260926,sigmoid,0.5,0.75,19,pop,True,0.0034246699117630452,0.0068960899533339615
20260926,sigmoid,0.5,0.75,19,ambient,True,0.007293942695976802,0.018979129811361073
20260926,sigmoid,0.5,0.75,19,rock,True,-0.0026932366460721696,-0.008486178547943368
20260926,sigmoid,0.5,0.75,20,macro,True,-0.0028414452723936855,-0.007373573718362517
20260926,sigmoid,0.5,0.75,20,electronic,True,-0.0006684324441792733,-0.0012055962629595185
20260926,sigmoid,0.5,0.75,20,pop,True,0.0024518616450737996,0.009042894165549153
20260926,sigmoid,0.5,0.75,20,ambient,True,-0.005226438545351514,-0.014070404511254353
20260926,sigmoid,0.5,0.75,20,rock,True,-0.007922771745117754,-0.02326118826478535
20260926,sigmoid,0.5,0.75,21,macro,True,-0.00420690944978112,-0.01463107282116996
20260926,sigmoid,0.5,0.75,21,electronic,True,-0.008290345846375946,-0.030497050863219632
20260926,sigmoid,0.5,0.75,21,pop,True,-0.003246358000956462,-0.011999475815016869
20260926,sigmoid,0.5,0.75,21,ambient,True,-0.003934070418337293,-0.012511964929472208
20260926,sigmoid,0.5,0.75,21,rock,True,-0.0013568635334547802,-0.003515799676971132
20260926,sigmoid,0.5,0.75,22,macro,True,-0.0029248292105260795,-0.010211044641828773
20260926,sigmoid,0.5,0.75,22,electronic,True,-0.001675413849554136,-0.005261083966372093
20260926,sigmoid,0.5,0.75,22,pop,True,-0.005792503143350863,-0.020169967150004464
20260926,sigmoid,0.5,0.75,22,ambient,True,-0.0012783340165015145,-0.010699706401693654
20260926,sigmoid,0.5,0.75,22,rock,True,-0.0029530658326978043,-0.004713421049244881
20260926,sigmoid,0.5,0.75,23,macro,True,0.000756884798319566,0.0014019454823709226
20260926,sigmoid,0.5,0.75,23,electronic,True,-0.0012594220163469616,-0.004297981614836799
20260926,sigmoid,0.5,0.75,23,pop,True,-0.0013695048456273673,-0.0028975150081833045
20260926,sigmoid,0.5,0.75,23,ambient,True,0.004412825425381267,0.010765105007913722
20260926,sigmoid,0.5,0.75,23,rock,True,0.001243640629871326,0.0020381735445900717
20260926,sigmoid,0.5,0.75,24,macro,True,0.0008532949444810603,0.0035414944916246083
20260926,sigmoid,0.5,0.75,24,electronic,True,-0.003359798485995824,-0.008588015004994398
20260926,sigmoid,0.5,0.75,24,pop,True,-0.0037930425138660295,-0.006270544014652379
20260926,sigmoid,0.5,0.75,24,ambient,True,0.009450951125753337,0.025557899730690115
20260926,sigmoid,0.5,0.75,24,rock,True,0.0011150696520327574,0.003466637255455096
20260926,sigmoid,0.5,0.75,25,macro,True,-0.004806673565542874,-0.01855451278473
20260926,sigmoid,0.5,0.75,25,electronic,True,-0.0020888036425293355,-0.009744972154234643
20260926,sigmoid,0.5,0.75,25,pop,True,0.004306547146545575,0.009662343349995994
20260926,sigmoid,0.5,0.75,25,ambient,True,-0.016649014664957357,-0.04915345511406466
20260926,sigmoid,0.5,0.75,25,rock,True,-0.004795423101230378,-0.024981967220616685
20260926,sigmoid,0.5,0.75,26,macro,True,0.003545108362511616,0.008005834377966398
20260926,sigmoid,0.5,0.75,26,electronic,True,0.0011843673175180314,0.005138646028249594
20260926,sigmoid,0.5,0.75,26,pop,True,0.0010577783822907638,0.00011892370131749708
20260926,sigmoid,0.5,0.75,26,ambient,True,0.0142777598648606,0.03771955959042028
20260926,sigmoid,0.5,0.75,26,rock,True,-0.0023394721146229314,-0.010953791808121782
20260926,sigmoid,0.5,0.75,27,macro,True,4.930217739778503e-05,0.0020133539105835485
20260926,sigmoid,0.5,0.75,27,electronic,True,-0.0027364471802571733,-0.003572997774406894
20260926,sigmoid,0.5,0.75,27,pop,True,-0.00043239950826229334,-0.00013180730854733813
20260926,sigmoid,0.5,0.75,27,ambient,True,0.0013994939882050195,0.005443190309007029
20260926,sigmoid,0.5,0.75,27,rock,True,0.0019665614099055873,0.0063150304162813975
20260926,sigmoid,0.5,0.75,28,macro,True,-0.00294796441343409,-0.008983361132160625
20260926,sigmoid,0.5,0.75,28,electronic,True,-0.008985579740255878,-0.029809369250103246
20260926,sigmoid,0.5,0.75,28,pop,True,-0.005068403722293474,-0.013265094829985391
20260926,sigmoid,0.5,0.75,28,ambient,True,0.0010667112585800997,0.0024929515589268147
20260926,sigmoid,0.5,0.75,28,rock,True,0.0011954145502328928,0.0046480679925193225
20260926,sigmoid,0.5,0.75,29,macro,True,-0.0008611291366886382,-0.008789855793269769
20260926,sigmoid,0.5,0.75,29,electronic,True,-0.001205562562117235,-0.005999965828144382
20260926,sigmoid,0.5,0.75,29,pop,True,0.0009485788134398765,-0.0028911941043663902
20260926,sigmoid,0.5,0.75,29,ambient,True,-0.004055371412302888,-0.027489487415235936
20260926,sigmoid,0.5,0.75,29,rock,True,0.0008678386142256939,0.0012212241746676344
20260926,sigmoid,0.75,1.0,0,macro,True,3.0762337305180465e-05,-0.0010731848897372331
20260926,sigmoid,0.75,1.0,0,electronic,True,-0.0012224095482732678,-0.005350452631294356
20260926,sigmoid,0.75,1.0,0,pop,True,0.0020674876354502547,0.0030502287723558896
20260926,sigmoid,0.75,1.0,0,ambient,True,0.0007273280039652441,0.0021585918396079262
20260926,sigmoid,0.75,1.0,0,rock,True,-0.0014493567419215092,-0.004151107539618393
20260926,sigmoid,0.75,1.0,1,macro,True,-0.0014136831132987235,-0.003035938585440323
20260926,sigmoid,0.75,1.0,1,electronic,True,-2.228930335435031e-05,0.000750786061186226
20260926,sigmoid,0.75,1.0,1,pop,True,0.001185157740709819,0.005551648453713198
20260926,sigmoid,0.75,1.0,1,ambient,True,0.0014502263167520124,0.004031526309073996
20260926,sigmoid,0.75,1.0,1,rock,True,-0.008267827207302375,-0.022477715165734713
20260926,sigmoid,0.75,1.0,2,macro,True,-0.00020132578645231866,-0.0011576534062402027
20260926,sigmoid,0.75,1.0,2,electronic,True,-0.000295344521504759,-0.00027042716085334817
20260926,sigmoid,0.75,1.0,2,pop,True,-0.0007532441791406053,-0.006657353843445735
20260926,sigmoid,0.75,1.0,2,ambient,True,0.0009647995486009586,0.0029726752270410883
20260926,sigmoid,0.75,1.0,2,rock,True,-0.000721513993764869,-0.0006755078477028165
20260926,sigmoid,0.75,1.0,3,macro,True,-0.0019497503379850949,-0.006481731552304332
20260926,sigmoid,0.75,1.0,3,electronic,True,-0.005040695407242779,-0.02057616430520548
20260926,sigmoid,0.75,1.0,3,pop,True,0.0025717383894033885,0.007236017125095473
20260926,sigmoid,0.75,1.0,3,ambient,True,-0.005438364861464762,-0.013882471825918674
20260926,sigmoid,0.75,1.0,3,rock,True,0.00010832052736377273,0.001295692796811354
20260926,sigmoid,0.75,1.0,4,macro,True,-0.005131433628072505,-0.014284682505397897
20260926,sigmoid,0.75,1.0,4,electronic,True,-0.003093882474498405,-0.013301084582678313
20260926,sigmoid,0.75,1.0,4,pop,True,-0.011779258347851651,-0.027651102991451293
20260926,sigmoid,0.75,1.0,4,ambient,True,-0.006968420005873638,-0.01957381508302558
20260926,sigmoid,0.75,1.0,4,rock,True,0.0013158263159336742,0.0033872726355635985
20260926,sigmoid,0.75,1.0,5,macro,True,-0.0015187516729412882,-0.0038520994101753914
20260926,sigmoid,0.75,1.0,5,electronic,True,-0.0018621337849704378,-0.007963625029049015
20260926,sigmoid,0.75,1.0,5,pop,True,0.0009559169415803148,0.004712706361172103
20260926,sigmoid,0.75,1.0,5,ambient,True,-0.004999097359921795,-0.013236794868345947
20260926,sigmoid,0.75,1.0,5,rock,True,-0.00016969248845323526,0.0010793158955212934
20260926,sigmoid,0.75,1.0,6,macro,True,-0.0019112744843404507,-0.004700922756128559
20260926,sigmoid,0.75,1.0,6,electronic,True,-0.002996835402049619,-0.008501111201034028
20260926,sigmoid,0.75,1.0,6,pop,True,0.0006633153486271526,0.004069311851624402
20260926,sigmoid,0.75,1.0,6,ambient,True,-0.0047749946472453175,-0.012109099304149828
20260926,sigmoid,0.75,1.0,6,rock,True,-0.0005365832366940188,-0.0022627923709547804
20260926,sigmoid,0.75,1.0,7,macro,True,0.0001239819862313002,-0.001095573917639217
20260926,sigmoid,0.75,1.0,7,electronic,True,0.0003786845373018044,-0.00014070198553339797
20260926,sigmoid,0.75,1.0,7,pop,True,0.00014212233905855354,0.001632572167715951
20260926,sigmoid,0.75,1.0,7,ambient,True,0.0013707318002150748,0.0008495627681149864
20260926,sigmoid,0.75,1.0,7,rock,True,-0.001395610731650232,-0.006723728620854408
20260926,sigmoid,0.75,1.0,8,macro,True,-0.0014870215678014324,-0.010116458711699708
20260926,sigmoid,0.75,1.0,8,electronic,True,-0.0010674389064212197,-0.003721621041240575
20260926,sigmoid,0.75,1.0,8,pop,True,-0.006572322571659461,-0.041614724170094375
20260926,sigmoid,0.75,1.0,8,ambient,True,0.0005151361726412618,0.0010468911142747506
20260926,sigmoid,0.75,1.0,8,rock,True,0.0011765390342336896,0.0038236192502613675
20260926,sigmoid,0.75,1.0,9,macro,True,0.0005881775959550861,0.0010979756345746022
20260926,sigmoid,0.75,1.0,9,electronic,True,-0.0016348730929390543,-0.006443628624821673
20260926,sigmoid,0.75,1.0,9,pop,True,-0.0022330600376367638,-0.0015785018940704387
20260926,sigmoid,0.75,1.0,9,ambient,True,0.0037795937710197736,0.010181191272454593
20260926,sigmoid,0.75,1.0,9,rock,True,0.002441049743376389,0.0022328417847359283
20260926,sigmoid,0.75,1.0,10,macro,True,-4.27962934962077e-05,-0.0002737945699824995
20260926,sigmoid,0.75,1.0,10,electronic,True,6.886694357097212e-05,0.00027246303341094125
20260926,sigmoid,0.75,1.0,10,pop,True,-2.5069159712981515e-05,-0.0003286408254473683
20260926,sigmoid,0.75,1.0,10,ambient,True,0.0017405926694308571,0.005035444803399569
20260926,sigmoid,0.75,1.0,10,rock,True,-0.0019555756272736785,-0.00607444529129314
20260926,sigmoid,0.75,1.0,11,macro,True,-0.0016438087771668726,-0.0049307506133942774
20260926,sigmoid,0.75,1.0,11,electronic,True,-0.00026318866344995917,-0.0006423230669938551
20260926,sigmoid,0.75,1.0,11,pop,True,-0.0023659521188668375,-0.009396443722749392
20260926,sigmoid,0.75,1.0,11,ambient,True,-0.0015825570004246725,-0.004500947587553095
20260926,sigmoid,0.75,1.0,11,rock,True,-0.002363537325926021,-0.005183288076280768
20260926,sigmoid,0.75,1.0,12,macro,True,-0.0007273022150077538,-0.0025464106508411577
20260926,sigmoid,0.75,1.0,12,electronic,True,-0.00034058036652678814,0.0006214093064315085
20260926,sigmoid,0.75,1.0,12,pop,True,0.001152155641675201,-0.0011005150728820579
20260926,sigmoid,0.75,1.0,12,ambient,True,-0.0042576091378438985,-0.01161095504521853
20260926,sigmoid,0.75,1.0,12,rock,True,0.0005368250026644705,0.001904418208304448
20260926,sigmoid,0.75,1.0,13,macro,True,-0.0015972571257653577,-0.0037973940819044927
20260926,sigmoid,0.75,1.0,13,electronic,True,0.00013231025538160135,0.001387953455136537
20260926,sigmoid,0.75,1.0,13,pop,True,0.0015852828129722663,0.0031749429834634357
20260926,sigmoid,0.75,1.0,13,ambient,True,0.0021649174868092758,0.006140582649749149
20260926,sigmoid,0.75,1.0,13,rock,True,-0.010271539058224574,-0.025893055415967092
20260926,sigmoid,0.75,1.0,14,macro,True,0.0005596960965320863,-0.002131523340733618
20260926,sigmoid,0.75,1.0,14,electronic,True,0.00024068692512640988,0.0011966264632634616
20260926,sigmoid,0.75,1.0,14,pop,True,-0.003232477198269551,-0.02537957090360199
20260926,sigmoid,0.75,1.0,14,ambient,True,0.006950106903574588,0.018924168262203056
20260926,sigmoid,0.75,1.0,14,rock,True,-0.0017195322443031014,-0.0032673171847990012
20260926,sigmoid,0.75,1.0,15,macro,True,-0.0018253820695118897,-0.004419812127665054
20260926,sigmoid,0.75,1.0,15,electronic,True,-0.0007814134110226134,-0.00017117040717473664
20260926,sigmoid,0.75,1.0,15,pop,True,-1.3906818665671006e-05,0.00011326617040485765
20260926,sigmoid,0.75,1.0,15,ambient,True,-0.005366313820856228,-0.014162933452445181
20260926,sigmoid,0.75,1.0,15,rock,True,-0.0011398942275030466,-0.003458410821445157
20260926,sigmoid,0.75,1.0,16,macro,True,-0.00029143316851900844,-0.0009527190557656606
20260926,sigmoid,0.75,1.0,16,electronic,True,-9.971489007229439e-05,-0.00041526876547542946
20260926,sigmoid,0.75,1.0,16,pop,True,-0.005968377409932724,-0.016496693909373028
20260926,sigmoid,0.75,1.0,16,ambient,True,0.0048988777357831526,0.0127701683375529
20260926,sigmoid,0.75,1.0,16,rock,True,3.4818901458316676e-06,0.0003309181142329143
20260926,sigmoid,0.75,1.0,17,macro,True,0.0004080787436656422,0.0003284718412643467
20260926,sigmoid,0.75,1.0,17,electronic,True,-0.0009091819253579936,-0.004158731378841374
20260926,sigmoid,0.75,1.0,17,pop,True,0.003270662497608323,0.010310243820692289
20260926,sigmoid,0.75,1.0,17,ambient,True,-0.0026663808925884713,-0.006867117364363684
20260926,sigmoid,0.75,1.0,17,rock,True,0.0019372152950007104,0.002029492287570156
20260926,sigmoid,0.75,1.0,18,macro,True,-0.002034836834242326,-0.004500165503818099
20260926,sigmoid,0.75,1.0,18,electronic,True,-0.0008251015561189512,-0.000545375649276314
20260926,sigmoid,0.75,1.0,18,pop,True,-0.00023334216627526883,8.245236140952406e-05
20260926,sigmoid,0.75,1.0,18,ambient,True,-0.0017425880818920103,-0.004284193570835371
20260926,sigmoid,0.75,1.0,18,rock,True,-0.0053383155326830745,-0.013253545156570234
20260926,sigmoid,0.75,1.0,19,macro,True,-0.00013161685352857527,0.0004583207875770434
20260926,sigmoid,0.75,1.0,19,electronic,True,-0.0006716961194039861,-0.001678317129526652
20260926,sigmoid,0.75,1.0,19,pop,True,0.001559566991930078,0.006611167157385689
20260926,sigmoid,0.75,1.0,19,ambient,True,0.00022740653486319484,0.0009802057900022976
20260926,sigmoid,0.75,1.0,19,rock,True,-0.001641744821503588,-0.004079772667553161
20260926,sigmoid,0.75,1.0,20,macro,True,-0.0017826821787508863,-0.004081147152970713
20260926,sigmoid,0.75,1.0,20,electronic,True,-0.0021682988722803165,-0.0036822894241605453
20260926,sigmoid,0.75,1.0,20,pop,True,-0.0009117557304055002,-0.0019707582950820868
20260926,sigmoid,0.75,1.0,20,ambient,True,-0.0036652937607545566,-0.009205716337162495
20260926,sigmoid,0.75,1.0,20,rock,True,-0.0003853803515631721,-0.0014658245554777238
20260926,sigmoid,0.75,1.0,21,macro,True,0.00029808394579161276,0.001046247213748075
20260926,sigmoid,0.75,1.0,21,electronic,True,0.00033874091966651365,0.0014395112330013449
20260926,sigmoid,0.75,1.0,21,pop,True,0.0017578223975474594,0.005201742901075224
20260926,sigmoid,0.75,1.0,21,ambient,True,-0.001532053576700998,-0.004109434996869055
20260926,sigmoid,0.75,1.0,21,rock,True,0.000627826042653476,0.001653169717784786
20260926,sigmoid,0.75,1.0,22,macro,True,0.000944132868876485,0.001144302676709258
20260926,sigmoid,0.75,1.0,22,electronic,True,-0.0003932917775412159,-0.002515220411042851
20260926,sigmoid,0.75,1.0,22,pop,True,0.00010651641011241719,0.0002780958201734629
20260926,sigmoid,0.75,1.0,22,ambient,True,0.0029871739178820855,0.00785837370368836
20260926,sigmoid,0.75,1.0,22,rock,True,0.001076132925052653,-0.0010440384059819396
20260926,sigmoid,0.75,1.0,23,macro,True,-0.0007859531632372005,-0.002229245118321746
20260926,sigmoid,0.75,1.0,23,electronic,True,0.0006903292781638148,0.00106464884233759
20260926,sigmoid,0.75,1.0,23,pop,True,-0.0007522792081376406,0.000750631302190552
20260926,sigmoid,0.75,1.0,23,ambient,True,-0.0006831749956504318,-0.0019145475517191035
20260926,sigmoid,0.75,1.0,23,rock,True,-0.0023986877273245444,-0.008817713066096022
20260926,sigmoid,0.75,1.0,24,macro,True,-0.0008535883835762738,-0.002130251827326332
20260926,sigmoid,0.75,1.0,24,electronic,True,-0.00031640138971852916,-0.000588435075151772
20260926,sigmoid,0.75,1.0,24,pop,True,-0.0015010165611971382,-0.005115174866637706
20260926,sigmoid,0.75,1.0,24,ambient,True,-0.004091579957464231,-0.011061315470134725
20260926,sigmoid,0.75,1.0,24,rock,True,0.002494644374074803,0.008243918102618875
20260926,sigmoid,0.75,1.0,25,macro,True,0.0011656044097673908,0.002955510627930688
20260926,sigmoid,0.75,1.0,25,electronic,True,-0.0003291429995154749,-0.00046753666102250513
20260926,sigmoid,0.75,1.0,25,pop,True,0.002112377561228368,0.006600193682849809
20260926,sigmoid,0.75,1.0,25,ambient,True,-0.00017982807608896145,-0.00017026546177961732
20260926,sigmoid,0.75,1.0,25,rock,True,0.0030590111534456316,0.005859650951675066
20260926,sigmoid,0.75,1.0,26,macro,True,-0.0027646208888887913,-0.007055060087275078
20260926,sigmoid,0.75,1.0,26,electronic,True,-0.0016714529328097638,-0.007085036557043456
20260926,sigmoid,0.75,1.0,26,pop,True,-0.00038583796392513414,0.002718576596505151
20260926,sigmoid,0.75,1.0,26,ambient,True,-0.012196253807497726,-0.032321925460851664
20260926,sigmoid,0.75,1.0,26,rock,True,0.0031950611486774583,0.008468145072289657
20260926,sigmoid,0.75,1.0,27,macro,True,0.0006481325122398331,0.0022108401874568057
20260926,sigmoid,0.75,1.0,27,electronic,True,0.00010162366854696292,-0.0006098824915395373
20260926,sigmoid,0.75,1.0,27,pop,True,-0.002943447214077133,-0.0046187119629669815
20260926,sigmoid,0.75,1.0,27,ambient,True,0.006670756684161588,0.01655342699144069
20260926,sigmoid,0.75,1.0,27,rock,True,-0.0012364030896720862,-0.002481471787106948
20260926,sigmoid,0.75,1.0,28,macro,True,0.0016344379985921906,0.004297342156288311
20260926,sigmoid,0.75,1.0,28,electronic,True,0.0005144980156475132,0.0008919644049156794
20260926,sigmoid,0.75,1.0,28,pop,True,0.0005732209996994753,0.004886061246699103
20260926,sigmoid,0.75,1.0,28,ambient,True,0.00628434783112905,0.017128156177778076
20260926,sigmoid,0.75,1.0,28,rock,True,-0.0008343148521072763,-0.0057168132042396125
20260926,sigmoid,0.75,1.0,29,macro,True,0.0014513551026991908,0.004584363959055773
20260926,sigmoid,0.75,1.0,29,electronic,True,0.00029915743675329454,0.0016171671161266943
20260926,sigmoid,0.75,1.0,29,pop,True,0.00018830361616958835,0.003315026443185931
20260926,sigmoid,0.75,1.0,29,ambient,True,0.003237864469050583,0.00896639606058941
20260926,sigmoid,0.75,1.0,29,rock,True,0.0020800948888232973,0.004438866216321058
20260926,sigmoid,0.25,1.0,0,macro,True,-0.0009915747373533366,-0.009652102470119536
20260926,sigmoid,0.25,1.0,0,electronic,True,-0.0023735438995667324,-0.009501891202085333
20260926,sigmoid,0.25,1.0,0,pop,True,0.005974255003555806,0.014641799737849959
20260926,sigmoid,0.25,1.0,0,ambient,True,0.004390637106852391,0.01043833768138902
20260926,sigmoid,0.25,1.0,0,rock,True,-0.011957647160254811,-0.05418665609763179
20260926,sigmoid,0.25,1.0,1,macro,True,-0.011535414211767916,-0.03693594181545548
20260926,sigmoid,0.25,1.0,1,electronic,True,-0.0009188815269321471,-0.006154588820829809
20260926,sigmoid,0.25,1.0,1,pop,True,-0.05141907827413744,-0.1610414308408491
20260926,sigmoid,0.25,1.0,1,ambient,True,0.0036039185285493824,0.009423767851693243
20260926,sigmoid,0.25,1.0,1,rock,True,0.0025923844254485406,0.01002848454816374
20260926,sigmoid,0.25,1.0,2,macro,True,-0.0013063015258964993,-0.0029822469197410967
20260926,sigmoid,0.25,1.0,2,electronic,True,-0.0027730603535433274,-0.005751726833261417
20260926,sigmoid,0.25,1.0,2,pop,True,-6.643631227126745e-05,-0.002570239871212021
20260926,sigmoid,0.25,1.0,2,ambient,True,-0.004635311038689721,-0.012000474017549834
20260926,sigmoid,0.25,1.0,2,rock,True,0.002249601600918319,0.008393453043058885
20260926,sigmoid,0.25,1.0,3,macro,True,-0.010914453073262428,-0.04261764953767254
20260926,sigmoid,0.25,1.0,3,electronic,True,-0.009464678112862668,-0.04295857976718953
20260926,sigmoid,0.25,1.0,3,pop,True,-0.031339666165753954,-0.07707186368430907
20260926,sigmoid,0.25,1.0,3,ambient,True,0.004189648789236972,0.011159730332431284
20260926,sigmoid,0.25,1.0,3,rock,True,-0.007043116803670063,-0.061599885031622836
20260926,sigmoid,0.25,1.0,4,macro,True,-0.005321327502330164,-0.017754177770377536
20260926,sigmoid,0.25,1.0,4,electronic,True,-0.004427186709368258,-0.013564984207975028
20260926,sigmoid,0.25,1.0,4,pop,True,0.0033034184500193853,0.010723687587404218
20260926,sigmoid,0.25,1.0,4,ambient,True,-0.019264389638767088,-0.052306785000139244
20260926,sigmoid,0.25,1.0,4,rock,True,-0.0008971521112046965,-0.015868629460800088
20260926,sigmoid,0.25,1.0,5,macro,True,-0.010237131300419495,-0.5307670118317032
20260926,sigmoid,0.25,1.0,5,electronic,True,-0.0033785817165688237,-0.0068611511791278335
20260926,sigmoid,0.25,1.0,5,pop,True,-0.005194351390611335,-0.0076417512247980435
20260926,sigmoid,0.25,1.0,5,ambient,True,-0.002593497527795391,-0.00852511980727394
20260926,sigmoid,0.25,1.0,5,rock,True,-0.02978209456670243,-2.1000400251156126
20260926,sigmoid,0.25,1.0,6,macro,True,-0.012740530877909554,-0.09981865824920871
20260926,sigmoid,0.25,1.0,6,electronic,True,-0.03270993800583882,-0.2512552470047026
20260926,sigmoid,0.25,1.0,6,pop,True,-0.014720916824463193,-0.135691787769621
20260926,sigmoid,0.25,1.0,6,ambient,True,-0.003526104772519578,-0.010052405144178211
20260926,sigmoid,0.25,1.0,6,rock,True,-5.163908816621654e-06,-0.002275193078333071
20260926,sigmoid,0.25,1.0,7,macro,True,-0.003657063997996809,-0.014801447424887551
20260926,sigmoid,0.25,1.0,7,electronic,True,-0.004597798943739545,-0.01822438693558892
20260926,sigmoid,0.25,1.0,7,pop,True,-0.0023571605596559575,-0.004478543576674154
20260926,sigmoid,0.25,1.0,7,ambient,True,-0.005599554770266718,-0.017215061948762322
20260926,sigmoid,0.25,1.0,7,rock,True,-0.0020737417183250145,-0.019287797238524806
20260926,sigmoid,0.25,1.0,8,macro,True,-0.007205100649860269,-0.01998558498010207
20260926,sigmoid,0.25,1.0,8,electronic,True,-0.0032407179843688683,-0.006998034520913743
20260926,sigmoid,0.25,1.0,8,pop,True,-0.007483663070066926,-0.014493479325853764
20260926,sigmoid,0.25,1.0,8,ambient,True,-0.0037575673125968545,-0.009898177424449317
20260926,sigmoid,0.25,1.0,8,rock,True,-0.014338454232408426,-0.048552648649191454
20260926,sigmoid,0.25,1.0,9,macro,True,-0.0027257770301523272,-0.012154344563746394
20260926,sigmoid,0.25,1.0,9,electronic,True,-0.003117293422979339,-0.01263474269539333
20260926,sigmoid,0.25,1.0,9,pop,True,0.005416912836630594,0.014539386109984398
20260926,sigmoid,0.25,1.0,9,ambient,True,-0.010238952931171275,-0.02647686050500081
20260926,sigmoid,0.25,1.0,9,rock,True,-0.002963774603089289,-0.024045161164575835
20260926,sigmoid,0.25,1.0,10,macro,True,-0.003001364945194554,-0.008105551706999212
20260926,sigmoid,0.25,1.0,10,electronic,True,-0.0028247316814997148,-0.010758685378979282
20260926,sigmoid,0.25,1.0,10,pop,True,-0.009926867566362296,-0.018410372495086702
20260926,sigmoid,0.25,1.0,10,ambient,True,0.0020019829700498037,0.003348120545773159
20260926,sigmoid,0.25,1.0,10,rock,True,-0.0012558435029660087,-0.006601269499704021
20260926,sigmoid,0.25,1.0,11,macro,True,-0.003682356831380445,-0.010916008139628244
20260926,sigmoid,0.25,1.0,11,electronic,True,0.0005559739165000577,0.0008267645597445639
20260926,sigmoid,0.25,1.0,11,pop,True,0.001891703232085401,0.0037088998605171453
20260926,sigmoid,0.25,1.0,11,ambient,True,-0.002837801458809297,-0.0073695365118717215
20260926,sigmoid,0.25,1.0,11,rock,True,-0.014339303015297941,-0.040830160466902965
20260926,sigmoid,0.25,1.0,12,macro,True,-0.0072435555498621546,-0.03063537465386018
20260926,sigmoid,0.25,1.0,12,electronic,True,-0.010394285895962863,-0.036697955492343004
20260926,sigmoid,0.25,1.0,12,pop,True,-0.004130538720552801,-0.04763664023058889
20260926,sigmoid,0.25,1.0,12,ambient,True,-0.0048357526473629675,-0.013874012901990695
20260926,sigmoid,0.25,1.0,12,rock,True,-0.009613644935569987,-0.024332889990518136
20260926,sigmoid,0.25,1.0,13,macro,True,-0.015553841501109753,-0.07279289832619129
20260926,sigmoid,0.25,1.0,13,electronic,True,-0.007436019100578201,-0.03133350791013534
20260926,sigmoid,0.25,1.0,13,pop,True,-0.019116758858662708,-0.16240641550990498
20260926,sigmoid,0.25,1.0,13,ambient,True,-0.02751666833779262,-0.07031751161944827
20260926,sigmoid,0.25,1.0,13,rock,True,-0.008145919707405483,-0.027114158265276578
20260926,sigmoid,0.25,1.0,14,macro,True,-0.004009215720324269,-0.01247908905447645
20260926,sigmoid,0.25,1.0,14,electronic,True,-0.0014166676541890744,-0.005551782334196009
20260926,sigmoid,0.25,1.0,14,pop,True,-0.00285575218926834,-0.011321010565382428
20260926,sigmoid,0.25,1.0,14,ambient,True,0.002231739646084807,0.004055263847550061
20260926,sigmoid,0.25,1.0,14,rock,True,-0.013996182683924469,-0.037098827165877424
20260926,sigmoid,0.25,1.0,15,macro,True,4.874622109043297e-06,-0.0031887558641674474
20260926,sigmoid,0.25,1.0,15,electronic,True,-0.0062237851067567795,-0.02862847669094326
20260926,sigmoid,0.25,1.0,15,pop,True,0.0007369885024401945,-0.0002631764382582391
20260926,sigmoid,0.25,1.0,15,ambient,True,0.00872802121382435,0.02345596148482254
20260926,sigmoid,0.25,1.0,15,rock,True,-0.0032217261210715914,-0.00731933181229083
20260926,sigmoid,0.25,1.0,16,macro,True,-0.004599024059493986,-0.02394309037430828
20260926,sigmoid,0.25,1.0,16,electronic,True,-0.01590826781606089,-0.07713902828730268
20260926,sigmoid,0.25,1.0,16,pop,True,-0.013047865481741805,-0.03851746850462223
20260926,sigmoid,0.25,1.0,16,ambient,True,0.00887699231817668,0.022893064535919883
20260926,sigmoid,0.25,1.0,16,rock,True,0.0016830447416500693,-0.0030089292412280866
20260926,sigmoid,0.25,1.0,17,macro,True,-0.0002772463617615427,-0.00022389570278015525
20260926,sigmoid,0.25,1.0,17,electronic,True,-0.0002989394491904329,-0.00038288414949566585
20260926,sigmoid,0.25,1.0,17,pop,True,0.0023784789167058396,0.005135199190912099
20260926,sigmoid,0.25,1.0,17,ambient,True,-0.004677220163912116,-0.011941158719280254
20260926,sigmoid,0.25,1.0,17,rock,True,0.0014886952493505384,0.0062932608667432
20260926,sigmoid,0.25,1.0,18,macro,True,-0.007455597464163816,-0.03935584901246422
20260926,sigmoid,0.25,1.0,18,electronic,True,-0.0010413260812461855,-0.00405541825171013
20260926,sigmoid,0.25,1.0,18,pop,True,-0.011911194778995438,-0.09919791853418691
20260926,sigmoid,0.25,1.0,18,ambient,True,-0.014954781429645847,-0.04992150854824978
20260926,sigmoid,0.25,1.0,18,rock,True,-0.0019150875667677952,-0.004248550715710064
20260926,sigmoid,0.25,1.0,19,macro,True,-0.0034606929529069456,-0.01994985559101907
20260926,sigmoid,0.25,1.0,19,electronic,True,-0.011212604347748123,-0.053472929350275034
20260926,sigmoid,0.25,1.0,19,pop,True,0.0042817239603887,0.010042742711576902
20260926,sigmoid,0.25,1.0,19,ambient,True,-0.006831433739164311,-0.02433617827643636
20260926,sigmoid,0.25,1.0,19,rock,True,-8.045768510404894e-05,-0.012033057448941786
20260926,sigmoid,0.25,1.0,20,macro,True,-0.01343039092480262,-0.035270012406240295
20260926,sigmoid,0.25,1.0,20,electronic,True,-0.009141637996036095,-0.02103430728023492
20260926,sigmoid,0.25,1.0,20,pop,True,-0.005500273451742005,-0.009212870295461362
20260926,sigmoid,0.25,1.0,20,ambient,True,-0.01417806420717349,-0.03641751896981432
20260926,sigmoid,0.25,1.0,20,rock,True,-0.02490158804425889,-0.07441535307945057
20260926,sigmoid,0.25,1.0,21,macro,True,-0.01323812750554558,-0.04205563135682275
20260926,sigmoid,0.25,1.0,21,electronic,True,-0.001408475332369541,-0.005672214029210809
20260926,sigmoid,0.25,1.0,21,pop,True,-0.01381663441487524,-0.03691555827668136
20260926,sigmoid,0.25,1.0,21,ambient,True,-0.030525736749496657,-0.10783835163245664
20260926,sigmoid,0.25,1.0,21,rock,True,-0.007201663525440882,-0.017796401488942182
20260926,sigmoid,0.25,1.0,22,macro,True,-0.0007286460402325529,-0.01457785346818441
20260926,sigmoid,0.25,1.0,22,electronic,True,-0.002010937814528685,-0.00544345429514187
20260926,sigmoid,0.25,1.0,22,pop,True,-0.0020413195475036117,-0.02564156563667802
20260926,sigmoid,0.25,1.0,22,ambient,True,-0.0017017141138739589,-0.034345390864544745
20260926,sigmoid,0.25,1.0,22,rock,True,0.002839387314976044,0.007118996923626997
20260926,sigmoid,0.25,1.0,23,macro,True,-0.006587322224972877,-0.0274476908891908
20260926,sigmoid,0.25,1.0,23,electronic,True,-0.009481055503416658,-0.029233553003659263
20260926,sigmoid,0.25,1.0,23,pop,True,0.00033727457679413875,0.003909611705000093
20260926,sigmoid,0.25,1.0,23,ambient,True,-0.011546883377225453,-0.05834097799102772
20260926,sigmoid,0.25,1.0,23,rock,True,-0.005658624596043535,-0.026125844267076315
20260926,sigmoid,0.25,1.0,24,macro,True,-0.00704252564537847,-0.024198556534790153
20260926,sigmoid,0.25,1.0,24,electronic,True,-0.023927874094488072,-0.08599476879987766
20260926,sigmoid,0.25,1.0,24,pop,True,-0.002203513161895765,-0.002935669973520072
20260926,sigmoid,0.25,1.0,24,ambient,True,-0.004420184082821382,-0.01249679233214196
20260926,sigmoid,0.25,1.0,24,rock,True,0.002381468757691338,0.004633004966379084
20260926,sigmoid,0.25,1.0,25,macro,True,-0.007813554263895354,-0.024210747910241234
20260926,sigmoid,0.25,1.0,25,electronic,True,0.0002005294191715079,-0.0010113930539767946
20260926,sigmoid,0.25,1.0,25,pop,True,0.006309428498924685,0.013029105051786283
20260926,sigmoid,0.25,1.0,25,ambient,True,-0.022818637836945377,-0.06225332949350665
20260926,sigmoid,0.25,1.0,25,rock,True,-0.014945537136732231,-0.04660737414526778
20260926,sigmoid,0.25,1.0,26,macro,True,-0.0025998431283744405,-0.00782528351799
20260926,sigmoid,0.25,1.0,26,electronic,True,-0.010262107356091343,-0.025745468453995723
20260926,sigmoid,0.25,1.0,26,pop,True,0.00445380998717218,0.011473283531987455
20260926,sigmoid,0.25,1.0,26,ambient,True,-0.0010110962119585232,-0.0051752717261855374
20260926,sigmoid,0.25,1.0,26,rock,True,-0.003579978932620076,-0.011853677423766196
20260926,sigmoid,0.25,1.0,27,macro,True,-0.0006993467473630048,-0.0025077301692623677
20260926,sigmoid,0.25,1.0,27,electronic,True,-0.0119079926570754,-0.026758908600460485
20260926,sigmoid,0.25,1.0,27,pop,True,0.003746204613241877,0.007650448912668362
20260926,sigmoid,0.25,1.0,27,ambient,True,0.003984684427712215,0.004851048343142428
20260926,sigmoid,0.25,1.0,27,rock,True,0.001379716626669289,0.0042264906676002245
20260926,sigmoid,0.25,1.0,28,macro,True,-0.0026602074457108965,-0.0120881066977922
20260926,sigmoid,0.25,1.0,28,electronic,True,-0.008765984504979618,-0.02602007837016662
20260926,sigmoid,0.25,1.0,28,pop,True,-0.009148929546571427,-0.03835248593811247
20260926,sigmoid,0.25,1.0,28,ambient,True,0.0040856383846469835,0.0032718616996659233
20260926,sigmoid,0.25,1.0,28,rock,True,0.0031884458840604757,0.012748275817444366
20260926,sigmoid,0.25,1.0,29,macro,True,0.0010429625579152849,-0.006631223250166254
20260926,sigmoid,0.25,1.0,29,electronic,True,0.0005574057774046792,0.0006879402311091853
20260926,sigmoid,0.25,1.0,29,pop,True,-0.002461550639303034,-0.03808106883502038
20260926,sigmoid,0.25,1.0,29,ambient,True,0.0022469255855410153,-0.0016321128422340236
20260926,sigmoid,0.25,1.0,29,rock,True,0.003829069508018479,0.012500348445480203
20260926,temperature,0.25,0.5,0,macro,True,-0.002906854420475044,-0.013331086588907998
20260926,temperature,0.25,0.5,0,electronic,True,-0.00039431406494236376,-0.0010927404670108554
20260926,temperature,0.25,0.5,0,pop,True,0.0019644370290086977,0.009154360604402167
20260926,temperature,0.25,0.5,0,ambient,True,-0.0017560992341884296,-0.013015664500167334
20260926,temperature,0.25,0.5,0,rock,True,-0.01144144141177808,-0.04837030199285597
20260926,temperature,0.25,0.5,1,macro,True,-0.0014885326679657147,-0.007078022265472994
20260926,temperature,0.25,0.5,1,electronic,True,-0.0013839361854972587,-0.005673641607364555
20260926,temperature,0.25,0.5,1,pop,True,-0.005130901798704679,-0.03138364502791913
20260926,temperature,0.25,0.5,1,ambient,True,0.0011438199643886149,0.006697075623534388
20260926,temperature,0.25,0.5,1,rock,True,-0.0005831126520495361,0.0020481219498573178
20260926,temperature,0.25,0.5,2,macro,True,-1.6848838793277754e-05,-0.0017044944291300657
20260926,temperature,0.25,0.5,2,electronic,True,0.0010302963723446135,0.0018053869508401488
20260926,temperature,0.25,0.5,2,pop,True,-0.0009095444756835325,-0.00473359609372398
20260926,temperature,0.25,0.5,2,ambient,True,-0.0010332268762774377,-0.006045903655785834
20260926,temperature,0.25,0.5,2,rock,True,0.0008450796244432457,0.002156135082149402
20260926,temperature,0.25,0.5,3,macro,True,-0.001957755254937084,-0.01434888429646411
20260926,temperature,0.25,0.5,3,electronic,True,-0.000341897251098483,-0.0016286756949750458
20260926,temperature,0.25,0.5,3,pop,True,0.0004623977261755119,0.002168785772487858
20260926,temperature,0.25,0.5,3,ambient,True,0.0003274874410222617,0.0020168608094348617
20260926,temperature,0.25,0.5,3,rock,True,-0.008279008935847626,-0.05995250807280411
20260926,temperature,0.25,0.5,4,macro,True,-0.00035696758324324507,-0.0030920201405235104
20260926,temperature,0.25,0.5,4,electronic,True,0.0014990253335777082,0.003599642985186502
20260926,temperature,0.25,0.5,4,pop,True,0.0007862209820769239,0.0033055263610872743
20260926,temperature,0.25,0.5,4,ambient,True,0.0002625927322653654,0.001608588760715124
20260926,temperature,0.25,0.5,4,rock,True,-0.003975709380892978,-0.02088183866908294
20260926,temperature,0.25,0.5,5,macro,True,-0.004999694958303422,-0.5102054601134298
20260926,temperature,0.25,0.5,5,electronic,True,0.0023675835014514146,0.007446013839176979
20260926,temperature,0.25,0.5,5,pop,True,0.004672134226395452,0.02403296037941971
20260926,temperature,0.25,0.5,5,ambient,True,-0.002127047290717027,-0.012922930884469497
20260926,temperature,0.25,0.5,5,rock,True,-0.024911450270343527,-2.0593778837878465
20260926,temperature,0.25,0.5,6,macro,True,-0.010794157430599364,-0.08391510614054518
20260926,temperature,0.25,0.5,6,electronic,True,-0.033673875237564405,-0.25101025760297146
20260926,temperature,0.25,0.5,6,pop,True,-0.00855420529101314,-0.08146556317108566
20260926,temperature,0.25,0.5,6,ambient,True,0.0004631875209532288,0.002959885988863209
20260926,temperature,0.25,0.5,6,rock,True,-0.0014117367147731402,-0.0061444897769867834
20260926,temperature,0.25,0.5,7,macro,True,-0.002721098129999603,-0.012627320723265445
20260926,temperature,0.25,0.5,7,electronic,True,-0.004736614891455326,-0.017215729804161084
20260926,temperature,0.25,0.5,7,pop,True,-0.0006946054585773298,-0.0028382517066953827
20260926,temperature,0.25,0.5,7,ambient,True,-0.0020034128839931387,-0.012847279444055837
20260926,temperature,0.25,0.5,7,rock,True,-0.0034497592859726173,-0.017608021938149476
20260926,temperature,0.25,0.5,8,macro,True,0.0009470751230500792,0.006427070721267691
20260926,temperature,0.25,0.5,8,electronic,True,-0.000811042614080687,-0.0029104008128001957
20260926,temperature,0.25,0.5,8,pop,True,0.003678863027472584,0.0200068547911309
20260926,temperature,0.25,0.5,8,ambient,True,0.002369869950067771,0.014289709775127224
20260926,temperature,0.25,0.5,8,rock,True,-0.0014493898712593517,-0.005677880868387164
20260926,temperature,0.25,0.5,9,macro,True,-0.0015880952323361237,-0.007157673267476822
20260926,temperature,0.25,0.5,9,electronic,True,-0.0016186530983622605,-0.005561598570305415
20260926,temperature,0.25,0.5,9,pop,True,0.00018345708580283504,0.0006181132396330669
20260926,temperature,0.25,0.5,9,ambient,True,-0.000516527980209236,-0.0031464557458631415
20260926,temperature,0.25,0.5,9,rock,True,-0.004400656936575834,-0.020540751993371797
20260926,temperature,0.25,0.5,10,macro,True,-0.0004391150482234048,-0.0026264463267213767
20260926,temperature,0.25,0.5,10,electronic,True,-0.00013859176762920367,-0.0003638624188371242
20260926,temperature,0.25,0.5,10,pop,True,-2.138238968468764e-05,-5.675645012453989e-05
20260926,temperature,0.25,0.5,10,ambient,True,-0.0017165351599530976,-0.01096817620957935
20260926,temperature,0.25,0.5,10,rock,True,0.00012004912437336979,0.0008830097716555074
20260926,temperature,0.25,0.5,11,macro,True,0.0010081177281946116,0.004833793220308913
20260926,temperature,0.25,0.5,11,electronic,True,0.0019051379222603804,0.006179155389777924
20260926,temperature,0.25,0.5,11,pop,True,0.0005513090078106964,0.0028187443186827865
20260926,temperature,0.25,0.5,11,ambient,True,0.001471346685201158,0.009553153796881486
20260926,temperature,0.25,0.5,11,rock,True,0.00010467729750621158,0.000784119375893455
20260926,temperature,0.25,0.5,12,macro,True,-0.00301037157892552,-0.015981523104318746
20260926,temperature,0.25,0.5,12,electronic,True,-0.003958818655795365,-0.018527953623764082
20260926,temperature,0.25,0.5,12,pop,True,-0.009405929270532548,-0.05748133281567114
20260926,temperature,0.25,0.5,12,ambient,True,-0.0007744016046072333,-0.004806669279101339
20260926,temperature,0.25,0.5,12,rock,True,0.002097663215233067,0.016889863301261576
20260926,temperature,0.25,0.5,13,macro,True,-0.006452445822068359,-0.045822294025080326
20260926,temperature,0.25,0.5,13,electronic,True,-0.007592950921803232,-0.03238191525415929
20260926,temperature,0.25,0.5,13,pop,True,-0.016997669225713774,-0.15150868764583691
20260926,temperature,0.25,0.5,13,ambient,True,0.0011163822878346996,0.006584415131831278
20260926,temperature,0.25,0.5,13,rock,True,-0.0023355454285911292,-0.00598298833215638
20260926,temperature,0.25,0.5,14,macro,True,-1.9674195330578875e-05,-0.0011443204460757223
20260926,temperature,0.25,0.5,14,electronic,True,-0.0009816054968523336,-0.003972175630536479
20260926,temperature,0.25,0.5,14,pop,True,0.0021615291737927256,0.013195269168994495
20260926,temperature,0.25,0.5,14,ambient,True,-0.00150567032198487,-0.009048415768469598
20260926,temperature,0.25,0.5,14,rock,True,0.0002470498637221624,-0.004751959554291307
20260926,temperature,0.25,0.5,15,macro,True,-0.001417677561281503,-0.004710003380350353
20260926,temperature,0.25,0.5,15,electronic,True,-0.0033030268999461876,-0.01465758813315049
20260926,temperature,0.25,0.5,15,pop,True,-0.003266602692044346,-0.011187475793928425
20260926,temperature,0.25,0.5,15,ambient,True,0.0011575820322306807,0.006973710021803692
20260926,temperature,0.25,0.5,15,rock,True,-0.00025866268536615944,3.134038387381244e-05
20260926,temperature,0.25,0.5,16,macro,True,-0.002246454368044975,-0.010858435715436224
20260926,temperature,0.25,0.5,16,electronic,True,-0.011231983887119684,-0.056292928977256795
20260926,temperature,0.25,0.5,16,pop,True,0.0018280367374044204,0.011117419752977253
20260926,temperature,0.25,0.5,16,ambient,True,0.0015146130680137593,0.008914684376798099
20260926,temperature,0.25,0.5,16,rock,True,-0.001096483390478395,-0.007172918014263452
20260926,temperature,0.25,0.5,17,macro,True,0.0007046010285307221,0.005415673260052739
20260926,temperature,0.25,0.5,17,electronic,True,0.0003110406562025214,0.00010020442541791574
20260926,temperature,0.25,0.5,17,pop,True,-0.001970271780903754,-0.007291423741739467
20260926,temperature,0.25,0.5,17,ambient,True,0.004133774819107899,0.02785723657810557
20260926,temperature,0.25,0.5,17,rock,True,0.0003438604197162215,0.0009966757784269364
20260926,temperature,0.25,0.5,18,macro,True,-0.004435146377402159,-0.029408678081062525
20260926,temperature,0.25,0.5,18,electronic,True,-0.0011097738427107706,-0.005297103919466084
20260926,temperature,0.25,0.5,18,pop,True,-0.01448370755293174,-0.10599414371359261
20260926,temperature,0.25,0.5,18,ambient,True,-0.0012061030861241218,-0.008703953394935238
20260926,temperature,0.25,0.5,18,rock,True,-0.0009410010278420033,0.002360488703743835
20260926,temperature,0.25,0.5,19,macro,True,-0.0009843317603761663,-0.003531223989678825
20260926,temperature,0.25,0.5,19,electronic,True,0.0007260631738979506,0.0039034957737134057
20260926,temperature,0.25,0.5,19,pop,True,-0.0012818047506249763,-0.004888978990155668
20260926,temperature,0.25,0.5,19,ambient,True,-8.431559241306452e-05,0.005964697143274855
20260926,temperature,0.25,0.5,19,rock,True,-0.003297269872364575,-0.019104109885547893
20260926,temperature,0.25,0.5,20,macro,True,-0.0013388097789413418,-0.006133609585537256
20260926,temperature,0.25,0.5,20,electronic,True,-0.0007513120421334119,-0.003707324534641787
20260926,temperature,0.25,0.5,20,pop,True,-1.760630422775744e-05,-0.00017643031899344797
20260926,temperature,0.25,0.5,20,ambient,True,0.0010986592503778037,0.006534272776284267
20260926,temperature,0.25,0.5,20,rock,True,-0.005684980019782002,-0.027184956264798055
20260926,temperature,0.25,0.5,21,macro,True,-0.0014170886098086137,-0.011362016087344023
20260926,temperature,0.25,0.5,21,electronic,True,0.0017482925558419682,0.004907169983550119
20260926,temperature,0.25,0.5,21,pop,True,-0.0022415339160117287,-0.013117316279627589
20260926,temperature,0.25,0.5,21,ambient,True,-0.004930734587847069,-0.03779614926033226
20260926,temperature,0.25,0.5,21,rock,True,-0.00024437849121762556,0.0005582312070336326
20260926,temperature,0.25,0.5,22,macro,True,-0.0004541351599076683,-0.0012758989535936877
20260926,temperature,0.25,0.5,22,electronic,True,-0.002014910535395209,-0.007195837207190248
20260926,temperature,0.25,0.5,22,pop,True,-0.002314059968910348,-0.01474926327849091
20260926,temperature,0.25,0.5,22,ambient,True,0.0027480105317195525,0.01952449522967914
20260926,temperature,0.25,0.5,22,rock,True,-0.00023558066704466862,-0.002682990558372733
20260926,temperature,0.25,0.5,23,macro,True,-0.0022742984053951316,-0.015669248776595507
20260926,temperature,0.25,0.5,23,electronic,True,-0.00018091954923935005,0.000337063134238591
20260926,temperature,0.25,0.5,23,pop,True,0.0005457252019936409,0.002489506006101927
20260926,temperature,0.25,0.5,23,ambient,True,-0.006116237794125706,-0.04757613627630786
20260926,temperature,0.25,0.5,23,rock,True,-0.0033457614802091112,-0.01792742797041469
20260926,temperature,0.25,0.5,24,macro,True,-0.0001565221631629754,-0.0012714129302088678
20260926,temperature,0.25,0.5,24,electronic,True,-0.001099041116054883,-0.004467987641892823
20260926,temperature,0.25,0.5,24,pop,True,0.0006969411023067251,0.003544677332308954
20260926,temperature,0.25,0.5,24,ambient,True,-0.00011672652511712789,-0.0006869015691511882
20260926,temperature,0.25,0.5,24,rock,True,-0.00010726211378661588,-0.003475439842100414
20260926,temperature,0.25,0.5,25,macro,True,0.0006991984675398487,0.0035993677195823165
20260926,temperature,0.25,0.5,25,electronic,True,0.0025010346947851037,0.007581875536152416
20260926,temperature,0.25,0.5,25,pop,True,-0.00013191523669339733,-0.0005179755104449679
20260926,temperature,0.25,0.5,25,ambient,True,0.0022143842803074576,0.014416274498698867
20260926,temperature,0.25,0.5,25,rock,True,-0.0017867098682397692,-0.007082703646077049
20260926,temperature,0.25,0.5,26,macro,True,-0.0002651842250140958,-0.0019167102713581324
20260926,temperature,0.25,0.5,26,electronic,True,0.00013704904717803945,0.000477369048290599
20260926,temperature,0.25,0.5,26,pop,True,0.0002593732416105443,0.000948280226958309
20260926,temperature,0.25,0.5,26,ambient,True,-0.0020581993742278815,-0.01405216634670059
20260926,temperature,0.25,0.5,26,rock,True,0.0006010401853829145,0.004959675986019152
20260926,temperature,0.25,0.5,27,macro,True,-0.0003758546017601991,-0.003562258857939246
20260926,temperature,0.25,0.5,27,electronic,True,0.0001729219177643293,-0.0011134137009080058
20260926,temperature,0.25,0.5,27,pop,True,-0.0002340521594738354,-0.0011312773462003878
20260926,temperature,0.25,0.5,27,ambient,True,-0.0018538150112288598,-0.011362095239176195
20260926,temperature,0.25,0.5,27,rock,True,0.0004115268458975696,-0.0006422491454723955
20260926,temperature,0.25,0.5,28,macro,True,-0.0014087064043513363,-0.007434356998359107
20260926,temperature,0.25,0.5,28,electronic,True,0.0005932667284541671,0.00190671555124039
20260926,temperature,0.25,0.5,28,pop,True,-0.007053750208510817,-0.04314033007093204
20260926,temperature,0.25,0.5,28,ambient,True,0.0011069476286319768,0.007880578063987453
20260926,temperature,0.25,0.5,28,rock,True,-0.0002812897659806718,0.003615608462267772
20260926,temperature,0.25,0.5,29,macro,True,-0.0008052397606618661,-0.0044337592125443664
20260926,temperature,0.25,0.5,29,electronic,True,-8.342893751031588e-05,-0.0005252384091701812
20260926,temperature,0.25,0.5,29,pop,True,-0.006081244212378101,-0.03772207629285884
20260926,temperature,0.25,0.5,29,ambient,True,0.002705717233120991,0.016656720630831345
20260926,temperature,0.25,0.5,29,rock,True,0.00023799687411996118,0.0038555572210202116
20260926,temperature,0.5,0.75,0,macro,True,-0.000880869417336571,-0.0068703108335446406
20260926,temperature,0.5,0.75,0,electronic,True,0.0007401333501319274,0.002221880578596791
20260926,temperature,0.5,0.75,0,pop,True,-0.00012018291021567706,-0.0006177781134413807
20260926,temperature,0.5,0.75,0,ambient,True,-0.0033760522425791695,-0.02203350892414313
20260926,temperature,0.5,0.75,0,rock,True,-0.0007673758666833647,-0.007051836875190842
20260926,temperature,0.5,0.75,1,macro,True,-0.0003501777216438767,-0.0015559580702441816
20260926,temperature,0.5,0.75,1,electronic,True,-0.00019884548788753897,-0.0012928917793552652
20260926,temperature,0.5,0.75,1,pop,True,-0.0019747207879542983,-0.00972091729769664
20260926,temperature,0.5,0.75,1,ambient,True,0.0007577202358332313,0.0045815855037661946
20260926,temperature,0.5,0.75,1,rock,True,1.5135153433099013e-05,0.0002083912923089848
20260926,temperature,0.5,0.75,2,macro,True,0.00021276740830817806,0.0022776939835224136
20260926,temperature,0.5,0.75,2,electronic,True,-0.00047745905306012526,-0.0016664763955047124
20260926,temperature,0.5,0.75,2,pop,True,0.0015864848392526665,0.008440494681691446
20260926,temperature,0.5,0.75,2,ambient,True,0.0007669130302976335,0.004472381734895392
20260926,temperature,0.5,0.75,2,rock,True,-0.0010248691832574625,-0.0021356240869924714
20260926,temperature,0.5,0.75,3,macro,True,-0.0012397258686604046,-0.005244243709839544
20260926,temperature,0.5,0.75,3,electronic,True,-0.002337124537124091,-0.010310838720690274
20260926,temperature,0.5,0.75,3,pop,True,-0.0002993633612747848,-0.001416043199522543
20260926,temperature,0.5,0.75,3,ambient,True,-0.001096694127557557,-0.0066297863473049334
20260926,temperature,0.5,0.75,3,rock,True,-0.0012257214486851853,-0.002620306571840425
20260926,temperature,0.5,0.75,4,macro,True,0.0007917950729866424,0.003281446415171793
20260926,temperature,0.5,0.75,4,electronic,True,0.0007899687435188874,0.0031535479479573025
20260926,temperature,0.5,0.75,4,pop,True,0.0021114089931921487,0.01058863837137125
20260926,temperature,0.5,0.75,4,ambient,True,0.000760480699085575,0.004781805900358593
20260926,temperature,0.5,0.75,4,rock,True,-0.0004946781438500414,-0.005398206558999974
20260926,temperature,0.5,0.75,5,macro,True,-0.002814343395023889,-0.016864112996131664
20260926,temperature,0.5,0.75,5,electronic,True,-0.000286974677210422,-0.00115653962985246
20260926,temperature,0.5,0.75,5,pop,True,-0.003990163325205187,-0.021177487963579933
20260926,temperature,0.5,0.75,5,ambient,True,0.001467568610645703,0.008773569482282584
20260926,temperature,0.5,0.75,5,rock,True,-0.00844780418832565,-0.053895993873376846
20260926,temperature,0.5,0.75,6,macro,True,-0.0020204229894808697,-0.01305608351710924
20260926,temperature,0.5,0.75,6,electronic,True,0.002740771102442696,0.009383953947312895
20260926,temperature,0.5,0.75,6,pop,True,-0.010209708119149563,-0.06448012853034246
20260926,temperature,0.5,0.75,6,ambient,True,0.0004479583039501134,0.0026080390319072055
20260926,temperature,0.5,0.75,6,rock,True,-0.001060713245166725,0.0002638014826853996
20260926,temperature,0.5,0.75,7,macro,True,0.000672978383898102,0.0035844482253419158
20260926,temperature,0.5,0.75,7,electronic,True,-6.385448740994781e-05,-0.0006963105262490776
20260926,temperature,0.5,0.75,7,pop,True,0.001222341800209581,0.005524161637378011
20260926,temperature,0.5,0.75,7,ambient,True,0.002029306801756614,0.01302210278055127
20260926,temperature,0.5,0.75,7,rock,True,-0.0004958805789638393,-0.0035121609903125406
20260926,temperature,0.5,0.75,8,macro,True,0.0012668935981765411,0.008852669909912833
20260926,temperature,0.5,0.75,8,electronic,True,0.0008515893364337557,0.003064859506131057
20260926,temperature,0.5,0.75,8,pop,True,0.004055016417012197,0.02699153411128241
20260926,temperature,0.5,0.75,8,ambient,True,0.0008814218730047174,0.005586554347278505
20260926,temperature,0.5,0.75,8,rock,True,-0.0007204532337445058,-0.000232268325040641
20260926,temperature,0.5,0.75,9,macro,True,0.00014925390367606303,0.0007605866197156336
20260926,temperature,0.5,0.75,9,electronic,True,5.560142435140358e-05,0.00014596450603354683
20260926,temperature,0.5,0.75,9,pop,True,0.000251748856317624,0.0011073232534554167
20260926,temperature,0.5,0.75,9,ambient,True,0.001133833385402877,0.007016269160570743
20260926,temperature,0.5,0.75,9,rock,True,-0.0008441680513676525,-0.005227210441197172
20260926,temperature,0.5,0.75,10,macro,True,0.00039735866002788,0.0010549965126919608
20260926,temperature,0.5,0.75,10,electronic,True,0.0003346143581335337,0.0009405567520985869
20260926,temperature,0.5,0.75,10,pop,True,0.0019457716301946315,0.008897083778516224
20260926,temperature,0.5,0.75,10,ambient,True,-0.00017515176042753877,-0.0010661546435137836
20260926,temperature,0.5,0.75,10,rock,True,-0.0005157995877891064,-0.004551499836333184
20260926,temperature,0.5,0.75,11,macro,True,-0.00038793928968212585,-0.0032991101984059107
20260926,temperature,0.5,0.75,11,electronic,True,-0.001038514029208043,-0.0038205579552909597
20260926,temperature,0.5,0.75,11,pop,True,0.0010842116196591312,0.005852825399594086
20260926,temperature,0.5,0.75,11,ambient,True,-0.001250685247776856,-0.008166085902273412
20260926,temperature,0.5,0.75,11,rock,True,-0.00034676950140273555,-0.007062622335653357
20260926,temperature,0.5,0.75,12,macro,True,-0.00046249493006665296,-0.002746840912000059
20260926,temperature,0.5,0.75,12,electronic,True,-0.0023179500481231297,-0.008329268753502816
20260926,temperature,0.5,0.75,12,pop,True,0.002323517017297605,0.011489000949976513
20260926,temperature,0.5,0.75,12,ambient,True,0.0003508138855678744,0.0021540310002984286
20260926,temperature,0.5,0.75,12,rock,True,-0.0022063605750089615,-0.016301126844772362
20260926,temperature,0.5,0.75,13,macro,True,-0.0007609656419567089,-0.004505231423657108
20260926,temperature,0.5,0.75,13,electronic,True,-0.0002462732502248044,-0.002006808813928007
20260926,temperature,0.5,0.75,13,pop,True,-0.0029965207824796114,-0.016568109452792135
20260926,temperature,0.5,0.75,13,ambient,True,0.00018635306225656123,0.0010993581073411862
20260926,temperature,0.5,0.75,13,rock,True,1.2578402621019058e-05,-0.0005453655352494757
20260926,temperature,0.5,0.75,14,macro,True,0.00018229245519585727,0.0011499420130294813
20260926,temperature,0.5,0.75,14,electronic,True,-4.014195647597529e-05,-0.0018340226189582087
20260926,temperature,0.5,0.75,14,pop,True,0.0006585410958000193,0.004303798575293449
20260926,temperature,0.5,0.75,14,ambient,True,0.0004292419278151549,0.0025186147634552736
20260926,temperature,0.5,0.75,14,rock,True,-0.00031847124635576984,-0.000388622667672589
20260926,temperature,0.5,0.75,15,macro,True,-0.0002510693028496616,-0.00039306291209142974
20260926,temperature,0.5,0.75,15,electronic,True,-0.0015962464595323245,-0.005581792855551881
20260926,temperature,0.5,0.75,15,pop,True,0.001240085359496379,0.005886598046872027
20260926,temperature,0.5,0.75,15,ambient,True,-0.0005437817121415056,-0.0033235223264093117
20260926,temperature,0.5,0.75,15,rock,True,-0.00010433439922119536,0.0014464654867234472
20260926,temperature,0.5,0.75,16,macro,True,-0.0004982845145570236,-0.0037551240753159604
20260926,temperature,0.5,0.75,16,electronic,True,0.00012907268308295916,0.00041374469112859247
20260926,temperature,0.5,0.75,16,pop,True,-0.0023876756354171136,-0.014313542600041251
20260926,temperature,0.5,0.75,16,ambient,True,0.0006225724595404769,0.0038014099426117998
20260926,temperature,0.5,0.75,16,rock,True,-0.0003571075654344169,-0.004922108334962982
20260926,temperature,0.5,0.75,17,macro,True,-0.0009092135428237537,-0.004763086944240019
20260926,temperature,0.5,0.75,17,electronic,True,0.0007152785307833476,0.0022471516717854634
20260926,temperature,0.5,0.75,17,pop,True,1.4948227858246899e-05,6.208414814973251e-05
20260926,temperature,0.5,0.75,17,ambient,True,-0.003715929017382158,-0.025299626238042272
20260926,temperature,0.5,0.75,17,rock,True,-0.0006511519125544513,0.003938042641146999
20260926,temperature,0.5,0.75,18,macro,True,-0.0006977535794615852,-0.006015848081029812
20260926,temperature,0.5,0.75,18,electronic,True,0.0007085435602322276,0.001563340479169062
20260926,temperature,0.5,0.75,18,pop,True,-2.0155266380439407e-05,-9.980676078297224e-05
20260926,temperature,0.5,0.75,18,ambient,True,-0.003293920844533449,-0.021248019499208848
20260926,temperature,0.5,0.75,18,rock,True,-0.00018548176716468023,-0.00427890654329649
20260926,temperature,0.5,0.75,19,macro,True,-0.0018380459629223564,-0.00933257477658947
20260926,temperature,0.5,0.75,19,electronic,True,-0.006720307685914084,-0.03124353928670892
20260926,temperature,0.5,0.75,19,pop,True,0.0001369096767728506,0.0005825305953267024
20260926,temperature,0.5,0.75,19,ambient,True,-0.000602760152508347,-0.003558095699109587
20260926,temperature,0.5,0.75,19,rock,True,-0.0001660256900398449,-0.0031111947158660724
20260926,temperature,0.5,0.75,20,macro,True,0.000457362535364169,0.0006163370698086812
20260926,temperature,0.5,0.75,20,electronic,True,0.001083671776779982,0.002656696981355511
20260926,temperature,0.5,0.75,20,pop,True,0.0019036196734769917,0.008765165506493366
20260926,temperature,0.5,0.75,20,ambient,True,-0.0003947631469110868,-0.002301422890220284
20260926,temperature,0.5,0.75,20,rock,True,-0.0007630781618892107,-0.006655091318393869
20260926,temperature,0.5,0.75,21,macro,True,-0.0013835179312760883,-0.0069627451610649455
20260926,temperature,0.5,0.75,21,electronic,True,-0.0015450579146240317,-0.005203044591736983
20260926,temperature,0.5,0.75,21,pop,True,-0.0019566156382231914,-0.010083058901617648
20260926,temperature,0.5,0.75,21,ambient,True,-0.0020111913991782693,-0.012965960032953028
20260926,temperature,0.5,0.75,21,rock,True,-2.1206773078860652e-05,0.00040108288204787623
20260926,temperature,0.5,0.75,22,macro,True,-0.001663619786365634,-0.009817888746185277
20260926,temperature,0.5,0.75,22,electronic,True,-0.000268753710795544,-0.0005650840523732659
20260926,temperature,0.5,0.75,22,pop,True,-0.0029651999372852234,-0.016446626992457136
20260926,temperature,0.5,0.75,22,ambient,True,-0.003930090357507882,-0.027126446679071714
20260926,temperature,0.5,0.75,22,rock,True,0.0005095648601261132,0.004866602739161008
20260926,temperature,0.5,0.75,23,macro,True,-0.0005440212846783178,-0.003613090089701773
20260926,temperature,0.5,0.75,23,electronic,True,-4.508134512598572e-05,-0.00045062987828442536
20260926,temperature,0.5,0.75,23,pop,True,-4.868381406925026e-06,-2.2904073230634037e-05
20260926,temperature,0.5,0.75,23,ambient,True,-0.0018513367808184467,-0.011802211237988192
20260926,temperature,0.5,0.75,23,rock,True,-0.00027479863136191385,-0.0021766151693038416
20260926,temperature,0.5,0.75,24,macro,True,0.0001001670194742052,0.0010093369225543103
20260926,temperature,0.5,0.75,24,electronic,True,-0.0009324246889639565,-0.0033879030547828703
20260926,temperature,0.5,0.75,24,pop,True,0.00030740822606570295,0.0016192792413926016
20260926,temperature,0.5,0.75,24,ambient,True,0.0009928221062833198,0.005957871685995708
20260926,temperature,0.5,0.75,24,rock,True,3.2862434511754524e-05,-0.00015190018238819825
20260926,temperature,0.5,0.75,25,macro,True,-0.002357921132195042,-0.012450308967004997
20260926,temperature,0.5,0.75,25,electronic,True,-0.0020439966851407143,-0.007858317990980801
20260926,temperature,0.5,0.75,25,pop,True,0.0008856567158128659,0.0038389217948244236
20260926,temperature,0.5,0.75,25,ambient,True,-0.0027073588008401095,-0.01741039337447281
20260926,temperature,0.5,0.75,25,rock,True,-0.00556598575861221,-0.0283714462973908
20260926,temperature,0.5,0.75,26,macro,True,-0.0004908547451264386,-0.0036398022832769272
20260926,temperature,0.5,0.75,26,electronic,True,0.0009078066718011257,0.003411622387531399
20260926,temperature,0.5,0.75,26,pop,True,-0.0008217969034405026,-0.0032408208572361485
20260926,temperature,0.5,0.75,26,ambient,True,-0.001364113555625629,-0.008533200521182005
20260926,temperature,0.5,0.75,26,rock,True,-0.0006853151932407486,-0.006196810142220954
20260926,temperature,0.5,0.75,27,macro,True,0.0003725294921567805,0.0030445474345751206
20260926,temperature,0.5,0.75,27,electronic,True,-0.00022755756245002035,-0.0006240585499519558
20260926,temperature,0.5,0.75,27,pop,True,0.0002594181138171614,0.001255276237011993
20260926,temperature,0.5,0.75,27,ambient,True,0.0018398523743027861,0.01127249564884325
20260926,temperature,0.5,0.75,27,rock,True,-0.0003815949570428051,0.0002744764023971946
20260926,temperature,0.5,0.75,28,macro,True,-0.0004432706708175048,-0.001254194786099852
20260926,temperature,0.5,0.75,28,electronic,True,-0.0009236713121928142,-0.0027101568053674585
20260926,temperature,0.5,0.75,28,pop,True,-0.0014130902896468955,-0.006526636588666368
20260926,temperature,0.5,0.75,28,ambient,True,0.0002279239907666264,0.0013463037063330408
20260926,temperature,0.5,0.75,28,rock,True,0.00033575492780306415,0.0028737105433013777
20260926,temperature,0.5,0.75,29,macro,True,-0.0010379894578089847,-0.006279176055628485
20260926,temperature,0.5,0.75,29,electronic,True,3.4600198747791744e-05,-0.0005482895847908065
20260926,temperature,0.5,0.75,29,pop,True,-0.0016986031417201286,-0.008331810323957412
20260926,temperature,0.5,0.75,29,ambient,True,-0.0023113726352606834,-0.014353617346380965
20260926,temperature,0.5,0.75,29,rock,True,-0.00017658225300291874,-0.0018829869673847588
20260926,temperature,0.75,1.0,0,macro,True,4.387486531122475e-06,0.00018099869391749457
20260926,temperature,0.75,1.0,0,electronic,True,-0.000285280125159576,-0.0009396372643229456
20260926,temperature,0.75,1.0,0,pop,True,-0.00020940226377014204,-0.001063653671412812
20260926,temperature,0.75,1.0,0,ambient,True,0.0005181644986178569,0.003141049318639899
20260926,temperature,0.75,1.0,0,rock,True,-5.932163563648896e-06,-0.0004137636072341633
20260926,temperature,0.75,1.0,1,macro,True,0.0004444234579699252,0.0013016720222545214
20260926,temperature,0.75,1.0,1,electronic,True,0.0006726824131906006,0.0013322008878066671
20260926,temperature,0.75,1.0,1,pop,True,0.0012443470322392458,0.0059420562397452525
20260926,temperature,0.75,1.0,1,ambient,True,-6.482668229229605e-05,-0.0003986763210176436
20260926,temperature,0.75,1.0,1,rock,True,-7.450893125784952e-05,-0.0016688927175161905
20260926,temperature,0.75,1.0,2,macro,True,-0.00023665701673810866,-0.0005382085426515193
20260926,temperature,0.75,1.0,2,electronic,True,-0.00017363484915144944,-0.0005637040503979618
20260926,temperature,0.75,1.0,2,pop,True,-0.0015835645648139829,-0.008425777758185649
20260926,temperature,0.75,1.0,2,ambient,True,0.0009505609657408931,0.00570506660489567
20260926,temperature,0.75,1.0,2,rock,True,-0.0001399896187278954,0.0011315810330818632
20260926,temperature,0.75,1.0,3,macro,True,4.0817065831422195e-07,0.0011159912693106816
20260926,temperature,0.75,1.0,3,electronic,True,-0.0016679200756665735,-0.006159757896922857
20260926,temperature,0.75,1.0,3,pop,True,0.0008930335915019183,0.004338275991040641
20260926,temperature,0.75,1.0,3,ambient,True,0.0008730294251440007,0.00524872094153328
20260926,temperature,0.75,1.0,3,rock,True,-9.651025834608862e-05,0.0010367260415916624
20260926,temperature,0.75,1.0,4,macro,True,-0.0009365978722550815,-0.0044471654660886845
20260926,temperature,0.75,1.0,4,electronic,True,-0.001871656897422691,-0.0069946730028278
20260926,temperature,0.75,1.0,4,pop,True,-0.001028492183867552,-0.005375012578108906
20260926,temperature,0.75,1.0,4,ambient,True,-0.0008458433462591453,-0.005307048602998354
20260926,temperature,0.75,1.0,4,rock,True,-3.990614709376006e-07,-0.00011192768041967671
20260926,temperature,0.75,1.0,5,macro,True,-0.00016810427961016366,0.00017331138735506013
20260926,temperature,0.75,1.0,5,electronic,True,-0.0014310886668632838,-0.0052073993323063505
20260926,temperature,0.75,1.0,5,pop,True,0.0011751257864221765,0.005631600114531232
20260926,temperature,0.75,1.0,5,ambient,True,-0.00014870841876782337,-0.0009164838233705064
20260926,temperature,0.75,1.0,5,rock,True,-0.0002677458192317239,0.0011855285905658652
20260926,temperature,0.75,1.0,6,macro,True,7.333686012600538e-05,0.0010404086353723446
20260926,temperature,0.75,1.0,6,electronic,True,-0.002077547137708552,-0.007852302306447845
20260926,temperature,0.75,1.0,6,pop,True,0.0011194156397964783,0.005379655269161787
20260926,temperature,0.75,1.0,6,ambient,True,0.0012828037079501142,0.00764729106690587
20260926,temperature,0.75,1.0,6,rock,True,-3.132476953401908e-05,-0.0010130094881304341
20260926,temperature,0.75,1.0,7,macro,True,-0.00027358731150215615,-0.0032005252838812337
20260926,temperature,0.75,1.0,7,electronic,True,0.0006719249084263523,0.0014838023044719262
20260926,temperature,0.75,1.0,7,pop,True,0.0004856447963833277,0.0024013169387684385
20260926,temperature,0.75,1.0,7,ambient,True,-0.0018680624829381098,-0.01203607996639977
20260926,temperature,0.75,1.0,7,rock,True,-0.0003838564678801948,-0.004651140412365529
20260926,temperature,0.75,1.0,8,macro,True,-0.002296057000669715,-0.013380602091764046
20260926,temperature,0.75,1.0,8,electronic,True,-0.0010324526466266581,-0.003652607816639175
20260926,temperature,0.75,1.0,8,pop,True,-0.007071801504162756,-0.0437489315053145
20260926,temperature,0.75,1.0,8,ambient,True,-0.0010607722643090067,-0.006692743872107831
20260926,temperature,0.75,1.0,8,rock,True,-1.9201587580439106e-05,0.0005718748270053253
20260926,temperature,0.75,1.0,9,macro,True,3.92275056775547e-05,-0.0011025617859758557
20260926,temperature,0.75,1.0,9,electronic,True,0.00031642552512109456,0.0009355878064115086
20260926,temperature,0.75,1.0,9,pop,True,0.0012125325070450055,0.005799734721637084
20260926,temperature,0.75,1.0,9,ambient,True,-0.0007158612339523696,-0.004476437249837151
20260926,temperature,0.75,1.0,9,rock,True,-0.0006561867755035117,-0.006669132422114865
20260926,temperature,0.75,1.0,10,macro,True,4.759190338736452e-05,-4.617264548832656e-05
20260926,temperature,0.75,1.0,10,electronic,True,7.619970824723765e-05,0.00023784802680348882
20260926,temperature,0.75,1.0,10,pop,True,-7.438551114824499e-05,-0.00037596006165818707
20260926,temperature,0.75,1.0,10,ambient,True,0.0002606237945587675,0.0015898134126880459
20260926,temperature,0.75,1.0,10,rock,True,-7.207037810830208e-05,-0.0016363919597866539
20260926,temperature,0.75,1.0,11,macro,True,-0.000642199820477616,-0.0028609611071221813
20260926,temperature,0.75,1.0,11,electronic,True,-0.00024319469906236568,-0.0007968074354716692
20260926,temperature,0.75,1.0,11,pop,True,-0.001556140718203869,-0.008272689628576413
20260926,temperature,0.75,1.0,11,ambient,True,-0.0005715605423583514,-0.0035608178414585634
20260926,temperature,0.75,1.0,11,rock,True,-0.00019790332228587781,0.0011864704770179202
20260926,temperature,0.75,1.0,12,macro,True,-0.00018988028998311382,-0.0011214051719303925
20260926,temperature,0.75,1.0,12,electronic,True,0.00040529251956444856,0.0011649005272076352
20260926,temperature,0.75,1.0,12,pop,True,-0.0009741488774377971,-0.00508181224689247
20260926,temperature,0.75,1.0,12,ambient,True,-0.0001756069073711175,-0.0010829975981629936
20260926,temperature,0.75,1.0,12,rock,True,-1.5057894687989237e-05,0.0005142886301262584
20260926,temperature,0.75,1.0,13,macro,True,0.00035936718339749443,0.0017419128788753874
20260926,temperature,0.75,1.0,13,electronic,True,0.0006209658008781982,0.0015606133109214992
20260926,temperature,0.75,1.0,13,pop,True,6.755463655053195e-05,0.0003396120401182312
20260926,temperature,0.75,1.0,13,ambient,True,0.0007616522603010323,0.00459068759527248
20260926,temperature,0.75,1.0,13,rock,True,-1.2703964139784696e-05,0.0004767385691893389
20260926,temperature,0.75,1.0,14,macro,True,-0.0010252539862822437,-0.005578921735325801
20260926,temperature,0.75,1.0,14,electronic,True,0.0003179768937160987,0.0009397607348486381
20260926,temperature,0.75,1.0,14,pop,True,-0.004981944047423942,-0.02920913829381644
20260926,temperature,0.75,1.0,14,ambient,True,0.000790324791783592,0.004760378797840414
20260926,temperature,0.75,1.0,14,rock,True,-0.00022737358320472356,0.0011933118198241832
20260926,temperature,0.75,1.0,15,macro,True,0.000171276721372772,0.0007233637284639466
20260926,temperature,0.75,1.0,15,electronic,True,0.0002862811996447723,0.0008534750561514648
20260926,temperature,0.75,1.0,15,pop,True,3.902673804917489e-05,0.00019640919405000679
20260926,temperature,0.75,1.0,15,ambient,True,0.0003647119400917165,0.0022190714693596236
20260926,temperature,0.75,1.0,15,rock,True,-4.9129922945756466e-06,-0.00037550080570530886
20260926,temperature,0.75,1.0,16,macro,True,-0.0005021473133107919,-0.002549920390325741
20260926,temperature,0.75,1.0,16,electronic,True,-0.00010749582861444007,-0.0003457424585718849
20260926,temperature,0.75,1.0,16,pop,True,-0.0016933919124282326,-0.00904129512255053
20260926,temperature,0.75,1.0,16,ambient,True,-0.0001984736709914059,-0.0012247325854589652
20260926,temperature,0.75,1.0,16,rock,True,-9.227841209089038e-06,0.0004120886052784156
20260926,temperature,0.75,1.0,17,macro,True,0.0001839433928889772,0.0002450638471683114
20260926,temperature,0.75,1.0,17,electronic,True,-0.0003746082738412815,-0.0012469813405907026
20260926,temperature,0.75,1.0,17,pop,True,0.0016080405932530628,0.0075162170537094175
20260926,temperature,0.75,1.0,17,ambient,True,-0.00014655878653213605,-0.0009031864577847548
20260926,temperature,0.75,1.0,17,rock,True,-0.00035109996132373644,-0.004385793866660714
20260926,temperature,0.75,1.0,18,macro,True,0.0002140252449598333,0.0015504570429687586
20260926,temperature,0.75,1.0,18,electronic,True,-3.446605857207463e-05,-0.00010962905694689162
20260926,temperature,0.75,1.0,18,pop,True,0.0002368758817435923,0.0011830462551699616
20260926,temperature,0.75,1.0,18,ambient,True,0.0007073017098132572,0.004268458265098918
20260926,temperature,0.75,1.0,18,rock,True,-5.361055314544172e-05,0.0008599527085530467
20260926,temperature,0.75,1.0,19,macro,True,0.0005115062181987873,0.0030493280023198843
20260926,temperature,0.75,1.0,19,electronic,True,-0.0005485733330585219,-0.0018603794953441222
20260926,temperature,0.75,1.0,19,pop,True,0.0014497982320708647,0.006844629436886296
20260926,temperature,0.75,1.0,19,ambient,True,0.0011507523714733847,0.006877586636839905
20260926,temperature,0.75,1.0,19,rock,True,-5.952397690578426e-06,0.00033547543089745835
20260926,temperature,0.75,1.0,20,macro,True,0.00022792010834511364,0.0014514085608162558
20260926,temperature,0.75,1.0,20,electronic,True,-0.00041516282246925607,-0.001388288573594021
20260926,temperature,0.75,1.0,20,pop,True,-7.213254379567768e-05,-0.0003645424444816969
20260926,temperature,0.75,1.0,20,ambient,True,0.0014251673256655273,0.008475071539404855
20260926,temperature,0.75,1.0,20,rock,True,-2.6191526020138967e-05,-0.0009166062780641138
20260926,temperature,0.75,1.0,21,macro,True,0.00028300495450379187,0.001250240093041352
20260926,temperature,0.75,1.0,21,electronic,True,0.0004238677423735182,0.0012099243196782017
20260926,temperature,0.75,1.0,21,pop,True,0.0006496634933326195,0.003190228909451087
20260926,temperature,0.75,1.0,21,ambient,True,6.113659434303642e-05,0.00037479211813795654
20260926,temperature,0.75,1.0,21,rock,True,-2.6480120340066637e-06,0.00022601502489816294
20260926,temperature,0.75,1.0,22,macro,True,-6.168356785192508e-05,-0.0015513777994238254
20260926,temperature,0.75,1.0,22,electronic,True,0.0006022407018859421,0.0015462632065046944
20260926,temperature,0.75,1.0,22,pop,True,-1.9874514731177406e-07,-1.001707747250169e-06
20260926,temperature,0.75,1.0,22,ambient,True,-0.0003106664212572663,-0.0019225378152810668
20260926,temperature,0.75,1.0,22,rock,True,-0.0005381098068890644,-0.005828234881171679
20260926,temperature,0.75,1.0,23,macro,True,0.00035071018176326824,0.0006974922076724149
20260926,temperature,0.75,1.0,23,electronic,True,0.0006745884052625217,0.001381490188387624
20260926,temperature,0.75,1.0,23,pop,True,0.0008014753535816599,0.003909659797328824
20260926,temperature,0.75,1.0,23,ambient,True,0.00019924320116881944,0.0012172385724122936
20260926,temperature,0.75,1.0,23,rock,True,-0.0002724662329599281,-0.0037184197274390818
20260926,temperature,0.75,1.0,24,macro,True,-0.00027191687063986975,-0.0009574185051336864
20260926,temperature,0.75,1.0,24,electronic,True,-0.0002059075878516614,-0.0006713799690942213
20260926,temperature,0.75,1.0,24,pop,True,-0.0007812419281920668,-0.004049072881759541
20260926,temperature,0.75,1.0,24,ambient,True,-1.6948727418697462e-05,-0.00010410677035865845
20260926,temperature,0.75,1.0,24,rock,True,-8.356923909705327e-05,0.0009948856006776752
20260926,temperature,0.75,1.0,25,macro,True,0.0002368282581726236,0.0007333333375123402
20260926,temperature,0.75,1.0,25,electronic,True,-0.00015042929859340748,-0.00048680606221024325
20260926,temperature,0.75,1.0,25,pop,True,0.000923903821547889,0.004481858257102345
20260926,temperature,0.75,1.0,25,ambient,True,0.0004659735476006399,0.0028282246184789805
20260926,temperature,0.75,1.0,25,rock,True,-0.000292135037864627,-0.003889943463321721
20260926,temperature,0.75,1.0,26,macro,True,0.00012568173156895374,0.0008854012665353989
20260926,temperature,0.75,1.0,26,electronic,True,-0.0013700503248089413,-0.004965275762874699
20260926,temperature,0.75,1.0,26,pop,True,0.0015724709480393895,0.007367441720983914
20260926,temperature,0.75,1.0,26,ambient,True,0.0003217275729532898,0.001959597626738807
20260926,temperature,0.75,1.0,26,rock,True,-2.1421269907923035e-05,-0.0008201585187064264
20260926,temperature,0.75,1.0,27,macro,True,-3.0925469173305464e-05,-0.00040498632863907036
20260926,temperature,0.75,1.0,27,electronic,True,0.00039931008685012426,0.0011501583746870159
20260926,temperature,0.75,1.0,27,pop,True,0.00037055920399645115,0.0018408894273093668
20260926,temperature,0.75,1.0,27,ambient,True,-0.0008554497422574026,-0.005368656365783209
20260926,temperature,0.75,1.0,27,rock,True,-3.8121425282394705e-05,0.0007576632492305446
20260926,temperature,0.75,1.0,28,macro,True,0.0005996154530541371,0.0019678761102275982
20260926,temperature,0.75,1.0,28,electronic,True,0.0005543065173855277,0.0014813669148309172
20260926,temperature,0.75,1.0,28,pop,True,0.0016257398589616112,0.007589697067185042
20260926,temperature,0.75,1.0,28,ambient,True,0.0007100189462237172,0.004284585957113118
20260926,temperature,0.75,1.0,28,rock,True,-0.0004916035103543076,-0.005484145498218684
20260926,temperature,0.75,1.0,29,macro,True,0.0006629794587780687,0.0028141668642821804
20260926,temperature,0.75,1.0,29,electronic,True,0.0006044575267426244,0.0015483909324353617
20260926,temperature,0.75,1.0,29,pop,True,0.0011597065650151006,0.005562049740695296
20260926,temperature,0.75,1.0,29,ambient,True,0.0009567936618855299,0.00574169356715537
20260926,temperature,0.75,1.0,29,rock,True,-6.903991853098035e-05,-0.0015954667831573066
20260926,temperature,0.25,1.0,0,macro,True,-0.0037833363512804925,-0.020020398728535144
20260926,temperature,0.25,1.0,0,electronic,True,6.0539160029987604e-05,0.00018950284726299005
20260926,temperature,0.25,1.0,0,pop,True,0.0016348518550228786,0.007472928819547975
20260926,temperature,0.25,1.0,0,ambient,True,-0.004613986978149742,-0.031908124105670566
20260926,temperature,0.25,1.0,0,rock,True,-0.012214749442025094,-0.055835902475280974
20260926,temperature,0.25,1.0,1,macro,True,-0.0013942869316396662,-0.007332308313462654
20260926,temperature,0.25,1.0,1,electronic,True,-0.0009100992601941971,-0.005634332498913153
20260926,temperature,0.25,1.0,1,pop,True,-0.0058612755544197315,-0.035162506085870515
20260926,temperature,0.25,1.0,1,ambient,True,0.0018367135179295502,0.010879984806282939
20260926,temperature,0.25,1.0,1,rock,True,-0.0006424864298742866,0.000587620524650112
20260926,temperature,0.25,1.0,2,macro,True,-4.073844722320835e-05,3.499101174082864e-05
20260926,temperature,0.25,1.0,2,electronic,True,0.00037920247013303876,-0.0004247934950625254
20260926,temperature,0.25,1.0,2,pop,True,-0.0009066242012448489,-0.004718879170218182
20260926,temperature,0.25,1.0,2,ambient,True,0.0006842471197610889,0.004131544684005228
20260926,temperature,0.25,1.0,2,rock,True,-0.00031977917754211216,0.0011520920282387936
20260926,temperature,0.25,1.0,3,macro,True,-0.003197072952939174,-0.018477136736992972
20260926,temperature,0.25,1.0,3,electronic,True,-0.004346941863889148,-0.018099272312588177
20260926,temperature,0.25,1.0,3,pop,True,0.0010560679564026454,0.005091018564005956
20260926,temperature,0.25,1.0,3,ambient,True,0.00010382273860870539,0.0006357954036632085
20260926,temperature,0.25,1.0,3,rock,True,-0.0096012406428789,-0.061536088603052874
20260926,temperature,0.25,1.0,4,macro,True,-0.0005017703825116841,-0.004257739191440402
20260926,temperature,0.25,1.0,4,electronic,True,0.0004173371796739045,-0.00024148206968399588
20260926,temperature,0.25,1.0,4,pop,True,0.0018691377914015206,0.008519152154349618
20260926,temperature,0.25,1.0,4,ambient,True,0.00017723008509179516,0.0010833460580753629
20260926,temperature,0.25,1.0,4,rock,True,-0.004470786586213957,-0.026391972908502592
20260926,temperature,0.25,1.0,5,macro,True,-0.007982142632937474,-0.5268962617222064
20260926,temperature,0.25,1.0,5,electronic,True,0.0006495201573777087,0.0010820748770181687
20260926,temperature,0.25,1.0,5,pop,True,0.0018570966876124417,0.00848707253037101
20260926,temperature,0.25,1.0,5,ambient,True,-0.0008081870988391471,-0.005065845225557419
20260926,temperature,0.25,1.0,5,rock,True,-0.0336270002779009,-2.1120883490706572
20260926,temperature,0.25,1.0,6,macro,True,-0.012741243559954228,-0.09593078102228207
20260926,temperature,0.25,1.0,6,electronic,True,-0.03301065127283026,-0.24947860596210641
20260926,temperature,0.25,1.0,6,pop,True,-0.017644497770366224,-0.14056603643226634
20260926,temperature,0.25,1.0,6,ambient,True,0.0021939495328534564,0.013215216087676285
20260926,temperature,0.25,1.0,6,rock,True,-0.0025037747294738844,-0.006893697782431818
20260926,temperature,0.25,1.0,7,macro,True,-0.002321707057603657,-0.012243397781804763
20260926,temperature,0.25,1.0,7,electronic,True,-0.004128544470438922,-0.016428238025938235
20260926,temperature,0.25,1.0,7,pop,True,0.0010133811380155788,0.005087226869451067
20260926,temperature,0.25,1.0,7,ambient,True,-0.0018421685651746345,-0.011861256629904338
20260926,temperature,0.25,1.0,7,rock,True,-0.004329496332816651,-0.025771323340827546
20260926,temperature,0.25,1.0,8,macro,True,-8.208827944309466e-05,0.0018991385394164784
20260926,temperature,0.25,1.0,8,electronic,True,-0.0009919059242735895,-0.003498149123308314
20260926,temperature,0.25,1.0,8,pop,True,0.0006620779403220256,0.0032494573970988094
20260926,temperature,0.25,1.0,8,ambient,True,0.002190519558763482,0.013183520250297898
20260926,temperature,0.25,1.0,8,rock,True,-0.0021890446925842966,-0.00533827436642248
20260926,temperature,0.25,1.0,9,macro,True,-0.001399613822982506,-0.007499648433737044
20260926,temperature,0.25,1.0,9,electronic,True,-0.0012466261488897623,-0.0044800462578603595
20260926,temperature,0.25,1.0,9,pop,True,0.0016477384491654645,0.007525171214725568
20260926,temperature,0.25,1.0,9,ambient,True,-9.855582875872848e-05,-0.0006066238351295494
20260926,temperature,0.25,1.0,9,rock,True,-0.005901011763446998,-0.032437094856683835
20260926,temperature,0.25,1.0,10,macro,True,5.835515191839752e-06,-0.0016176224595177424
20260926,temperature,0.25,1.0,10,electronic,True,0.00027222229875156767,0.0008145423600649515
20260926,temperature,0.25,1.0,10,pop,True,0.0018500037293616989,0.008464367266733497
20260926,temperature,0.25,1.0,10,ambient,True,-0.0016310631258218689,-0.010444517440405088
20260926,temperature,0.25,1.0,10,rock,True,-0.0004678208415240387,-0.00530488202446433
20260926,temperature,0.25,1.0,11,macro,True,-2.2021381965130205e-05,-0.0013262780852191791
20260926,temperature,0.25,1.0,11,electronic,True,0.0006234291939899717,0.001561789999015295
20260926,temperature,0.25,1.0,11,pop,True,7.937990926595861e-05,0.00039888008970045963
20260926,temperature,0.25,1.0,11,ambient,True,-0.0003508991049340493,-0.0021737499468504895
20260926,temperature,0.25,1.0,11,rock,True,-0.0004399955261824018,-0.005092032482741982
20260926,temperature,0.25,1.0,12,macro,True,-0.0036627467989752867,-0.019849769188249197
20260926,temperature,0.25,1.0,12,electronic,True,-0.005871476184354046,-0.025692321850059263
20260926,temperature,0.25,1.0,12,pop,True,-0.00805656113067274,-0.051074144112587094
20260926,temperature,0.25,1.0,12,ambient,True,-0.0005991946264104764,-0.0037356358769659037
20260926,temperature,0.25,1.0,12,rock,True,-0.0001237552544638837,0.0011030250866154723
20260926,temperature,0.25,1.0,13,macro,True,-0.006854044280627573,-0.04858561256986205
20260926,temperature,0.25,1.0,13,electronic,True,-0.007218258371149838,-0.032828110757165796
20260926,temperature,0.25,1.0,13,pop,True,-0.019926635371642853,-0.16773718505851082
20260926,temperature,0.25,1.0,13,ambient,True,0.002064387610392293,0.012274460834444945
20260926,temperature,0.25,1.0,13,rock,True,-0.002335670990109895,-0.006051615298216517
20260926,temperature,0.25,1.0,14,macro,True,-0.0008626357264169653,-0.005573300168372042
20260926,temperature,0.25,1.0,14,electronic,True,-0.0007037705596122101,-0.004866437514646049
20260926,temperature,0.25,1.0,14,pop,True,-0.002161873777831197,-0.011710070549528495
20260926,temperature,0.25,1.0,14,ambient,True,-0.000286103602386123,-0.0017694222071739096
20260926,temperature,0.25,1.0,14,rock,True,-0.000298794965838331,-0.003947270402139713
20260926,temperature,0.25,1.0,15,macro,True,-0.0014974701427583927,-0.004379702563977836
20260926,temperature,0.25,1.0,15,electronic,True,-0.00461299215983374,-0.019385905932550906
20260926,temperature,0.25,1.0,15,pop,True,-0.001987490594498792,-0.005104468553006392
20260926,temperature,0.25,1.0,15,ambient,True,0.0009785122601808915,0.005869259164754004
20260926,temperature,0.25,1.0,15,rock,True,-0.00036791007688193045,0.0011023050648919508
20260926,temperature,0.25,1.0,16,macro,True,-0.0032468861959127904,-0.017163480181077925
20260926,temperature,0.25,1.0,16,electronic,True,-0.011210407032651165,-0.05622492674470009
20260926,temperature,0.25,1.0,16,pop,True,-0.002253030810440926,-0.012237417969614528
20260926,temperature,0.25,1.0,16,ambient,True,0.0019387118565628303,0.011491361733950933
20260926,temperature,0.25,1.0,16,rock,True,-0.0014628187971219009,-0.011682937743948019
20260926,temperature,0.25,1.0,17,macro,True,-2.0669121404054414e-05,0.0008976501629810313
20260926,temperature,0.25,1.0,17,electronic,True,0.0006517109131445875,0.0011003747566126765
20260926,temperature,0.25,1.0,17,pop,True,-0.0003472829597924443,0.0002868774601196833
20260926,temperature,0.25,1.0,17,ambient,True,0.0002712870151936053,0.001654423882278544
20260926,temperature,0.25,1.0,17,rock,True,-0.0006583914541619662,0.0005489245529132214
20260926,temperature,0.25,1.0,18,macro,True,-0.004918874711903911,-0.03387406911912358
20260926,temperature,0.25,1.0,18,electronic,True,-0.0004356963410506176,-0.0038433924972439137
20260926,temperature,0.25,1.0,18,pop,True,-0.014266986937568588,-0.10491090421920563
20260926,temperature,0.25,1.0,18,ambient,True,-0.0037927222208443134,-0.025683514629045168
20260926,temperature,0.25,1.0,18,rock,True,-0.0011800933481521253,-0.0010584651309996085
20260926,temperature,0.25,1.0,19,macro,True,-0.0023108715050997354,-0.00981447076394841
20260926,temperature,0.25,1.0,19,electronic,True,-0.0065428178450746555,-0.029200423008339638
20260926,temperature,0.25,1.0,19,pop,True,0.0003049031582187389,0.0025381810420573303
20260926,temperature,0.25,1.0,19,ambient,True,0.00046367662655197317,0.009284188081005174
20260926,temperature,0.25,1.0,19,rock,True,-0.0034692479600949983,-0.021879829170516507
20260926,temperature,0.25,1.0,20,macro,True,-0.0006535271352320592,-0.004065863954912319
20260926,temperature,0.25,1.0,20,electronic,True,-8.280308782268597e-05,-0.0024389161268802972
20260926,temperature,0.25,1.0,20,pop,True,0.0018138808254535566,0.008224192743018222
20260926,temperature,0.25,1.0,20,ambient,True,0.002129063429132244,0.012707921425468838
20260926,temperature,0.25,1.0,20,rock,True,-0.006474249707691351,-0.03475665386125604
20260926,temperature,0.25,1.0,21,macro,True,-0.00251760158658091,-0.017074521155367617
20260926,temperature,0.25,1.0,21,electronic,True,0.0006271023835914546,0.0009140497114913382
20260926,temperature,0.25,1.0,21,pop,True,-0.0035484860609023006,-0.02001014627179415
20260926,temperature,0.25,1.0,21,ambient,True,-0.006880789392682302,-0.05038731717514733
20260926,temperature,0.25,1.0,21,rock,True,-0.0002682332763304929,0.0011853291139796718
20260926,temperature,0.25,1.0,22,macro,True,-0.0021794385141252273,-0.01264516549920279
20260926,temperature,0.25,1.0,22,electronic,True,-0.0016814235443048109,-0.006214658053058819
20260926,temperature,0.25,1.0,22,pop,True,-0.005279458651342883,-0.031196891978695296
20260926,temperature,0.25,1.0,22,ambient,True,-0.0014927462470455954,-0.009524489264673641
20260926,temperature,0.25,1.0,22,rock,True,-0.0002641256138076198,-0.003644622700383404
20260926,temperature,0.25,1.0,23,macro,True,-0.0024676095083101812,-0.018584846658624865
20260926,temperature,0.25,1.0,23,electronic,True,0.00044858751089718596,0.0012679234443417897
20260926,temperature,0.25,1.0,23,pop,True,0.0013423321741683758,0.006376261730200117
20260926,temperature,0.25,1.0,23,ambient,True,-0.0077683313737753334,-0.058161108941883755
20260926,temperature,0.25,1.0,23,rock,True,-0.003893026344530953,-0.023822462867157612
20260926,temperature,0.25,1.0,24,macro,True,-0.00032827201432863995,-0.001219494512788244
20260926,temperature,0.25,1.0,24,electronic,True,-0.002237373392870501,-0.008527270665769915
20260926,temperature,0.25,1.0,24,pop,True,0.00022310740018036124,0.0011148836919420146
20260926,temperature,0.25,1.0,24,ambient,True,0.0008591468537474944,0.0051668633464858615
20260926,temperature,0.25,1.0,24,rock,True,-0.00015796891837191462,-0.002632454423810937
20260926,temperature,0.25,1.0,25,macro,True,-0.0014218944064825698,-0.00811760790991034
20260926,temperature,0.25,1.0,25,electronic,True,0.00030660871105098186,-0.0007632485170386283
20260926,temperature,0.25,1.0,25,pop,True,0.0016776453006673575,0.0078028045414818
20260926,temperature,0.25,1.0,25,ambient,True,-2.700097293201198e-05,-0.00016589425729496288
20260926,temperature,0.25,1.0,25,rock,True,-0.0076448306647166064,-0.03934409340678957
20260926,temperature,0.25,1.0,26,macro,True,-0.0006303572385715807,-0.004671111288099661
20260926,temperature,0.25,1.0,26,electronic,True,-0.0003251946058297761,-0.0010762843270527012
20260926,temperature,0.25,1.0,26,pop,True,0.0010100472862094312,0.005074901090706074
20260926,temperature,0.25,1.0,26,ambient,True,-0.0031005853569002206,-0.020625769241143788
20260926,temperature,0.25,1.0,26,rock,True,-0.00010569627776575719,-0.0020572926749082288
20260926,temperature,0.25,1.0,27,macro,True,-3.425057877672402e-05,-0.0009226977520031959
20260926,temperature,0.25,1.0,27,electronic,True,0.0003446744421644332,-0.0005873138761729457
20260926,temperature,0.25,1.0,27,pop,True,0.00039592515833977715,0.001964888318120972
20260926,temperature,0.25,1.0,27,ambient,True,-0.0008694123791834762,-0.005458255956116154
20260926,temperature,0.25,1.0,27,rock,True,-8.189536427630206e-06,0.0003898905061553437
20260926,temperature,0.25,1.0,28,macro,True,-0.001252361622114704,-0.006720675674231361
20260926,temperature,0.25,1.0,28,electronic,True,0.0002239019336468806,0.0006779256607038486
20260926,temperature,0.25,1.0,28,pop,True,-0.0068411006391961016,-0.04207726959241337
20260926,temperature,0.25,1.0,28,ambient,True,0.0020448905656223204,0.013511467727433613
20260926,temperature,0.25,1.0,28,rock,True,-0.00043713834853191524,0.0010051735073504653
20260926,temperature,0.25,1.0,29,macro,True,-0.0011802497596927822,-0.007898768403890671
20260926,temperature,0.25,1.0,29,electronic,True,0.0005556287879801003,0.0004748629384743741
20260926,temperature,0.25,1.0,29,pop,True,-0.006620140789083129,-0.04049183687612096
20260926,temperature,0.25,1.0,29,ambient,True,0.0013511382597458377,0.008044796851605751
20260926,temperature,0.25,1.0,29,rock,True,-7.625297413937915e-06,0.0003771034704781462
20260927,sigmoid,0.25,0.5,0,macro,True,-0.01806694192068217,-0.05593672159285934
20260927,sigmoid,0.25,0.5,0,electronic,True,0.0007164400443535335,0.003249527135221253
20260927,sigmoid,0.25,0.5,0,pop,True,-0.023092318555509056,-0.05673807071449544
20260927,sigmoid,0.25,0.5,0,ambient,True,-0.036997247485837964,-0.12480477325936368
20260927,sigmoid,0.25,0.5,0,rock,True,-0.01289464168573519,-0.0454535695327995
20260927,sigmoid,0.25,0.5,1,macro,True,-0.027428278830432154,-0.0986738675530236
20260927,sigmoid,0.25,0.5,1,electronic,True,-0.05812116691813318,-0.26241745726807286
20260927,sigmoid,0.25,0.5,1,pop,True,-0.03312103735286226,-0.07617553745733441
20260927,sigmoid,0.25,0.5,1,ambient,True,-0.0017029845867476967,-0.004117304103379793
20260927,sigmoid,0.25,0.5,1,rock,True,-0.016767926463985477,-0.05198517138330733
20260927,sigmoid,0.25,0.5,2,macro,True,0.002171879226012731,0.00515039403539963
20260927,sigmoid,0.25,0.5,2,electronic,True,0.001314079801300383,0.0034807772560528916
20260927,sigmoid,0.25,0.5,2,pop,True,-0.005827975759602477,-0.015220028001466934
20260927,sigmoid,0.25,0.5,2,ambient,True,0.011643204499107274,0.02639380310818079
20260927,sigmoid,0.25,0.5,2,rock,True,0.0015582083632457444,0.005947023778831773
20260927,sigmoid,0.25,0.5,3,macro,True,0.002388453496928837,0.002738280475727786
20260927,sigmoid,0.25,0.5,3,electronic,True,0.0003141777914277555,0.0009536692603968056
20260927,sigmoid,0.25,0.5,3,pop,True,-0.0028853484148314845,-0.013892724466779194
20260927,sigmoid,0.25,0.5,3,ambient,True,0.007439125224880605,0.023065229348587846
20260927,sigmoid,0.25,0.5,3,rock,True,0.004685859386238472,0.0008269477607056874
20260927,sigmoid,0.25,0.5,4,macro,True,-0.019136803915928223,-0.059382259726864894
20260927,sigmoid,0.25,0.5,4,electronic,True,0.001492329670818554,0.003576874840261368
20260927,sigmoid,0.25,0.5,4,pop,True,-0.032989186439366464,-0.07789097924126676
20260927,sigmoid,0.25,0.5,4,ambient,True,-0.007686819852255583,-0.017864678779503207
20260927,sigmoid,0.25,0.5,4,rock,True,-0.0373635390429094,-0.14535025572695098
20260927,sigmoid,0.25,0.5,5,macro,True,-0.004601490836357303,-0.013433941664629925
20260927,sigmoid,0.25,0.5,5,electronic,True,0.007180107242610173,0.03774927052806498
20260927,sigmoid,0.25,0.5,5,pop,True,0.0007634588580591739,-0.005809503544553674
20260927,sigmoid,0.25,0.5,5,ambient,True,-0.010489910420148907,-0.023802243974794024
20260927,sigmoid,0.25,0.5,5,rock,True,-0.01585961902594965,-0.061873289667236986
20260927,sigmoid,0.25,0.5,6,macro,True,0.0020920497375585267,-0.002446101669119058
20260927,sigmoid,0.25,0.5,6,electronic,True,-0.003474533985390743,-0.01858837248845424
20260927,sigmoid,0.25,0.5,6,pop,True,0.0026909575523356155,0.007869508241304557
20260927,sigmoid,0.25,0.5,6,ambient,True,0.008473688670140811,0.019057852061042768
20260927,sigmoid,0.25,0.5,6,rock,True,0.0006780867131484236,-0.018123394490369316
20260927,sigmoid,0.25,0.5,7,macro,True,-0.008075223933007355,-0.694387210922359
20260927,sigmoid,0.25,0.5,7,electronic,True,0.0017545475307015335,0.012850250781460515
20260927,sigmoid,0.25,0.5,7,pop,True,0.0016216351716040467,0.0027378992049237882
20260927,sigmoid,0.25,0.5,7,ambient,True,0.004148804392394373,0.0015224738364043588
20260927,sigmoid,0.25,0.5,7,rock,True,-0.03982588282672937,-2.794659467512225
20260927,sigmoid,0.25,0.5,8,macro,True,-0.0018768500015656463,-0.012077416499396892
20260927,sigmoid,0.25,0.5,8,electronic,True,-0.0026853821998699123,-0.037267397418834225
20260927,sigmoid,0.25,0.5,8,pop,True,-0.0005986916507308426,-0.0014231073316905984
20260927,sigmoid,0.25,0.5,8,ambient,True,-0.007062506785060874,-0.018722676211459843
20260927,sigmoid,0.25,0.5,8,rock,True,0.0028391806293990435,0.009103514964397097
20260927,sigmoid,0.25,0.5,9,macro,True,-0.0092125072807402,-0.035609157810898004
20260927,sigmoid,0.25,0.5,9,electronic,True,-0.023677577775818665,-0.06552247387506038
20260927,sigmoid,0.25,0.5,9,pop,True,0.0072998429097482775,0.01715669104888118
20260927,sigmoid,0.25,0.5,9,ambient,True,-0.025866775870781733,-0.08728998121858644
20260927,sigmoid,0.25,0.5,9,rock,True,0.005394481613891319,-0.006780867198826368
20260927,sigmoid,0.25,0.5,10,macro,True,0.0007686970197427444,0.0012016922691505255
20260927,sigmoid,0.25,0.5,10,electronic,True,-0.007458712268368972,-0.0202863747388648
20260927,sigmoid,0.25,0.5,10,pop,True,0.0015371825292389563,0.005533079333231605
20260927,sigmoid,0.25,0.5,10,ambient,True,0.006684211434768134,0.015489250361892803
20260927,sigmoid,0.25,0.5,10,rock,True,0.0023121063833328598,0.004070814120342492
20260927,sigmoid,0.25,0.5,11,macro,True,-0.0023874429092589355,-0.024179336442671145
20260927,sigmoid,0.25,0.5,11,electronic,True,0.0020948505068772716,0.009263560834044893
20260927,sigmoid,0.25,0.5,11,pop,True,-0.019054904777563275,-0.04773011681625383
20260927,sigmoid,0.25,0.5,11,ambient,True,0.015293990252527506,0.03492577392201485
20260927,sigmoid,0.25,0.5,11,rock,True,-0.007883707618877245,-0.09317656371049049
20260927,sigmoid,0.25,0.5,12,macro,True,-0.0025620128712641396,-0.007617075619949634
20260927,sigmoid,0.25,0.5,12,electronic,True,-0.0077852169163856455,-0.02396961622171856
20260927,sigmoid,0.25,0.5,12,pop,True,-0.0008182874116658967,-0.0019373491470620618
20260927,sigmoid,0.25,0.5,12,ambient,True,0.004343882901942736,0.009649976308352848
20260927,sigmoid,0.25,0.5,12,rock,True,-0.005988430058947752,-0.014211313419370764
20260927,sigmoid,0.25,0.5,13,macro,True,-0.005496798603715172,-0.015081503353955153
20260927,sigmoid,0.25,0.5,13,electronic,True,-0.008338463866168017,-0.02248702682731807
20260927,sigmoid,0.25,0.5,13,pop,True,0.0020030223999602526,0.004168668009783161
20260927,sigmoid,0.25,0.5,13,ambient,True,0.0011350582761681383,0.0020200157941491215
20260927,sigmoid,0.25,0.5,13,rock,True,-0.016786811224821063,-0.044027670392434826
20260927,sigmoid,0.25,0.5,14,macro,True,-0.0005896014040363239,-0.001736540704900258
20260927,sigmoid,0.25,0.5,14,electronic,True,-0.00543322109079869,-0.017151014200984194
20260927,sigmoid,0.25,0.5,14,pop,True,-0.0039785754714280475,-0.005240715085776282
20260927,sigmoid,0.25,0.5,14,ambient,True,-0.0017960593023406968,-0.004608597811222415
20260927,sigmoid,0.25,0.5,14,rock,True,0.008849450248422139,0.02005416427838186
20260927,sigmoid,0.25,0.5,15,macro,True,-0.005083680869748246,-0.015797920960195833
20260927,sigmoid,0.25,0.5,15,electronic,True,-0.013497875587401148,-0.05074195412536586
20260927,sigmoid,0.25,0.5,15,pop,True,0.005464493972702239,0.016468727438061548
20260927,sigmoid,0.25,0.5,15,ambient,True,-0.018420170988848017,-0.04607863891345887
20260927,sigmoid,0.25,0.5,15,rock,True,0.006118829124553943,0.017160181759979853
20260927,sigmoid,0.25,0.5,16,macro,True,-0.010134116874293803,-0.0315705347340189
20260927,sigmoid,0.25,0.5,16,electronic,True,-0.0026577631012424108,-0.006789098687617678
20260927,sigmoid,0.25,0.5,16,pop,True,0.0011773101781181183,-0.01712258761329849
20260927,sigmoid,0.25,0.5,16,ambient,True,-0.0029109222321549166,-0.007194200983200227
20260927,sigmoid,0.25,0.5,16,rock,True,-0.036145092341896,-0.0951762516519592
20260927,sigmoid,0.25,0.5,17,macro,True,-0.00013397004121340136,0.0037732438873786106
20260927,sigmoid,0.25,0.5,17,electronic,True,0.0010065896092971427,0.0012788019176446785
20260927,sigmoid,0.25,0.5,17,pop,True,-0.011225778221899269,-0.028061848224999908
20260927,sigmoid,0.25,0.5,17,ambient,True,-0.0012925634940925967,-0.008783781282064085
20260927,sigmoid,0.25,0.5,17,rock,True,0.010975871941841117,0.05065980313893376
20260927,sigmoid,0.25,0.5,18,macro,True,-0.0025590007272403154,-0.007738886350836846
20260927,sigmoid,0.25,0.5,18,electronic,True,0.0005998559670088999,0.0024115077613685587
20260927,sigmoid,0.25,0.5,18,pop,True,0.0006035539837015158,-0.0011123638159133975
20260927,sigmoid,0.25,0.5,18,ambient,True,-0.0020547813964356676,-0.008878177610823323
20260927,sigmoid,0.25,0.5,18,rock,True,-0.00938463146323601,-0.023376511737979222
20260927,sigmoid,0.25,0.5,19,macro,True,-0.013086944185997363,-0.033049665437867734
20260927,sigmoid,0.25,0.5,19,electronic,True,-0.0014745681960309787,-0.003388372089931313
20260927,sigmoid,0.25,0.5,19,pop,True,-0.015702153308961686,-0.03493752238173842
20260927,sigmoid,0.25,0.5,19,ambient,True,-0.016142236575911045,-0.038343025672601116
20260927,sigmoid,0.25,0.5,19,rock,True,-0.019028818663085742,-0.05552974160720009
20260927,sigmoid,0.25,0.5,20,macro,True,-0.029007788429888697,-0.8715892069727115
20260927,sigmoid,0.25,0.5,20,electronic,True,-0.006545463695278947,-0.04445223098228357
20260927,sigmoid,0.25,0.5,20,pop,True,-0.027229951054591583,-0.4231349994478639
20260927,sigmoid,0.25,0.5,20,ambient,True,-0.04522774791317363,-0.2576356822700903
20260927,sigmoid,0.25,0.5,20,rock,True,-0.03702799105651064,-2.7611339151906082
20260927,sigmoid,0.25,0.5,21,macro,True,-0.00956635720340204,-0.03641427801056284
20260927,sigmoid,0.25,0.5,21,electronic,True,-0.026286652226328283,-0.10310173735420591
20260927,sigmoid,0.25,0.5,21,pop,True,0.00793539200261098,0.01202862251048753
20260927,sigmoid,0.25,0.5,21,ambient,True,-0.014804127754585839,-0.03274591379931707
20260927,sigmoid,0.25,0.5,21,rock,True,-0.005110040835305016,-0.02183808339921589
20260927,sigmoid,0.25,0.5,22,macro,True,0.002963850722465671,0.004585179396541281
20260927,sigmoid,0.25,0.5,22,electronic,True,0.005236178966509186,0.01237213710592211
20260927,sigmoid,0.25,0.5,22,pop,True,0.00032983430573124695,-0.0018569811230035316
20260927,sigmoid,0.25,0.5,22,ambient,True,0.0063936884549373185,0.0036123730245197216
20260927,sigmoid,0.25,0.5,22,rock,True,-0.00010429883731506717,0.004213188578726823
20260927,sigmoid,0.25,0.5,23,macro,True,0.0018645147289177919,-0.0020924710302790694
20260927,sigmoid,0.25,0.5,23,electronic,True,-0.0006167576088161042,-0.000902555398719862
20260927,sigmoid,0.25,0.5,23,pop,True,0.0011330361072828532,0.004590227685992987
20260927,sigmoid,0.25,0.5,23,ambient,True,0.00033877644749694125,-0.0008145859357850949
20260927,sigmoid,0.25,0.5,23,rock,True,0.006603003969707477,-0.011242970472604308
20260927,sigmoid,0.25,0.5,24,macro,True,-0.012380493157173152,-0.06992866076905979
20260927,sigmoid,0.25,0.5,24,electronic,True,-0.028328535873963723,-0.15959430809484065
20260927,sigmoid,0.25,0.5,24,pop,True,-0.02090443971742309,-0.049404881835771186
20260927,sigmoid,0.25,0.5,24,ambient,True,0.005303984089155528,0.012314305616731247
20260927,sigmoid,0.25,0.5,24,rock,True,-0.005592981126461324,-0.08302975876235857
20260927,sigmoid,0.25,0.5,25,macro,True,0.0036101423471942354,0.004276459887736436
20260927,sigmoid,0.25,0.5,25,electronic,True,-0.0011007745003205893,-0.0048384419208998275
20260927,sigmoid,0.25,0.5,25,pop,True,0.011087479585771554,0.0274536396460755
20260927,sigmoid,0.25,0.5,25,ambient,True,0.0009137916981667993,-0.013985032108270012
20260927,sigmoid,0.25,0.5,25,rock,True,0.003540072605159178,0.008475673934040084
20260927,sigmoid,0.25,0.5,26,macro,True,-0.0038463067726416493,-0.023739025175578757
20260927,sigmoid,0.25,0.5,26,electronic,True,-0.00962660228278675,-0.07085174427277763
20260927,sigmoid,0.25,0.5,26,pop,True,0.0028577933279468892,-0.008420675441380643
20260927,sigmoid,0.25,0.5,26,ambient,True,-0.007560567235529059,-0.020124173472821028
20260927,sigmoid,0.25,0.5,26,rock,True,-0.0010558509001976774,0.004440492484664271
20260927,sigmoid,0.25,0.5,27,macro,True,-0.006134116844086077,-0.013620110753143316
20260927,sigmoid,0.25,0.5,27,electronic,True,-0.0002599409112586104,0.00016064468418108824
20260927,sigmoid,0.25,0.5,27,pop,True,-0.045646709189871404,-0.10714166422660942
20260927,sigmoid,0.25,0.5,27,ambient,True,0.013560236912141171,0.0292021523597063
20260927,sigmoid,0.25,0.5,27,rock,True,0.007809945812644534,0.023298424170148768
20260927,sigmoid,0.25,0.5,28,macro,True,-0.008676243274031624,-0.028521825736071954
20260927,sigmoid,0.25,0.5,28,electronic,True,-0.0004794650471236783,-0.0008572551954626473
20260927,sigmoid,0.25,0.5,28,pop,True,0.005408300060581239,0.011817876821446749
20260927,sigmoid,0.25,0.5,28,ambient,True,0.0028501215393008095,0.0021216045519218407
20260927,sigmoid,0.25,0.5,28,rock,True,-0.042483929648884866,-0.12716952912219376
20260927,sigmoid,0.25,0.5,29,macro,True,-0.011597826488580668,-0.030964204949541288
20260927,sigmoid,0.25,0.5,29,electronic,True,-0.005942890550207969,-0.015085235043308276
20260927,sigmoid,0.25,0.5,29,pop,True,-0.018389884932063227,-0.04804832689518301
20260927,sigmoid,0.25,0.5,29,ambient,True,-0.011132117421923465,-0.03165874357337872
20260927,sigmoid,0.25,0.5,29,rock,True,-0.010926413050128009,-0.02906451428629514
20260927,sigmoid,0.5,0.75,0,macro,True,-0.000757424565462704,-0.0035836955605658
20260927,sigmoid,0.5,0.75,0,electronic,True,2.9604299518315447e-05,0.0001409533463886392
20260927,sigmoid,0.5,0.75,0,pop,True,-0.0012925469117237853,-0.007045262949419373
20260927,sigmoid,0.5,0.75,0,ambient,True,0.008023982305536553,0.01918999458264553
20260927,sigmoid,0.5,0.75,0,rock,True,-0.0097907379551819,-0.026620467221877997
20260927,sigmoid,0.5,0.75,1,macro,True,-0.0018711645900901137,-0.00883409971423349
20260927,sigmoid,0.5,0.75,1,electronic,True,-0.006813357159084016,-0.030652875064174245
20260927,sigmoid,0.5,0.75,1,pop,True,-0.0008989335370341023,-0.0017720395557482282
20260927,sigmoid,0.5,0.75,1,ambient,True,0.009442335813347219,0.020868235305222638
20260927,sigmoid,0.5,0.75,1,rock,True,-0.009214703477589556,-0.023779719542234123
20260927,sigmoid,0.5,0.75,2,macro,True,-0.0037400349146586437,-0.010748875272241887
20260927,sigmoid,0.5,0.75,2,electronic,True,-0.0023129892889952874,-0.003588875302569794
20260927,sigmoid,0.5,0.75,2,pop,True,-0.008447787637487075,-0.019025534300402047
20260927,sigmoid,0.5,0.75,2,ambient,True,0.0016130523761248017,0.003922496122624131
20260927,sigmoid,0.5,0.75,2,rock,True,-0.005812415108277014,-0.024303587608619837
20260927,sigmoid,0.5,0.75,3,macro,True,3.998425189943519e-05,-0.001791790525961734
20260927,sigmoid,0.5,0.75,3,electronic,True,0.0008408881124828682,0.0028734179565548246
20260927,sigmoid,0.5,0.75,3,pop,True,0.003258671198298091,0.00613081021602313
20260927,sigmoid,0.5,0.75,3,ambient,True,-0.006223236492204909,-0.019895847679107626
20260927,sigmoid,0.5,0.75,3,rock,True,0.0022836141890216904,0.003724457402682735
20260927,sigmoid,0.5,0.75,4,macro,True,6.565637907849503e-05,-0.00015917086460331964
20260927,sigmoid,0.5,0.75,4,electronic,True,-0.0005891298927073463,0.0022225316539096207
20260927,sigmoid,0.5,0.75,4,pop,True,0.0015038938355455556,6.274061368138906e-05
20260927,sigmoid,0.5,0.75,4,ambient,True,0.005850326175638715,0.013434881587050584
20260927,sigmoid,0.5,0.75,4,rock,True,-0.006502464602162944,-0.016356837313054873
20260927,sigmoid,0.5,0.75,5,macro,True,-4.338294550020397e-05,-0.004734953379963422
20260927,sigmoid,0.5,0.75,5,electronic,True,-0.004861955090842834,-0.031199751688870014
20260927,sigmoid,0.5,0.75,5,pop,True,-0.008006211234156263,-0.017888655448706714
20260927,sigmoid,0.5,0.75,5,ambient,True,0.00767790561720022,0.016288923259683064
20260927,sigmoid,0.5,0.75,5,rock,True,0.005016728925798061,0.013859670358039977
20260927,sigmoid,0.5,0.75,6,macro,True,-0.002457053501431227,-0.007523199566807609
20260927,sigmoid,0.5,0.75,6,electronic,True,0.0002006531274540979,0.0008010172928263337
20260927,sigmoid,0.5,0.75,6,pop,True,3.380383146792121e-05,-0.002849721199801092
20260927,sigmoid,0.5,0.75,6,ambient,True,-0.010565731292475178,-0.028224890412979764
20260927,sigmoid,0.5,0.75,6,rock,True,0.0005030603278282503,0.00018079605272408594
20260927,sigmoid,0.5,0.75,7,macro,True,-0.0004906025866164461,-0.003712961422175004
20260927,sigmoid,0.5,0.75,7,electronic,True,-0.005547109417052276,-0.02338629390546554
20260927,sigmoid,0.5,0.75,7,pop,True,0.004376578699588157,0.012078138902919422
20260927,sigmoid,0.5,0.75,7,ambient,True,-0.007874272659232934,-0.024719562269298
20260927,sigmoid,0.5,0.75,7,rock,True,0.007082393030231268,0.0211758715831441
20260927,sigmoid,0.5,0.75,8,macro,True,-0.007195219476517484,-0.022942668400406138
20260927,sigmoid,0.5,0.75,8,electronic,True,-0.008925601379511566,-0.041767535391805555
20260927,sigmoid,0.5,0.75,8,pop,True,0.0007844299041675773,0.0033758685046559322
20260927,sigmoid,0.5,0.75,8,ambient,True,-0.016568498541397497,-0.038105202358036105
20260927,sigmoid,0.5,0.75,8,rock,True,-0.0040712078893284515,-0.015273804356438825
20260927,sigmoid,0.5,0.75,9,macro,True,-0.008342780881592994,-0.02704849114693346
20260927,sigmoid,0.5,0.75,9,electronic,True,-0.002451785671059442,-0.013211809543338449
20260927,sigmoid,0.5,0.75,9,pop,True,-0.012883026451621454,-0.03289703782842035
20260927,sigmoid,0.5,0.75,9,ambient,True,-0.013150570355931701,-0.044461683318601064
20260927,sigmoid,0.5,0.75,9,rock,True,-0.004885741047759379,-0.017623433897373975
20260927,sigmoid,0.5,0.75,10,macro,True,-0.00143245709738328,-0.004667739488378245
20260927,sigmoid,0.5,0.75,10,electronic,True,0.0030831574445061016,0.008654307905671954
20260927,sigmoid,0.5,0.75,10,pop,True,-0.000289174255719421,-0.006380515946442955
20260927,sigmoid,0.5,0.75,10,ambient,True,-0.010981496456166834,-0.02663820995340449
20260927,sigmoid,0.5,0.75,10,rock,True,0.002457684877847033,0.005693460040662512
20260927,sigmoid,0.5,0.75,11,macro,True,-0.00555177126674878,-0.01610584069762369
20260927,sigmoid,0.5,0.75,11,electronic,True,-0.003957403669140158,-0.018471863627566143
20260927,sigmoid,0.5,0.75,11,pop,True,-0.008736928059807386,-0.024098831031800605
20260927,sigmoid,0.5,0.75,11,ambient,True,-0.006989054653185306,-0.016060903852398722
20260927,sigmoid,0.5,0.75,11,rock,True,-0.002523698684862269,-0.0057917642787292944
20260927,sigmoid,0.5,0.75,12,macro,True,-0.001125646581595998,-0.00411222240738357
20260927,sigmoid,0.5,0.75,12,electronic,True,0.00047571490247982906,5.5986329325852235e-05
20260927,sigmoid,0.5,0.75,12,pop,True,-0.0028370360101085956,-0.005836301830108082
20260927,sigmoid,0.5,0.75,12,ambient,True,-0.0002834655397115915,-0.0008193537288279096
20260927,sigmoid,0.5,0.75,12,rock,True,-0.001857799679043634,-0.009849220399924141
20260927,sigmoid,0.5,0.75,13,macro,True,0.0007685483113605493,0.0011227062215716094
20260927,sigmoid,0.5,0.75,13,electronic,True,-0.002171906731436357,-0.006917419677161862
20260927,sigmoid,0.5,0.75,13,pop,True,0.004090602852654113,0.010611177943914973
20260927,sigmoid,0.5,0.75,13,ambient,True,0.005096029890355791,0.010845282753302432
20260927,sigmoid,0.5,0.75,13,rock,True,-0.003940532766131349,-0.010048216133769106
20260927,sigmoid,0.5,0.75,14,macro,True,-0.005530920746070398,-0.014967451963957226
20260927,sigmoid,0.5,0.75,14,electronic,True,-7.430731862251294e-05,-0.0009562975244824523
20260927,sigmoid,0.5,0.75,14,pop,True,-0.020866579951017178,-0.04965398756002504
20260927,sigmoid,0.5,0.75,14,ambient,True,-0.0004024878788907449,-0.002956846897974763
20260927,sigmoid,0.5,0.75,14,rock,True,-0.0007803078357511567,-0.006302675873346653
20260927,sigmoid,0.5,0.75,15,macro,True,0.00024113415414774714,2.7839080575686737e-05
20260927,sigmoid,0.5,0.75,15,electronic,True,0.0008226062532903644,0.001954644508738501
20260927,sigmoid,0.5,0.75,15,pop,True,-0.004448661597079712,-0.012392086585301942
20260927,sigmoid,0.5,0.75,15,ambient,True,0.0037217257638670898,0.009010459606642374
20260927,sigmoid,0.5,0.75,15,rock,True,0.000868866196513246,0.0015383387922238145
20260927,sigmoid,0.5,0.75,16,macro,True,-0.0001991619401104927,-0.0014878291271353539
20260927,sigmoid,0.5,0.75,16,electronic,True,-0.0005841738439414101,-0.0024048421016185095
20260927,sigmoid,0.5,0.75,16,pop,True,-0.0009170392699762997,-0.0009201731176518568
20260927,sigmoid,0.5,0.75,16,ambient,True,0.00045379928521935287,0.0007264205724412665
20260927,sigmoid,0.5,0.75,16,rock,True,0.00025076606825638614,-0.0033527218617123156
20260927,sigmoid,0.5,0.75,17,macro,True,-0.0038208678515920073,-0.0175557992712162
20260927,sigmoid,0.5,0.75,17,electronic,True,-0.001215020771485248,-0.0027373918483140636
20260927,sigmoid,0.5,0.75,17,pop,True,-0.006517413458401622,-0.016170143655633795
20260927,sigmoid,0.5,0.75,17,ambient,True,-0.0009758603075347705,-0.00428315087692116
20260927,sigmoid,0.5,0.75,17,rock,True,-0.006575176868946389,-0.04703251070399578
20260927,sigmoid,0.5,0.75,18,macro,True,-0.004151488773306126,-0.011174240189713414
20260927,sigmoid,0.5,0.75,18,electronic,True,-0.003113547235819608,-0.01191179585956531
20260927,sigmoid,0.5,0.75,18,pop,True,-0.002144878555601193,-0.00152801401304542
20260927,sigmoid,0.5,0.75,18,ambient,True,-0.004529974548952542,-0.012508364087697121
20260927,sigmoid,0.5,0.75,18,rock,True,-0.00681755475285116,-0.018748786798545802
20260927,sigmoid,0.5,0.75,19,macro,True,0.002495332980102967,0.003923676051457409
20260927,sigmoid,0.5,0.75,19,electronic,True,0.000652788668528359,0.0005703519395063306
20260927,sigmoid,0.5,0.75,19,pop,True,0.0008995735253323478,-0.0038083346278320884
20260927,sigmoid,0.5,0.75,19,ambient,True,0.0067599932145199215,0.014558556348603535
20260927,sigmoid,0.5,0.75,19,rock,True,0.0016689765120312394,0.0043741305455518575
20260927,sigmoid,0.5,0.75,20,macro,True,-0.0021960966375090575,-0.011298822532556693
20260927,sigmoid,0.5,0.75,20,electronic,True,-0.0028403410322542233,-0.01448137397384991
20260927,sigmoid,0.5,0.75,20,pop,True,-0.0034759508366521974,-0.013137012096827605
20260927,sigmoid,0.5,0.75,20,ambient,True,0.0034918793427935746,0.010592440639829004
20260927,sigmoid,0.5,0.75,20,rock,True,-0.005959974023923384,-0.028169344699378263
20260927,sigmoid,0.5,0.75,21,macro,True,-0.0019432573548531507,-0.005376119467205467
20260927,sigmoid,0.5,0.75,21,electronic,True,0.00030540915611779185,0.0005075612163117915
20260927,sigmoid,0.5,0.75,21,pop,True,-0.017038798336463795,-0.040372898570542104
20260927,sigmoid,0.5,0.75,21,ambient,True,-0.0008176386458653706,-0.0020086327136354387
20260927,sigmoid,0.5,0.75,21,rock,True,0.009777998406798771,0.02036949219904388
20260927,sigmoid,0.5,0.75,22,macro,True,-0.00901889430914058,-0.029678000809030533
20260927,sigmoid,0.5,0.75,22,electronic,True,-0.017248625460797168,-0.059052252740432465
20260927,sigmoid,0.5,0.75,22,pop,True,-0.0072303685076764435,-0.017972338603782945
20260927,sigmoid,0.5,0.75,22,ambient,True,-0.01227006845128023,-0.03408474374182913
20260927,sigmoid,0.5,0.75,22,rock,True,0.000673485183191519,-0.007602668150077596
20260927,sigmoid,0.5,0.75,23,macro,True,-0.00028103236134165155,-0.004362078057972743
20260927,sigmoid,0.5,0.75,23,electronic,True,-0.00013071492629299075,-0.0012223913762161587
20260927,sigmoid,0.5,0.75,23,pop,True,0.0019968459760189017,0.0018487757849336428
20260927,sigmoid,0.5,0.75,23,ambient,True,0.0033247970197911314,0.007076254009284355
20260927,sigmoid,0.5,0.75,23,rock,True,-0.0063150575148836485,-0.02515095064989281
20260927,sigmoid,0.5,0.75,24,macro,True,0.00036657123534415345,-0.0009756871016226853
20260927,sigmoid,0.5,0.75,24,electronic,True,-0.005600184862867702,-0.019199645737202786
20260927,sigmoid,0.5,0.75,24,pop,True,0.006384116087380598,0.014289953188532212
20260927,sigmoid,0.5,0.75,24,ambient,True,-0.0012694394116765095,-0.0038689832070763486
20260927,sigmoid,0.5,0.75,24,rock,True,0.0019517931285402274,0.004875927349256182
20260927,sigmoid,0.5,0.75,25,macro,True,-0.006814474686993182,-0.016716754394178426
20260927,sigmoid,0.5,0.75,25,electronic,True,-7.502739778675327e-06,4.3200172963997474e-05
20260927,sigmoid,0.5,0.75,25,pop,True,-0.02207055085608925,-0.05319629488593891
20260927,sigmoid,0.5,0.75,25,ambient,True,-0.006808718854155071,-0.01740242871323422
20260927,sigmoid,0.5,0.75,25,rock,True,0.001628873702050268,0.003688505849495427
20260927,sigmoid,0.5,0.75,26,macro,True,-0.002704352064009607,-0.010620442224871823
20260927,sigmoid,0.5,0.75,26,electronic,True,-0.004387925485769856,-0.017584678674272824
20260927,sigmoid,0.5,0.75,26,pop,True,-0.003088064544193081,-0.008878295304218131
20260927,sigmoid,0.5,0.75,26,ambient,True,0.0003860265064425661,0.0010326616576922798
20260927,sigmoid,0.5,0.75,26,rock,True,-0.0037274447325180565,-0.017051456578688617
20260927,sigmoid,0.5,0.75,27,macro,True,-0.005420658054548746,-0.01248654793232258
20260927,sigmoid,0.5,0.75,27,electronic,True,-0.004616460503837211,-0.01055607573665912
20260927,sigmoid,0.5,0.75,27,pop,True,-0.011138578261699728,-0.02263454158230699
20260927,sigmoid,0.5,0.75,27,ambient,True,-0.008335526515982128,-0.02009764772958017
20260927,sigmoid,0.5,0.75,27,rock,True,0.002407933063324083,0.003342073319255956
20260927,sigmoid,0.5,0.75,28,macro,True,-0.0017951428679693071,-0.005272389399791688
20260927,sigmoid,0.5,0.75,28,electronic,True,0.002466945051231628,0.005695573602182313
20260927,sigmoid,0.5,0.75,28,pop,True,-0.007590912579613279,-0.016487501777903035
20260927,sigmoid,0.5,0.75,28,ambient,True,-0.00033445020360578503,-0.0007365373646559537
20260927,sigmoid,0.5,0.75,28,rock,True,-0.0017221537398897924,-0.009561092058790077
20260927,sigmoid,0.5,0.75,29,macro,True,0.002402098540016478,0.005937516509311638
20260927,sigmoid,0.5,0.75,29,electronic,True,-0.0013326403786266816,-0.0028016255054129635
20260927,sigmoid,0.5,0.75,29,pop,True,0.005952782226187364,0.014438777736801689
20260927,sigmoid,0.5,0.75,29,ambient,True,0.002308778914718701,0.0048129564400411495
20260927,sigmoid,0.5,0.75,29,rock,True,0.0026794733977865276,0.007299957365816678
20260927,sigmoid,0.75,1.0,0,macro,True,-0.0011656166229019015,-0.003501421544886238
20260927,sigmoid,0.75,1.0,0,electronic,True,-0.00041924698391823667,-0.0015651939402849258
20260927,sigmoid,0.75,1.0,0,pop,True,0.000355230018982966,-0.0016250854190045794
20260927,sigmoid,0.75,1.0,0,ambient,True,-0.01105328313338702,-0.02647257711464368
20260927,sigmoid,0.75,1.0,0,rock,True,0.0064548336067146855,0.015657170294388234
20260927,sigmoid,0.75,1.0,1,macro,True,-0.00111512817661049,-0.002633482228738493
20260927,sigmoid,0.75,1.0,1,electronic,True,-0.001856597257863496,-0.004105242871391468
20260927,sigmoid,0.75,1.0,1,pop,True,0.0023670519914859856,0.006265801582977737
20260927,sigmoid,0.75,1.0,1,ambient,True,-0.003984850796815181,-0.009148062833859771
20260927,sigmoid,0.75,1.0,1,rock,True,-0.0009861166432492685,-0.0035464247926804693
20260927,sigmoid,0.75,1.0,2,macro,True,-0.005114857519718827,-0.013591690325623226
20260927,sigmoid,0.75,1.0,2,electronic,True,-0.0021958619039141314,-0.00927993040910391
20260927,sigmoid,0.75,1.0,2,pop,True,-0.006368810987049112,-0.01605448947493654
20260927,sigmoid,0.75,1.0,2,ambient,True,-0.011942637060166128,-0.028042409352696418
20260927,sigmoid,0.75,1.0,2,rock,True,4.787987225406132e-05,-0.0009899320657560384
20260927,sigmoid,0.75,1.0,3,macro,True,-0.002143101930253098,-0.005402283242293665
20260927,sigmoid,0.75,1.0,3,electronic,True,-0.0005056145881560115,-0.0015072141201700195
20260927,sigmoid,0.75,1.0,3,pop,True,0.000478307002163586,0.0015355984364482378
20260927,sigmoid,0.75,1.0,3,ambient,True,-0.005431766596572685,-0.013096547744690212
20260927,sigmoid,0.75,1.0,3,rock,True,-0.0031133335384472827,-0.008540969540762666
20260927,sigmoid,0.75,1.0,4,macro,True,-0.0028792076000172806,-0.008358185007393118
20260927,sigmoid,0.75,1.0,4,electronic,True,-0.005140454043498749,-0.018331090609633005
20260927,sigmoid,0.75,1.0,4,pop,True,-0.0061545279829694766,-0.01375149195451053
20260927,sigmoid,0.75,1.0,4,ambient,True,-0.0029271411018131355,-0.0069069430123345765
20260927,sigmoid,0.75,1.0,4,rock,True,0.0027052927282122385,0.00555678554690564
20260927,sigmoid,0.75,1.0,5,macro,True,-0.0037232933868581244,-0.012403485381721133
20260927,sigmoid,0.75,1.0,5,electronic,True,-0.006592414754124004,-0.028007593478167836
20260927,sigmoid,0.75,1.0,5,pop,True,-0.004930320257650472,-0.012777687700939067
20260927,sigmoid,0.75,1.0,5,ambient,True,-0.001698434648550018,-0.004066392690710352
20260927,sigmoid,0.75,1.0,5,rock,True,-0.0016720038871080034,-0.004762267657067276
20260927,sigmoid,0.75,1.0,6,macro,True,8.898758332373871e-05,7.035827833595798e-06
20260927,sigmoid,0.75,1.0,6,electronic,True,-0.0024255140258721553,-0.007864630824120256
20260927,sigmoid,0.75,1.0,6,pop,True,0.002772090446540504,0.007217086526026872
20260927,sigmoid,0.75,1.0,6,ambient,True,-0.00220758758146844,-0.0051457779701529205
20260927,sigmoid,0.75,1.0,6,rock,True,0.002216961494095046,0.005821465579580687
20260927,sigmoid,0.75,1.0,7,macro,True,-0.000425270471864414,-0.003016378558964375
20260927,sigmoid,0.75,1.0,7,electronic,True,-0.0013316045208270066,-0.005763346897129429
20260927,sigmoid,0.75,1.0,7,pop,True,-0.0023435940542080314,-0.006794843089429514
20260927,sigmoid,0.75,1.0,7,ambient,True,0.005390870807047754,0.011695717605569478
20260927,sigmoid,0.75,1.0,7,rock,True,-0.003416754119470372,-0.011203041854868034
20260927,sigmoid,0.75,1.0,8,macro,True,0.0011188132673322845,0.0004572517528836917
20260927,sigmoid,0.75,1.0,8,electronic,True,-0.002272998946457966,-0.010461964715562933
20260927,sigmoid,0.75,1.0,8,pop,True,0.004117547983088443,0.008095046117854388
20260927,sigmoid,0.75,1.0,8,ambient,True,0.0015624112905463505,0.0025259542828460213
20260927,sigmoid,0.75,1.0,8,rock,True,0.0010682927421523103,0.0016699713263972904
20260927,sigmoid,0.75,1.0,9,macro,True,-0.005443562368687066,-0.01498001659041015
20260927,sigmoid,0.75,1.0,9,electronic,True,-0.0020198773076057774,-0.00924700176748583
20260927,sigmoid,0.75,1.0,9,pop,True,0.0015154084707714455,0.003424177061270073
20260927,sigmoid,0.75,1.0,9,ambient,True,-0.01917838786577855,-0.04728053497172224
20260927,sigmoid,0.75,1.0,9,rock,True,-0.002091392772135381,-0.0068167066837026
20260927,sigmoid,0.75,1.0,10,macro,True,0.0020851640285314277,0.004446790983041696
20260927,sigmoid,0.75,1.0,10,electronic,True,-0.003173247188909406,-0.009250838420606367
20260927,sigmoid,0.75,1.0,10,pop,True,0.0014545121360090563,0.002213307484222604
20260927,sigmoid,0.75,1.0,10,ambient,True,0.004951522656086865,0.010864302929295078
20260927,sigmoid,0.75,1.0,10,rock,True,0.005107868510939195,0.013960391939255468
20260927,sigmoid,0.75,1.0,11,macro,True,0.0003304749840517679,-0.0002340604195091578
20260927,sigmoid,0.75,1.0,11,electronic,True,-0.00046426922382031277,-0.0010615127230542143
20260927,sigmoid,0.75,1.0,11,pop,True,0.00035179075965358075,-0.0016632049338344834
20260927,sigmoid,0.75,1.0,11,ambient,True,-0.0029007777989253636,-0.0069753602231924505
20260927,sigmoid,0.75,1.0,11,rock,True,0.004335156199299167,0.008763836202044517
20260927,sigmoid,0.75,1.0,12,macro,True,0.0013740934437710649,0.0036217136051327203
20260927,sigmoid,0.75,1.0,12,electronic,True,-0.0007010812199636229,-0.0007639268681728928
20260927,sigmoid,0.75,1.0,12,pop,True,0.003157420246980458,0.007944128688528729
20260927,sigmoid,0.75,1.0,12,ambient,True,0.00045292433010873934,0.0009684121236335774
20260927,sigmoid,0.75,1.0,12,rock,True,0.002587110417958685,0.006338240476541468
20260927,sigmoid,0.75,1.0,13,macro,True,-0.00268767963352029,-0.007405745989820425
20260927,sigmoid,0.75,1.0,13,electronic,True,-0.001165122094125226,-0.0051665575297588084
20260927,sigmoid,0.75,1.0,13,pop,True,-0.006068524525348923,-0.014873990228131628
20260927,sigmoid,0.75,1.0,13,ambient,True,-0.0003683921288383796,-0.0009305969483143217
20260927,sigmoid,0.75,1.0,13,rock,True,-0.003148679785768632,-0.008651839253076943
20260927,sigmoid,0.75,1.0,14,macro,True,-0.003323073787605553,-0.008165534136153077
20260927,sigmoid,0.75,1.0,14,electronic,True,7.445100104130908e-05,0.0009964470549039817
20260927,sigmoid,0.75,1.0,14,pop,True,-0.010542132141769522,-0.02513101146870589
20260927,sigmoid,0.75,1.0,14,ambient,True,0.002125411072017719,0.004646206245893569
20260927,sigmoid,0.75,1.0,14,rock,True,-0.0049500250817117175,-0.01317377837670397
20260927,sigmoid,0.75,1.0,15,macro,True,0.002174193321091006,0.004454475174115111
20260927,sigmoid,0.75,1.0,15,electronic,True,-0.0009791602534544308,-0.0023725756750447857
20260927,sigmoid,0.75,1.0,15,pop,True,0.00382432557122242,0.006997688084601328
20260927,sigmoid,0.75,1.0,15,ambient,True,0.002316771409255791,0.0035916812459550473
20260927,sigmoid,0.75,1.0,15,rock,True,0.003534836557340243,0.009601107040948853
20260927,sigmoid,0.75,1.0,16,macro,True,-5.422044846145613e-06,-1.1078558805541205e-05
20260927,sigmoid,0.75,1.0,16,electronic,True,4.515720435299686e-05,2.219821534266142e-05
20260927,sigmoid,0.75,1.0,16,pop,True,-0.0034710475451176226,-0.007191408759356421
20260927,sigmoid,0.75,1.0,16,ambient,True,0.0008911002350734665,0.0020221621461675165
20260927,sigmoid,0.75,1.0,16,rock,True,0.002513101926306577,0.0051027341626240785
20260927,sigmoid,0.75,1.0,17,macro,True,-0.0009784676246790518,-0.002687819637660474
20260927,sigmoid,0.75,1.0,17,electronic,True,0.0008878762659762784,0.002728342552265395
20260927,sigmoid,0.75,1.0,17,pop,True,-0.004768748400334311,-0.011049536966740992
20260927,sigmoid,0.75,1.0,17,ambient,True,0.0044795396505468155,0.009543829735485843
20260927,sigmoid,0.75,1.0,17,rock,True,-0.00451253801490499,-0.011973913871652142
20260927,sigmoid,0.75,1.0,18,macro,True,-0.0011374819716380782,-0.0030145708764669765
20260927,sigmoid,0.75,1.0,18,electronic,True,-0.00026423429267347087,-0.0009102976553360675
20260927,sigmoid,0.75,1.0,18,pop,True,-0.004462857646119811,-0.01152064158694821
20260927,sigmoid,0.75,1.0,18,ambient,True,-0.0009884948188239318,-0.0027490157441833474
20260927,sigmoid,0.75,1.0,18,rock,True,0.0011656588710649007,0.0031216714805997192
20260927,sigmoid,0.75,1.0,19,macro,True,-0.0015894635901601527,-0.003916510487068758
20260927,sigmoid,0.75,1.0,19,electronic,True,0.0001634958510941531,0.0012344107320449993
20260927,sigmoid,0.75,1.0,19,pop,True,-0.003628899175609379,-0.009926394044273035
20260927,sigmoid,0.75,1.0,19,ambient,True,-0.0020881389759292712,-0.0047987076451739274
20260927,sigmoid,0.75,1.0,19,rock,True,-0.0008043120601961135,-0.0021753509908730706
20260927,sigmoid,0.75,1.0,20,macro,True,0.0002686015885201877,0.0002602833499951579
20260927,sigmoid,0.75,1.0,20,electronic,True,-0.0006213544734017529,-0.0014730430239293102
20260927,sigmoid,0.75,1.0,20,pop,True,0.0021746639784236965,0.0038815048667317775
20260927,sigmoid,0.75,1.0,20,ambient,True,-0.007164013554304988,-0.019656090533083148
20260927,sigmoid,0.75,1.0,20,rock,True,0.006685110403363795,0.018288762090261312
20260927,sigmoid,0.75,1.0,21,macro,True,-0.00034491534616083383,-0.0013350308189800236
20260927,sigmoid,0.75,1.0,21,electronic,True,0.0007008477941235769,0.0022929916523688476
20260927,sigmoid,0.75,1.0,21,pop,True,-0.005647788202168491,-0.013632017507806682
20260927,sigmoid,0.75,1.0,21,ambient,True,0.0052640578090374646,0.0105946115739054
20260927,sigmoid,0.75,1.0,21,rock,True,-0.0016967787856358857,-0.0045957089943876595
20260927,sigmoid,0.75,1.0,22,macro,True,0.0011672196493954998,0.0017582076898780968
20260927,sigmoid,0.75,1.0,22,electronic,True,-0.0031109718373955875,-0.009491245940116078
20260927,sigmoid,0.75,1.0,22,pop,True,0.001687942363556627,0.0015365811126825113
20260927,sigmoid,0.75,1.0,22,ambient,True,0.0029960411967354106,0.006646943267803462
20260927,sigmoid,0.75,1.0,22,rock,True,0.003095866874685549,0.008340552319142491
20260927,sigmoid,0.75,1.0,23,macro,True,-0.0034610934427055373,-0.01636314477750002
20260927,sigmoid,0.75,1.0,23,electronic,True,-0.0017726057136256135,-0.006690430546727022
20260927,sigmoid,0.75,1.0,23,pop,True,-0.0008622179996681245,-0.0019454295446912906
20260927,sigmoid,0.75,1.0,23,ambient,True,0.0010447716797780116,0.002171558146505048
20260927,sigmoid,0.75,1.0,23,rock,True,-0.012254321737306423,-0.05898827716508681
20260927,sigmoid,0.75,1.0,24,macro,True,-0.0011009300339100622,-0.0045102194491093844
20260927,sigmoid,0.75,1.0,24,electronic,True,-0.002617794992332806,-0.009607727175367842
20260927,sigmoid,0.75,1.0,24,pop,True,-0.0017826150665486706,-0.0061302982970741215
20260927,sigmoid,0.75,1.0,24,ambient,True,-1.6789323215193885e-05,-0.00023389732865508606
20260927,sigmoid,0.75,1.0,24,rock,True,1.3479246456421512e-05,-0.0020689549953404884
20260927,sigmoid,0.75,1.0,25,macro,True,-0.0021961757735070447,-0.009126834209171
20260927,sigmoid,0.75,1.0,25,electronic,True,0.00022686105539324042,0.0006848744894915604
20260927,sigmoid,0.75,1.0,25,pop,True,8.507681957176105e-06,-0.004695236224878774
20260927,sigmoid,0.75,1.0,25,ambient,True,-0.010566581796098512,-0.03662909794524333
20260927,sigmoid,0.75,1.0,25,rock,True,0.0015465099647199165,0.00413212284394654
20260927,sigmoid,0.75,1.0,26,macro,True,0.0004439648325498327,0.00042814112925256
20260927,sigmoid,0.75,1.0,26,electronic,True,-0.0010142408783013757,-0.003896536957669672
20260927,sigmoid,0.75,1.0,26,pop,True,-0.0011446898866552258,-0.004606101876717783
20260927,sigmoid,0.75,1.0,26,ambient,True,-0.000895111453284303,-0.002276113969613358
20260927,sigmoid,0.75,1.0,26,rock,True,0.004829901548440235,0.012491317321011053
20260927,sigmoid,0.75,1.0,27,macro,True,-0.001404963487611769,-0.004014002696066582
20260927,sigmoid,0.75,1.0,27,electronic,True,-8.924806626592341e-05,-0.0004603705602519992
20260927,sigmoid,0.75,1.0,27,pop,True,-0.0036814808075722183,-0.00944515740467905
20260927,sigmoid,0.75,1.0,27,ambient,True,8.349469105070617e-05,-0.00028704305157134513
20260927,sigmoid,0.75,1.0,27,rock,True,-0.0019326197676596407,-0.005863439767763934
20260927,sigmoid,0.75,1.0,28,macro,True,0.0008522496174202324,0.0023822978949588486
20260927,sigmoid,0.75,1.0,28,electronic,True,-0.0014395333705701785,-0.0027194954776321723
20260927,sigmoid,0.75,1.0,28,pop,True,0.003360099043639153,0.008340836741222768
20260927,sigmoid,0.75,1.0,28,ambient,True,-0.0015765143992050035,-0.0036731223073329655
20260927,sigmoid,0.75,1.0,28,rock,True,0.0030649471958169583,0.007580972623577764
20260927,sigmoid,0.75,1.0,29,macro,True,0.0007636642102277387,0.0012764419071021327
20260927,sigmoid,0.75,1.0,29,electronic,True,0.0002922964771183978,0.0009426926366731259
20260927,sigmoid,0.75,1.0,29,pop,True,-0.0006946765025483692,-0.003002784095680444
20260927,sigmoid,0.75,1.0,29,ambient,True,0.003541296048529541,0.007487599932534228
20260927,sigmoid,0.75,1.0,29,rock,True,-8.425918218861461e-05,-0.00032174084511837897
20260927,sigmoid,0.25,1.0,0,macro,True,-0.019989983109046774,-0.06302183869831138
20260927,sigmoid,0.25,1.0,0,electronic,True,0.00032679735995361225,0.0018252865413249664
20260927,sigmoid,0.25,1.0,0,pop,True,-0.024029635448249875,-0.06540841908291939
20260927,sigmoid,0.25,1.0,0,ambient,True,-0.04002654831368843,-0.13208735579136183
20260927,sigmoid,0.25,1.0,0,rock,True,-0.016230546034202403,-0.05641686646028926
20260927,sigmoid,0.25,1.0,1,macro,True,-0.030414571597132758,-0.11014144949599558
20260927,sigmoid,0.25,1.0,1,electronic,True,-0.0667911213350807,-0.2971755752036386
20260927,sigmoid,0.25,1.0,1,pop,True,-0.031652918898410376,-0.0716817754301049
20260927,sigmoid,0.25,1.0,1,ambient,True,0.003754500429784341,0.007602868367983073
20260927,sigmoid,0.25,1.0,1,rock,True,-0.026968746584824302,-0.07931131571822192
20260927,sigmoid,0.25,1.0,2,macro,True,-0.00668301320836474,-0.019190171562465483
20260927,sigmoid,0.25,1.0,2,electronic,True,-0.003194771391609036,-0.009388028455620812
20260927,sigmoid,0.25,1.0,2,pop,True,-0.020644574384138664,-0.05030005177680552
20260927,sigmoid,0.25,1.0,2,ambient,True,0.0013136198150659473,0.0022738898781085037
20260927,sigmoid,0.25,1.0,2,rock,True,-0.004206326872777208,-0.019346495895544102
20260927,sigmoid,0.25,1.0,3,macro,True,0.00028533581857517407,-0.004455793292527613
20260927,sigmoid,0.25,1.0,3,electronic,True,0.0006494513157546122,0.0023198730967816106
20260927,sigmoid,0.25,1.0,3,pop,True,0.0008516297856301924,-0.006226315814307826
20260927,sigmoid,0.25,1.0,3,ambient,True,-0.0042158778638969885,-0.009927166075209992
20260927,sigmoid,0.25,1.0,3,rock,True,0.00385614003681288,-0.003989564377374244
20260927,sigmoid,0.25,1.0,4,macro,True,-0.02195035513686701,-0.06789961559886133
20260927,sigmoid,0.25,1.0,4,electronic,True,-0.004237254265387541,-0.012531684115462016
20260927,sigmoid,0.25,1.0,4,pop,True,-0.037639820586790385,-0.0915797305820959
20260927,sigmoid,0.25,1.0,4,ambient,True,-0.004763634778430004,-0.011336740204787199
20260927,sigmoid,0.25,1.0,4,rock,True,-0.041160710916860105,-0.15615030749310022
20260927,sigmoid,0.25,1.0,5,macro,True,-0.008368167168715631,-0.03057238042631448
20260927,sigmoid,0.25,1.0,5,electronic,True,-0.0042742626023566654,-0.021458074638972868
20260927,sigmoid,0.25,1.0,5,pop,True,-0.012173072633747561,-0.036475846694199454
20260927,sigmoid,0.25,1.0,5,ambient,True,-0.0045104394514987045,-0.011579713405821312
20260927,sigmoid,0.25,1.0,5,rock,True,-0.012514893987259593,-0.052775886966264285
20260927,sigmoid,0.25,1.0,6,macro,True,-0.00027601618054896165,-0.009962265408093071
20260927,sigmoid,0.25,1.0,6,electronic,True,-0.0056993948838088004,-0.025651986019748163
20260927,sigmoid,0.25,1.0,6,pop,True,0.005496851830344041,0.012236873567530338
20260927,sigmoid,0.25,1.0,6,ambient,True,-0.004299630203802807,-0.014312816322089916
20260927,sigmoid,0.25,1.0,6,rock,True,0.00339810853507172,-0.012121132858064543
20260927,sigmoid,0.25,1.0,7,macro,True,-0.008991096991488215,-0.7011165509034984
20260927,sigmoid,0.25,1.0,7,electronic,True,-0.005124166407177749,-0.016299390021134452
20260927,sigmoid,0.25,1.0,7,pop,True,0.0036546198169841726,0.008021195018413696
20260927,sigmoid,0.25,1.0,7,ambient,True,0.0016654025402091932,-0.011501370827324164
20260927,sigmoid,0.25,1.0,7,rock,True,-0.036160243915968476,-2.784686637783949
20260927,sigmoid,0.25,1.0,8,macro,True,-0.007953256210750846,-0.03456283314691934
20260927,sigmoid,0.25,1.0,8,electronic,True,-0.013883982525839444,-0.08949689752620271
20260927,sigmoid,0.25,1.0,8,pop,True,0.004303286236525178,0.010047807290819721
20260927,sigmoid,0.25,1.0,8,ambient,True,-0.02206859403591202,-0.05430192428664993
20260927,sigmoid,0.25,1.0,8,rock,True,-0.0001637345177770977,-0.0045003180656444375
20260927,sigmoid,0.25,1.0,9,macro,True,-0.02299885053102026,-0.07763766554824161
20260927,sigmoid,0.25,1.0,9,electronic,True,-0.028149240754483884,-0.08798128518588466
20260927,sigmoid,0.25,1.0,9,pop,True,-0.004067775071101731,-0.012316169718269099
20260927,sigmoid,0.25,1.0,9,ambient,True,-0.058195734092491985,-0.17903219950890975
20260927,sigmoid,0.25,1.0,9,rock,True,-0.0015826522060034404,-0.031221007779902943
20260927,sigmoid,0.25,1.0,10,macro,True,0.001421403950890892,0.0009807437638139765
20260927,sigmoid,0.25,1.0,10,electronic,True,-0.007548802012772277,-0.02088290525379921
20260927,sigmoid,0.25,1.0,10,pop,True,0.0027025204095285915,0.0013658708710112544
20260927,sigmoid,0.25,1.0,10,ambient,True,0.0006542376346881651,-0.0002846566622166091
20260927,sigmoid,0.25,1.0,10,rock,True,0.009877659772119088,0.023724666100260472
20260927,sigmoid,0.25,1.0,11,macro,True,-0.0076087391919559474,-0.040519237559803994
20260927,sigmoid,0.25,1.0,11,electronic,True,-0.0023268223860831994,-0.010269815516575465
20260927,sigmoid,0.25,1.0,11,pop,True,-0.02744004207771708,-0.07349215278188892
20260927,sigmoid,0.25,1.0,11,ambient,True,0.005404157800416837,0.011889509846423674
20260927,sigmoid,0.25,1.0,11,rock,True,-0.0060722501044403465,-0.09020449178717527
20260927,sigmoid,0.25,1.0,12,macro,True,-0.002313566009089073,-0.008107584422200484
20260927,sigmoid,0.25,1.0,12,electronic,True,-0.00801058323386944,-0.0246775567605656
20260927,sigmoid,0.25,1.0,12,pop,True,-0.0004979031747940343,0.00017047771135858536
20260927,sigmoid,0.25,1.0,12,ambient,True,0.004513341692339884,0.009799034703158516
20260927,sigmoid,0.25,1.0,12,rock,True,-0.005259119320032701,-0.017722293342753437
20260927,sigmoid,0.25,1.0,13,macro,True,-0.007415929925874913,-0.02136454312220397
20260927,sigmoid,0.25,1.0,13,electronic,True,-0.0116754926917296,-0.03457100403423874
20260927,sigmoid,0.25,1.0,13,pop,True,2.5100727265442435e-05,-9.414427443349416e-05
20260927,sigmoid,0.25,1.0,13,ambient,True,0.00586269603768555,0.011934701599137232
20260927,sigmoid,0.25,1.0,13,rock,True,-0.023876023776721045,-0.06272772577928087
20260927,sigmoid,0.25,1.0,14,macro,True,-0.009443595937712275,-0.02486952680501056
20260927,sigmoid,0.25,1.0,14,electronic,True,-0.005433077408379894,-0.017110864670562664
20260927,sigmoid,0.25,1.0,14,pop,True,-0.03538728756421475,-0.08002571411450721
20260927,sigmoid,0.25,1.0,14,ambient,True,-7.313610921372282e-05,-0.0029192384633036084
20260927,sigmoid,0.25,1.0,14,rock,True,0.0031191173309592646,0.0005777100283312353
20260927,sigmoid,0.25,1.0,15,macro,True,-0.002668353394509493,-0.011315606705505035
20260927,sigmoid,0.25,1.0,15,electronic,True,-0.013654429587565214,-0.05115988529167215
20260927,sigmoid,0.25,1.0,15,pop,True,0.004840157946844947,0.011074328937360933
20260927,sigmoid,0.25,1.0,15,ambient,True,-0.012381673815725136,-0.03347649806086145
20260927,sigmoid,0.25,1.0,15,rock,True,0.010522531878407432,0.02829962759315252
20260927,sigmoid,0.25,1.0,16,macro,True,-0.010338700859250441,-0.033069442419959794
20260927,sigmoid,0.25,1.0,16,electronic,True,-0.003196779740830824,-0.009171742573893527
20260927,sigmoid,0.25,1.0,16,pop,True,-0.003210776636975804,-0.025234169490306768
20260927,sigmoid,0.25,1.0,16,ambient,True,-0.0015660227118620973,-0.004445618264591444
20260927,sigmoid,0.25,1.0,16,rock,True,-0.03338122434733304,-0.09342623935104744
20260927,sigmoid,0.25,1.0,17,macro,True,-0.0049333055174844605,-0.016470375021498063
20260927,sigmoid,0.25,1.0,17,electronic,True,0.0006794451037881732,0.0012697526215960098
20260927,sigmoid,0.25,1.0,17,pop,True,-0.0225119400806352,-0.055281528847374695
20260927,sigmoid,0.25,1.0,17,ambient,True,0.0022111158489194482,-0.0035231024234994024
20260927,sigmoid,0.25,1.0,17,rock,True,-0.00011184294201026235,-0.008346621436714163
20260927,sigmoid,0.25,1.0,18,macro,True,-0.00784797147218452,-0.021927697417017236
20260927,sigmoid,0.25,1.0,18,electronic,True,-0.002777925561484179,-0.01041058575353282
20260927,sigmoid,0.25,1.0,18,pop,True,-0.006004182218019488,-0.014161019415907028
20260927,sigmoid,0.25,1.0,18,ambient,True,-0.007573250764212142,-0.024135557442703792
20260927,sigmoid,0.25,1.0,18,rock,True,-0.015036527345022269,-0.039003627055925305
20260927,sigmoid,0.25,1.0,19,macro,True,-0.012181074796054549,-0.033042499873479084
20260927,sigmoid,0.25,1.0,19,electronic,True,-0.0006582836764084665,-0.0015836094183799831
20260927,sigmoid,0.25,1.0,19,pop,True,-0.018431478959238717,-0.04867225105384354
20260927,sigmoid,0.25,1.0,19,ambient,True,-0.011470382337320395,-0.02858317696917151
20260927,sigmoid,0.25,1.0,19,rock,True,-0.018164154211250616,-0.0533309620525213
20260927,sigmoid,0.25,1.0,20,macro,True,-0.030935283478877567,-0.8826277461552731
20260927,sigmoid,0.25,1.0,20,electronic,True,-0.010007159200934923,-0.06040664798006279
20260927,sigmoid,0.25,1.0,20,pop,True,-0.028531237912820084,-0.43239050667795975
20260927,sigmoid,0.25,1.0,20,ambient,True,-0.048899882124685046,-0.26669933216334446
20260927,sigmoid,0.25,1.0,20,rock,True,-0.03630285467707023,-2.771014497799725
20260927,sigmoid,0.25,1.0,21,macro,True,-0.011854529904416024,-0.04312542829674833
20260927,sigmoid,0.25,1.0,21,electronic,True,-0.025280395276086914,-0.10030118448552527
20260927,sigmoid,0.25,1.0,21,pop,True,-0.014751194536021306,-0.041976293567861256
20260927,sigmoid,0.25,1.0,21,ambient,True,-0.010357708591413745,-0.024159934939047112
20260927,sigmoid,0.25,1.0,21,rock,True,0.0029711787858578698,-0.006064300194559669
20260927,sigmoid,0.25,1.0,22,macro,True,-0.00488782393727941,-0.023334613722611156
20260927,sigmoid,0.25,1.0,22,electronic,True,-0.015123418331683569,-0.05617136157462643
20260927,sigmoid,0.25,1.0,22,pop,True,-0.005212591838388569,-0.018292738614103965
20260927,sigmoid,0.25,1.0,22,ambient,True,-0.0028803387996075014,-0.023825427449505943
20260927,sigmoid,0.25,1.0,22,rock,True,0.0036650532205620007,0.004951072747791718
20260927,sigmoid,0.25,1.0,23,macro,True,-0.001877611075129397,-0.02281769386575183
20260927,sigmoid,0.25,1.0,23,electronic,True,-0.0025200782487347084,-0.008815377321663043
20260927,sigmoid,0.25,1.0,23,pop,True,0.0022676640836336304,0.004493573926235339
20260927,sigmoid,0.25,1.0,23,ambient,True,0.004708345147066084,0.008433226220004308
20260927,sigmoid,0.25,1.0,23,rock,True,-0.011966375282482594,-0.09538219828758393
20260927,sigmoid,0.25,1.0,24,macro,True,-0.013114851955739061,-0.07541456731979186
20260927,sigmoid,0.25,1.0,24,electronic,True,-0.03654651572916423,-0.18840168100741128
20260927,sigmoid,0.25,1.0,24,pop,True,-0.016302938696591163,-0.041245226944313096
20260927,sigmoid,0.25,1.0,24,ambient,True,0.0040177553542638245,0.008211425080999812
20260927,sigmoid,0.25,1.0,24,rock,True,-0.0036277087514646755,-0.08022278640844288
20260927,sigmoid,0.25,1.0,25,macro,True,-0.005400508113305991,-0.02156712871561299
20260927,sigmoid,0.25,1.0,25,electronic,True,-0.0008814161847060242,-0.00411036725844427
20260927,sigmoid,0.25,1.0,25,pop,True,-0.01097456358836052,-0.030437891464742184
20260927,sigmoid,0.25,1.0,25,ambient,True,-0.016461508952086784,-0.06801655876674756
20260927,sigmoid,0.25,1.0,25,rock,True,0.0067154562719293626,0.01629630262748205
20260927,sigmoid,0.25,1.0,26,macro,True,-0.006106694004101423,-0.03393132627119802
20260927,sigmoid,0.25,1.0,26,electronic,True,-0.015028768646857982,-0.09233295990472012
20260927,sigmoid,0.25,1.0,26,pop,True,-0.0013749611029014175,-0.021905072622316557
20260927,sigmoid,0.25,1.0,26,ambient,True,-0.008069652182370796,-0.021367625784742106
20260927,sigmoid,0.25,1.0,26,rock,True,4.6605915724501346e-05,-0.0001196467730132933
20260927,sigmoid,0.25,1.0,27,macro,True,-0.012959738386246592,-0.03012066138153248
20260927,sigmoid,0.25,1.0,27,electronic,True,-0.004965649481361745,-0.010855801612730032
20260927,sigmoid,0.25,1.0,27,pop,True,-0.06046676825914335,-0.13922136321359546
20260927,sigmoid,0.25,1.0,27,ambient,True,0.00530820508720975,0.008817461578554786
20260927,sigmoid,0.25,1.0,27,rock,True,0.008285259108308976,0.02077705772164079
20260927,sigmoid,0.25,1.0,28,macro,True,-0.009619136524580699,-0.031411917240904794
20260927,sigmoid,0.25,1.0,28,electronic,True,0.0005479466335377714,0.002118822929087494
20260927,sigmoid,0.25,1.0,28,pop,True,0.0011774865246071131,0.0036712117847664816
20260927,sigmoid,0.25,1.0,28,ambient,True,0.000939156936490021,-0.0022880551200670785
20260927,sigmoid,0.25,1.0,28,rock,True,-0.0411411361929577,-0.12914964855740607
20260927,sigmoid,0.25,1.0,29,macro,True,-0.008432063738336451,-0.023750246533127517
20260927,sigmoid,0.25,1.0,29,electronic,True,-0.006983234451716253,-0.016944167912048114
20260927,sigmoid,0.25,1.0,29,pop,True,-0.013131779208424232,-0.03661233325406177
20260927,sigmoid,0.25,1.0,29,ambient,True,-0.0052820424586752235,-0.019358187200803345
20260927,sigmoid,0.25,1.0,29,rock,True,-0.008331198834530096,-0.02208629776559684
20260927,temperature,0.25,0.5,0,macro,True,-0.007004859166295174,-0.024128254009409406
20260927,temperature,0.25,0.5,0,electronic,True,0.0011003619396001418,0.0041358247994379704
20260927,temperature,0.25,0.5,0,pop,True,-0.018629889690102652,-0.048137437563522956
20260927,temperature,0.25,0.5,0,ambient,True,-0.0009522042377195505,-0.006111401479298506
20260927,temperature,0.25,0.5,0,rock,True,-0.009537704676958636,-0.04640000179425413
20260927,temperature,0.25,0.5,1,macro,True,-0.002171280674594142,-0.004229346564009334
20260927,temperature,0.25,0.5,1,electronic,True,0.0027192010727140337,0.01325581522042929
20260927,temperature,0.25,0.5,1,pop,True,-0.010355472912441599,-0.03183244656779116
20260927,temperature,0.25,0.5,1,ambient,True,-5.187799019987227e-05,-0.00023754938136122394
20260927,temperature,0.25,0.5,1,rock,True,-0.0009969728684491308,0.0018967944726857588
20260927,temperature,0.25,0.5,2,macro,True,-0.0005647457815675487,-0.0010759210901415822
20260927,temperature,0.25,0.5,2,electronic,True,-0.00028909347192918045,-0.0013379565074286282
20260927,temperature,0.25,0.5,2,pop,True,-0.0033911320185644467,-0.00979773544080409
20260927,temperature,0.25,0.5,2,ambient,True,0.0002803297519892445,0.0012473270969245998
20260927,temperature,0.25,0.5,2,rock,True,0.0011409126122341878,0.005584680490741789
20260927,temperature,0.25,0.5,3,macro,True,-0.001126930416288998,-0.007216418590137247
20260927,temperature,0.25,0.5,3,electronic,True,0.0002549396702632989,0.0008789219086808298
20260927,temperature,0.25,0.5,3,pop,True,-0.002143620150350606,-0.012110190882425154
20260927,temperature,0.25,0.5,3,ambient,True,-5.563416839621249e-05,-0.00013239932658554165
20260927,temperature,0.25,0.5,3,rock,True,-0.0025634070166724726,-0.017502006060219122
20260927,temperature,0.25,0.5,4,macro,True,-0.0055998803888487325,-0.015147989710129858
20260927,temperature,0.25,0.5,4,electronic,True,-0.000529387032454337,-0.0031527140566447454
20260927,temperature,0.25,0.5,4,pop,True,-0.01860416409065868,-0.04939569693467205
20260927,temperature,0.25,0.5,4,ambient,True,-0.000972033689313645,-0.00407343887014916
20260927,temperature,0.25,0.5,4,rock,True,-0.0022939367429682667,-0.003970108979053477
20260927,temperature,0.25,0.5,5,macro,True,-0.002030773354144661,-0.003128060482098044
20260927,temperature,0.25,0.5,5,electronic,True,0.00382933505962349,0.024556833175836124
20260927,temperature,0.25,0.5,5,pop,True,-0.00932076269008511,-0.026051048514348918
20260927,temperature,0.25,0.5,5,ambient,True,-0.00024032329632076022,-0.0012506693647839073
20260927,temperature,0.25,0.5,5,rock,True,-0.0023913424897962637,-0.009767357225095474
20260927,temperature,0.25,0.5,6,macro,True,-0.0017530228622461771,-0.010881189918474421
20260927,temperature,0.25,0.5,6,electronic,True,-0.0033889721855933086,-0.01621366292899762
20260927,temperature,0.25,0.5,6,pop,True,0.0021109120975780493,0.007179063686675979
20260927,temperature,0.25,0.5,6,ambient,True,0.00020528931229676917,0.0008961189426340277
20260927,temperature,0.25,0.5,6,rock,True,-0.0059393206732662185,-0.03538627937421007
20260927,temperature,0.25,0.5,7,macro,True,-0.005970093843898846,-0.23946920243284908
20260927,temperature,0.25,0.5,7,electronic,True,0.0030442525431061407,0.014760551361169383
20260927,temperature,0.25,0.5,7,pop,True,-0.0002045743258095034,-0.001058177534603244
20260927,temperature,0.25,0.5,7,ambient,True,-0.0013214216605813844,-0.007803563027548477
20260927,temperature,0.25,0.5,7,rock,True,-0.025398631932310636,-0.963775620530414
20260927,temperature,0.25,0.5,8,macro,True,-0.002013322330376547,-0.012906453793362221
20260927,temperature,0.25,0.5,8,electronic,True,-0.005503022710157762,-0.04149233438701372
20260927,temperature,0.25,0.5,8,pop,True,-0.0001620282076201518,-0.00056599118569306
20260927,temperature,0.25,0.5,8,ambient,True,-0.001951391557660831,-0.00746637248442078
20260927,temperature,0.25,0.5,8,rock,True,-0.00043684684606744295,-0.002101117116321327
20260927,temperature,0.25,0.5,9,macro,True,-0.0012236675846394075,-0.005413124603292491
20260927,temperature,0.25,0.5,9,electronic,True,0.002593558877569957,0.014186701451777028
20260927,temperature,0.25,0.5,9,pop,True,0.0022523418624091074,0.006732733101694088
20260927,temperature,0.25,0.5,9,ambient,True,4.498867531169126e-05,0.00038920255991853336
20260927,temperature,0.25,0.5,9,rock,True,-0.009785559753848386,-0.04296113552655961
20260927,temperature,0.25,0.5,10,macro,True,0.0002529245914855774,-0.0004273977491698888
20260927,temperature,0.25,0.5,10,electronic,True,-0.000379260255233993,-0.002074338370485651
20260927,temperature,0.25,0.5,10,pop,True,0.002871403912489273,0.008704680817390342
20260927,temperature,0.25,0.5,10,ambient,True,-0.001683170240670273,-0.006942761139089371
20260927,temperature,0.25,0.5,10,rock,True,0.00020272494935730245,-0.0013971723044948758
20260927,temperature,0.25,0.5,11,macro,True,-0.007007075694175271,-0.033775088458383104
20260927,temperature,0.25,0.5,11,electronic,True,0.0018966435382115343,0.010162702268736057
20260927,temperature,0.25,0.5,11,pop,True,-0.019453704988264098,-0.048588469212822616
20260927,temperature,0.25,0.5,11,ambient,True,3.6527279886899855e-05,8.93611628431934e-05
20260927,temperature,0.25,0.5,11,rock,True,-0.01050776860653542,-0.09676394805228905
20260927,temperature,0.25,0.5,12,macro,True,-0.00018908550680033984,0.0016616242316356972
20260927,temperature,0.25,0.5,12,electronic,True,0.0003001900885115094,0.0011985153271569793
20260927,temperature,0.25,0.5,12,pop,True,5.318571072085443e-05,7.025426577678129e-05
20260927,temperature,0.25,0.5,12,ambient,True,4.9466435003475695e-05,0.00022647221351485003
20260927,temperature,0.25,0.5,12,rock,True,-0.0011591842614371989,0.005151255120094178
20260927,temperature,0.25,0.5,13,macro,True,0.00024701692157066274,0.001369616202612764
20260927,temperature,0.25,0.5,13,electronic,True,0.001514492461810707,0.006126466251598628
20260927,temperature,0.25,0.5,13,pop,True,8.993098628393148e-05,0.0003087594272926375
20260927,temperature,0.25,0.5,13,ambient,True,0.00021124656535673192,0.0009485286092711376
20260927,temperature,0.25,0.5,13,rock,True,-0.0008276023271687194,-0.0019052894777113472
20260927,temperature,0.25,0.5,14,macro,True,0.0007508314428349323,-0.0001623688555664471
20260927,temperature,0.25,0.5,14,electronic,True,-0.0014430659292805903,-0.006985517797150065
20260927,temperature,0.25,0.5,14,pop,True,0.006784162147515593,0.01852854556607142
20260927,temperature,0.25,0.5,14,ambient,True,0.0006027154306675886,0.003291053963531021
20260927,temperature,0.25,0.5,14,rock,True,-0.0029404858775628623,-0.015483557154718164
20260927,temperature,0.25,0.5,15,macro,True,0.00032124771965489837,0.0003313599358396313
20260927,temperature,0.25,0.5,15,electronic,True,-0.002238172320214976,-0.009547896390541488
20260927,temperature,0.25,0.5,15,pop,True,0.004322404285125314,0.014273200743661507
20260927,temperature,0.25,0.5,15,ambient,True,-0.0006528191478849532,-0.0034676389290909104
20260927,temperature,0.25,0.5,15,rock,True,-0.00014642193840579132,6.777431932941669e-05
20260927,temperature,0.25,0.5,16,macro,True,-0.0035733193078501466,-0.018155239821905103
20260927,temperature,0.25,0.5,16,electronic,True,0.0014826892964906746,0.005569121467044413
20260927,temperature,0.25,0.5,16,pop,True,-0.004678625544180942,-0.028540828682748876
20260927,temperature,0.25,0.5,16,ambient,True,-0.0006343426128362084,-0.002676089507230639
20260927,temperature,0.25,0.5,16,rock,True,-0.01046299837087411,-0.04697316256468531
20260927,temperature,0.25,0.5,17,macro,True,-0.0018586218493015574,-0.004073520303143077
20260927,temperature,0.25,0.5,17,electronic,True,0.00018432667865694863,-0.00029911884237876496
20260927,temperature,0.25,0.5,17,pop,True,-0.00792496751577762,-0.022325698501727165
20260927,temperature,0.25,0.5,17,ambient,True,-0.0023625117958602226,-0.014007960145201281
20260927,temperature,0.25,0.5,17,rock,True,0.0026686652357746643,0.020338696276734902
20260927,temperature,0.25,0.5,18,macro,True,3.210241070492059e-05,-0.00033371243852239885
20260927,temperature,0.25,0.5,18,electronic,True,0.0004137080302721863,0.0020123550022429493
20260927,temperature,0.25,0.5,18,pop,True,-8.823683340178357e-05,-0.0009720675171686621
20260927,temperature,0.25,0.5,18,ambient,True,-9.112317253409663e-05,-0.000461315223848735
20260927,temperature,0.25,0.5,18,rock,True,-0.00010593838151662371,-0.0019138220153151475
20260927,temperature,0.25,0.5,19,macro,True,-0.0013520208605460778,-0.0038187169949528282
20260927,temperature,0.25,0.5,19,electronic,True,-0.001142609992313276,-0.003199481615630051
20260927,temperature,0.25,0.5,19,pop,True,-0.004501372404955489,-0.012283002463960746
20260927,temperature,0.25,0.5,19,ambient,True,0.00014962158277390114,0.0006599557372988785
20260927,temperature,0.25,0.5,19,rock,True,8.62773723105531e-05,-0.00045233963751939443
20260927,temperature,0.25,0.5,20,macro,True,-0.011110047052724455,-0.23139870897433557
20260927,temperature,0.25,0.5,20,electronic,True,-0.006261808708450861,-0.040409471726248536
20260927,temperature,0.25,0.5,20,pop,True,-0.01917175050861139,-0.20024830898083013
20260927,temperature,0.25,0.5,20,ambient,True,0.00023250430754262474,0.0010409403145699714
20260927,temperature,0.25,0.5,20,rock,True,-0.019239133301378192,-0.6859779955048336
20260927,temperature,0.25,0.5,21,macro,True,-0.0022350676415693153,-0.00810919739641383
20260927,temperature,0.25,0.5,21,electronic,True,-0.0015506075246689566,-0.005373140265342302
20260927,temperature,0.25,0.5,21,pop,True,-0.005496781169639642,-0.014798288992390995
20260927,temperature,0.25,0.5,21,ambient,True,0.0006229959319200007,0.003500577341867317
20260927,temperature,0.25,0.5,21,rock,True,-0.0025158778038886637,-0.015765937669789343
20260927,temperature,0.25,0.5,22,macro,True,0.0004784898320105181,0.00016812158094342555
20260927,temperature,0.25,0.5,22,electronic,True,-0.002259769211889251,-0.01002039101487956
20260927,temperature,0.25,0.5,22,pop,True,0.004385742643652213,0.011027919092102767
20260927,temperature,0.25,0.5,22,ambient,True,-0.0010951182498915024,-0.0060012806254333695
20260927,temperature,0.25,0.5,22,rock,True,0.000883104146170613,0.005666238871983864
20260927,temperature,0.25,0.5,23,macro,True,-0.0006659613849519588,-0.00924425739561946
20260927,temperature,0.25,0.5,23,electronic,True,0.0006133391923783815,0.0028072996677740436
20260927,temperature,0.25,0.5,23,pop,True,0.002561997336223698,0.0078044801947527165
20260927,temperature,0.25,0.5,23,ambient,True,-5.035414528237192e-05,-0.0002662379028868789
20260927,temperature,0.25,0.5,23,rock,True,-0.005788827923127543,-0.04732257154211772
20260927,temperature,0.25,0.5,24,macro,True,-0.006235059306430219,-0.036418559582273455
20260927,temperature,0.25,0.5,24,electronic,True,-0.004035351183906799,-0.02305023696658781
20260927,temperature,0.25,0.5,24,pop,True,-0.008850110141827516,-0.026580113479552525
20260927,temperature,0.25,0.5,24,ambient,True,0.0005370935221784279,0.0023279058104215267
20260927,temperature,0.25,0.5,24,rock,True,-0.012591869422164989,-0.09837179369337501
20260927,temperature,0.25,0.5,25,macro,True,0.002323856998642043,0.005245216435268402
20260927,temperature,0.25,0.5,25,electronic,True,-0.00034311519163202076,-0.002827884690271343
20260927,temperature,0.25,0.5,25,pop,True,0.007895696964736965,0.02078299073548684
20260927,temperature,0.25,0.5,25,ambient,True,7.967807737313537e-05,0.0004029127847551828
20260927,temperature,0.25,0.5,25,rock,True,0.0016631681440900936,0.0026228469111029273
20260927,temperature,0.25,0.5,26,macro,True,-0.002201969025359799,-0.018487938138729648
20260927,temperature,0.25,0.5,26,electronic,True,-0.009995947160046287,-0.06948924446641336
20260927,temperature,0.25,0.5,26,pop,True,0.00031624540934915846,-0.013519450666202026
20260927,temperature,0.25,0.5,26,ambient,True,-4.251573304717149e-05,-0.00018769543104563136
20260927,temperature,0.25,0.5,26,rock,True,0.0009143413823051033,0.009244638008742423
20260927,temperature,0.25,0.5,27,macro,True,-0.005206970178830497,-0.013929841618908853
20260927,temperature,0.25,0.5,27,electronic,True,5.260318540625808e-05,-0.0011582242611123394
20260927,temperature,0.25,0.5,27,pop,True,-0.020413700324351247,-0.05595359542634937
20260927,temperature,0.25,0.5,27,ambient,True,-0.0005268878042186398,-0.002302535808415662
20260927,temperature,0.25,0.5,27,rock,True,6.010422784163971e-05,0.0036949890202419566
20260927,temperature,0.25,0.5,28,macro,True,-0.0011272560448273364,-0.002282478935597243
20260927,temperature,0.25,0.5,28,electronic,True,-0.00016955952619349124,-0.0002166091022853256
20260927,temperature,0.25,0.5,28,pop,True,-1.0195609037977338e-05,-9.063245171186951e-05
20260927,temperature,0.25,0.5,28,ambient,True,-0.002307961090033561,-0.009254072417651249
20260927,temperature,0.25,0.5,28,rock,True,-0.0020213079540443157,0.000431398229259472
20260927,temperature,0.25,0.5,29,macro,True,-0.0036093750094450677,-0.01191862966043429
20260927,temperature,0.25,0.5,29,electronic,True,3.755493513860064e-05,0.00012658813716354134
20260927,temperature,0.25,0.5,29,pop,True,-0.012444206315729761,-0.037222549141176065
20260927,temperature,0.25,0.5,29,ambient,True,-0.002841527950822209,-0.011288132151827779
20260927,temperature,0.25,0.5,29,rock,True,0.0008106792936330987,0.0007095745141031395
20260927,temperature,0.5,0.75,0,macro,True,-0.0011665695086233267,-0.004419846590337118
20260927,temperature,0.5,0.75,0,electronic,True,-0.00041649349372335775,-0.0017091352225930834
20260927,temperature,0.5,0.75,0,pop,True,-0.0040979129583935126,-0.0124990229334343
20260927,temperature,0.5,0.75,0,ambient,True,-6.903069393293659e-05,-0.0002900436118382643
20260927,temperature,0.5,0.75,0,rock,True,-8.284088844350002e-05,-0.003181184593482822
20260927,temperature,0.5,0.75,1,macro,True,-0.000848800318927756,-0.0043286035945721835
20260927,temperature,0.5,0.75,1,electronic,True,-0.0032876757211415253,-0.015537973871039112
20260927,temperature,0.5,0.75,1,pop,True,-8.842536546002644e-05,-0.0001629320127799483
20260927,temperature,0.5,0.75,1,ambient,True,2.7192254667490756e-05,0.00012488334318722094
20260927,temperature,0.5,0.75,1,rock,True,-4.6292443776962955e-05,-0.001738391837656894
20260927,temperature,0.5,0.75,2,macro,True,-0.0009911279001508233,-0.002293748106662122
20260927,temperature,0.5,0.75,2,electronic,True,0.0012432605041652889,0.006015415377464195
20260927,temperature,0.5,0.75,2,pop,True,-0.0019413780292954486,-0.005932409313702425
20260927,temperature,0.5,0.75,2,ambient,True,5.2629501296030945e-05,0.00022737954365897872
20260927,temperature,0.5,0.75,2,rock,True,-0.0033190235767691645,-0.009485378034069236
20260927,temperature,0.5,0.75,3,macro,True,0.00019251103497207323,-0.00026607045258397743
20260927,temperature,0.5,0.75,3,electronic,True,0.0005841462783779672,0.002287902862453839
20260927,temperature,0.5,0.75,3,pop,True,0.0003126928433685727,0.00019215258544974523
20260927,temperature,0.5,0.75,3,ambient,True,-0.00019118731383263587,-0.0009708467480494254
20260927,temperature,0.5,0.75,3,rock,True,6.439233197438887e-05,-0.0025734905101900685
20260927,temperature,0.5,0.75,4,macro,True,-4.002230122350167e-05,0.00031177063558952833
20260927,temperature,0.5,0.75,4,electronic,True,0.0020039999519754215,0.007698105070486128
20260927,temperature,0.5,0.75,4,pop,True,-0.0026372113316047996,-0.00835932035631537
20260927,temperature,0.5,0.75,4,ambient,True,0.00047444328699614013,0.0020391899086864007
20260927,temperature,0.5,0.75,4,rock,True,-1.3211122607686976e-06,-0.00013089208049904544
20260927,temperature,0.5,0.75,5,macro,True,-0.0015018289913111792,-0.008263792837509568
20260927,temperature,0.5,0.75,5,electronic,True,-0.004689621926535742,-0.029388374465221245
20260927,temperature,0.5,0.75,5,pop,True,-0.0016066669653714283,-0.004981577050008734
20260927,temperature,0.5,0.75,5,ambient,True,0.00030640812402341067,0.0013547416699918324
20260927,temperature,0.5,0.75,5,rock,True,-1.743519736095711e-05,-3.996150480012339e-05
20260927,temperature,0.5,0.75,6,macro,True,-0.00038074984632262623,-0.0016926294283852866
20260927,temperature,0.5,0.75,6,electronic,True,0.0002476805916242497,0.0009790989556738294
20260927,temperature,0.5,0.75,6,pop,True,-0.002041518649801566,-0.0070478580645430555
20260927,temperature,0.5,0.75,6,ambient,True,-1.867973704827719e-05,-8.167489820298801e-05
20260927,temperature,0.5,0.75,6,rock,True,0.00028951840993508837,-0.0006200837064689324
20260927,temperature,0.5,0.75,7,macro,True,0.00033151879354411176,-0.00016372938447793695
20260927,temperature,0.5,0.75,7,electronic,True,-0.002039380141312802,-0.010352822984641463
20260927,temperature,0.5,0.75,7,pop,True,0.0028416470196400145,0.009351615720672946
20260927,temperature,0.5,0.75,7,ambient,True,-0.0005034076083912653,-0.0026486258736561075
20260927,temperature,0.5,0.75,7,rock,True,0.0010272159042405,0.0029949155997128774
20260927,temperature,0.5,0.75,8,macro,True,-0.001127306513560914,-0.006346043292079856
20260927,temperature,0.5,0.75,8,electronic,True,-0.004320872285021454,-0.025344754259007063
20260927,temperature,0.5,0.75,8,pop,True,0.0004920765457709086,0.0028258353682066306
20260927,temperature,0.5,0.75,8,ambient,True,9.855142535789008e-05,0.0003976591961898368
20260927,temperature,0.5,0.75,8,rock,True,-0.0007789817403510008,-0.0032629134737088283
20260927,temperature,0.5,0.75,9,macro,True,-0.002473785861629902,-0.01101734984865621
20260927,temperature,0.5,0.75,9,electronic,True,-0.002442940260037857,-0.01343129885587524
20260927,temperature,0.5,0.75,9,pop,True,-0.006038315730153843,-0.019040435125454946
20260927,temperature,0.5,0.75,9,ambient,True,-0.00028384939643305573,-0.0014587856723604076
20260927,temperature,0.5,0.75,9,rock,True,-0.0011300380598948528,-0.010138879740934248
20260927,temperature,0.5,0.75,10,macro,True,-0.0009604158925324534,-0.0034584979471514454
20260927,temperature,0.5,0.75,10,electronic,True,0.0003769204933640746,0.000622304625750969
20260927,temperature,0.5,0.75,10,pop,True,-0.004931993219486536,-0.015393588348420528
20260927,temperature,0.5,0.75,10,ambient,True,4.0764664200249046e-05,0.00020945227492213947
20260927,temperature,0.5,0.75,10,rock,True,0.0006726444917923985,0.0007278396591416381
20260927,temperature,0.5,0.75,11,macro,True,-0.0024293462335491303,-0.00860309305575592
20260927,temperature,0.5,0.75,11,electronic,True,-0.0038351531208194733,-0.018975832983103014
20260927,temperature,0.5,0.75,11,pop,True,-0.007011330886725203,-0.02074468136167401
20260927,temperature,0.5,0.75,11,ambient,True,0.00021339915018495081,0.0009273773411245245
20260927,temperature,0.5,0.75,11,rock,True,0.0009156999231632046,0.004380764780628821
20260927,temperature,0.5,0.75,12,macro,True,-0.00034662172464307306,-0.0028983010241362683
20260927,temperature,0.5,0.75,12,electronic,True,-0.0007787326626493563,-0.002917014140329355
20260927,temperature,0.5,0.75,12,pop,True,-4.777846604037128e-05,-3.59931290472848e-05
20260927,temperature,0.5,0.75,12,ambient,True,3.243078980588732e-05,0.00014672707604274082
20260927,temperature,0.5,0.75,12,rock,True,-0.000592406559688452,-0.008786923903211175
20260927,temperature,0.5,0.75,13,macro,True,0.0006006437189225444,0.002019390659844411
20260927,temperature,0.5,0.75,13,electronic,True,0.0002833532210356482,0.0013073593287306062
20260927,temperature,0.5,0.75,13,pop,True,0.0019274853133565417,0.006362976210249061
20260927,temperature,0.5,0.75,13,ambient,True,5.249774240784211e-05,0.00022962500991946522
20260927,temperature,0.5,0.75,13,rock,True,0.00013923859889014567,0.0001776020904785125
20260927,temperature,0.5,0.75,14,macro,True,-0.0029716928384759186,-0.008641714246653609
20260927,temperature,0.5,0.75,14,electronic,True,0.00034620372888877204,0.0010267785355017045
20260927,temperature,0.5,0.75,14,pop,True,-0.010030359592616167,-0.028179355409779117
20260927,temperature,0.5,0.75,14,ambient,True,-0.0007159062609658207,-0.003907752749525872
20260927,temperature,0.5,0.75,14,rock,True,-0.001486709229210459,-0.0035065273628111515
20260927,temperature,0.5,0.75,15,macro,True,-0.0003156319773013859,-0.0010612048022328041
20260927,temperature,0.5,0.75,15,electronic,True,0.0003849838088123281,0.0013725733018247754
20260927,temperature,0.5,0.75,15,pop,True,-0.0029498296104245036,-0.009489094116963692
20260927,temperature,0.5,0.75,15,ambient,True,0.0008297378276591882,0.0035617485094192602
20260927,temperature,0.5,0.75,15,rock,True,0.00047258006474744374,0.0003099530967884401
20260927,temperature,0.5,0.75,16,macro,True,-0.00012160950661859946,-0.0017779781918670912
20260927,temperature,0.5,0.75,16,electronic,True,-0.0007591529030586686,-0.0031537782559244443
20260927,temperature,0.5,0.75,16,pop,True,0.0010637494046311369,0.00374069431031393
20260927,temperature,0.5,0.75,16,ambient,True,-0.00014976594745672034,-0.0006666892430787219
20260927,temperature,0.5,0.75,16,rock,True,-0.0006412685805901458,-0.0070321395787791285
20260927,temperature,0.5,0.75,17,macro,True,-0.0025373730941630653,-0.0121793551619373
20260927,temperature,0.5,0.75,17,electronic,True,-0.0002042530226179784,-0.0005143969323834208
20260927,temperature,0.5,0.75,17,pop,True,-0.00287696045000968,-0.009056657508035026
20260927,temperature,0.5,0.75,17,ambient,True,5.306624803505522e-05,0.00020347614538279712
20260927,temperature,0.5,0.75,17,rock,True,-0.007121345152059658,-0.03934984235271355
20260927,temperature,0.5,0.75,18,macro,True,0.0004219871864819605,2.864860570161998e-06
20260927,temperature,0.5,0.75,18,electronic,True,-0.0017398618340195016,-0.007903168561472773
20260927,temperature,0.5,0.75,18,pop,True,0.003000580026742139,0.010135103108876442
20260927,temperature,0.5,0.75,18,ambient,True,-3.215640022091737e-05,-0.0001628128191845657
20260927,temperature,0.5,0.75,18,rock,True,0.0004593869534261219,-0.0020576622859384552
20260927,temperature,0.5,0.75,19,macro,True,-0.0012876440239743478,-0.0043698888048283036
20260927,temperature,0.5,0.75,19,electronic,True,0.00033634145776920144,6.256393232800805e-05
20260927,temperature,0.5,0.75,19,pop,True,-0.005679717223149722,-0.01696670073260448
20260927,temperature,0.5,0.75,19,ambient,True,-8.37274462678339e-05,-0.00036709181072575037
20260927,temperature,0.5,0.75,19,rock,True,0.000276527115750963,-0.0002083266083109936
20260927,temperature,0.5,0.75,20,macro,True,-0.0022523419649194895,-0.01177015848602922
20260927,temperature,0.5,0.75,20,electronic,True,-0.002816139624813835,-0.013508914509196446
20260927,temperature,0.5,0.75,20,pop,True,-0.0016920828838997148,-0.009520385015624577
20260927,temperature,0.5,0.75,20,ambient,True,-0.0002332008620513637,-0.0010446980787156002
20260927,temperature,0.5,0.75,20,rock,True,-0.004267944488913045,-0.023006636340580255
20260927,temperature,0.5,0.75,21,macro,True,-0.00162905395954914,-0.006319660457420037
20260927,temperature,0.5,0.75,21,electronic,True,0.0002911557908143736,0.0004872270979512927
20260927,temperature,0.5,0.75,21,pop,True,-0.006392239880470579,-0.01904669456400615
20260927,temperature,0.5,0.75,21,ambient,True,-0.0002838715684959081,-0.001586618372532711
20260927,temperature,0.5,0.75,21,rock,True,-0.00013126018004444573,-0.00513255599109258
20260927,temperature,0.5,0.75,22,macro,True,-0.0010845679613277967,-0.006200970625889396
20260927,temperature,0.5,0.75,22,electronic,True,4.133580825985139e-05,0.000152054239918209
20260927,temperature,0.5,0.75,22,pop,True,-0.003298067662343307,-0.010265707403171953
20260927,temperature,0.5,0.75,22,ambient,True,-2.947033302391766e-07,-1.7502660550894333e-06
20260927,temperature,0.5,0.75,22,rock,True,-0.001081245287897492,-0.01468847907424875
20260927,temperature,0.5,0.75,23,macro,True,-0.00020463448343963075,0.00010728284089685236
20260927,temperature,0.5,0.75,23,electronic,True,-0.0003816989509105584,-0.0017689229763643288
20260927,temperature,0.5,0.75,23,pop,True,-0.0015667939015210908,-0.005185151738607396
20260927,temperature,0.5,0.75,23,ambient,True,-0.00025074714008638255,-0.0012853845167978828
20260927,temperature,0.5,0.75,23,rock,True,0.0013807020587595087,0.008668590595357017
20260927,temperature,0.5,0.75,24,macro,True,0.00013485898506395214,-9.186311917910861e-05
20260927,temperature,0.5,0.75,24,electronic,True,-0.0005350885019693163,-0.00260208500307868
20260927,temperature,0.5,0.75,24,pop,True,0.001572877143263568,0.005169204875480282
20260927,temperature,0.5,0.75,24,ambient,True,-0.00044315926817309337,-0.0019057555156354877
20260927,temperature,0.5,0.75,24,rock,True,-5.519343286534972e-05,-0.0010288168334825487
20260927,temperature,0.5,0.75,25,macro,True,-0.003193626194041021,-0.00841438415185014
20260927,temperature,0.5,0.75,25,electronic,True,0.00038486337759685574,0.001315665869349003
20260927,temperature,0.5,0.75,25,pop,True,-0.012937860348882668,-0.03537160416668517
20260927,temperature,0.5,0.75,25,ambient,True,0.000529833010747327,0.0028302292243800875
20260927,temperature,0.5,0.75,25,rock,True,-0.000751340815625598,-0.002431827534444486
20260927,temperature,0.5,0.75,26,macro,True,-0.0011598004634513388,-0.006476757817227008
20260927,temperature,0.5,0.75,26,electronic,True,-0.002083044771771708,-0.009975360426494384
20260927,temperature,0.5,0.75,26,pop,True,-0.0023443645146861425,-0.007274821783674168
20260927,temperature,0.5,0.75,26,ambient,True,0.00046453452776079596,0.002029077940914281
20260927,temperature,0.5,0.75,26,rock,True,-0.0006763270951083006,-0.010685926999653761
20260927,temperature,0.5,0.75,27,macro,True,0.00043984531792464615,0.0007734029266786568
20260927,temperature,0.5,0.75,27,electronic,True,0.0006949896652255483,0.0025809670528479933
20260927,temperature,0.5,0.75,27,pop,True,0.0008931950375682396,0.0029280776602051417
20260927,temperature,0.5,0.75,27,ambient,True,0.00025197770707960365,0.0011252232184061906
20260927,temperature,0.5,0.75,27,rock,True,-8.078113817480692e-05,-0.003540656224744698
20260927,temperature,0.5,0.75,28,macro,True,2.081637397628039e-05,-0.00144930000063416
20260927,temperature,0.5,0.75,28,electronic,True,0.0003656528691812211,0.0007998917613352141
20260927,temperature,0.5,0.75,28,pop,True,1.7135967906173333e-05,0.00013413773491904868
20260927,temperature,0.5,0.75,28,ambient,True,-2.6833734609599258e-05,-0.00012108148982264977
20260927,temperature,0.5,0.75,28,rock,True,-0.0002726896065726736,-0.006610148008968253
20260927,temperature,0.5,0.75,29,macro,True,0.0004927612497796947,0.0017824435590700904
20260927,temperature,0.5,0.75,29,electronic,True,-2.510024713278658e-05,-8.488607587875396e-05
20260927,temperature,0.5,0.75,29,pop,True,0.00208063382030399,0.007097446166821841
20260927,temperature,0.5,0.75,29,ambient,True,0.00013807981133906466,0.0006221722596829182
20260927,temperature,0.5,0.75,29,rock,True,-0.00022256838539148893,-0.0005049581143456439
20260927,temperature,0.75,1.0,0,macro,True,-0.00041832045785044486,-0.0020736824108519847
20260927,temperature,0.75,1.0,0,electronic,True,2.3969451076077952e-05,9.487259734830555e-05
20260927,temperature,0.75,1.0,0,pop,True,-0.0017726191511069633,-0.00589176852806228
20260927,temperature,0.75,1.0,0,ambient,True,-0.0004081894344329373,-0.0017678457502892098
20260927,temperature,0.75,1.0,0,rock,True,0.00048355730306204325,-0.0007299879624047545
20260927,temperature,0.75,1.0,1,macro,True,0.0005010264812391821,0.0009972623663684899
20260927,temperature,0.75,1.0,1,electronic,True,0.00021436968577462356,0.0008305132861566311
20260927,temperature,0.75,1.0,1,pop,True,0.0011982877028461902,0.004062710427663596
20260927,temperature,0.75,1.0,1,ambient,True,8.240620279570399e-05,0.00037307212635745435
20260927,temperature,0.75,1.0,1,rock,True,0.0005090423335402106,-0.0012772463747037222
20260927,temperature,0.75,1.0,2,macro,True,-0.0011564137826320063,-0.00533545746799044
20260927,temperature,0.75,1.0,2,electronic,True,-0.002205697063080131,-0.010141539543747968
20260927,temperature,0.75,1.0,2,pop,True,-0.002695210826418243,-0.008820572769502932
20260927,temperature,0.75,1.0,2,ambient,True,-0.0002349862879173492,-0.0010301421900548169
20260927,temperature,0.75,1.0,2,rock,True,0.0005102390468876977,-0.0013495753686560419
20260927,temperature,0.75,1.0,3,macro,True,0.00017741363044496486,0.00019860714392019863
20260927,temperature,0.75,1.0,3,electronic,True,-0.00024504473698411244,-0.0009951994746409953
20260927,temperature,0.75,1.0,3,pop,True,0.0004335282915512717,0.0015074973526532642
20260927,temperature,0.75,1.0,3,ambient,True,0.00011038854024436606,0.0005003095780873323
20260927,temperature,0.75,1.0,3,rock,True,0.0004107824269683341,-0.00021817888041880673
20260927,temperature,0.75,1.0,4,macro,True,-0.0005232505102443913,-0.0029867694708851644
20260927,temperature,0.75,1.0,4,electronic,True,-0.0010922175686621516,-0.004721835404311814
20260927,temperature,0.75,1.0,4,pop,True,-0.0010127074263858449,-0.0034138969450576706
20260927,temperature,0.75,1.0,4,ambient,True,-0.0004993142133354611,-0.0021502901121062123
20260927,temperature,0.75,1.0,4,rock,True,0.0005112371674058924,-0.001661055422064961
20260927,temperature,0.75,1.0,5,macro,True,-0.0015023007038868115,-0.006099238590736494
20260927,temperature,0.75,1.0,5,electronic,True,-0.003184892307548204,-0.015314898864306592
20260927,temperature,0.75,1.0,5,pop,True,-0.002283771161135234,-0.007524345594624948
20260927,temperature,0.75,1.0,5,ambient,True,-0.00022828776280028884,-0.0010012931574003847
20260927,temperature,0.75,1.0,5,rock,True,-0.00031225158406351927,-0.0005564167466140524
20260927,temperature,0.75,1.0,6,macro,True,0.00027087826368236284,0.000791323776394029
20260927,temperature,0.75,1.0,6,electronic,True,-0.00010813424473846145,-0.000433681129764274
20260927,temperature,0.75,1.0,6,pop,True,0.0011401703575464328,0.004002692489736559
20260927,temperature,0.75,1.0,6,ambient,True,-0.00011875682270665044,-0.0005256436154438826
20260927,temperature,0.75,1.0,6,rock,True,0.00017023376462813045,0.0001219273610477134
20260927,temperature,0.75,1.0,7,macro,True,-0.0009850972451065504,-0.0033704157027737297
20260927,temperature,0.75,1.0,7,electronic,True,-0.001153761882968507,-0.005007162864555936
20260927,temperature,0.75,1.0,7,pop,True,-0.001727096387942495,-0.00574510479379825
20260927,temperature,0.75,1.0,7,ambient,True,0.00010215871563271084,0.00046382953465501364
20260927,temperature,0.75,1.0,7,rock,True,-0.0011616894251479104,-0.003193224687395746
20260927,temperature,0.75,1.0,8,macro,True,-0.0009133847905919874,-0.004020996595085563
20260927,temperature,0.75,1.0,8,electronic,True,-0.0021974453090454205,-0.010099488676963086
20260927,temperature,0.75,1.0,8,pop,True,0.0006428232733342032,0.001159157183872217
20260927,temperature,0.75,1.0,8,ambient,True,-0.0009578850560051921,-0.004027882318133003
20260927,temperature,0.75,1.0,8,rock,True,-0.0011410320706515403,-0.00311577256911838
20260927,temperature,0.75,1.0,9,macro,True,-0.0002910134044511528,-0.002459995189679154
20260927,temperature,0.75,1.0,9,electronic,True,-0.002073788401747101,-0.009472547322597169
20260927,temperature,0.75,1.0,9,pop,True,0.00029141632120024963,0.0010100586340551776
20260927,temperature,0.75,1.0,9,ambient,True,0.00010972431975836416,0.0004985258649171098
20260927,temperature,0.75,1.0,9,rock,True,0.0005085941429838758,-0.0018760179350917339
20260927,temperature,0.75,1.0,10,macro,True,-6.837579000871369e-05,-4.365732900640795e-05
20260927,temperature,0.75,1.0,10,electronic,True,0.000562315097676902,0.002068354771369907
20260927,temperature,0.75,1.0,10,pop,True,-0.0005270561391811923,-0.001794248741633031
20260927,temperature,0.75,1.0,10,ambient,True,5.637165561106494e-05,0.00023126242019638754
20260927,temperature,0.75,1.0,10,rock,True,-0.0003651337741416294,-0.0006799977659588952
20260927,temperature,0.75,1.0,11,macro,True,-0.0011731579335881454,-0.004232482932804205
20260927,temperature,0.75,1.0,11,electronic,True,-1.9099278687956245e-05,-7.593151642948381e-05
20260927,temperature,0.75,1.0,11,pop,True,-0.001820988779523497,-0.006047370093352877
20260927,temperature,0.75,1.0,11,ambient,True,-0.00027810696262978163,-0.001215249167715926
20260927,temperature,0.75,1.0,11,rock,True,-0.0025744367135113466,-0.009591380953718531
20260927,temperature,0.75,1.0,12,macro,True,0.0005588552781971602,0.0015327245990291588
20260927,temperature,0.75,1.0,12,electronic,True,0.0005947689967300829,0.00217396893373506
20260927,temperature,0.75,1.0,12,pop,True,0.001202028356665219,0.004085406272118064
20260927,temperature,0.75,1.0,12,ambient,True,2.3819192089657992e-05,0.00010699455764057175
20260927,temperature,0.75,1.0,12,rock,True,0.000414804567303681,-0.00023547136737706031
20260927,temperature,0.75,1.0,13,macro,True,-0.0008748624219365245,-0.003212698074282594
20260927,temperature,0.75,1.0,13,electronic,True,-0.0012188864333437799,-0.005311028110109528
20260927,temperature,0.75,1.0,13,pop,True,-0.002037968100238652,-0.006742468940865443
20260927,temperature,0.75,1.0,13,ambient,True,-0.00015226731200565502,-0.0006719929874833275
20260927,temperature,0.75,1.0,13,rock,True,-9.032784215801115e-05,-0.00012530225867207756
20260927,temperature,0.75,1.0,14,macro,True,-0.0006216797942075088,-0.002140495625346045
20260927,temperature,0.75,1.0,14,electronic,True,0.0004921581815744147,0.0018330474328632773
20260927,temperature,0.75,1.0,14,pop,True,-0.0032775161451462365,-0.010630159005236672
20260927,temperature,0.75,1.0,14,ambient,True,3.165595085696804e-05,0.00014233400790919504
20260927,temperature,0.75,1.0,14,rock,True,0.00026698283588481864,9.279506308002006e-05
20260927,temperature,0.75,1.0,15,macro,True,-0.0002735145888289256,-0.0009838208138236298
20260927,temperature,0.75,1.0,15,electronic,True,0.00018814754453913562,0.0007312263183569812
20260927,temperature,0.75,1.0,15,pop,True,-0.00039511304625711174,-0.0013488200962524788
20260927,temperature,0.75,1.0,15,ambient,True,-0.0007191914224754792,-0.0030595227891204724
20260927,temperature,0.75,1.0,15,rock,True,-0.0001679014311222471,-0.0002581666882785494
20260927,temperature,0.75,1.0,16,macro,True,0.00017219615586043513,-0.0002330050019642843
20260927,temperature,0.75,1.0,16,electronic,True,0.00011155800555265327,0.0004374034759784262
20260927,temperature,0.75,1.0,16,pop,True,2.2965569444338696e-05,7.911758982659389e-05
20260927,temperature,0.75,1.0,16,ambient,True,4.290945815182967e-05,0.00019320802650207858
20260927,temperature,0.75,1.0,16,rock,True,0.0005113515902929189,-0.001641749100164236
20260927,temperature,0.75,1.0,17,macro,True,1.8272608150668446e-06,-0.00022591867620072592
20260927,temperature,0.75,1.0,17,electronic,True,0.0008784147954650212,0.0029362454374980973
20260927,temperature,0.75,1.0,17,pop,True,-0.0011379488117679581,-0.0038267980149501724
20260927,temperature,0.75,1.0,17,ambient,True,-1.9544630893347792e-05,-8.735751139088421e-05
20260927,temperature,0.75,1.0,17,rock,True,0.0002863876904565521,7.423538404005559e-05
20260927,temperature,0.75,1.0,18,macro,True,-0.0004894727759537087,-0.0016310736841099877
20260927,temperature,0.75,1.0,18,electronic,True,-0.0001007068957188384,-0.0004036059310825735
20260927,temperature,0.75,1.0,18,pop,True,-0.0020095061183404705,-0.0066515570798640344
20260927,temperature,0.75,1.0,18,ambient,True,0.00010587164814482297,0.0004809070274877092
20260927,temperature,0.75,1.0,18,rock,True,4.6450262099650974e-05,4.996124701894811e-05
20260927,temperature,0.75,1.0,19,macro,True,-0.0003647271408625183,-0.0012411911719137636
20260927,temperature,0.75,1.0,19,electronic,True,0.00046536554290221854,0.001740937266662912
20260927,temperature,0.75,1.0,19,pop,True,-0.0019590537738660707,-0.006490208453307222
20260927,temperature,0.75,1.0,19,ambient,True,-7.011241158400017e-05,-0.00031175012355527665
20260927,temperature,0.75,1.0,19,rock,True,0.0001048920790977792,9.625662254453271e-05
20260927,temperature,0.75,1.0,20,macro,True,-4.891689825333584e-05,-0.0002460424091677432
20260927,temperature,0.75,1.0,20,electronic,True,-0.00013815175155565407,-0.0005556457351361122
20260927,temperature,0.75,1.0,20,pop,True,0.0005775848588035759,0.0008160074949900009
20260927,temperature,0.75,1.0,20,ambient,True,0.00011147742156358831,0.0005060668671973412
20260927,temperature,0.75,1.0,20,rock,True,-0.0007465781218248535,-0.0017505982637222028
20260927,temperature,0.75,1.0,21,macro,True,-0.00027695608325782606,-0.0014728567836036904
20260927,temperature,0.75,1.0,21,electronic,True,0.0006588002574332563,0.002375192368794077
20260927,temperature,0.75,1.0,21,pop,True,-0.001763807745035345,-0.005863396969368162
20260927,temperature,0.75,1.0,21,ambient,True,-0.0004065193538945189,-0.002213706112073499
20260927,temperature,0.75,1.0,21,rock,True,0.0004037025084653034,-0.00018951642176717742
20260927,temperature,0.75,1.0,22,macro,True,-0.0002332430648921205,-0.0007269936311882219
20260927,temperature,0.75,1.0,22,electronic,True,0.0002806338120400764,0.0010782197949190664
20260927,temperature,0.75,1.0,22,pop,True,-0.001349450834960908,-0.004519910772497748
20260927,temperature,0.75,1.0,22,ambient,True,0.00011148062986593432,0.0005061644254627518
20260927,temperature,0.75,1.0,22,rock,True,2.4364133486415307e-05,2.755202736304252e-05
20260927,temperature,0.75,1.0,23,macro,True,-0.0013981380085724103,-0.006442973755613354
20260927,temperature,0.75,1.0,23,electronic,True,-0.0009299070314926217,-0.003978105840992119
20260927,temperature,0.75,1.0,23,pop,True,-0.00021159128033163,-0.0007251783091545283
20260927,temperature,0.75,1.0,23,ambient,True,0.00010788777903503188,0.0004901547504235215
20260927,temperature,0.75,1.0,23,rock,True,-0.0045589415015004214,-0.02155876562273029
20260927,temperature,0.75,1.0,24,macro,True,-0.0007188318935555243,-0.0037562900272045258
20260927,temperature,0.75,1.0,24,electronic,True,-0.0013639917123950684,-0.005995092538025881
20260927,temperature,0.75,1.0,24,pop,True,-0.0019722029866390822,-0.0065322844422911475
20260927,temperature,0.75,1.0,24,ambient,True,-3.456148921943125e-05,-0.00015422981085433385
20260927,temperature,0.75,1.0,24,rock,True,0.0004954286140314845,-0.0023435533176467405
20260927,temperature,0.75,1.0,25,macro,True,-0.00111401029406075,-0.003688658618029153
20260927,temperature,0.75,1.0,25,electronic,True,0.00028323989542292094,0.0010878641281443224
20260927,temperature,0.75,1.0,25,pop,True,-0.0037991768015472605,-0.012228408659139989
20260927,temperature,0.75,1.0,25,ambient,True,-0.0005058266444246118,-0.0027622915216415356
20260927,temperature,0.75,1.0,25,rock,True,-0.00043427762569404893,-0.0008517984194794104
20260927,temperature,0.75,1.0,26,macro,True,-0.0006134587456192615,-0.0024252141768823093
20260927,temperature,0.75,1.0,26,electronic,True,-0.0004538609240782865,-0.0018757792965827802
20260927,temperature,0.75,1.0,26,pop,True,-0.0019035932804032096,-0.006312551539523703
20260927,temperature,0.75,1.0,26,ambient,True,-0.0003686530191969184,-0.0016007633937306642
20260927,temperature,0.75,1.0,26,rock,True,0.0002722722412013684,8.823752230791015e-05
20260927,temperature,0.75,1.0,27,macro,True,-0.00036752796440520097,-0.001807398778984906
20260927,temperature,0.75,1.0,27,electronic,True,-0.00010674145279954139,-0.00042803822913406453
20260927,temperature,0.75,1.0,27,pop,True,-0.001687623501495844,-0.005617757856520023
20260927,temperature,0.75,1.0,27,ambient,True,-0.00014237127137539662,-0.0006288545197607465
20260927,temperature,0.75,1.0,27,rock,True,0.0004666243680499782,-0.0005549445105247908
20260927,temperature,0.75,1.0,28,macro,True,0.0005533312654696886,0.00156661183658878
20260927,temperature,0.75,1.0,28,electronic,True,0.0005813384543753852,0.0021305326738233488
20260927,temperature,0.75,1.0,28,pop,True,0.001200209899179433,0.004074294283547442
20260927,temperature,0.75,1.0,28,ambient,True,4.347039922872331e-05,0.00019574793182219885
20260927,temperature,0.75,1.0,28,rock,True,0.0003883063090952127,-0.00013412754283786965
20260927,temperature,0.75,1.0,29,macro,True,-0.00025317712098211,-0.0007271481931466622
20260927,temperature,0.75,1.0,29,electronic,True,0.0005246610115159922,0.0019431751987424861
20260927,temperature,0.75,1.0,29,pop,True,-0.0012857041109798628,-0.004311547692563589
20260927,temperature,0.75,1.0,29,ambient,True,-4.801731707126944e-05,-0.0002139776472531718
20260927,temperature,0.75,1.0,29,rock,True,-0.0002036480673933,-0.00032624263151237454
20260927,temperature,0.25,1.0,0,macro,True,-0.008589749132768946,-0.030621783010598508
20260927,temperature,0.25,1.0,0,electronic,True,0.000707837896952862,0.0025215621741931926
20260927,temperature,0.25,1.0,0,pop,True,-0.024500421799603128,-0.06652822902501954
20260927,temperature,0.25,1.0,0,ambient,True,-0.0014294243660854244,-0.00816929084142598
20260927,temperature,0.25,1.0,0,rock,True,-0.009136988262340093,-0.05031117435014171
20260927,temperature,0.25,1.0,1,macro,True,-0.002519054512282716,-0.007560687792213028
20260927,temperature,0.25,1.0,1,electronic,True,-0.00035410496265286806,-0.0014516453644531913
20260927,temperature,0.25,1.0,1,pop,True,-0.009245610575055435,-0.027932668152907514
20260927,temperature,0.25,1.0,1,ambient,True,5.772046726332247e-05,0.00026040608818345135
20260927,temperature,0.25,1.0,1,rock,True,-0.0005342229786858832,-0.0011188437396748574
20260927,temperature,0.25,1.0,2,macro,True,-0.0027122874643503783,-0.008705126664794144
20260927,temperature,0.25,1.0,2,electronic,True,-0.0012515300308440225,-0.0054640806737124015
20260927,temperature,0.25,1.0,2,pop,True,-0.008027720874278138,-0.024550717524009447
20260927,temperature,0.25,1.0,2,ambient,True,9.797296536792621e-05,0.0004445644505287616
20260927,temperature,0.25,1.0,2,rock,True,-0.001667871917647279,-0.005250272911983489
20260927,temperature,0.25,1.0,3,macro,True,-0.0007570057508719599,-0.007283881898801026
20260927,temperature,0.25,1.0,3,electronic,True,0.0005940412116571536,0.0021716252964936733
20260927,temperature,0.25,1.0,3,pop,True,-0.0013973990154307614,-0.010410540944322144
20260927,temperature,0.25,1.0,3,ambient,True,-0.0001364329419844823,-0.0006029364965476347
20260927,temperature,0.25,1.0,3,rock,True,-0.0020882322577297496,-0.020293675450827997
20260927,temperature,0.25,1.0,4,macro,True,-0.0061631532003166255,-0.017822988545425494
20260927,temperature,0.25,1.0,4,electronic,True,0.00038239535085893284,-0.0001764443904704316
20260927,temperature,0.25,1.0,4,pop,True,-0.022254082848649326,-0.06116891423604509
20260927,temperature,0.25,1.0,4,ambient,True,-0.000996904615652966,-0.004184539073568971
20260927,temperature,0.25,1.0,4,rock,True,-0.001784020687823143,-0.0057620564816174835
20260927,temperature,0.25,1.0,5,macro,True,-0.005034903049342652,-0.017491091910344106
20260927,temperature,0.25,1.0,5,electronic,True,-0.004045179174460456,-0.020146440153691714
20260927,temperature,0.25,1.0,5,pop,True,-0.013211200816591773,-0.0385569711589826
20260927,temperature,0.25,1.0,5,ambient,True,-0.0001622029350976384,-0.0008972208521924596
20260927,temperature,0.25,1.0,5,rock,True,-0.00272102927122074,-0.01036373547650965
20260927,temperature,0.25,1.0,6,macro,True,-0.0018628944448864405,-0.011782495570465679
20260927,temperature,0.25,1.0,6,electronic,True,-0.0032494258387075203,-0.015668245103088063
20260927,temperature,0.25,1.0,6,pop,True,0.0012095638053229163,0.004133898111869483
20260927,temperature,0.25,1.0,6,ambient,True,6.785275254184153e-05,0.0002888004289871571
20260927,temperature,0.25,1.0,6,rock,True,-0.005479568498703,-0.03588443571963129
20260927,temperature,0.25,1.0,7,macro,True,-0.0066236722954612845,-0.24300334752010075
20260927,temperature,0.25,1.0,7,electronic,True,-0.00014888948117516843,-0.0005994344880280167
20260927,temperature,0.25,1.0,7,pop,True,0.0009099763058880161,0.0025483333922714513
20260927,temperature,0.25,1.0,7,ambient,True,-0.001722670553339939,-0.00998835936654957
20260927,temperature,0.25,1.0,7,rock,True,-0.025533105453218047,-0.9639739296180969
20260927,temperature,0.25,1.0,8,macro,True,-0.0040540136345294485,-0.02327349368052764
20260927,temperature,0.25,1.0,8,electronic,True,-0.012021340304224637,-0.07693657732298387
20260927,temperature,0.25,1.0,8,pop,True,0.00097287161148496,0.0034190013663857877
20260927,temperature,0.25,1.0,8,ambient,True,-0.002810725188308133,-0.011096595606363946
20260927,temperature,0.25,1.0,8,rock,True,-0.002356860657069984,-0.008479803159148536
20260927,temperature,0.25,1.0,9,macro,True,-0.003988466850720462,-0.018890469641627855
20260927,temperature,0.25,1.0,9,electronic,True,-0.0019231697842150008,-0.00871714472669538
20260927,temperature,0.25,1.0,9,pop,True,-0.0034945575465444856,-0.01129764338970568
20260927,temperature,0.25,1.0,9,ambient,True,-0.0001291364013630003,-0.0005710572475247644
20260927,temperature,0.25,1.0,9,rock,True,-0.010407003670759363,-0.054976033202585595
20260927,temperature,0.25,1.0,10,macro,True,-0.0007758670910555897,-0.003929553025327742
20260927,temperature,0.25,1.0,10,electronic,True,0.0005599753358069837,0.0006163210266352248
20260927,temperature,0.25,1.0,10,pop,True,-0.002587645446178455,-0.008483156272663217
20260927,temperature,0.25,1.0,10,ambient,True,-0.0015860339208589591,-0.006502046443970844
20260927,temperature,0.25,1.0,10,rock,True,0.0005102356670080715,-0.001349330411312133
20260927,temperature,0.25,1.0,11,macro,True,-0.010609579861312547,-0.04661066444694323
20260927,temperature,0.25,1.0,11,electronic,True,-0.0019576088612958953,-0.00888906223079644
20260927,temperature,0.25,1.0,11,pop,True,-0.028286024654512798,-0.0753805206678495
20260927,temperature,0.25,1.0,11,ambient,True,-2.818053255793096e-05,-0.00019851066374820814
20260927,temperature,0.25,1.0,11,rock,True,-0.012166505396883562,-0.10197456422537876
20260927,temperature,0.25,1.0,12,macro,True,2.314804675374732e-05,0.00029604780652858764
20260927,temperature,0.25,1.0,12,electronic,True,0.00011622642259223603,0.0004554701205626843
20260927,temperature,0.25,1.0,12,pop,True,0.0012074356013457022,0.0041196674088475604
20260927,temperature,0.25,1.0,12,ambient,True,0.000105716416899021,0.0004801938471981626
20260927,temperature,0.25,1.0,12,rock,True,-0.00133678625382197,-0.003871140150494057
20260927,temperature,0.25,1.0,13,macro,True,-2.7201781443317308e-05,0.00017630878817458118
20260927,temperature,0.25,1.0,13,electronic,True,0.0005789592495025753,0.002122797470219706
20260927,temperature,0.25,1.0,13,pop,True,-2.0551800598178627e-05,-7.07333033237445e-05
20260927,temperature,0.25,1.0,13,ambient,True,0.000111476995758919,0.0005061606317072753
20260927,temperature,0.25,1.0,13,rock,True,-0.0007786915704365849,-0.0018529896459049122
20260927,temperature,0.25,1.0,14,macro,True,-0.002842541189848495,-0.010944578727566101
20260927,temperature,0.25,1.0,14,electronic,True,-0.0006047040188174035,-0.004125691828785083
20260927,temperature,0.25,1.0,14,pop,True,-0.00652371359024681,-0.02028096884894437
20260927,temperature,0.25,1.0,14,ambient,True,-8.153487944126403e-05,-0.00047436477808565636
20260927,temperature,0.25,1.0,14,rock,True,-0.0041602122708885025,-0.018897289454449295
20260927,temperature,0.25,1.0,15,macro,True,-0.0002678988464754131,-0.0017136656802168027
20260927,temperature,0.25,1.0,15,electronic,True,-0.0016650409668635124,-0.007444096770359732
20260927,temperature,0.25,1.0,15,pop,True,0.0009774616284436988,0.003435286530445336
20260927,temperature,0.25,1.0,15,ambient,True,-0.0005422727427012441,-0.0029654132087921226
20260927,temperature,0.25,1.0,15,rock,True,0.00015825669521940533,0.00011956072783930738
20260927,temperature,0.25,1.0,16,macro,True,-0.003522732658608311,-0.02016622301573648
20260927,temperature,0.25,1.0,16,electronic,True,0.0008350943989846593,0.0028527466870983953
20260927,temperature,0.25,1.0,16,pop,True,-0.0035919105701054665,-0.02472101678260835
20260927,temperature,0.25,1.0,16,ambient,True,-0.0007411991021410991,-0.0031495707238072823
20260927,temperature,0.25,1.0,16,rock,True,-0.010592915361171337,-0.055647051243628676
20260927,temperature,0.25,1.0,17,macro,True,-0.004394167682649556,-0.016478794141281103
20260927,temperature,0.25,1.0,17,electronic,True,0.0008584884515039914,0.0021227296627359116
20260927,temperature,0.25,1.0,17,pop,True,-0.011939876777555258,-0.035209154024712364
20260927,temperature,0.25,1.0,17,ambient,True,-0.002328990178718515,-0.013891841511209368
20260927,temperature,0.25,1.0,17,rock,True,-0.004166292225828441,-0.01893691069193859
20260927,temperature,0.25,1.0,18,macro,True,-3.538317876682767e-05,-0.0019619212620622245
20260927,temperature,0.25,1.0,18,electronic,True,-0.0014268606994661537,-0.006294419490312397
20260927,temperature,0.25,1.0,18,pop,True,0.0009028370749998849,0.0025114785118437455
20260927,temperature,0.25,1.0,18,ambient,True,-1.7407924610191028e-05,-0.00014322101554559152
20260927,temperature,0.25,1.0,18,rock,True,0.00039989883400914916,-0.003921523054234655
20260927,temperature,0.25,1.0,19,macro,True,-0.003004392025382944,-0.009429796971694895
20260927,temperature,0.25,1.0,19,electronic,True,-0.000340902991641856,-0.001395980416639131
20260927,temperature,0.25,1.0,19,pop,True,-0.012140143401971282,-0.03573991164987245
20260927,temperature,0.25,1.0,19,ambient,True,-4.2182750779329314e-06,-1.888619698214855e-05
20260927,temperature,0.25,1.0,19,rock,True,0.0004676965671592953,-0.0005644096232858553
20260927,temperature,0.25,1.0,20,macro,True,-0.01341130591589728,-0.24341490986953254
20260927,temperature,0.25,1.0,20,electronic,True,-0.00921610008482035,-0.054474031970581094
20260927,temperature,0.25,1.0,20,pop,True,-0.02028624853370753,-0.2089526865014647
20260927,temperature,0.25,1.0,20,ambient,True,0.00011078086705484935,0.0005023091030517124
20260927,temperature,0.25,1.0,20,rock,True,-0.02425365591211609,-0.7107352301091361
20260927,temperature,0.25,1.0,21,macro,True,-0.004141077684376281,-0.01590171463743756
20260927,temperature,0.25,1.0,21,electronic,True,-0.0006006514764213267,-0.0025107207985969326
20260927,temperature,0.25,1.0,21,pop,True,-0.013652828795145566,-0.03970838052576531
20260927,temperature,0.25,1.0,21,ambient,True,-6.73949904704263e-05,-0.00029974714273889314
20260927,temperature,0.25,1.0,21,rock,True,-0.002243435475467806,-0.0210880100826491
20260927,temperature,0.25,1.0,22,macro,True,-0.0008393211942093991,-0.006759842676134192
20260927,temperature,0.25,1.0,22,electronic,True,-0.0019377995915893231,-0.008790116980042284
20260927,temperature,0.25,1.0,22,pop,True,-0.00026177585365200207,-0.0037576990835669344
20260927,temperature,0.25,1.0,22,ambient,True,-0.0009839323233558073,-0.005496866466025707
20260927,temperature,0.25,1.0,22,rock,True,-0.00017377700824046383,-0.008994688174901844
20260927,temperature,0.25,1.0,23,macro,True,-0.002268733876964,-0.015579948310335962
20260927,temperature,0.25,1.0,23,electronic,True,-0.0006982667900247985,-0.002939729149582404
20260927,temperature,0.25,1.0,23,pop,True,0.0007836121543709773,0.0018941501469907918
20260927,temperature,0.25,1.0,23,ambient,True,-0.00019321350633372258,-0.0010614676692612401
20260927,temperature,0.25,1.0,23,rock,True,-0.008967067365868456,-0.060212746569490994
20260927,temperature,0.25,1.0,24,macro,True,-0.006819032214921791,-0.04026671272865709
20260927,temperature,0.25,1.0,24,electronic,True,-0.005934431398271184,-0.03164741450769237
20260927,temperature,0.25,1.0,24,pop,True,-0.00924943598520303,-0.02794319304636339
20260927,temperature,0.25,1.0,24,ambient,True,5.9372764785903254e-05,0.0002679204839317051
20260927,temperature,0.25,1.0,24,rock,True,-0.012151634240998854,-0.1017441638445043
20260927,temperature,0.25,1.0,25,macro,True,-0.0019837794894597277,-0.006857826334610892
20260927,temperature,0.25,1.0,25,electronic,True,0.0003249880813877559,-0.0004243546927780173
20260927,temperature,0.25,1.0,25,pop,True,-0.008841340185692964,-0.026817022090338316
20260927,temperature,0.25,1.0,25,ambient,True,0.00010368444369585061,0.0004708504874937347
20260927,temperature,0.25,1.0,25,rock,True,0.0004775497027704467,-0.0006607790428209692
20260927,temperature,0.25,1.0,26,macro,True,-0.0039752282344303995,-0.027389910132838965
20260927,temperature,0.25,1.0,26,electronic,True,-0.012532852855896282,-0.08134038418949052
20260927,temperature,0.25,1.0,26,pop,True,-0.003931712385740194,-0.027106823989399897
20260927,temperature,0.25,1.0,26,ambient,True,5.336577551670607e-05,0.0002406191161379856
20260927,temperature,0.25,1.0,26,rock,True,0.0005102865283981711,-0.0013530514686034278
20260927,temperature,0.25,1.0,27,macro,True,-0.005134652825311052,-0.014963837471215102
20260927,temperature,0.25,1.0,27,electronic,True,0.000640851397832265,0.0009947045626015893
20260927,temperature,0.25,1.0,27,pop,True,-0.02120812878827885,-0.05864327562266425
20260927,temperature,0.25,1.0,27,ambient,True,-0.00041728136851443276,-0.001806167109770218
20260927,temperature,0.25,1.0,27,rock,True,0.000445947457716811,-0.00040061171502753234
20260927,temperature,0.25,1.0,28,macro,True,-0.0005531084053813674,-0.002165167099642623
20260927,temperature,0.25,1.0,28,electronic,True,0.0007774317973631151,0.0027138153328732373
20260927,temperature,0.25,1.0,28,pop,True,0.001207150258047629,0.004117799566754621
20260927,temperature,0.25,1.0,28,ambient,True,-0.002291324425414437,-0.0091794059756517
20260927,temperature,0.25,1.0,28,rock,True,-0.0019056912515217767,-0.006312877322546651
20260927,temperature,0.25,1.0,29,macro,True,-0.003369790880647483,-0.010863334294510862
20260927,temperature,0.25,1.0,29,electronic,True,0.0005371156995218063,0.0019848772600272735
20260927,temperature,0.25,1.0,29,pop,True,-0.011649276606405634,-0.03443665066691781
20260927,temperature,0.25,1.0,29,ambient,True,-0.002751465456554414,-0.010879937539398032
20260927,temperature,0.25,1.0,29,rock,True,0.00038446284084830973,-0.00012162623175487886
20260928,sigmoid,0.25,0.5,0,macro,True,-0.010227078235359066,-0.035757401086266696
20260928,sigmoid,0.25,0.5,0,electronic,True,-0.017771724882493067,-0.04431062139383052
20260928,sigmoid,0.25,0.5,0,pop,True,-0.018156351689510103,-0.06468340318680676
20260928,sigmoid,0.25,0.5,0,ambient,True,0.006227545441645388,0.025714626597670764
20260928,sigmoid,0.25,0.5,0,rock,True,-0.011207781811078482,-0.05975020636210027
20260928,sigmoid,0.25,0.5,1,macro,True,0.0015400636994714022,0.009131476591227192
20260928,sigmoid,0.25,0.5,1,electronic,True,0.0008397201822777645,-0.00268536811822212
20260928,sigmoid,0.25,0.5,1,pop,True,0.003795825473365072,0.025308727597330716
20260928,sigmoid,0.25,0.5,1,ambient,True,0.001179614528643541,0.00369917776604628
20260928,sigmoid,0.25,0.5,1,rock,True,0.0003450946135992311,0.010203369119753891
20260928,sigmoid,0.25,0.5,2,macro,True,-0.004308441160274592,-0.008744266777068743
20260928,sigmoid,0.25,0.5,2,electronic,True,-0.016007089109888406,-0.042332037648561804
20260928,sigmoid,0.25,0.5,2,pop,True,-0.0006415303001129913,-0.005173127232016794
20260928,sigmoid,0.25,0.5,2,ambient,True,0.0014821356432765387,0.0037892805433697996
20260928,sigmoid,0.25,0.5,2,rock,True,-0.002067280874373509,0.008738817228933826
20260928,sigmoid,0.25,0.5,3,macro,True,-0.0015179336138803033,-0.017825464142280673
20260928,sigmoid,0.25,0.5,3,electronic,True,0.0056695078522409625,-0.017637504289963912
20260928,sigmoid,0.25,0.5,3,pop,True,-0.002495527751938814,-0.0032770490047685508
20260928,sigmoid,0.25,0.5,3,ambient,True,0.0028602293933873146,0.010331095937486712
20260928,sigmoid,0.25,0.5,3,rock,True,-0.012105943949210676,-0.06071839921187694
20260928,sigmoid,0.25,0.5,4,macro,True,-0.0021735428545078296,-0.002894585684183007
20260928,sigmoid,0.25,0.5,4,electronic,True,-0.0032914007281954205,-0.003123489901078358
20260928,sigmoid,0.25,0.5,4,pop,True,-0.00030618656440487,0.0032064545130686684
20260928,sigmoid,0.25,0.5,4,ambient,True,-0.006791228321753828,-0.01944654660598566
20260928,sigmoid,0.25,0.5,4,rock,True,0.0016946441963228004,0.007785239257263321
20260928,sigmoid,0.25,0.5,5,macro,True,-0.003908996032434487,-0.025465917973152674
20260928,sigmoid,0.25,0.5,5,electronic,True,-0.0037066846821867117,-0.00844192851392267
20260928,sigmoid,0.25,0.5,5,pop,True,-0.013945529528419737,-0.06915720251441759
20260928,sigmoid,0.25,0.5,5,ambient,True,0.00018341781840591764,5.202938149900804e-05
20260928,sigmoid,0.25,0.5,5,rock,True,0.0018328122624625826,-0.024316570245769442
20260928,sigmoid,0.25,0.5,6,macro,True,-0.005632117144533648,-0.033036163811494365
20260928,sigmoid,0.25,0.5,6,electronic,True,3.0371442770654733e-05,-0.0038270624208933124
20260928,sigmoid,0.25,0.5,6,pop,True,-0.018075188546563065,-0.10677255095361415
20260928,sigmoid,0.25,0.5,6,ambient,True,-0.005619576850024538,-0.01536255744650139
20260928,sigmoid,0.25,0.5,6,rock,True,0.0011359253756823562,-0.006182484424968604
20260928,sigmoid,0.25,0.5,7,macro,True,0.00203781830220991,0.006584694201809627
20260928,sigmoid,0.25,0.5,7,electronic,True,0.011415278220401143,0.004077572534851026
20260928,sigmoid,0.25,0.5,7,pop,True,0.0008264026672498148,0.010161306015905813
20260928,sigmoid,0.25,0.5,7,ambient,True,0.000598687462836589,0.0037581718911736672
20260928,sigmoid,0.25,0.5,7,rock,True,-0.004689095141647906,0.008341726365308
20260928,sigmoid,0.25,0.5,8,macro,True,-0.004098326593228788,-0.03009589376727044
20260928,sigmoid,0.25,0.5,8,electronic,True,-0.0012189720655597092,-0.0030751324239685074
20260928,sigmoid,0.25,0.5,8,pop,True,-0.009496129907116485,-0.0706737606914224
20260928,sigmoid,0.25,0.5,8,ambient,True,-0.0036813086578076637,-0.011026006415354284
20260928,sigmoid,0.25,0.5,8,rock,True,-0.0019968957424312955,-0.035608675538336576
20260928,sigmoid,0.25,0.5,9,macro,True,-0.00182186475122436,-0.020827840891596977
20260928,sigmoid,0.25,0.5,9,electronic,True,0.0011889241879001478,-0.00696867124655548
20260928,sigmoid,0.25,0.5,9,pop,True,-0.01052686035504996,-0.05723368530173967
20260928,sigmoid,0.25,0.5,9,ambient,True,-0.0007169719423876231,-0.0011376043222430798
20260928,sigmoid,0.25,0.5,9,rock,True,0.0027674491046399963,-0.01797140269584968
20260928,sigmoid,0.25,0.5,10,macro,True,-0.005445095350959547,-0.021184939458088387
20260928,sigmoid,0.25,0.5,10,electronic,True,-0.011579480639175493,-0.029170516357220955
20260928,sigmoid,0.25,0.5,10,pop,True,-0.0007807925564009,-0.0024548383259149764
20260928,sigmoid,0.25,0.5,10,ambient,True,-0.009618751895371175,-0.05883998810747548
20260928,sigmoid,0.25,0.5,10,rock,True,0.00019864368710938163,0.005725584958257868
20260928,sigmoid,0.25,0.5,11,macro,True,-0.0028610490158820813,-0.006744906466456077
20260928,sigmoid,0.25,0.5,11,electronic,True,-0.016592816048215553,-0.04333317438794071
20260928,sigmoid,0.25,0.5,11,pop,True,0.0028948289180831532,0.011076476629837795
20260928,sigmoid,0.25,0.5,11,ambient,True,0.0001512002600940754,-0.0007804635677903238
20260928,sigmoid,0.25,0.5,11,rock,True,0.002102590806509999,0.00605753546006893
20260928,sigmoid,0.25,0.5,12,macro,True,-0.009874515820022706,-0.04632169957181731
20260928,sigmoid,0.25,0.5,12,electronic,True,-0.009377153124505905,-0.024202909924425586
20260928,sigmoid,0.25,0.5,12,pop,True,-0.016091462743593965,-0.12636308834321752
20260928,sigmoid,0.25,0.5,12,ambient,True,-0.011636019582230261,-0.032510271813624314
20260928,sigmoid,0.25,0.5,12,rock,True,-0.0023934278297606942,-0.002210528206001816
20260928,sigmoid,0.25,0.5,13,macro,True,-0.0026795863151606765,0.003353542575932955
20260928,sigmoid,0.25,0.5,13,electronic,True,-0.009672818589368887,-0.025896311173188746
20260928,sigmoid,0.25,0.5,13,pop,True,0.00816979621677047,0.042744346448149395
20260928,sigmoid,0.25,0.5,13,ambient,True,0.0012672779558253744,0.003030917765449448
20260928,sigmoid,0.25,0.5,13,rock,True,-0.010482600843869663,-0.006464782736678276
20260928,sigmoid,0.25,0.5,14,macro,True,-0.0017562281498154156,-0.016776737543538173
20260928,sigmoid,0.25,0.5,14,electronic,True,0.002034991815628745,0.005720931898551551
20260928,sigmoid,0.25,0.5,14,pop,True,0.005195698360993456,0.014869957245167598
20260928,sigmoid,0.25,0.5,14,ambient,True,-0.015741381906300006,-0.07902128914065948
20260928,sigmoid,0.25,0.5,14,rock,True,0.0014857791304161427,-0.008676550177212361
20260928,sigmoid,0.25,0.5,15,macro,True,-0.008691342619937835,-0.4601455601795632
20260928,sigmoid,0.25,0.5,15,electronic,True,0.004024434576620828,-0.0018803593849989197
20260928,sigmoid,0.25,0.5,15,pop,True,-0.017830552261280053,-0.2759068503761487
20260928,sigmoid,0.25,0.5,15,ambient,True,-0.004158331635912282,-0.016275201344866097
20260928,sigmoid,0.25,0.5,15,rock,True,-0.016800921159179832,-1.546519829612239
20260928,sigmoid,0.25,0.5,16,macro,True,-0.0013674064842128589,-0.062213235384480925
20260928,sigmoid,0.25,0.5,16,electronic,True,-6.509477271429698e-05,-0.0010390748131131056
20260928,sigmoid,0.25,0.5,16,pop,True,-0.0024053156236074624,-0.0660588656789074
20260928,sigmoid,0.25,0.5,16,ambient,True,0.002659564937632697,0.0073783595599262175
20260928,sigmoid,0.25,0.5,16,rock,True,-0.005658780478162373,-0.18913336060582936
20260928,sigmoid,0.25,0.5,17,macro,True,-0.0013162757437645833,-0.007849786572076106
20260928,sigmoid,0.25,0.5,17,electronic,True,-0.005426367445429403,-0.028995938015875578
20260928,sigmoid,0.25,0.5,17,pop,True,0.008888288588256715,0.0266414011607371
20260928,sigmoid,0.25,0.5,17,ambient,True,-0.0044226184297221915,-0.013006025437502344
20260928,sigmoid,0.25,0.5,17,rock,True,-0.004304405688163454,-0.016038583995663602
20260928,sigmoid,0.25,0.5,18,macro,True,-0.008393344197381452,-0.020302821141109595
20260928,sigmoid,0.25,0.5,18,electronic,True,-0.011214879022776403,-0.018277225971293443
20260928,sigmoid,0.25,0.5,18,pop,True,0.005130263860680773,0.017153935962365918
20260928,sigmoid,0.25,0.5,18,ambient,True,-0.02738147149998929,-0.09235478530560576
20260928,sigmoid,0.25,0.5,18,rock,True,-0.00010729012744088717,0.012266790750094902
20260928,sigmoid,0.25,0.5,19,macro,True,-0.002265965556039213,-0.029752130070034882
20260928,sigmoid,0.25,0.5,19,electronic,True,0.0022718951489453243,-0.07484311704629043
20260928,sigmoid,0.25,0.5,19,pop,True,-0.0012640772012965928,-0.0026501581558668885
20260928,sigmoid,0.25,0.5,19,ambient,True,-0.0024664219850581426,-0.008928199524257774
20260928,sigmoid,0.25,0.5,19,rock,True,-0.007605258186747441,-0.032587045553724436
20260928,sigmoid,0.25,0.5,20,macro,True,-0.003401619375442498,-0.009723743232395082
20260928,sigmoid,0.25,0.5,20,electronic,True,-0.0021755484653114276,-0.005599521285345299
20260928,sigmoid,0.25,0.5,20,pop,True,-0.0006412668606347316,-0.003963325248320992
20260928,sigmoid,0.25,0.5,20,ambient,True,-0.010746577426577808,-0.027903024326467518
20260928,sigmoid,0.25,0.5,20,rock,True,-4.308474924602512e-05,-0.0014291020694465195
20260928,sigmoid,0.25,0.5,21,macro,True,-0.006763619648094903,-0.06726186647040147
20260928,sigmoid,0.25,0.5,21,electronic,True,-0.007627693118559875,-0.018554977671174866
20260928,sigmoid,0.25,0.5,21,pop,True,-0.020436426368874133,-0.27120773251213326
20260928,sigmoid,0.25,0.5,21,ambient,True,0.0010253443612328605,0.001632657843356533
20260928,sigmoid,0.25,0.5,21,rock,True,-1.5703466178462744e-05,0.019082586458345707
20260928,sigmoid,0.25,0.5,22,macro,True,-0.014978352464392261,-0.08501405755392367
20260928,sigmoid,0.25,0.5,22,electronic,True,-0.029556072427446345,-0.0935278156191291
20260928,sigmoid,0.25,0.5,22,pop,True,-0.028504447776577624,-0.22875922847231656
20260928,sigmoid,0.25,0.5,22,ambient,True,-0.004586533677033766,-0.010112634810910626
20260928,sigmoid,0.25,0.5,22,rock,True,0.0027336440234886905,-0.007656551313338422
20260928,sigmoid,0.25,0.5,23,macro,True,-0.0005962405850094138,-0.03936843883475437
20260928,sigmoid,0.25,0.5,23,electronic,True,0.0036465035073987573,-0.03659096698847286
20260928,sigmoid,0.25,0.5,23,pop,True,-0.006334112776913675,-0.07878006915650371
20260928,sigmoid,0.25,0.5,23,ambient,True,0.0018096357260806994,0.004331000467088453
20260928,sigmoid,0.25,0.5,23,rock,True,-0.0015069887966034368,-0.04643371966112936
20260928,sigmoid,0.25,0.5,24,macro,True,-0.007767405224835586,-0.03714536815178375
20260928,sigmoid,0.25,0.5,24,electronic,True,-0.0025608716742786253,-0.006764087589438639
20260928,sigmoid,0.25,0.5,24,pop,True,-0.0052819095603230115,-0.017471522684125995
20260928,sigmoid,0.25,0.5,24,ambient,True,-0.012758587616225087,-0.04114804731017746
20260928,sigmoid,0.25,0.5,24,rock,True,-0.01046825204851562,-0.08319781502339291
20260928,sigmoid,0.25,0.5,25,macro,True,0.0012616075982094486,-0.00015440824246139295
20260928,sigmoid,0.25,0.5,25,electronic,True,0.0018276808509509745,-0.0008993136935393498
20260928,sigmoid,0.25,0.5,25,pop,True,-0.0029393095406134717,-0.02005363861589393
20260928,sigmoid,0.25,0.5,25,ambient,True,0.00853571203101175,0.023350835122887992
20260928,sigmoid,0.25,0.5,25,rock,True,-0.002377652948511458,-0.003015515783300282
20260928,sigmoid,0.25,0.5,26,macro,True,-0.003097614493191115,-0.009255166941881415
20260928,sigmoid,0.25,0.5,26,electronic,True,0.002593464240909671,0.002290839543720724
20260928,sigmoid,0.25,0.5,26,pop,True,-0.0005997371419049491,0.011039491659063927
20260928,sigmoid,0.25,0.5,26,ambient,True,-0.011595161180968983,-0.04192690496004575
20260928,sigmoid,0.25,0.5,26,rock,True,-0.002789023890800199,-0.00842409401026456
20260928,sigmoid,0.25,0.5,27,macro,True,-0.016407481970136827,-0.08141326335306207
20260928,sigmoid,0.25,0.5,27,electronic,True,-0.02070368275288506,-0.04770577572979917
20260928,sigmoid,0.25,0.5,27,pop,True,-0.013660561552403777,-0.038485409832159645
20260928,sigmoid,0.25,0.5,27,ambient,True,-0.025348292755059648,-0.22713095188386218
20260928,sigmoid,0.25,0.5,27,rock,True,-0.00591739082019882,-0.01233091596642727
20260928,sigmoid,0.25,0.5,28,macro,True,-0.0020482690478156595,-0.009580136060005434
20260928,sigmoid,0.25,0.5,28,electronic,True,-0.010554635059410011,-0.01761534083315397
20260928,sigmoid,0.25,0.5,28,pop,True,0.003228656114356715,0.022333550224342247
20260928,sigmoid,0.25,0.5,28,ambient,True,-0.0011400598686953367,-0.0034581272594096935
20260928,sigmoid,0.25,0.5,28,rock,True,0.0002729626224859949,-0.03958062637180032
20260928,sigmoid,0.25,0.5,29,macro,True,-0.014986479927513209,-0.05172763098152515
20260928,sigmoid,0.25,0.5,29,electronic,True,-0.0164227454973824,-0.05304752104734528
20260928,sigmoid,0.25,0.5,29,pop,True,-0.01477107202928804,-0.060703566832361444
20260928,sigmoid,0.25,0.5,29,ambient,True,-0.018208815151797758,-0.0566156209571122
20260928,sigmoid,0.25,0.5,29,rock,True,-0.010543287031584636,-0.03654381508928167
20260928,sigmoid,0.5,0.75,0,macro,True,-0.001664821028626421,-0.004793208170741248
20260928,sigmoid,0.5,0.75,0,electronic,True,-0.0024053519923044053,-0.004995247479692877
20260928,sigmoid,0.5,0.75,0,pop,True,0.003610018511563007,0.010989282695108016
20260928,sigmoid,0.5,0.75,0,ambient,True,-0.007736720532800528,-0.031081811682143023
20260928,sigmoid,0.5,0.75,0,rock,True,-0.0001272301009637572,0.005914943783762894
20260928,sigmoid,0.5,0.75,1,macro,True,-0.0020600520374464137,-0.01922743750823075
20260928,sigmoid,0.5,0.75,1,electronic,True,0.000715896935945648,-0.003521181619760283
20260928,sigmoid,0.5,0.75,1,pop,True,-0.00905696850979476,-0.06085379061113416
20260928,sigmoid,0.5,0.75,1,ambient,True,0.0004638239435661162,0.00020885061372327707
20260928,sigmoid,0.5,0.75,1,rock,True,-0.0003629605195026586,-0.012743628415751829
20260928,sigmoid,0.5,0.75,2,macro,True,0.000681602453801812,0.0021059894924264355
20260928,sigmoid,0.5,0.75,2,electronic,True,-0.001383868792233317,-0.003486211498413272
20260928,sigmoid,0.5,0.75,2,pop,True,0.004504473440291146,0.015396129166769024
20260928,sigmoid,0.5,0.75,2,ambient,True,-0.0003493813232565979,-0.0009321953044756359
20260928,sigmoid,0.5,0.75,2,rock,True,-4.481350959398278e-05,-0.0025537643941743737
20260928,sigmoid,0.5,0.75,3,macro,True,-0.00031297080637894895,0.0010091330699897733
20260928,sigmoid,0.5,0.75,3,electronic,True,-0.0009660030107745687,-0.0024774730835568914
20260928,sigmoid,0.5,0.75,3,pop,True,0.0024423021008644075,0.010185861713161826
20260928,sigmoid,0.5,0.75,3,ambient,True,-0.0032752390007461107,-0.011598820576645241
20260928,sigmoid,0.5,0.75,3,rock,True,0.0005470566851404762,0.0079269642269994
20260928,sigmoid,0.5,0.75,4,macro,True,-0.002978896579969626,-0.00398704289119306
20260928,sigmoid,0.5,0.75,4,electronic,True,-0.005717536242688337,-0.015739482210926414
20260928,sigmoid,0.5,0.75,4,pop,True,0.008131841641699944,0.040255658973451625
20260928,sigmoid,0.5,0.75,4,ambient,True,-0.0104917222104694,-0.027989166264322962
20260928,sigmoid,0.5,0.75,4,rock,True,-0.0038381695084207107,-0.012475182062974488
20260928,sigmoid,0.5,0.75,5,macro,True,-0.0017431912796844855,-0.0020174934222707414
20260928,sigmoid,0.5,0.75,5,electronic,True,-0.00508255511559183,-0.012201703325111501
20260928,sigmoid,0.5,0.75,5,pop,True,0.0005468072095094478,0.0023300936205794542
20260928,sigmoid,0.5,0.75,5,ambient,True,0.0009499829885393496,0.002243154067805231
20260928,sigmoid,0.5,0.75,5,rock,True,-0.003387000201194909,-0.00044151805235614905
20260928,sigmoid,0.5,0.75,6,macro,True,0.0006375938879365182,-0.0319468841198037
20260928,sigmoid,0.5,0.75,6,electronic,True,0.00212233811221349,0.005538119701796074
20260928,sigmoid,0.5,0.75,6,pop,True,0.0034897435366802176,0.011698116191314223
20260928,sigmoid,0.5,0.75,6,ambient,True,0.0018727577803892004,0.0017936475137589891
20260928,sigmoid,0.5,0.75,6,rock,True,-0.004934463877536835,-0.1468174198860841
20260928,sigmoid,0.5,0.75,7,macro,True,0.0013732454987918016,-0.0038667414871200873
20260928,sigmoid,0.5,0.75,7,electronic,True,-0.0012841115083472576,-0.019141389126372754
20260928,sigmoid,0.5,0.75,7,pop,True,0.006954324557083613,0.032461111821836974
20260928,sigmoid,0.5,0.75,7,ambient,True,0.0013524985860654815,0.0007667331298308322
20260928,sigmoid,0.5,0.75,7,rock,True,-0.0015297296396346305,-0.0295534217737754
20260928,sigmoid,0.5,0.75,8,macro,True,-0.0024446686332113,-0.021894938219180066
20260928,sigmoid,0.5,0.75,8,electronic,True,0.001680555314370974,-0.0075779502845967905
20260928,sigmoid,0.5,0.75,8,pop,True,-0.009552489146055554,-0.05535248046511865
20260928,sigmoid,0.5,0.75,8,ambient,True,-0.0005450291272272867,-0.000479957016433219
20260928,sigmoid,0.5,0.75,8,rock,True,-0.001361711573933333,-0.024169365110571606
20260928,sigmoid,0.5,0.75,9,macro,True,-0.002683986989933492,-0.01021085184572755
20260928,sigmoid,0.5,0.75,9,electronic,True,0.0008294254554745417,0.0003932147896587579
20260928,sigmoid,0.5,0.75,9,pop,True,-0.0054592073359709115,-0.02651148903585121
20260928,sigmoid,0.5,0.75,9,ambient,True,-0.002272437960543966,-0.007576009752347235
20260928,sigmoid,0.5,0.75,9,rock,True,-0.003833728118693633,-0.007149123384370515
20260928,sigmoid,0.5,0.75,10,macro,True,-2.5630366810212857e-05,0.002153783282039523
20260928,sigmoid,0.5,0.75,10,electronic,True,-0.0002234530283364844,5.011411650174269e-05
20260928,sigmoid,0.5,0.75,10,pop,True,0.004926460223004692,0.015994656276787755
20260928,sigmoid,0.5,0.75,10,ambient,True,-0.005572118783391006,-0.02157406099030701
20260928,sigmoid,0.5,0.75,10,rock,True,0.000766590121481947,0.014144423725175603
20260928,sigmoid,0.5,0.75,11,macro,True,0.00023012389570737507,0.005386390859840787
20260928,sigmoid,0.5,0.75,11,electronic,True,-0.00026691001034562234,-0.0008257664548633192
20260928,sigmoid,0.5,0.75,11,pop,True,0.0061399666835096345,0.030118419854312628
20260928,sigmoid,0.5,0.75,11,ambient,True,-0.00334954605424026,-0.009656643342401017
20260928,sigmoid,0.5,0.75,11,rock,True,-0.0016030150360942519,0.0019095533823148547
20260928,sigmoid,0.5,0.75,12,macro,True,0.0015037565096880472,0.00840003001627082
20260928,sigmoid,0.5,0.75,12,electronic,True,-7.454260241174238e-05,-0.0010165592167971083
20260928,sigmoid,0.5,0.75,12,pop,True,0.0036256740245858565,0.025732646502816703
20260928,sigmoid,0.5,0.75,12,ambient,True,0.0034020992812405504,0.00690168824991888
20260928,sigmoid,0.5,0.75,12,rock,True,-0.0009382046646624759,0.0019823445291448083
20260928,sigmoid,0.5,0.75,13,macro,True,-0.0031064144648096405,-0.015320592504525818
20260928,sigmoid,0.5,0.75,13,electronic,True,-0.0019030013532406465,-0.004874141749576177
20260928,sigmoid,0.5,0.75,13,pop,True,-0.002912068086909886,-0.016870220868348995
20260928,sigmoid,0.5,0.75,13,ambient,True,-0.005017725893940395,-0.013552280055250221
20260928,sigmoid,0.5,0.75,13,rock,True,-0.002592862525147635,-0.025985727344927878
20260928,sigmoid,0.5,0.75,14,macro,True,0.0002570388991006943,-0.0017704527029004519
20260928,sigmoid,0.5,0.75,14,electronic,True,0.003701502080467295,-0.0029295134893178587
20260928,sigmoid,0.5,0.75,14,pop,True,-0.0019262643927813738,-0.003460729256711814
20260928,sigmoid,0.5,0.75,14,ambient,True,0.0009597861983144107,0.001122326283628683
20260928,sigmoid,0.5,0.75,14,rock,True,-0.0017068682895975545,-0.0018138943492008175
20260928,sigmoid,0.5,0.75,15,macro,True,-0.004290688583291433,-0.036186246355765686
20260928,sigmoid,0.5,0.75,15,electronic,True,-4.923275920343251e-05,-0.0013145249895425426
20260928,sigmoid,0.5,0.75,15,pop,True,-0.016707103647682076,-0.11906930437375574
20260928,sigmoid,0.5,0.75,15,ambient,True,0.0004193296658060175,0.00098637699162607
20260928,sigmoid,0.5,0.75,15,rock,True,-0.0008257475920862428,-0.025347533051390536
20260928,sigmoid,0.5,0.75,16,macro,True,-0.009086533004216708,-0.12917769122604256
20260928,sigmoid,0.5,0.75,16,electronic,True,0.0003747847701249529,0.0007483412002735057
20260928,sigmoid,0.5,0.75,16,pop,True,-0.03358953765893291,-0.4754438631013055
20260928,sigmoid,0.5,0.75,16,ambient,True,-0.0017927853209821765,-0.006022687861327425
20260928,sigmoid,0.5,0.75,16,rock,True,-0.0013385938070766962,-0.03599255514181077
20260928,sigmoid,0.5,0.75,17,macro,True,-0.0010273368480518304,-0.0016096494476466744
20260928,sigmoid,0.5,0.75,17,electronic,True,-0.0009037944402062181,-0.002126764581306506
20260928,sigmoid,0.5,0.75,17,pop,True,-0.0022790630977831683,-0.008670344397625152
20260928,sigmoid,0.5,0.75,17,ambient,True,-0.00117498938730487,-0.0034573986568963155
20260928,sigmoid,0.5,0.75,17,rock,True,0.00024849953308693495,0.007815909845241276
20260928,sigmoid,0.5,0.75,18,macro,True,-0.0008861965888534405,-0.006974956533508797
20260928,sigmoid,0.5,0.75,18,electronic,True,0.00016283047534271233,-0.009333807270821393
20260928,sigmoid,0.5,0.75,18,pop,True,-0.0016097991269648226,-0.004974443516845728
20260928,sigmoid,0.5,0.75,18,ambient,True,-0.002267192885694602,-0.004202654863863953
20260928,sigmoid,0.5,0.75,18,rock,True,0.00016937518190295042,-0.009388920482504115
20260928,sigmoid,0.5,0.75,19,macro,True,0.00037478666379887546,0.0021786517909440223
20260928,sigmoid,0.5,0.75,19,electronic,True,-0.0020377641945178437,-0.004903121396835186
20260928,sigmoid,0.5,0.75,19,pop,True,0.004609918125639989,0.012720761731857988
20260928,sigmoid,0.5,0.75,19,ambient,True,0.0009947595929425124,0.0014654599218943964
20260928,sigmoid,0.5,0.75,19,rock,True,-0.002067766868869156,-0.0005684930931411092
20260928,sigmoid,0.5,0.75,20,macro,True,0.0025156097949614493,0.009459144311337153
20260928,sigmoid,0.5,0.75,20,electronic,True,0.0023879819535673474,0.005790920177241088
20260928,sigmoid,0.5,0.75,20,pop,True,0.003963181869347493,0.012232938405309701
20260928,sigmoid,0.5,0.75,20,ambient,True,0.003241217091045273,0.008467230586368057
20260928,sigmoid,0.5,0.75,20,rock,True,0.0004700582658856839,0.011345488076429766
20260928,sigmoid,0.5,0.75,21,macro,True,-0.004952072043291185,-0.022102029039094515
20260928,sigmoid,0.5,0.75,21,electronic,True,-0.001938264182618138,-0.004832297994001922
20260928,sigmoid,0.5,0.75,21,pop,True,-0.015189375309589775,-0.07272278333068327
20260928,sigmoid,0.5,0.75,21,ambient,True,-0.002430298498081185,-0.006336089834014347
20260928,sigmoid,0.5,0.75,21,rock,True,-0.0002503501828756416,-0.004516944997678518
20260928,sigmoid,0.5,0.75,22,macro,True,-0.001348520664240481,-0.006591303485373304
20260928,sigmoid,0.5,0.75,22,electronic,True,-0.0022589429910643832,-0.006070756682266809
20260928,sigmoid,0.5,0.75,22,pop,True,0.004143069662440685,0.015686032421721174
20260928,sigmoid,0.5,0.75,22,ambient,True,-0.002891370868175147,-0.009782676680860691
20260928,sigmoid,0.5,0.75,22,rock,True,-0.004386838460163078,-0.02619781300008689
20260928,sigmoid,0.5,0.75,23,macro,True,-0.002445861782872375,-0.02472014891115397
20260928,sigmoid,0.5,0.75,23,electronic,True,0.0026656866366110976,0.005813625720466231
20260928,sigmoid,0.5,0.75,23,pop,True,-0.00994646957387657,-0.07621317387648396
20260928,sigmoid,0.5,0.75,23,ambient,True,-0.0014202777449686954,-0.0037305329780891183
20260928,sigmoid,0.5,0.75,23,rock,True,-0.001082386449255332,-0.024750514510509025
20260928,sigmoid,0.5,0.75,24,macro,True,-0.00017665723903595096,0.0018823039601614244
20260928,sigmoid,0.5,0.75,24,electronic,True,-0.004021834447136385,-0.010487355620955652
20260928,sigmoid,0.5,0.75,24,pop,True,0.003020716210612645,0.007559149467411874
20260928,sigmoid,0.5,0.75,24,ambient,True,-8.344108219979218e-05,-0.0003331235619043471
20260928,sigmoid,0.5,0.75,24,rock,True,0.0003779303625797287,0.010790545556093822
20260928,sigmoid,0.5,0.75,25,macro,True,-0.007209198012825949,-0.024870449683364174
20260928,sigmoid,0.5,0.75,25,electronic,True,-0.008112809289167466,-0.018255266009243765
20260928,sigmoid,0.5,0.75,25,pop,True,-0.011957739355587915,-0.06087078130862367
20260928,sigmoid,0.5,0.75,25,ambient,True,-0.00970669505480129,-0.02703648618821264
20260928,sigmoid,0.5,0.75,25,rock,True,0.0009404516482528769,0.006680734772623376
20260928,sigmoid,0.5,0.75,26,macro,True,-0.0025127939878909836,-0.00799302718387547
20260928,sigmoid,0.5,0.75,26,electronic,True,-0.00259511880313798,-0.00682349762212725
20260928,sigmoid,0.5,0.75,26,pop,True,-0.003186022359753543,-0.018701837661062926
20260928,sigmoid,0.5,0.75,26,ambient,True,-0.004779278718798907,-0.014231131256795648
20260928,sigmoid,0.5,0.75,26,rock,True,0.0005092439301264962,0.007784357804483943
20260928,sigmoid,0.5,0.75,27,macro,True,-0.00269098658393363,-0.00737665176364527
20260928,sigmoid,0.5,0.75,27,electronic,True,-0.00406032533104031,-0.011085122034998285
20260928,sigmoid,0.5,0.75,27,pop,True,0.0031468334407208365,0.011828053156026086
20260928,sigmoid,0.5,0.75,27,ambient,True,-0.009064582014110978,-0.02864024954419958
20260928,sigmoid,0.5,0.75,27,rock,True,-0.0007858724313040688,-0.0016092886314093002
20260928,sigmoid,0.5,0.75,28,macro,True,-0.00245861188613853,-0.024646716616026312
20260928,sigmoid,0.5,0.75,28,electronic,True,-0.0009197439669287877,-0.0026625106695858936
20260928,sigmoid,0.5,0.75,28,pop,True,-0.0005337873185695952,-0.004556905734569128
20260928,sigmoid,0.5,0.75,28,ambient,True,-0.004696659071987935,-0.012389537440475384
20260928,sigmoid,0.5,0.75,28,rock,True,-0.003684257187067802,-0.07897791261947484
20260928,sigmoid,0.5,0.75,29,macro,True,0.0004858742188927935,0.004997342952237888
20260928,sigmoid,0.5,0.75,29,electronic,True,0.0005247930269208501,-0.000985384484438856
20260928,sigmoid,0.5,0.75,29,pop,True,0.00514595049483893,0.021032273144403923
20260928,sigmoid,0.5,0.75,29,ambient,True,-0.0024846912968232993,-0.007908182939261987
20260928,sigmoid,0.5,0.75,29,rock,True,-0.0012425553493653069,0.00785066608824847
20260928,sigmoid,0.75,1.0,0,macro,True,0.000667918374913843,0.004338644019809337
20260928,sigmoid,0.75,1.0,0,electronic,True,-0.000260805930018565,-0.00040375462826319763
20260928,sigmoid,0.75,1.0,0,pop,True,0.00484723835777387,0.018293603824325433
20260928,sigmoid,0.75,1.0,0,ambient,True,-0.0018328353837054612,-0.005440563110599261
20260928,sigmoid,0.75,1.0,0,rock,True,-8.192354439447158e-05,0.0049052899937743755
20260928,sigmoid,0.75,1.0,1,macro,True,-0.0011765945265418826,-0.004359885087640306
20260928,sigmoid,0.75,1.0,1,electronic,True,0.000920492743473611,0.0021809143201730885
20260928,sigmoid,0.75,1.0,1,pop,True,-0.0051223755189093445,-0.0266367723677412
20260928,sigmoid,0.75,1.0,1,ambient,True,-0.0007308766263635913,-0.0023542638876775657
20260928,sigmoid,0.75,1.0,1,rock,True,0.00022638129563179454,0.009370581584684456
20260928,sigmoid,0.75,1.0,2,macro,True,0.00011017327013059311,0.0017724167803135488
20260928,sigmoid,0.75,1.0,2,electronic,True,-0.0013254879105525363,-0.00352622070421299
20260928,sigmoid,0.75,1.0,2,pop,True,0.003794688506471744,0.014225688088029376
20260928,sigmoid,0.75,1.0,2,ambient,True,-0.002091163586992767,-0.006335975628658397
20260928,sigmoid,0.75,1.0,2,rock,True,6.265607159593178e-05,0.0027261753660962063
20260928,sigmoid,0.75,1.0,3,macro,True,-0.0012299031803966291,-0.0066156435058282725
20260928,sigmoid,0.75,1.0,3,electronic,True,-0.0010609950995097428,-0.0027959403840783215
20260928,sigmoid,0.75,1.0,3,pop,True,-0.0013511124523411522,-0.003722587421534307
20260928,sigmoid,0.75,1.0,3,ambient,True,-0.000850984698449353,-0.0024802864932068625
20260928,sigmoid,0.75,1.0,3,rock,True,-0.0016565204712862686,-0.0174637597244936
20260928,sigmoid,0.75,1.0,4,macro,True,-0.004090037747281262,-0.019910323817426148
20260928,sigmoid,0.75,1.0,4,electronic,True,-0.003313534844711835,-0.005888227812049618
20260928,sigmoid,0.75,1.0,4,pop,True,-0.011783322645310818,-0.06100010884015661
20260928,sigmoid,0.75,1.0,4,ambient,True,-0.0008362827956658603,-0.002394595268968569
20260928,sigmoid,0.75,1.0,4,rock,True,-0.0004270107034365367,-0.010358363348529798
20260928,sigmoid,0.75,1.0,5,macro,True,-0.00076614532304645,-0.0021724267870562725
20260928,sigmoid,0.75,1.0,5,electronic,True,-0.005703109945610713,-0.014228883271668713
20260928,sigmoid,0.75,1.0,5,pop,True,0.003631948747231384,0.01455354331836356
20260928,sigmoid,0.75,1.0,5,ambient,True,-0.0006293414789864116,-0.0018085701867621151
20260928,sigmoid,0.75,1.0,5,rock,True,-0.00036407861482005976,-0.0072057970081578215
20260928,sigmoid,0.75,1.0,6,macro,True,-0.0009415925096746686,-0.009237286598522826
20260928,sigmoid,0.75,1.0,6,electronic,True,-0.0027873460027518504,-0.006212680556639871
20260928,sigmoid,0.75,1.0,6,pop,True,0.0011794784624257482,0.0059312187411496575
20260928,sigmoid,0.75,1.0,6,ambient,True,-0.0006194412544954508,-0.0017779124808859903
20260928,sigmoid,0.75,1.0,6,rock,True,-0.0015390612438771212,-0.0348897720977151
20260928,sigmoid,0.75,1.0,7,macro,True,-0.004160988990533358,-0.012044146578225168
20260928,sigmoid,0.75,1.0,7,electronic,True,-0.009354462217082748,-0.019454239435302334
20260928,sigmoid,0.75,1.0,7,pop,True,-0.005276534813552947,-0.026953908349599986
20260928,sigmoid,0.75,1.0,7,ambient,True,-0.0021329707412492127,-0.005568334294842436
20260928,sigmoid,0.75,1.0,7,rock,True,0.0001200118097514774,0.003799895766844086
20260928,sigmoid,0.75,1.0,8,macro,True,0.00046074492540262857,0.0021821619215565274
20260928,sigmoid,0.75,1.0,8,electronic,True,0.0001439838528527193,-0.00011720205521104088
20260928,sigmoid,0.75,1.0,8,pop,True,0.0007582808254335272,0.001109598126065925
20260928,sigmoid,0.75,1.0,8,ambient,True,0.0010305583568016863,0.0014745848612304768
20260928,sigmoid,0.75,1.0,8,rock,True,-8.984333347741846e-05,0.006261666754140749
20260928,sigmoid,0.75,1.0,9,macro,True,0.0001525753754583678,0.001561818626608702
20260928,sigmoid,0.75,1.0,9,electronic,True,0.0011550262739517259,0.0016616865375778112
20260928,sigmoid,0.75,1.0,9,pop,True,0.000920834677305471,0.004554780843172068
20260928,sigmoid,0.75,1.0,9,ambient,True,-0.0014564608181979466,-0.004329875040658071
20260928,sigmoid,0.75,1.0,9,rock,True,-9.09863122577903e-06,0.0043606821663429995
20260928,sigmoid,0.75,1.0,10,macro,True,0.0006057427522731876,-0.0011866353927059564
20260928,sigmoid,0.75,1.0,10,electronic,True,0.00048037898787087197,0.0009907825172952855
20260928,sigmoid,0.75,1.0,10,pop,True,0.003367769184505598,0.013282174093024679
20260928,sigmoid,0.75,1.0,10,ambient,True,-0.00038019356000010274,-0.0010404282756563688
20260928,sigmoid,0.75,1.0,10,rock,True,-0.0010449836032836168,-0.01797906990548742
20260928,sigmoid,0.75,1.0,11,macro,True,-0.001435945071742696,-0.005111631997390051
20260928,sigmoid,0.75,1.0,11,electronic,True,-0.0004914209418172832,-0.0014823852462745868
20260928,sigmoid,0.75,1.0,11,pop,True,-0.0041322615224870796,-0.02202457829992399
20260928,sigmoid,0.75,1.0,11,ambient,True,-0.00023709043446915046,-0.0007865744381210238
20260928,sigmoid,0.75,1.0,11,rock,True,-0.0008830073881972711,0.0038470099947593983
20260928,sigmoid,0.75,1.0,12,macro,True,-0.0036138823808725407,-0.014038119446705119
20260928,sigmoid,0.75,1.0,12,electronic,True,-0.003366300466035671,-0.006713206932494442
20260928,sigmoid,0.75,1.0,12,pop,True,-0.00828052703818502,-0.04823662085954317
20260928,sigmoid,0.75,1.0,12,ambient,True,-0.0021894204802530293,-0.005635060163230954
20260928,sigmoid,0.75,1.0,12,rock,True,-0.0006192815390164419,0.0044324101684480866
20260928,sigmoid,0.75,1.0,13,macro,True,-0.0011500917503502323,-0.003725214740663396
20260928,sigmoid,0.75,1.0,13,electronic,True,-0.0005222000586966591,-0.0014371462823019598
20260928,sigmoid,0.75,1.0,13,pop,True,-0.0027160526141912222,-0.014254853392562716
20260928,sigmoid,0.75,1.0,13,ambient,True,-0.0012567491538885145,-0.003464446748435268
20260928,sigmoid,0.75,1.0,13,rock,True,-0.00010536517462453321,0.0042555874606463595
20260928,sigmoid,0.75,1.0,14,macro,True,0.00020376135223483874,0.003889200243329019
20260928,sigmoid,0.75,1.0,14,electronic,True,-0.002274202586907609,-0.003873815670220049
20260928,sigmoid,0.75,1.0,14,pop,True,0.004140808352292996,0.01602128552369264
20260928,sigmoid,0.75,1.0,14,ambient,True,-0.001091957527483839,-0.0035691623750421786
20260928,sigmoid,0.75,1.0,14,rock,True,4.039717103780649e-05,0.0069784934948856625
20260928,sigmoid,0.75,1.0,15,macro,True,-0.0011880182805381369,-0.006511861585336981
20260928,sigmoid,0.75,1.0,15,electronic,True,-0.000601217206518595,-0.0015207027720266497
20260928,sigmoid,0.75,1.0,15,pop,True,-0.0023345652331280276,-0.01429399500316908
20260928,sigmoid,0.75,1.0,15,ambient,True,-0.0014518877645851858,-0.004174712636039135
20260928,sigmoid,0.75,1.0,15,rock,True,-0.0003644029179207392,-0.006058035930113059
20260928,sigmoid,0.75,1.0,16,macro,True,-0.002506828453113664,-0.01614349152583132
20260928,sigmoid,0.75,1.0,16,electronic,True,-0.0025250615507336205,-0.006365146239201092
20260928,sigmoid,0.75,1.0,16,pop,True,-0.007144701149090021,-0.04075787141395237
20260928,sigmoid,0.75,1.0,16,ambient,True,0.0002916391522544415,0.00013241455048895734
20260928,sigmoid,0.75,1.0,16,rock,True,-0.0006491902648854547,-0.017583363000660768
20260928,sigmoid,0.75,1.0,17,macro,True,0.0003368831977250304,0.0022990081897257125
20260928,sigmoid,0.75,1.0,17,electronic,True,0.0014021521258764658,0.0029122687426073046
20260928,sigmoid,0.75,1.0,17,pop,True,0.0007779561149749981,0.006338676566202461
20260928,sigmoid,0.75,1.0,17,ambient,True,-0.00012475383797269646,-0.00036214824567265547
20260928,sigmoid,0.75,1.0,17,rock,True,-0.0007078216119786457,0.0003072356957657396
20260928,sigmoid,0.75,1.0,18,macro,True,0.0016004696016792518,0.0012908540622369041
20260928,sigmoid,0.75,1.0,18,electronic,True,0.0038298236594172808,0.0009172910404187662
20260928,sigmoid,0.75,1.0,18,pop,True,0.003249161644240328,0.013786122652437727
20260928,sigmoid,0.75,1.0,18,ambient,True,0.000318979402525732,-0.0011704129082222847
20260928,sigmoid,0.75,1.0,18,rock,True,-0.0009960862994663339,-0.008369584535686592
20260928,sigmoid,0.75,1.0,19,macro,True,0.0005137430014773015,-0.0018195413448709313
20260928,sigmoid,0.75,1.0,19,electronic,True,0.0010033379755214344,0.0021168008557362894
20260928,sigmoid,0.75,1.0,19,pop,True,0.004161839424305452,0.017100717420689415
20260928,sigmoid,0.75,1.0,19,ambient,True,-0.0014509778591637046,-0.004423097359641914
20260928,sigmoid,0.75,1.0,19,rock,True,-0.0016592275347539764,-0.022072586296267516
20260928,sigmoid,0.75,1.0,20,macro,True,-0.0007138212425347422,-0.007936009746041459
20260928,sigmoid,0.75,1.0,20,electronic,True,-0.003489189945940968,-0.009005182723932026
20260928,sigmoid,0.75,1.0,20,pop,True,0.004321612610405062,0.01746463165843981
20260928,sigmoid,0.75,1.0,20,ambient,True,-0.00237232936057144,-0.006946445842631321
20260928,sigmoid,0.75,1.0,20,rock,True,-0.0013153782740316228,-0.0332570420760423
20260928,sigmoid,0.75,1.0,21,macro,True,-0.0003430522439115437,-0.002874102415700311
20260928,sigmoid,0.75,1.0,21,electronic,True,0.0006486343268407024,0.0016344698583385386
20260928,sigmoid,0.75,1.0,21,pop,True,-0.0007269282641023112,-0.001687595651924001
20260928,sigmoid,0.75,1.0,21,ambient,True,-0.00040363349430869166,-0.0010254290971323798
20260928,sigmoid,0.75,1.0,21,rock,True,-0.0008902815440758743,-0.010417854772083401
20260928,sigmoid,0.75,1.0,22,macro,True,-0.0010901639774097346,-0.006414300474177556
20260928,sigmoid,0.75,1.0,22,electronic,True,-2.7750085203032127e-05,8.091713845487236e-05
20260928,sigmoid,0.75,1.0,22,pop,True,-0.003211124228943929,-0.012903174492227665
20260928,sigmoid,0.75,1.0,22,ambient,True,-0.0007427712625840965,-0.002233047761717455
20260928,sigmoid,0.75,1.0,22,rock,True,-0.0003790103329078809,-0.010601896781219977
20260928,sigmoid,0.75,1.0,23,macro,True,-0.0032642606279374015,-0.012148234203123678
20260928,sigmoid,0.75,1.0,23,electronic,True,-0.003431458716860708,-0.008199520889946632
20260928,sigmoid,0.75,1.0,23,pop,True,-0.008100916726302476,-0.04119477858668019
20260928,sigmoid,0.75,1.0,23,ambient,True,-0.0011556677316068575,-0.002920506193031913
20260928,sigmoid,0.75,1.0,23,rock,True,-0.0003689993369795641,0.0037218688571640235
20260928,sigmoid,0.75,1.0,24,macro,True,0.0006943671567329092,0.002979104470821878
20260928,sigmoid,0.75,1.0,24,electronic,True,-0.0028355352081819163,-0.007329854979675365
20260928,sigmoid,0.75,1.0,24,pop,True,0.005821635183575147,0.02184441914302282
20260928,sigmoid,0.75,1.0,24,ambient,True,-6.222962316690395e-05,-0.00014662666060138996
20260928,sigmoid,0.75,1.0,24,rock,True,-0.00014640172529468976,-0.002451519619458553
20260928,sigmoid,0.75,1.0,25,macro,True,7.672767678839482e-05,0.003160317163716869
20260928,sigmoid,0.75,1.0,25,electronic,True,-0.00037910189251755266,-0.00023122635886480003
20260928,sigmoid,0.75,1.0,25,pop,True,0.003868238199414925,0.014803229790567363
20260928,sigmoid,0.75,1.0,25,ambient,True,-0.0014772267243851889,-0.003755449979968739
20260928,sigmoid,0.75,1.0,25,rock,True,-0.0017049988753586043,0.0018247152031336533
20260928,sigmoid,0.75,1.0,26,macro,True,-0.0014241795260487022,-0.00959724511392522
20260928,sigmoid,0.75,1.0,26,electronic,True,0.0010596266303949942,0.001458265407020154
20260928,sigmoid,0.75,1.0,26,pop,True,-0.006075080154073653,-0.034386674598846145
20260928,sigmoid,0.75,1.0,26,ambient,True,-8.812282783676739e-05,-0.0011769661157371436
20260928,sigmoid,0.75,1.0,26,rock,True,-0.0005931417526793825,-0.004283605148137748
20260928,sigmoid,0.75,1.0,27,macro,True,-0.00039032175819814566,0.0014686082787334354
20260928,sigmoid,0.75,1.0,27,electronic,True,-0.0043306095233036634,-0.010953633690742204
20260928,sigmoid,0.75,1.0,27,pop,True,0.0024669131390510912,0.00926063422262835
20260928,sigmoid,0.75,1.0,27,ambient,True,7.934984498486619e-05,-0.00033068518068907204
20260928,sigmoid,0.75,1.0,27,rock,True,0.0002230595064751234,0.007898117763736667
20260928,sigmoid,0.75,1.0,28,macro,True,-0.002363716586168154,-0.016154876890466255
20260928,sigmoid,0.75,1.0,28,electronic,True,0.00021166453171489463,-0.002234875911107548
20260928,sigmoid,0.75,1.0,28,pop,True,-0.009775953679240695,-0.06032607421917491
20260928,sigmoid,0.75,1.0,28,ambient,True,0.0004070212232080983,0.0008580662440083597
20260928,sigmoid,0.75,1.0,28,rock,True,-0.0002975984203549137,-0.0029166236755909236
20260928,sigmoid,0.75,1.0,29,macro,True,-0.00041766823511833057,-0.002936418400242599
20260928,sigmoid,0.75,1.0,29,electronic,True,0.0002127973956096152,0.0003465876060377848
20260928,sigmoid,0.75,1.0,29,pop,True,-0.0005629202572710323,-0.003471728748169811
20260928,sigmoid,0.75,1.0,29,ambient,True,-0.000998636804316666,-0.0027037268154412875
20260928,sigmoid,0.75,1.0,29,rock,True,-0.0003219132744952391,-0.005916805643397083
20260928,sigmoid,0.25,1.0,0,macro,True,-0.011223980889071644,-0.03621196523719861
20260928,sigmoid,0.25,1.0,0,electronic,True,-0.020437882804816038,-0.04970962350178659
20260928,sigmoid,0.25,1.0,0,pop,True,-0.009699094820173226,-0.035400516667373316
20260928,sigmoid,0.25,1.0,0,ambient,True,-0.0033420104748606017,-0.01080774819507152
20260928,sigmoid,0.25,1.0,0,rock,True,-0.011416935456436711,-0.048929972584563
20260928,sigmoid,0.25,1.0,1,macro,True,-0.0016965828645168941,-0.014455846004643863
20260928,sigmoid,0.25,1.0,1,electronic,True,0.0024761098616970234,-0.0040256354178093146
20260928,sigmoid,0.25,1.0,1,pop,True,-0.010383518555339033,-0.06218183538154465
20260928,sigmoid,0.25,1.0,1,ambient,True,0.000912561845846066,0.0015537644920919913
20260928,sigmoid,0.25,1.0,1,rock,True,0.00020851538972836703,0.006830322288686519
20260928,sigmoid,0.25,1.0,2,macro,True,-0.0035166654363421868,-0.004865860504328759
20260928,sigmoid,0.25,1.0,2,electronic,True,-0.01871644581267426,-0.049344469851188066
20260928,sigmoid,0.25,1.0,2,pop,True,0.007657631646649898,0.024448690022781605
20260928,sigmoid,0.25,1.0,2,ambient,True,-0.0009584092669728261,-0.003478890389764233
20260928,sigmoid,0.25,1.0,2,rock,True,-0.00204943831237156,0.008911228200855659
20260928,sigmoid,0.25,1.0,3,macro,True,-0.0030608076006558814,-0.023431974578119172
20260928,sigmoid,0.25,1.0,3,electronic,True,0.003642509741956651,-0.022910917757599125
20260928,sigmoid,0.25,1.0,3,pop,True,-0.0014043381034155589,0.003186225286858968
20260928,sigmoid,0.25,1.0,3,ambient,True,-0.001265994305808149,-0.003748011132365392
20260928,sigmoid,0.25,1.0,3,rock,True,-0.013215407735356469,-0.07025519470937114
20260928,sigmoid,0.25,1.0,4,macro,True,-0.009242477181758718,-0.026791952392802215
20260928,sigmoid,0.25,1.0,4,electronic,True,-0.012322471815595593,-0.02475119992405439
20260928,sigmoid,0.25,1.0,4,pop,True,-0.003957667568015744,-0.017537995353636315
20260928,sigmoid,0.25,1.0,4,ambient,True,-0.01811923332788909,-0.04983030813927719
20260928,sigmoid,0.25,1.0,4,rock,True,-0.002570536015534447,-0.015048306154240965
20260928,sigmoid,0.25,1.0,5,macro,True,-0.0064183326351654225,-0.029655838182479688
20260928,sigmoid,0.25,1.0,5,electronic,True,-0.014492349743389255,-0.034872515110702884
20260928,sigmoid,0.25,1.0,5,pop,True,-0.009766773571678905,-0.05227356557547458
20260928,sigmoid,0.25,1.0,5,ambient,True,0.0005040593279588557,0.0004866132625421238
20260928,sigmoid,0.25,1.0,5,rock,True,-0.0019182665535523863,-0.03196388530628341
20260928,sigmoid,0.25,1.0,6,macro,True,-0.005936115766271798,-0.0742203345298209
20260928,sigmoid,0.25,1.0,6,electronic,True,-0.0006346364477677058,-0.00450162327573711
20260928,sigmoid,0.25,1.0,6,pop,True,-0.013405966547457099,-0.08914321602115027
20260928,sigmoid,0.25,1.0,6,ambient,True,-0.0043662603241307885,-0.015346822413628392
20260928,sigmoid,0.25,1.0,6,rock,True,-0.0053375997457316,-0.1878896764087678
20260928,sigmoid,0.25,1.0,7,macro,True,-0.0007499251895316458,-0.009326193863535628
20260928,sigmoid,0.25,1.0,7,electronic,True,0.0007767044949711366,-0.03451805602682406
20260928,sigmoid,0.25,1.0,7,pop,True,0.0025041924107804814,0.0156685094881428
20260928,sigmoid,0.25,1.0,7,ambient,True,-0.00018178469234714223,-0.001043429273837937
20260928,sigmoid,0.25,1.0,7,rock,True,-0.006098812971531059,-0.017411799641623316
20260928,sigmoid,0.25,1.0,8,macro,True,-0.00608225030103746,-0.04980867006489398
20260928,sigmoid,0.25,1.0,8,electronic,True,0.0006055671016639841,-0.010770284763776339
20260928,sigmoid,0.25,1.0,8,pop,True,-0.018290338227738512,-0.12491664303047512
20260928,sigmoid,0.25,1.0,8,ambient,True,-0.003195779428233264,-0.010031378570557026
20260928,sigmoid,0.25,1.0,8,rock,True,-0.003448450649842047,-0.05351637389476743
20260928,sigmoid,0.25,1.0,9,macro,True,-0.004353276365699484,-0.029476874110715826
20260928,sigmoid,0.25,1.0,9,electronic,True,0.0031733759173264153,-0.004913769919318911
20260928,sigmoid,0.25,1.0,9,pop,True,-0.015065233013715401,-0.07919039349441881
20260928,sigmoid,0.25,1.0,9,ambient,True,-0.004445870721129536,-0.013043489115248386
20260928,sigmoid,0.25,1.0,9,rock,True,-0.0010753776452794156,-0.020759843913877196
20260928,sigmoid,0.25,1.0,10,macro,True,-0.004864982965496572,-0.02021779156875482
20260928,sigmoid,0.25,1.0,10,electronic,True,-0.011322554679641106,-0.028129619723423926
20260928,sigmoid,0.25,1.0,10,pop,True,0.00751343685110939,0.026821992043897458
20260928,sigmoid,0.25,1.0,10,ambient,True,-0.015571064238762283,-0.08145447737343886
20260928,sigmoid,0.25,1.0,10,rock,True,-7.974979469228816e-05,0.0018909387779460496
20260928,sigmoid,0.25,1.0,11,macro,True,-0.004066870191917402,-0.006470147604005341
20260928,sigmoid,0.25,1.0,11,electronic,True,-0.01735114700037846,-0.045641326089078615
20260928,sigmoid,0.25,1.0,11,pop,True,0.004902534079105708,0.01917031818422643
20260928,sigmoid,0.25,1.0,11,ambient,True,-0.003435436228615335,-0.011223681348312364
20260928,sigmoid,0.25,1.0,11,rock,True,-0.0003834316177815239,0.011814098837143183
20260928,sigmoid,0.25,1.0,12,macro,True,-0.0119846416912072,-0.05195978900225161
20260928,sigmoid,0.25,1.0,12,electronic,True,-0.012817996192953318,-0.03193267607371714
20260928,sigmoid,0.25,1.0,12,pop,True,-0.02074631575719313,-0.14886706269994399
20260928,sigmoid,0.25,1.0,12,ambient,True,-0.01042334078124274,-0.031243643726936388
20260928,sigmoid,0.25,1.0,12,rock,True,-0.003950914033439612,0.004204226491591079
20260928,sigmoid,0.25,1.0,13,macro,True,-0.006936092530320549,-0.01569226466925626
20260928,sigmoid,0.25,1.0,13,electronic,True,-0.012098020001306192,-0.032207599205066884
20260928,sigmoid,0.25,1.0,13,pop,True,0.0025416755156693616,0.011619272187237684
20260928,sigmoid,0.25,1.0,13,ambient,True,-0.005007197092003535,-0.013985809038236041
20260928,sigmoid,0.25,1.0,13,rock,True,-0.013180828543641832,-0.028194922620959795
20260928,sigmoid,0.25,1.0,14,macro,True,-0.0012954278984798825,-0.014657990003109606
20260928,sigmoid,0.25,1.0,14,electronic,True,0.003462291309188431,-0.0010823972609863564
20260928,sigmoid,0.25,1.0,14,pop,True,0.007410242320505078,0.027430513512148424
20260928,sigmoid,0.25,1.0,14,ambient,True,-0.015873553235469434,-0.08146812523207297
20260928,sigmoid,0.25,1.0,14,rock,True,-0.00018069198814360532,-0.003511951031527516
20260928,sigmoid,0.25,1.0,15,macro,True,-0.014170049483767405,-0.5028436681206658
20260928,sigmoid,0.25,1.0,15,electronic,True,0.0033739846108988003,-0.004715587146568112
20260928,sigmoid,0.25,1.0,15,pop,True,-0.036872221142090156,-0.4092701497530735
20260928,sigmoid,0.25,1.0,15,ambient,True,-0.005190889734691451,-0.019463536989279162
20260928,sigmoid,0.25,1.0,15,rock,True,-0.017991071669186814,-1.5779253985937427
20260928,sigmoid,0.25,1.0,16,macro,True,-0.01296076794154323,-0.2075344181363548
20260928,sigmoid,0.25,1.0,16,electronic,True,-0.0022153715533229645,-0.0066558798520406914
20260928,sigmoid,0.25,1.0,16,pop,True,-0.043139554431630395,-0.5822606001941653
20260928,sigmoid,0.25,1.0,16,ambient,True,0.0011584187689049619,0.00148808624908775
20260928,sigmoid,0.25,1.0,16,rock,True,-0.007646564550124524,-0.2427092787483009
20260928,sigmoid,0.25,1.0,17,macro,True,-0.0020067293940913833,-0.007160427829997068
20260928,sigmoid,0.25,1.0,17,electronic,True,-0.0049280097597591555,-0.02821043385457478
20260928,sigmoid,0.25,1.0,17,pop,True,0.007387181605448545,0.02430973332931441
20260928,sigmoid,0.25,1.0,17,ambient,True,-0.005722361654999758,-0.016825572340071315
20260928,sigmoid,0.25,1.0,17,rock,True,-0.004763727767055165,-0.007915438454656587
20260928,sigmoid,0.25,1.0,18,macro,True,-0.007679071184555641,-0.025986923612381488
20260928,sigmoid,0.25,1.0,18,electronic,True,-0.00722222488801641,-0.02669374220169607
20260928,sigmoid,0.25,1.0,18,pop,True,0.006769626377956278,0.025965615097957917
20260928,sigmoid,0.25,1.0,18,ambient,True,-0.02932968498315816,-0.097727853077692
20260928,sigmoid,0.25,1.0,18,rock,True,-0.0009340012450042706,-0.005491714268095804
20260928,sigmoid,0.25,1.0,19,macro,True,-0.001377435890763036,-0.02939301962396179
20260928,sigmoid,0.25,1.0,19,electronic,True,0.001237468929948915,-0.07762943758738933
20260928,sigmoid,0.25,1.0,19,pop,True,0.007507680348648849,0.027171320996680515
20260928,sigmoid,0.25,1.0,19,ambient,True,-0.002922640251279335,-0.011885836962005292
20260928,sigmoid,0.25,1.0,19,rock,True,-0.011332252590370573,-0.05522812494313306
20260928,sigmoid,0.25,1.0,20,macro,True,-0.001599830823015791,-0.008200608667099388
20260928,sigmoid,0.25,1.0,20,electronic,True,-0.0032767564576850483,-0.008813783832036237
20260928,sigmoid,0.25,1.0,20,pop,True,0.007643527619117824,0.02573424481542852
20260928,sigmoid,0.25,1.0,20,ambient,True,-0.009877689696103975,-0.026382239582730782
20260928,sigmoid,0.25,1.0,20,rock,True,-0.000888404757391964,-0.02334065606905905
20260928,sigmoid,0.25,1.0,21,macro,True,-0.012058743935297631,-0.0922379979251963
20260928,sigmoid,0.25,1.0,21,electronic,True,-0.00891732297433731,-0.02175280580683825
20260928,sigmoid,0.25,1.0,21,pop,True,-0.03635272994256622,-0.34561811149474053
20260928,sigmoid,0.25,1.0,21,ambient,True,-0.001808587631157016,-0.0057288610877901935
20260928,sigmoid,0.25,1.0,21,rock,True,-0.0011563351931299787,0.004147786688583788
20260928,sigmoid,0.25,1.0,22,macro,True,-0.017417037106042477,-0.09801966151347453
20260928,sigmoid,0.25,1.0,22,electronic,True,-0.03184276550371376,-0.09951765516294103
20260928,sigmoid,0.25,1.0,22,pop,True,-0.027572502343080868,-0.22597637054282305
20260928,sigmoid,0.25,1.0,22,ambient,True,-0.00822067580779301,-0.022128359253488772
20260928,sigmoid,0.25,1.0,22,rock,True,-0.0020322047695822687,-0.04445626109464529
20260928,sigmoid,0.25,1.0,23,macro,True,-0.00630636299581919,-0.07623682194903202
20260928,sigmoid,0.25,1.0,23,electronic,True,0.002880731427149147,-0.03897686215795326
20260928,sigmoid,0.25,1.0,23,pop,True,-0.024381499077092722,-0.19618802161966786
20260928,sigmoid,0.25,1.0,23,ambient,True,-0.0007663097504948535,-0.0023200387040325787
20260928,sigmoid,0.25,1.0,23,rock,True,-0.002958374582838333,-0.06746236531447436
20260928,sigmoid,0.25,1.0,24,macro,True,-0.0072496953071386275,-0.03228395972080045
20260928,sigmoid,0.25,1.0,24,electronic,True,-0.009418241329596927,-0.024581298190069656
20260928,sigmoid,0.25,1.0,24,pop,True,0.0035604418338647803,0.011932045926308699
20260928,sigmoid,0.25,1.0,24,ambient,True,-0.012904258321591783,-0.0416277975326832
20260928,sigmoid,0.25,1.0,24,rock,True,-0.01023672341123058,-0.07485878908675764
20260928,sigmoid,0.25,1.0,25,macro,True,-0.005870862737828105,-0.021864540762108697
20260928,sigmoid,0.25,1.0,25,electronic,True,-0.0066642303307340445,-0.019385806061647914
20260928,sigmoid,0.25,1.0,25,pop,True,-0.011028810696786462,-0.06612119013395024
20260928,sigmoid,0.25,1.0,25,ambient,True,-0.002648209748174729,-0.007441101045293386
20260928,sigmoid,0.25,1.0,25,rock,True,-0.0031422001756171852,0.005489934192456747
20260928,sigmoid,0.25,1.0,26,macro,True,-0.007034588007130801,-0.026845439239682106
20260928,sigmoid,0.25,1.0,26,electronic,True,0.0010579720681666849,-0.0030743926713863723
20260928,sigmoid,0.25,1.0,26,pop,True,-0.009860839655732145,-0.042049020600845144
20260928,sigmoid,0.25,1.0,26,ambient,True,-0.016462562727604657,-0.057335002332578544
20260928,sigmoid,0.25,1.0,26,rock,True,-0.0028729217133530854,-0.004923341353918365
20260928,sigmoid,0.25,1.0,27,macro,True,-0.019488790312268602,-0.0873213068379739
20260928,sigmoid,0.25,1.0,27,electronic,True,-0.029094617607229034,-0.06974453145553966
20260928,sigmoid,0.25,1.0,27,pop,True,-0.00804681497263185,-0.01739672245350521
20260928,sigmoid,0.25,1.0,27,ambient,True,-0.03433352492418576,-0.25610188660875083
20260928,sigmoid,0.25,1.0,27,rock,True,-0.0064802037450277655,-0.006042086834099902
20260928,sigmoid,0.25,1.0,28,macro,True,-0.006870597520122344,-0.050381729566498
20260928,sigmoid,0.25,1.0,28,electronic,True,-0.011262714494623904,-0.02251272741384741
20260928,sigmoid,0.25,1.0,28,pop,True,-0.0070810848834535756,-0.04254942972940179
20260928,sigmoid,0.25,1.0,28,ambient,True,-0.005429697717475174,-0.014989598455876718
20260928,sigmoid,0.25,1.0,28,rock,True,-0.003708892984936721,-0.12147516266686609
20260928,sigmoid,0.25,1.0,29,macro,True,-0.014918273943738746,-0.04966670642952986
20260928,sigmoid,0.25,1.0,29,electronic,True,-0.015685155074851936,-0.05368631792574635
20260928,sigmoid,0.25,1.0,29,pop,True,-0.010188041791720143,-0.04314302243612733
20260928,sigmoid,0.25,1.0,29,ambient,True,-0.021692143252937723,-0.06722753071181548
20260928,sigmoid,0.25,1.0,29,rock,True,-0.012107755655445182,-0.034609954644430285
20260928,temperature,0.25,0.5,0,macro,True,-0.006314424069635907,-0.0268615212039255
20260928,temperature,0.25,0.5,0,electronic,True,-0.015003620376975446,-0.03997236034626955
20260928,temperature,0.25,0.5,0,pop,True,-0.011389373907235156,-0.04597768173857819
20260928,temperature,0.25,0.5,0,ambient,True,0.001672311705232965,0.007270955932256351
20260928,temperature,0.25,0.5,0,rock,True,-0.0005370136995659913,-0.02876699866311061
20260928,temperature,0.25,0.5,1,macro,True,0.0013051183899038393,0.010433430368409616
20260928,temperature,0.25,0.5,1,electronic,True,0.00040481000721986904,-0.002304804690768103
20260928,temperature,0.25,0.5,1,pop,True,0.0049519612975969796,0.036604031958775596
20260928,temperature,0.25,0.5,1,ambient,True,-0.00034069117871221577,-0.0013108488335089596
20260928,temperature,0.25,0.5,1,rock,True,0.00020439343351072448,0.00874534303913993
20260928,temperature,0.25,0.5,2,macro,True,-0.004056428185382318,-0.008274844332490608
20260928,temperature,0.25,0.5,2,electronic,True,-0.016705831985575126,-0.0443332209891526
20260928,temperature,0.25,0.5,2,pop,True,0.0003951726398257749,-0.0009221417383051822
20260928,temperature,0.25,0.5,2,ambient,True,0.0010042327636933523,0.0034798256036124853
20260928,temperature,0.25,0.5,2,rock,True,-0.0009192861594732732,0.008676159793882865
20260928,temperature,0.25,0.5,3,macro,True,0.0030670728948236775,-0.00125514577346246
20260928,temperature,0.25,0.5,3,electronic,True,0.005222692340575624,-0.02003392744759197
20260928,temperature,0.25,0.5,3,pop,True,0.0044032321477470715,0.015053366871877638
20260928,temperature,0.25,0.5,3,ambient,True,0.0031277595046209083,0.014168555531635652
20260928,temperature,0.25,0.5,3,rock,True,-0.00048539241364889407,-0.014208578049771159
20260928,temperature,0.25,0.5,4,macro,True,-0.0010962896746979714,-0.0019764698143050208
20260928,temperature,0.25,0.5,4,electronic,True,-0.0030787875865878056,-0.006151506895383907
20260928,temperature,0.25,0.5,4,pop,True,0.0009806136988140535,0.005271862546192718
20260928,temperature,0.25,0.5,4,ambient,True,-0.002421301978802415,-0.011006531357985683
20260928,temperature,0.25,0.5,4,rock,True,0.00013431716778428138,0.003980296449956788
20260928,temperature,0.25,0.5,5,macro,True,-0.0031382234685686274,-0.0243945960201723
20260928,temperature,0.25,0.5,5,electronic,True,0.0024669346954013516,0.006426654459367687
20260928,temperature,0.25,0.5,5,pop,True,-0.014471104007576924,-0.07396409323941977
20260928,temperature,0.25,0.5,5,ambient,True,0.00046943565068938153,0.0018678161347412958
20260928,temperature,0.25,0.5,5,rock,True,-0.0010181602127883188,-0.03190876143537841
20260928,temperature,0.25,0.5,6,macro,True,-0.004703456006673278,-0.03859321339628535
20260928,temperature,0.25,0.5,6,electronic,True,0.0028329284502248697,0.003288570893015652
20260928,temperature,0.25,0.5,6,pop,True,-0.01765839496969379,-0.10078234737961844
20260928,temperature,0.25,0.5,6,ambient,True,-0.0031338322153157683,-0.01329823951246345
20260928,temperature,0.25,0.5,6,rock,True,-0.0008545252919084229,-0.04358083758607517
20260928,temperature,0.25,0.5,7,macro,True,0.00160003144936062,0.007476033097209969
20260928,temperature,0.25,0.5,7,electronic,True,-4.6228800431480366e-05,-0.01647815158192545
20260928,temperature,0.25,0.5,7,pop,True,0.005574863390419765,0.020594052165370802
20260928,temperature,0.25,0.5,7,ambient,True,2.5603228574894166e-05,5.043479260835593e-05
20260928,temperature,0.25,0.5,7,rock,True,0.0008458879788793006,0.025737797012786168
20260928,temperature,0.25,0.5,8,macro,True,-0.0018154021742262695,-0.022173547363979015
20260928,temperature,0.25,0.5,8,electronic,True,-6.487839462762657e-05,0.001667611236119526
20260928,temperature,0.25,0.5,8,pop,True,-0.005711698709579077,-0.042152437383739416
20260928,temperature,0.25,0.5,8,ambient,True,5.29000784075806e-05,0.00019199583796913888
20260928,temperature,0.25,0.5,8,rock,True,-0.0015379316711059549,-0.04840135914626531
20260928,temperature,0.25,0.5,9,macro,True,-0.0013350802486974435,-0.0193624129744369
20260928,temperature,0.25,0.5,9,electronic,True,0.0012204359082898242,-0.008789117477500275
20260928,temperature,0.25,0.5,9,pop,True,-0.007181355320029753,-0.0455669331111902
20260928,temperature,0.25,0.5,9,ambient,True,0.0013888296300098857,0.005236626681102141
20260928,temperature,0.25,0.5,9,rock,True,-0.0007682312130597307,-0.028330227990159274
20260928,temperature,0.25,0.5,10,macro,True,-0.0031302356896272462,-0.007323852225432068
20260928,temperature,0.25,0.5,10,electronic,True,-0.011897862109864044,-0.03092704736782087
20260928,temperature,0.25,0.5,10,pop,True,-0.0004925098531589345,-0.0011577658937118596
20260928,temperature,0.25,0.5,10,ambient,True,-0.0001970896675459466,-0.0011433766504697074
20260928,temperature,0.25,0.5,10,rock,True,6.651887205993967e-05,0.003932781010274167
20260928,temperature,0.25,0.5,11,macro,True,-0.00331052839324502,-0.008521982191629432
20260928,temperature,0.25,0.5,11,electronic,True,-0.017424595103925022,-0.04594681671212231
20260928,temperature,0.25,0.5,11,pop,True,0.005925315184524355,0.01963399397943233
20260928,temperature,0.25,0.5,11,ambient,True,-0.0017898732958900598,-0.007681433769587409
20260928,temperature,0.25,0.5,11,rock,True,4.7039642310647833e-05,-9.367226424034092e-05
20260928,temperature,0.25,0.5,12,macro,True,-0.006597971455012969,-0.0385294047778796
20260928,temperature,0.25,0.5,12,electronic,True,-0.009283550942883217,-0.02501088644121624
20260928,temperature,0.25,0.5,12,pop,True,-0.016716229966161428,-0.13024628377320702
20260928,temperature,0.25,0.5,12,ambient,True,6.909808518978933e-05,-8.465642229538162e-05
20260928,temperature,0.25,0.5,12,rock,True,-0.00046120299619702154,0.0012242075252002493
20260928,temperature,0.25,0.5,13,macro,True,0.00042082043807749325,0.011800623951956246
20260928,temperature,0.25,0.5,13,electronic,True,-0.010614905482700249,-0.028469492641946204
20260928,temperature,0.25,0.5,13,pop,True,0.008831936752465797,0.043548074016939387
20260928,temperature,0.25,0.5,13,ambient,True,0.0030846308844982018,0.014209989595961314
20260928,temperature,0.25,0.5,13,rock,True,0.00038161959804622336,0.017913924836870487
20260928,temperature,0.25,0.5,14,macro,True,-0.003984900060422458,-0.02899432813457138
20260928,temperature,0.25,0.5,14,electronic,True,4.412231088823937e-05,-0.0005895336885948232
20260928,temperature,0.25,0.5,14,pop,True,-7.058929853090423e-05,-0.00018600857238526558
20260928,temperature,0.25,0.5,14,ambient,True,-0.015519486284128997,-0.09446279205389219
20260928,temperature,0.25,0.5,14,rock,True,-0.00039364696991817105,-0.02073897822341325
20260928,temperature,0.25,0.5,15,macro,True,-0.004330499409162539,-0.11634960865455106
20260928,temperature,0.25,0.5,15,electronic,True,0.002270020435655634,-0.005371062035560703
20260928,temperature,0.25,0.5,15,pop,True,-0.01129794036000284,-0.1472563085336951
20260928,temperature,0.25,0.5,15,ambient,True,-0.002644476236718929,-0.011595918225112634
20260928,temperature,0.25,0.5,15,rock,True,-0.005649601475584021,-0.30117514582383575
20260928,temperature,0.25,0.5,16,macro,True,0.0003746710682103402,-0.02800719924858723
20260928,temperature,0.25,0.5,16,electronic,True,0.003285541441692935,0.006837675458335135
20260928,temperature,0.25,0.5,16,pop,True,0.0011424044987633497,0.023955538689936162
20260928,temperature,0.25,0.5,16,ambient,True,0.00017452756034649908,0.0005750416633069078
20260928,temperature,0.25,0.5,16,rock,True,-0.003103789227961423,-0.14339705280592707
20260928,temperature,0.25,0.5,17,macro,True,0.0027896577252403167,0.004680303157729493
20260928,temperature,0.25,0.5,17,electronic,True,0.003239960553546223,-0.003955383771204135
20260928,temperature,0.25,0.5,17,pop,True,0.00733351743533342,0.02407993234245509
20260928,temperature,0.25,0.5,17,ambient,True,0.0005445200862985444,0.001937594458310432
20260928,temperature,0.25,0.5,17,rock,True,4.0632825783079585e-05,-0.003340930398643416
20260928,temperature,0.25,0.5,18,macro,True,-0.0014713752592256622,-0.004385663942685511
20260928,temperature,0.25,0.5,18,electronic,True,-0.00023415173809565593,0.010602096120884918
20260928,temperature,0.25,0.5,18,pop,True,0.002703092793001155,0.009234425180703276
20260928,temperature,0.25,0.5,18,ambient,True,-0.008762948355896194,-0.04972439229965009
20260928,temperature,0.25,0.5,18,rock,True,0.000408506264088046,0.01234521522731985
20260928,temperature,0.25,0.5,19,macro,True,0.0002096723798276738,-0.02441645546394447
20260928,temperature,0.25,0.5,19,electronic,True,0.0012539421442941956,-0.08515632076634394
20260928,temperature,0.25,0.5,19,pop,True,-1.4699894540309844e-05,-0.0006242700303855653
20260928,temperature,0.25,0.5,19,ambient,True,6.41420771496648e-08,-1.2156777163818688e-06
20260928,temperature,0.25,0.5,19,rock,True,-0.00040061687252034017,-0.011884015381331992
20260928,temperature,0.25,0.5,20,macro,True,-0.0003254442991919987,-0.0017812707383388776
20260928,temperature,0.25,0.5,20,electronic,True,0.0006791340612045671,0.0014430984351457843
20260928,temperature,0.25,0.5,20,pop,True,0.000379412489511205,0.00030192935463468906
20260928,temperature,0.25,0.5,20,ambient,True,-0.002422270956674355,-0.010670984187264754
20260928,temperature,0.25,0.5,20,rock,True,6.194720919058816e-05,0.00180087344412877
20260928,temperature,0.25,0.5,21,macro,True,-0.005433016212583148,-0.06457803641007379
20260928,temperature,0.25,0.5,21,electronic,True,-0.0015460133130155151,-0.004018990406019773
20260928,temperature,0.25,0.5,21,pop,True,-0.022706039873506445,-0.276507143864817
20260928,temperature,0.25,0.5,21,ambient,True,0.0023199929550622445,0.009383945910560798
20260928,temperature,0.25,0.5,21,rock,True,0.00019999538112712434,0.012830042719980839
20260928,temperature,0.25,0.5,22,macro,True,-0.0040930922956033955,-0.03680619505744148
20260928,temperature,0.25,0.5,22,electronic,True,0.0041151936057628735,0.0032547285361449463
20260928,temperature,0.25,0.5,22,pop,True,-0.018081740488271048,-0.11931136107516394
20260928,temperature,0.25,0.5,22,ambient,True,-0.0016308871523318391,-0.007722301658595776
20260928,temperature,0.25,0.5,22,rock,True,-0.0007749351475735688,-0.023445846032151163
20260928,temperature,0.25,0.5,23,macro,True,-0.0010472782951628998,-0.03557143488098863
20260928,temperature,0.25,0.5,23,electronic,True,0.002349578851938039,-0.040337666091912305
20260928,temperature,0.25,0.5,23,pop,True,-0.00694863376876903,-0.07610385145741061
20260928,temperature,0.25,0.5,23,ambient,True,0.0014712961829953797,0.006679043405742435
20260928,temperature,0.25,0.5,23,rock,True,-0.0010613544468159875,-0.032523265380374033
20260928,temperature,0.25,0.5,24,macro,True,-0.000362381528354834,-0.003453671662084476
20260928,temperature,0.25,0.5,24,electronic,True,-0.00045253735363723346,-0.0012287521498250964
20260928,temperature,0.25,0.5,24,pop,True,-0.0011413162389696252,-0.0058176450240120525
20260928,temperature,0.25,0.5,24,ambient,True,0.00023570280389054177,0.0009383155487781014
20260928,temperature,0.25,0.5,24,rock,True,-9.137532470301912e-05,-0.007706605023278856
20260928,temperature,0.25,0.5,25,macro,True,-0.0001984863517812442,-0.0007520195888219977
20260928,temperature,0.25,0.5,25,electronic,True,0.0014434658770920983,0.002433402368903992
20260928,temperature,0.25,0.5,25,pop,True,0.0014400290728407705,0.009087348964325836
20260928,temperature,0.25,0.5,25,ambient,True,-0.0026776654461628524,-0.014885728053913083
20260928,temperature,0.25,0.5,25,rock,True,-0.0009997749108949933,0.000356898365395264
20260928,temperature,0.25,0.5,26,macro,True,-0.00031850640115393264,-0.004736144501841552
20260928,temperature,0.25,0.5,26,electronic,True,0.0016491092518769734,0.0006353894228710022
20260928,temperature,0.25,0.5,26,pop,True,0.0020199438473772757,0.013142277563201521
20260928,temperature,0.25,0.5,26,ambient,True,-0.004907011823207463,-0.030738369090837825
20260928,temperature,0.25,0.5,26,rock,True,-3.60668806625164e-05,-0.0019838759026009067
20260928,temperature,0.25,0.5,27,macro,True,-0.008935702914214277,-0.0687634666030054
20260928,temperature,0.25,0.5,27,electronic,True,-0.008564791230547653,-0.022830405691359246
20260928,temperature,0.25,0.5,27,pop,True,0.003047202678537364,0.0070869017973441695
20260928,temperature,0.25,0.5,27,ambient,True,-0.03003648483770016,-0.262552928694037
20260928,temperature,0.25,0.5,27,rock,True,-0.00018873826714665976,0.0032425661760304703
20260928,temperature,0.25,0.5,28,macro,True,0.0005257552322565501,-0.008547038653645977
20260928,temperature,0.25,0.5,28,electronic,True,-0.001624002756395293,-0.0015467434401216784
20260928,temperature,0.25,0.5,28,pop,True,0.004589796605746349,0.029579545606386648
20260928,temperature,0.25,0.5,28,ambient,True,0.0007420080079559577,0.003266687276735958
20260928,temperature,0.25,0.5,28,rock,True,-0.0016047809282808134,-0.06548764405758484
20260928,temperature,0.25,0.5,29,macro,True,-0.0033383190808583055,-0.02009617983317666
20260928,temperature,0.25,0.5,29,electronic,True,0.0011678421840244924,-0.003205047749350265
20260928,temperature,0.25,0.5,29,pop,True,-0.011052728723575656,-0.053765188560970234
20260928,temperature,0.25,0.5,29,ambient,True,-0.003419657411455751,-0.01982096037057235
20260928,temperature,0.25,0.5,29,rock,True,-4.873237242630779e-05,-0.0035935226518137853
20260928,temperature,0.5,0.75,0,macro,True,8.321276791161195e-05,0.0014125465930482917
20260928,temperature,0.5,0.75,0,electronic,True,-0.0015758073099873815,-0.003930263899598108
20260928,temperature,0.5,0.75,0,pop,True,0.003599321400441502,0.010800590291863643
20260928,temperature,0.5,0.75,0,ambient,True,-0.0015348440932692609,-0.006721494302277309
20260928,temperature,0.5,0.75,0,rock,True,-0.0001558189255384118,0.00550135428220494
20260928,temperature,0.5,0.75,1,macro,True,-0.001501843929270344,-0.017334788598506817
20260928,temperature,0.5,0.75,1,electronic,True,0.002484956062209026,0.001728791121374973
20260928,temperature,0.5,0.75,1,pop,True,-0.009114653889789825,-0.06239894938966939
20260928,temperature,0.5,0.75,1,ambient,True,0.0008146616520662842,0.003256766598464189
20260928,temperature,0.5,0.75,1,rock,True,-0.0001923395415668605,-0.011925762724197042
20260928,temperature,0.5,0.75,2,macro,True,0.0013893388979300467,0.004909309641242018
20260928,temperature,0.5,0.75,2,electronic,True,-0.0007081463821292933,-0.0017811599018915936
20260928,temperature,0.5,0.75,2,pop,True,0.004599941481779002,0.014755292246674157
20260928,temperature,0.5,0.75,2,ambient,True,0.001684836079141272,0.007632008945787638
20260928,temperature,0.5,0.75,2,rock,True,-1.927558707079391e-05,-0.0009689027256021276
20260928,temperature,0.5,0.75,3,macro,True,-0.00012990259058724002,0.000896919160201487
20260928,temperature,0.5,0.75,3,electronic,True,-0.0008590600933928716,-0.002174105395939707
20260928,temperature,0.5,0.75,3,pop,True,0.0025426525829808366,0.010906129209017568
20260928,temperature,0.5,0.75,3,ambient,True,-0.0024098864437732403,-0.011260434919432072
20260928,temperature,0.5,0.75,3,rock,True,0.00020668359183631524,0.006116087747160159
20260928,temperature,0.5,0.75,4,macro,True,0.002058742931092407,0.010074705862781363
20260928,temperature,0.5,0.75,4,electronic,True,0.0020566834386958055,0.003723558179339892
20260928,temperature,0.5,0.75,4,pop,True,0.006479128463014017,0.040413656580620794
20260928,temperature,0.5,0.75,4,ambient,True,-0.0001975914975967108,-0.0007898383594883152
20260928,temperature,0.5,0.75,4,rock,True,-0.00010324867974348395,-0.0030485529493469166
20260928,temperature,0.5,0.75,5,macro,True,-1.4777104530717955e-05,0.002410601346841318
20260928,temperature,0.5,0.75,5,electronic,True,-0.0015878868848578642,-0.0041897132464771
20260928,temperature,0.5,0.75,5,pop,True,0.001019496858608443,0.0036907124072772524
20260928,temperature,0.5,0.75,5,ambient,True,0.0002687435614653344,0.001124200092388783
20260928,temperature,0.5,0.75,5,rock,True,0.00024053804666121503,0.009017206134176337
20260928,temperature,0.5,0.75,6,macro,True,0.0008592066721968689,-0.018151007969836513
20260928,temperature,0.5,0.75,6,electronic,True,0.0029083024227113674,0.007182976729504353
20260928,temperature,0.5,0.75,6,pop,True,0.0018851006871320741,0.0074406262248687405
20260928,temperature,0.5,0.75,6,ambient,True,0.0011435046253125414,0.004206809434273651
20260928,temperature,0.5,0.75,6,rock,True,-0.0025000810463685075,-0.0914344442679928
20260928,temperature,0.5,0.75,7,macro,True,0.0023937588404071806,0.0020713228420649182
20260928,temperature,0.5,0.75,7,electronic,True,0.0025127919737626125,-0.001376355956917541
20260928,temperature,0.5,0.75,7,pop,True,0.006350443570236425,0.03194499609717716
20260928,temperature,0.5,0.75,7,ambient,True,0.0016210848092373942,0.006379663472218633
20260928,temperature,0.5,0.75,7,rock,True,-0.0009092849916077089,-0.028663012244218578
20260928,temperature,0.5,0.75,8,macro,True,-0.001608746743530877,-0.018994810568529405
20260928,temperature,0.5,0.75,8,electronic,True,0.0034122949521077084,-0.002717132021544999
20260928,temperature,0.5,0.75,8,pop,True,-0.009060876507028026,-0.050272292713880784
20260928,temperature,0.5,0.75,8,ambient,True,-0.00017355182154021875,-0.0006141648671467159
20260928,temperature,0.5,0.75,8,rock,True,-0.0006128535976629712,-0.02237565267154512
20260928,temperature,0.5,0.75,9,macro,True,-0.00115467787417841,-0.005823760180978979
20260928,temperature,0.5,0.75,9,electronic,True,0.001096713226757473,0.001047188108724173
20260928,temperature,0.5,0.75,9,pop,True,-0.005782650957089408,-0.0282427013397456
20260928,temperature,0.5,0.75,9,ambient,True,5.9258007105517096e-05,0.0002653091705687727
20260928,temperature,0.5,0.75,9,rock,True,7.968226512777843e-06,0.0036351633365367397
20260928,temperature,0.5,0.75,10,macro,True,0.00010326164535721938,0.00042247405483919476
20260928,temperature,0.5,0.75,10,electronic,True,0.0007513715113759145,0.0015412389120735837
20260928,temperature,0.5,0.75,10,pop,True,0.0043077595390556556,0.013878200237664395
20260928,temperature,0.5,0.75,10,ambient,True,-0.005002651553596055,-0.025469373429223174
20260928,temperature,0.5,0.75,10,rock,True,0.00035656708459336217,0.011739830498841974
20260928,temperature,0.5,0.75,11,macro,True,0.001821049683303197,0.010154203687776003
20260928,temperature,0.5,0.75,11,electronic,True,0.0003492418261950292,0.0008035592271175562
20260928,temperature,0.5,0.75,11,pop,True,0.006443172454247054,0.031225107602863122
20260928,temperature,0.5,0.75,11,ambient,True,0.0008576158715291882,0.003505874030843681
20260928,temperature,0.5,0.75,11,rock,True,-0.00036583141875848324,0.005082273890279654
20260928,temperature,0.5,0.75,12,macro,True,0.0012975742995771679,0.00899663663569239
20260928,temperature,0.5,0.75,12,electronic,True,-0.0011662447835288081,-0.00308366555130124
20260928,temperature,0.5,0.75,12,pop,True,0.0044319045536739266,0.02670534849856432
20260928,temperature,0.5,0.75,12,ambient,True,0.0020447669875603147,0.008456653878662346
20260928,temperature,0.5,0.75,12,rock,True,-0.00012012955939676162,0.003908209716844135
20260928,temperature,0.5,0.75,13,macro,True,-0.0015422215862582363,-0.010657089432307754
20260928,temperature,0.5,0.75,13,electronic,True,-0.0009565868787523857,-0.0023648838866052735
20260928,temperature,0.5,0.75,13,pop,True,-0.003175697458632637,-0.01757362385987804
20260928,temperature,0.5,0.75,13,ambient,True,-0.001640167974726714,-0.007967114480987192
20260928,temperature,0.5,0.75,13,rock,True,-0.0003964340329212085,-0.014722735501760509
20260928,temperature,0.5,0.75,14,macro,True,0.0021577777642435535,0.004845248435334765
20260928,temperature,0.5,0.75,14,electronic,True,0.004453007609982268,0.002732662771054273
20260928,temperature,0.5,0.75,14,pop,True,0.003163366146748642,0.010323415373153733
20260928,temperature,0.5,0.75,14,ambient,True,0.0010789819227599307,0.004039887147558319
20260928,temperature,0.5,0.75,14,rock,True,-6.424462251662655e-05,0.0022850284495727347
20260928,temperature,0.5,0.75,15,macro,True,-0.0032827714079282644,-0.031712738039744684
20260928,temperature,0.5,0.75,15,electronic,True,0.0023739895941621847,0.004993838471110179
20260928,temperature,0.5,0.75,15,pop,True,-0.016358944194046904,-0.11993569411038985
20260928,temperature,0.5,0.75,15,ambient,True,0.0014671317346987012,0.006087877289490118
20260928,temperature,0.5,0.75,15,rock,True,-0.0006132627665270396,-0.017996973809189187
20260928,temperature,0.5,0.75,16,macro,True,-0.0066253488096862795,-0.08819627243392557
20260928,temperature,0.5,0.75,16,electronic,True,0.0014350677650979415,0.003704966704132062
20260928,temperature,0.5,0.75,16,pop,True,-0.027411827418510476,-0.3243675720742031
20260928,temperature,0.5,0.75,16,ambient,True,0.0006011436546937698,0.002297344353049291
20260928,temperature,0.5,0.75,16,rock,True,-0.0011257792400263533,-0.034419828718680545
20260928,temperature,0.5,0.75,17,macro,True,-0.0007377837993957845,-0.0007382883452652506
20260928,temperature,0.5,0.75,17,electronic,True,-0.001020965277883229,-0.0018637599328068521
20260928,temperature,0.5,0.75,17,pop,True,-0.0020488448207369447,-0.00856667047931614
20260928,temperature,0.5,0.75,17,ambient,True,0.00010164237367069062,0.000398324830066521
20260928,temperature,0.5,0.75,17,rock,True,1.7032527366345196e-05,0.00707895220099547
20260928,temperature,0.5,0.75,18,macro,True,-0.0005739213982925012,-0.006651278567652172
20260928,temperature,0.5,0.75,18,electronic,True,0.00012559885269874949,-0.009571924753793981
20260928,temperature,0.5,0.75,18,pop,True,-0.0004967954088410664,-0.0018513615361853697
20260928,temperature,0.5,0.75,18,ambient,True,-0.001630011927413827,-0.006470468639853899
20260928,temperature,0.5,0.75,18,rock,True,-0.000294477109613861,-0.008711359340775437
20260928,temperature,0.5,0.75,19,macro,True,0.00042992502556491244,0.0038414607877004098
20260928,temperature,0.5,0.75,19,electronic,True,-0.0023991993327906747,-0.005012257246073792
20260928,temperature,0.5,0.75,19,pop,True,0.003040879578807165,0.007558014150674253
20260928,temperature,0.5,0.75,19,ambient,True,0.0007322626845294999,0.002526872893744314
20260928,temperature,0.5,0.75,19,rock,True,0.00034575717171365927,0.010293213352456865
20260928,temperature,0.5,0.75,20,macro,True,0.0013735225476377774,0.005081771954201217
20260928,temperature,0.5,0.75,20,electronic,True,0.00257956716072677,0.006369116445702094
20260928,temperature,0.5,0.75,20,pop,True,0.0026320948337162087,0.007416467452695197
20260928,temperature,0.5,0.75,20,ambient,True,6.856977861988134e-05,0.0002634191678443365
20260928,temperature,0.5,0.75,20,rock,True,0.00021385841748824963,0.00627808475056324
20260928,temperature,0.5,0.75,21,macro,True,-0.003546739540083818,-0.01830031083799194
20260928,temperature,0.5,0.75,21,electronic,True,-0.0019240036711922204,-0.004566342149608382
20260928,temperature,0.5,0.75,21,pop,True,-0.011546516889872127,-0.06685178728506092
20260928,temperature,0.5,0.75,21,ambient,True,-0.0007698114304279802,-0.00346984711423326
20260928,temperature,0.5,0.75,21,rock,True,5.3373831157055296e-05,0.0016867331969347976
20260928,temperature,0.5,0.75,22,macro,True,0.0002439088907313855,-0.0003829361177894036
20260928,temperature,0.5,0.75,22,electronic,True,-0.0003263736103951975,-0.0007687866325398196
20260928,temperature,0.5,0.75,22,pop,True,0.00252730448813146,0.011968803424797558
20260928,temperature,0.5,0.75,22,ambient,True,-0.0009230856673366206,-0.003946426024355909
20260928,temperature,0.5,0.75,22,rock,True,-0.00030220964747409984,-0.008785335239059444
20260928,temperature,0.5,0.75,23,macro,True,-0.0021034875984015378,-0.024579710765666285
20260928,temperature,0.5,0.75,23,electronic,True,0.0039059572423695843,0.009817451553382373
20260928,temperature,0.5,0.75,23,pop,True,-0.010377722283425095,-0.07997402292715694
20260928,temperature,0.5,0.75,23,ambient,True,-0.0012588570109421937,-0.005763901475746791
20260928,temperature,0.5,0.75,23,rock,True,-0.0006833283416084468,-0.02239837021314378
20260928,temperature,0.5,0.75,24,macro,True,-0.00026901608352625575,0.0012084786122169289
20260928,temperature,0.5,0.75,24,electronic,True,-0.004146170867348087,-0.011190167595620859
20260928,temperature,0.5,0.75,24,pop,True,0.002625894525340705,0.006157515517821732
20260928,temperature,0.5,0.75,24,ambient,True,0.0003320129118989934,0.001374219795395537
20260928,temperature,0.5,0.75,24,rock,True,0.0001121990960033653,0.008492346731271305
20260928,temperature,0.5,0.75,25,macro,True,-0.0036778558257947874,-0.017283292061585992
20260928,temperature,0.5,0.75,25,electronic,True,-0.0004301351494323813,-0.0008578876858268969
20260928,temperature,0.5,0.75,25,pop,True,-0.011956837794767722,-0.061468004799168585
20260928,temperature,0.5,0.75,25,ambient,True,-0.002198288334807341,-0.010741994359271922
20260928,temperature,0.5,0.75,25,rock,True,-0.0001261620241717054,0.003934718597923437
20260928,temperature,0.5,0.75,26,macro,True,-0.0020193720924229497,-0.00935804742608276
20260928,temperature,0.5,0.75,26,electronic,True,-8.74665570971267e-06,-1.382398630977999e-05
20260928,temperature,0.5,0.75,26,pop,True,-0.0030064119318078397,-0.0191980996298603
20260928,temperature,0.5,0.75,26,ambient,True,-0.005241166085069832,-0.025579207268093818
20260928,temperature,0.5,0.75,26,rock,True,0.00017883630289558528,0.007358941179932854
20260928,temperature,0.5,0.75,27,macro,True,-7.67084723558055e-05,0.00035829675873594313
20260928,temperature,0.5,0.75,27,electronic,True,-0.0023804422623773525,-0.00645960032219961
20260928,temperature,0.5,0.75,27,pop,True,0.003111392274677771,0.011791340197760847
20260928,temperature,0.5,0.75,27,ambient,True,-0.0010346225518401975,-0.004257464575264769
20260928,temperature,0.5,0.75,27,rock,True,-3.1613498834431875e-06,0.00035891173464730475
20260928,temperature,0.5,0.75,28,macro,True,-0.0006821012956914757,-0.015601431709826183
20260928,temperature,0.5,0.75,28,electronic,True,8.87923523341938e-05,-3.4969609271184865e-05
20260928,temperature,0.5,0.75,28,pop,True,-0.0003858491615344184,-0.00269272782391905
20260928,temperature,0.5,0.75,28,ambient,True,-0.0005858843581501572,-0.0025974595792220834
20260928,temperature,0.5,0.75,28,rock,True,-0.001845464015415521,-0.05708056982689241
20260928,temperature,0.5,0.75,29,macro,True,0.0011471856315340631,0.00538730181723919
20260928,temperature,0.5,0.75,29,electronic,True,0.002482821377407407,0.003981545486156313
20260928,temperature,0.5,0.75,29,pop,True,0.004939496004029181,0.02079615489845854
20260928,temperature,0.5,0.75,29,ambient,True,-0.0031200075749984457,-0.015303841314655342
20260928,temperature,0.5,0.75,29,rock,True,0.0002864327196981098,0.012075348198997249
20260928,temperature,0.75,1.0,0,macro,True,0.001059601583273062,0.005646143286224634
20260928,temperature,0.75,1.0,0,electronic,True,-0.00022475936579316458,-0.0005284679594447783
20260928,temperature,0.75,1.0,0,pop,True,0.0039199468259344394,0.016082437880977407
20260928,temperature,0.75,1.0,0,ambient,True,0.00043914856816532066,0.0018235418267962267
20260928,temperature,0.75,1.0,0,rock,True,0.00010407030478565282,0.005207061396569679
20260928,temperature,0.75,1.0,1,macro,True,-0.001084683256042638,-0.004314847650032219
20260928,temperature,0.75,1.0,1,electronic,True,0.0010272272237808189,0.0022420995768390184
20260928,temperature,0.75,1.0,1,pop,True,-0.005531810426308403,-0.028276187601350533
20260928,temperature,0.75,1.0,1,ambient,True,7.305821526565337e-05,0.0003098139238746356
20260928,temperature,0.75,1.0,1,rock,True,9.279196309137927e-05,0.008464883500508003
20260928,temperature,0.75,1.0,2,macro,True,0.0001402384662977721,0.0015814718171470732
20260928,temperature,0.75,1.0,2,electronic,True,-0.0007806551528838634,-0.0018762164465464526
20260928,temperature,0.75,1.0,2,pop,True,0.00283499390227146,0.011977861289961922
20260928,temperature,0.75,1.0,2,ambient,True,-0.0015706362286808107,-0.0071487925578834766
20260928,temperature,0.75,1.0,2,rock,True,7.72513444843026e-05,0.0033730349830563
20260928,temperature,0.75,1.0,3,macro,True,-0.0003449489237677718,-0.0039802659293543124
20260928,temperature,0.75,1.0,3,electronic,True,-0.0008429089687377878,-0.002030232249212449
20260928,temperature,0.75,1.0,3,pop,True,-0.00014935305856997316,-0.0006786168425227945
20260928,temperature,0.75,1.0,3,ambient,True,4.0105751693386704e-05,0.00017037013853682392
20260928,temperature,0.75,1.0,3,rock,True,-0.0004276394194567129,-0.01338258476421883
20260928,temperature,0.75,1.0,4,macro,True,-0.0025998107228368678,-0.017188465656705038
20260928,temperature,0.75,1.0,4,electronic,True,0.0002572622865711638,0.0005907649191532194
20260928,temperature,0.75,1.0,4,pop,True,-0.010987782944948787,-0.06296482359558642
20260928,temperature,0.75,1.0,4,ambient,True,0.0006053857444678901,0.0024864826314339172
20260928,temperature,0.75,1.0,4,rock,True,-0.0002741079774377375,-0.00886628658182087
20260928,temperature,0.75,1.0,5,macro,True,0.00038681717472490926,0.0012106307628165364
20260928,temperature,0.75,1.0,5,electronic,True,-0.0018399096306098983,-0.004560474762127842
20260928,temperature,0.75,1.0,5,pop,True,0.0035193165132723914,0.014600057742214179
20260928,temperature,0.75,1.0,5,ambient,True,2.5109932285105607e-05,0.00010675123642034379
20260928,temperature,0.75,1.0,5,rock,True,-0.00015724811604796163,-0.005303811165240535
20260928,temperature,0.75,1.0,6,macro,True,-0.0003464252782861346,-0.005843997970157125
20260928,temperature,0.75,1.0,6,electronic,True,-0.002425101645841282,-0.006087676185060731
20260928,temperature,0.75,1.0,6,pop,True,0.0017314263673575692,0.00752279350546714
20260928,temperature,0.75,1.0,6,ambient,True,0.0001498612091733742,0.0006328845264605976
20260928,temperature,0.75,1.0,6,rock,True,-0.0008418870438341997,-0.025443993727495506
20260928,temperature,0.75,1.0,7,macro,True,-0.0011070604911872228,-0.005840202637693762
20260928,temperature,0.75,1.0,7,electronic,True,0.001410243615401735,0.0029749901488781982
20260928,temperature,0.75,1.0,7,pop,True,-0.005555816375977768,-0.028413308551570537
20260928,temperature,0.75,1.0,7,ambient,True,-0.0003650277791769907,-0.0015818066455700608
20260928,temperature,0.75,1.0,7,rock,True,8.235857500413224e-05,0.0036593144974873537
20260928,temperature,0.75,1.0,8,macro,True,0.0004163710534179632,0.0029337869311312353
20260928,temperature,0.75,1.0,8,electronic,True,0.0006575975662935774,0.0014742943206105807
20260928,temperature,0.75,1.0,8,pop,True,-0.00019769942914954486,-0.0008992899533727394
20260928,temperature,0.75,1.0,8,ambient,True,0.0010937979821926402,0.004300452994116188
20260928,temperature,0.75,1.0,8,rock,True,0.00011178809433518011,0.006859690363170912
20260928,temperature,0.75,1.0,9,macro,True,0.0006232656133170339,0.0026776508794364162
20260928,temperature,0.75,1.0,9,electronic,True,0.0017854664406907472,0.003611693113018899
20260928,temperature,0.75,1.0,9,pop,True,0.0011972227713066552,0.005269969244160011
20260928,temperature,0.75,1.0,9,ambient,True,-0.0005834792991010751,-0.0025534029864161534
20260928,temperature,0.75,1.0,9,rock,True,9.385254037180824e-05,0.004382344146982908
20260928,temperature,0.75,1.0,10,macro,True,0.0007738118066806417,0.0008073462224223726
20260928,temperature,0.75,1.0,10,electronic,True,0.0005214294210201809,0.0011791996692736006
20260928,temperature,0.75,1.0,10,pop,True,0.0029910153007687568,0.012585435801846345
20260928,temperature,0.75,1.0,10,ambient,True,-0.00010152777351013498,-0.0004344286105272266
20260928,temperature,0.75,1.0,10,rock,True,-0.00031566972155623596,-0.010100821970903229
20260928,temperature,0.75,1.0,11,macro,True,-0.0011980398652501542,-0.0045027525418094155
20260928,temperature,0.75,1.0,11,electronic,True,-6.597172182817856e-05,-0.00015399725930675956
20260928,temperature,0.75,1.0,11,pop,True,-0.004735985662646686,-0.02380319758193039
20260928,temperature,0.75,1.0,11,ambient,True,-0.00010190355631251036,-0.0004360447369594622
20260928,temperature,0.75,1.0,11,rock,True,0.00011170147978675771,0.006382229410958951
20260928,temperature,0.75,1.0,12,macro,True,-0.003003879625400094,-0.013249540051191763
20260928,temperature,0.75,1.0,12,electronic,True,-0.0021262780161855066,-0.005304759990935937
20260928,temperature,0.75,1.0,12,pop,True,-0.009104455939033806,-0.05015803984845124
20260928,temperature,0.75,1.0,12,ambient,True,-0.0008966034749065266,-0.003976024133764189
20260928,temperature,0.75,1.0,12,rock,True,0.00011181892852546449,0.006440663768384314
20260928,temperature,0.75,1.0,13,macro,True,-0.001072334005399557,-0.0036891305650818967
20260928,temperature,0.75,1.0,13,electronic,True,-0.0003415828141357935,-0.000807198842394663
20260928,temperature,0.75,1.0,13,pop,True,-0.0031441334271489207,-0.015271771713172178
20260928,temperature,0.75,1.0,13,ambient,True,-0.000909153561959114,-0.004033748625833389
20260928,temperature,0.75,1.0,13,rock,True,0.00010553378164560034,0.005356196921072642
20260928,temperature,0.75,1.0,14,macro,True,0.0008362798089649286,0.005429560246149823
20260928,temperature,0.75,1.0,14,electronic,True,-0.0005208417040245272,-0.001239776344055754
20260928,temperature,0.75,1.0,14,pop,True,0.0035734595922246593,0.01480272511649372
20260928,temperature,0.75,1.0,14,ambient,True,0.00018319055696369713,0.0007722207785174628
20260928,temperature,0.75,1.0,14,rock,True,0.00010931079069588512,0.007383071433643862
20260928,temperature,0.75,1.0,15,macro,True,-0.001163074100143463,-0.0065615627816837385
20260928,temperature,0.75,1.0,15,electronic,True,-0.0005630938947611408,-0.001342545097745118
20260928,temperature,0.75,1.0,15,pop,True,-0.0033431324166217635,-0.016308447533346704
20260928,temperature,0.75,1.0,15,ambient,True,-0.0005619744716032216,-0.0024569738483674053
20260928,temperature,0.75,1.0,15,rock,True,-0.0001840956175877262,-0.006138284647275727
20260928,temperature,0.75,1.0,16,macro,True,-0.0026448368182603113,-0.015939398961645673
20260928,temperature,0.75,1.0,16,electronic,True,-0.002532125191057527,-0.006369451291545203
20260928,temperature,0.75,1.0,16,pop,True,-0.007944438436337797,-0.042719187179898976
20260928,temperature,0.75,1.0,16,ambient,True,0.0004307940300491142,0.0017897839580491848
20260928,temperature,0.75,1.0,16,rock,True,-0.000533577675695035,-0.0164587413331877
20260928,temperature,0.75,1.0,17,macro,True,0.0012865562762218695,0.004869697193254738
20260928,temperature,0.75,1.0,17,electronic,True,0.001868519849988065,0.0037391432715467854
20260928,temperature,0.75,1.0,17,pop,True,0.0026487208818909147,0.011245119816600258
20260928,temperature,0.75,1.0,17,ambient,True,0.0005771941784609713,0.0023752887263508438
20260928,temperature,0.75,1.0,17,rock,True,5.179019454752687e-05,0.0021192369585210646
20260928,temperature,0.75,1.0,18,macro,True,0.0022078267594379496,0.003919611007246221
20260928,temperature,0.75,1.0,18,electronic,True,0.003934691098372578,0.0014627841418073384
20260928,temperature,0.75,1.0,18,pop,True,0.003861060968169655,0.01586708070105347
20260928,temperature,0.75,1.0,18,ambient,True,0.0012272928837059882,0.004722302596347205
20260928,temperature,0.75,1.0,18,rock,True,-0.00019173791249642302,-0.006373723410223131
20260928,temperature,0.75,1.0,19,macro,True,0.001702384316075306,0.002558777651001265
20260928,temperature,0.75,1.0,19,electronic,True,0.0018583275111697939,0.003723799273787909
20260928,temperature,0.75,1.0,19,pop,True,0.004882726251832975,0.019472260843864775
20260928,temperature,0.75,1.0,19,ambient,True,0.0005611670616922915,0.0023118404821943495
20260928,temperature,0.75,1.0,19,rock,True,-0.0004926835603938362,-0.015272789995841973
20260928,temperature,0.75,1.0,20,macro,True,0.0006120911762106385,-0.002662726682742464
20260928,temperature,0.75,1.0,20,electronic,True,-0.0022159281978288148,-0.005539015757530741
20260928,temperature,0.75,1.0,20,pop,True,0.004874876716656484,0.019445679007430106
20260928,temperature,0.75,1.0,20,ambient,True,0.0006976368813376155,0.0028464783093899992
20260928,temperature,0.75,1.0,20,rock,True,-0.0009082206953227312,-0.02740404829025922
20260928,temperature,0.75,1.0,21,macro,True,6.578197796043919e-05,-0.0012975946941025662
20260928,temperature,0.75,1.0,21,electronic,True,0.0006564465027860955,0.001471825256113668
20260928,temperature,0.75,1.0,21,pop,True,3.535459689585352e-05,0.0001599564519128016
20260928,temperature,0.75,1.0,21,ambient,True,-0.00025848105259063114,-0.001114513615693813
20260928,temperature,0.75,1.0,21,rock,True,-0.00017019213524956112,-0.005707646868742922
20260928,temperature,0.75,1.0,22,macro,True,-0.0005451087784062378,-0.005077820523196747
20260928,temperature,0.75,1.0,22,electronic,True,2.915572315342896e-05,6.774683844074092e-05
20260928,temperature,0.75,1.0,22,pop,True,-0.002256899530953288,-0.010752069764347949
20260928,temperature,0.75,1.0,22,ambient,True,0.0004039645704244921,0.0016811066760071824
20260928,temperature,0.75,1.0,22,rock,True,-0.00035665587624958417,-0.01130806584288696
20260928,temperature,0.75,1.0,23,macro,True,-0.0028544011422653136,-0.01193594750161181
20260928,temperature,0.75,1.0,23,electronic,True,-0.003392459266305131,-0.008655621960634297
20260928,temperature,0.75,1.0,23,pop,True,-0.007891840585382642,-0.042389704158002695
20260928,temperature,0.75,1.0,23,ambient,True,-0.00022555155189724063,-0.0009709977892137234
20260928,temperature,0.75,1.0,23,rock,True,9.224683452375981e-05,0.004272533901403475
20260928,temperature,0.75,1.0,24,macro,True,0.0006706375333617107,0.003500903609833808
20260928,temperature,0.75,1.0,24,electronic,True,-0.002688286163644693,-0.006781772089400007
20260928,temperature,0.75,1.0,24,pop,True,0.005299704832094576,0.020857059720632676
20260928,temperature,0.75,1.0,24,ambient,True,8.241443183082398e-05,0.0003493165003868315
20260928,temperature,0.75,1.0,24,rock,True,-1.1282966833864316e-05,-0.0004209896922842682
20260928,temperature,0.75,1.0,25,macro,True,0.000941249673578639,0.004761662812683962
20260928,temperature,0.75,1.0,25,electronic,True,0.0012586578889732247,0.0026936787137862295
20260928,temperature,0.75,1.0,25,pop,True,0.003130487793615716,0.013123752067621286
20260928,temperature,0.75,1.0,25,ambient,True,-0.0007360162284165694,-0.0032421460870397656
20260928,temperature,0.75,1.0,25,rock,True,0.00011186924014218447,0.006471366556368097
20260928,temperature,0.75,1.0,26,macro,True,-0.0011327006344510684,-0.008227514060514321
20260928,temperature,0.75,1.0,26,electronic,True,0.0017721431019219192,0.00359074702191553
20260928,temperature,0.75,1.0,26,pop,True,-0.006900245638212205,-0.03630180217121226
20260928,temperature,0.75,1.0,26,ambient,True,0.0006824271180473629,0.0027875500403085063
20260928,temperature,0.75,1.0,26,rock,True,-8.512711956135122e-05,-0.0029865511330690597
20260928,temperature,0.75,1.0,27,macro,True,-0.0004447955137080878,0.001665653749258103
20260928,temperature,0.75,1.0,27,electronic,True,-0.004435071506397575,-0.011460884968743867
20260928,temperature,0.75,1.0,27,pop,True,0.0017612853375624515,0.00764688842018324
20260928,temperature,0.75,1.0,27,ambient,True,0.0007846748081458965,0.0031801830824625954
20260928,temperature,0.75,1.0,27,rock,True,0.00010992930585687621,0.007296428463130444
20260928,temperature,0.75,1.0,28,macro,True,-0.0019337433638395157,-0.014403182325590055
20260928,temperature,0.75,1.0,28,electronic,True,0.0029959260582134994,0.004647546876931807
20260928,temperature,0.75,1.0,28,pop,True,-0.010532759020623172,-0.05978510158765604
20260928,temperature,0.75,1.0,28,ambient,True,-0.0001468091272304184,-0.0006295958141264713
20260928,temperature,0.75,1.0,28,rock,True,-5.133136571797148e-05,-0.0018455787775095156
20260928,temperature,0.75,1.0,29,macro,True,-0.0003140990870293542,-0.002859077274426511
20260928,temperature,0.75,1.0,29,electronic,True,0.00028647130582840075,0.0006567866345924545
20260928,temperature,0.75,1.0,29,pop,True,-0.0010089121420072678,-0.00467490963964301
20260928,temperature,0.75,1.0,29,ambient,True,-0.000358721824241931,-0.0015540269857118316
20260928,temperature,0.75,1.0,29,rock,True,-0.00017523368769661873,-0.005864159106943656
20260928,temperature,0.25,1.0,0,macro,True,-0.005171609718451233,-0.019802831324652576
20260928,temperature,0.25,1.0,0,electronic,True,-0.016804187052755992,-0.04443109220531244
20260928,temperature,0.25,1.0,0,pop,True,-0.003870105680859215,-0.01909465356573714
20260928,temperature,0.25,1.0,0,ambient,True,0.0005766161801290248,0.002373003456775269
20260928,temperature,0.25,1.0,0,rock,True,-0.0005887623203187503,-0.01805858298433599
20260928,temperature,0.25,1.0,1,macro,True,-0.0012814087954091426,-0.01121620588012942
20260928,temperature,0.25,1.0,1,electronic,True,0.003916993293209714,0.0016660860074458883
20260928,temperature,0.25,1.0,1,pop,True,-0.00969450301850125,-0.054071105032244327
20260928,temperature,0.25,1.0,1,ambient,True,0.0005470286886197218,0.002255731688829865
20260928,temperature,0.25,1.0,1,rock,True,0.00010484585503524324,0.0052844638154508905
20260928,temperature,0.25,1.0,2,macro,True,-0.002526850821154499,-0.0017840628741015163
20260928,temperature,0.25,1.0,2,electronic,True,-0.018194633520588283,-0.047990597337590646
20260928,temperature,0.25,1.0,2,pop,True,0.007830108023876237,0.025811011798330896
20260928,temperature,0.25,1.0,2,ambient,True,0.0011184326141538137,0.003963041991516647
20260928,temperature,0.25,1.0,2,rock,True,-0.0008613104020597645,0.011080292051337037
20260928,temperature,0.25,1.0,3,macro,True,0.0025922213804686657,-0.004338492542615285
20260928,temperature,0.25,1.0,3,electronic,True,0.003520723278444965,-0.024238265092744127
20260928,temperature,0.25,1.0,3,pop,True,0.006796531672157935,0.02528087923837241
20260928,temperature,0.25,1.0,3,ambient,True,0.0007579788125410547,0.0030784907507404036
20260928,temperature,0.25,1.0,3,rock,True,-0.0007063482412692917,-0.02147507506682983
20260928,temperature,0.25,1.0,4,macro,True,-0.0016373574664424323,-0.009090229608228695
20260928,temperature,0.25,1.0,4,electronic,True,-0.0007648418613208363,-0.0018371837968907956
20260928,temperature,0.25,1.0,4,pop,True,-0.0035280407831207172,-0.017279304468772905
20260928,temperature,0.25,1.0,4,ambient,True,-0.0020135077319312356,-0.00930988708604008
20260928,temperature,0.25,1.0,4,rock,True,-0.0002430394893969401,-0.007934543081210998
20260928,temperature,0.25,1.0,5,macro,True,-0.002766183398374436,-0.020773363910514445
20260928,temperature,0.25,1.0,5,electronic,True,-0.000960861820066411,-0.0023235335492372555
20260928,temperature,0.25,1.0,5,pop,True,-0.00993229063569609,-0.05567332308992834
20260928,temperature,0.25,1.0,5,ambient,True,0.0007632891444398215,0.0030987674635504225
20260928,temperature,0.25,1.0,5,rock,True,-0.0009348702821750654,-0.028195366466442606
20260928,temperature,0.25,1.0,6,macro,True,-0.004190674612762544,-0.06258821933627899
20260928,temperature,0.25,1.0,6,electronic,True,0.003316129227094955,0.004383871437459275
20260928,temperature,0.25,1.0,6,pop,True,-0.014041867915204148,-0.08581892764928256
20260928,temperature,0.25,1.0,6,ambient,True,-0.0018404663808298527,-0.008458545551729202
20260928,temperature,0.25,1.0,6,rock,True,-0.00419649338211113,-0.16045927558156348
20260928,temperature,0.25,1.0,7,macro,True,0.0028867297985805777,0.003707153301581126
20260928,temperature,0.25,1.0,7,electronic,True,0.003876806788732867,-0.014879517389964791
20260928,temperature,0.25,1.0,7,pop,True,0.006369490584678422,0.024125739710977423
20260928,temperature,0.25,1.0,7,ambient,True,0.0012816602586352976,0.004848291619256928
20260928,temperature,0.25,1.0,7,rock,True,1.8961562275723876e-05,0.0007340992660549439
20260928,temperature,0.25,1.0,8,macro,True,-0.0030077778643391832,-0.038234571001377185
20260928,temperature,0.25,1.0,8,electronic,True,0.004005014123773659,0.00042477353518510785
20260928,temperature,0.25,1.0,8,pop,True,-0.014970274645756648,-0.09332402005099294
20260928,temperature,0.25,1.0,8,ambient,True,0.0009731462390600021,0.0038782839649386114
20260928,temperature,0.25,1.0,8,rock,True,-0.002038997174433746,-0.06391732145463952
20260928,temperature,0.25,1.0,9,macro,True,-0.0018664925095588196,-0.022508522275979465
20260928,temperature,0.25,1.0,9,electronic,True,0.0041026155757380445,-0.0041302362557572025
20260928,temperature,0.25,1.0,9,pop,True,-0.011766783505812506,-0.06853966520677579
20260928,temperature,0.25,1.0,9,ambient,True,0.0008646083380143277,0.0029485328652547604
20260928,temperature,0.25,1.0,9,rock,True,-0.0006664104461751447,-0.020312720506639625
20260928,temperature,0.25,1.0,10,macro,True,-0.002253162237589385,-0.0060940319481705
20260928,temperature,0.25,1.0,10,electronic,True,-0.010625061177467948,-0.028206608786473686
20260928,temperature,0.25,1.0,10,pop,True,0.006806264986665478,0.02530587014579888
20260928,temperature,0.25,1.0,10,ambient,True,-0.005301268994652136,-0.02704717869022011
20260928,temperature,0.25,1.0,10,rock,True,0.00010741623509706588,0.005571789538212912
20260928,temperature,0.25,1.0,11,macro,True,-0.0026875185751919772,-0.002870531045662844
20260928,temperature,0.25,1.0,11,electronic,True,-0.017141324999558172,-0.04529725474431151
20260928,temperature,0.25,1.0,11,pop,True,0.007632501976124723,0.02705590400036506
20260928,temperature,0.25,1.0,11,ambient,True,-0.001034160980673382,-0.00461160447570319
20260928,temperature,0.25,1.0,11,rock,True,-0.0002070902966610777,0.011370831036998263
20260928,temperature,0.25,1.0,12,macro,True,-0.008304276780835895,-0.04278230819337897
20260928,temperature,0.25,1.0,12,electronic,True,-0.012576073742597532,-0.03339931198345342
20260928,temperature,0.25,1.0,12,pop,True,-0.021388781351521308,-0.15369897512309394
20260928,temperature,0.25,1.0,12,ambient,True,0.0012172615978435775,0.004395973322602775
20260928,temperature,0.25,1.0,12,rock,True,-0.0004695136270683187,0.011573081010428699
20260928,temperature,0.25,1.0,13,macro,True,-0.0021937351535803,-0.0025455960454334042
20260928,temperature,0.25,1.0,13,electronic,True,-0.011913075175588428,-0.03164157537094614
20260928,temperature,0.25,1.0,13,pop,True,0.002512105866684239,0.010702678443889169
20260928,temperature,0.25,1.0,13,ambient,True,0.0005353093478123738,0.0022091264891407336
20260928,temperature,0.25,1.0,13,rock,True,9.071934677061522e-05,0.00854738625618262
20260928,temperature,0.25,1.0,14,macro,True,-0.0009908424872139762,-0.018719519453086794
20260928,temperature,0.25,1.0,14,electronic,True,0.00397628821684598,0.0009033527384036955
20260928,temperature,0.25,1.0,14,pop,True,0.006666236440442397,0.024940131917262187
20260928,temperature,0.25,1.0,14,ambient,True,-0.01425731380440537,-0.0896506841278164
20260928,temperature,0.25,1.0,14,rock,True,-0.0003485808017389125,-0.011070878340196655
20260928,temperature,0.25,1.0,15,macro,True,-0.008776344917234266,-0.15462390947597948
20260928,temperature,0.25,1.0,15,electronic,True,0.004080916135056678,-0.001719768662195642
20260928,temperature,0.25,1.0,15,pop,True,-0.031000016970671507,-0.28350045017743164
20260928,temperature,0.25,1.0,15,ambient,True,-0.0017393189736234493,-0.007965014783989921
20260928,temperature,0.25,1.0,15,rock,True,-0.0064469598596987865,-0.32531040428030067
20260928,temperature,0.25,1.0,16,macro,True,-0.00889551455973625,-0.13214287064415847
20260928,temperature,0.25,1.0,16,electronic,True,0.0021884840157333496,0.0041731908709219945
20260928,temperature,0.25,1.0,16,pop,True,-0.034213861356084924,-0.3431312205641659
20260928,temperature,0.25,1.0,16,ambient,True,0.0012064652450893831,0.0046621699744053835
20260928,temperature,0.25,1.0,16,rock,True,-0.0047631461436828115,-0.19427562285779532
20260928,temperature,0.25,1.0,17,macro,True,0.0033384302020664017,0.00881171200571898
20260928,temperature,0.25,1.0,17,electronic,True,0.004087515125651059,-0.002080000432464202
20260928,temperature,0.25,1.0,17,pop,True,0.00793339349648739,0.026758381679739207
20260928,temperature,0.25,1.0,17,ambient,True,0.0012233566384302064,0.004711208014727797
20260928,temperature,0.25,1.0,17,rock,True,0.00010945554769695165,0.005857258760873119
20260928,temperature,0.25,1.0,18,macro,True,0.00016253010191978612,-0.007117331503091462
20260928,temperature,0.25,1.0,18,electronic,True,0.0038261382129756716,0.0024929555088982758
20260928,temperature,0.25,1.0,18,pop,True,0.006067358352329744,0.023250144345571377
20260928,temperature,0.25,1.0,18,ambient,True,-0.009165667399604033,-0.05147255834315678
20260928,temperature,0.25,1.0,18,rock,True,-7.770875802223798e-05,-0.0027398675236787184
20260928,temperature,0.25,1.0,19,macro,True,0.0023419817214678923,-0.018016217025242795
20260928,temperature,0.25,1.0,19,electronic,True,0.0007130703226733148,-0.08644477873862982
20260928,temperature,0.25,1.0,19,pop,True,0.00790890593609983,0.026406004964153462
20260928,temperature,0.25,1.0,19,ambient,True,0.001293493888298941,0.004837497698222282
20260928,temperature,0.25,1.0,19,rock,True,-0.0005475432612005171,-0.0168635920247171
20260928,temperature,0.25,1.0,20,macro,True,0.0016601694246564172,0.0006377745331198753
20260928,temperature,0.25,1.0,20,electronic,True,0.0010427730241025224,0.002273199123317138
20260928,temperature,0.25,1.0,20,pop,True,0.007886384039883898,0.02716407581475999
20260928,temperature,0.25,1.0,20,ambient,True,-0.0016560642967168582,-0.007561086710030418
20260928,temperature,0.25,1.0,20,rock,True,-0.0006324150686438934,-0.01932509009556721
20260928,temperature,0.25,1.0,21,macro,True,-0.008913973774706527,-0.08417594194216829
20260928,temperature,0.25,1.0,21,electronic,True,-0.00281357048142164,-0.007113507299514488
20260928,temperature,0.25,1.0,21,pop,True,-0.03421720216648272,-0.3431989746979651
20260928,temperature,0.25,1.0,21,ambient,True,0.0012917004720436331,0.004799585180633725
20260928,temperature,0.25,1.0,21,rock,True,8.317707703461852e-05,0.008809129048172715
20260928,temperature,0.25,1.0,22,macro,True,-0.004394292183278248,-0.04226695169842763
20260928,temperature,0.25,1.0,22,electronic,True,0.003817975718521105,0.0025536887420458676
20260928,temperature,0.25,1.0,22,pop,True,-0.017811335531092876,-0.11809462741471433
20260928,temperature,0.25,1.0,22,ambient,True,-0.0021500082492439676,-0.009987621006944503
20260928,temperature,0.25,1.0,22,rock,True,-0.0014338006712972529,-0.04353924711409757
20260928,temperature,0.25,1.0,23,macro,True,-0.006005167035829751,-0.07208709314826672
20260928,temperature,0.25,1.0,23,electronic,True,0.002863076828002492,-0.03917583649916423
20260928,temperature,0.25,1.0,23,pop,True,-0.025218196637576767,-0.19846757854257024
20260928,temperature,0.25,1.0,23,ambient,True,-1.3112379844054667e-05,-5.585585921807912e-05
20260928,temperature,0.25,1.0,23,rock,True,-0.0016524359539006744,-0.05064910169211434
20260928,temperature,0.25,1.0,24,macro,True,3.9239921480620915e-05,0.001255710559966261
20260928,temperature,0.25,1.0,24,electronic,True,-0.007286994384630013,-0.019200691834845962
20260928,temperature,0.25,1.0,24,pop,True,0.006784283118465656,0.021196930214442355
20260928,temperature,0.25,1.0,24,ambient,True,0.0006501301476203591,0.00266185184456047
20260928,temperature,0.25,1.0,24,rock,True,9.540804466481867e-06,0.0003647520157081807
20260928,temperature,0.25,1.0,25,macro,True,-0.0029350925039973927,-0.013273648837724028
20260928,temperature,0.25,1.0,25,electronic,True,0.0022719886166329417,0.0042691933968633244
20260928,temperature,0.25,1.0,25,pop,True,-0.007386320928311235,-0.03925690376722146
20260928,temperature,0.25,1.0,25,ambient,True,-0.005611970009386763,-0.02886986850022477
20260928,temperature,0.25,1.0,25,rock,True,-0.0010140676949245142,0.010762983519686797
20260928,temperature,0.25,1.0,26,macro,True,-0.0034705791280279508,-0.022321705988438634
20260928,temperature,0.25,1.0,26,electronic,True,0.00341250569808918,0.004212312458476752
20260928,temperature,0.25,1.0,26,pop,True,-0.007886713722642769,-0.04235762423787104
20260928,temperature,0.25,1.0,26,ambient,True,-0.009465750790229932,-0.053530026318623136
20260928,temperature,0.25,1.0,26,rock,True,5.764230267171766e-05,0.0023885141442628877
20260928,temperature,0.25,1.0,27,macro,True,-0.00945720690027817,-0.06673951609501136
20260928,temperature,0.25,1.0,27,electronic,True,-0.01538030499932258,-0.04075089098230272
20260928,temperature,0.25,1.0,27,pop,True,0.007919880290777587,0.026525130415288256
20260928,temperature,0.25,1.0,27,ambient,True,-0.030286432581394462,-0.2636302101868392
20260928,temperature,0.25,1.0,27,rock,True,-8.197031117322673e-05,0.01089790637380822
20260928,temperature,0.25,1.0,28,macro,True,-0.0020900894272744414,-0.038551652689062216
20260928,temperature,0.25,1.0,28,electronic,True,0.0014607156541524002,0.003065833827538944
20260928,temperature,0.25,1.0,28,pop,True,-0.006328811576411242,-0.032898283805188444
20260928,temperature,0.25,1.0,28,ambient,True,9.314522575382123e-06,3.96318833874032e-05
20260928,temperature,0.25,1.0,28,rock,True,-0.003501576309414306,-0.12441379266198677
20260928,temperature,0.25,1.0,29,macro,True,-0.0025052325363535966,-0.01756795529036398
20260928,temperature,0.25,1.0,29,electronic,True,0.0039371348672603,0.0014332843713985022
20260928,temperature,0.25,1.0,29,pop,True,-0.007122144861553742,-0.0376439433021547
20260928,temperature,0.25,1.0,29,ambient,True,-0.006898386810696128,-0.03667882867093952
20260928,temperature,0.25,1.0,29,rock,True,6.246665957518327e-05,0.0026176664402398075
20260929,sigmoid,0.25,0.5,0,macro,True,-0.006029714815541723,-0.016528762562523128
20260929,sigmoid,0.25,0.5,0,electronic,True,-0.01845955412886094,-0.05500587111476485
20260929,sigmoid,0.25,0.5,0,pop,True,0.007905263880385593,0.01771609297088883
20260929,sigmoid,0.25,0.5,0,ambient,True,-0.009385970226361867,-0.009555292573492968
20260929,sigmoid,0.25,0.5,0,rock,True,-0.004178598787329679,-0.019269979532723525
20260929,sigmoid,0.25,0.5,1,macro,True,-0.009178494173876874,-0.025400116884339727
20260929,sigmoid,0.25,0.5,1,electronic,True,-0.007138849281617565,-0.01715391845673675
20260929,sigmoid,0.25,0.5,1,pop,True,-0.0068505930111397995,-0.01705039495729732
20260929,sigmoid,0.25,0.5,1,ambient,True,-0.0039475260120343525,-0.016249057689866286
20260929,sigmoid,0.25,0.5,1,rock,True,-0.018777008390715777,-0.05114709643345855
20260929,sigmoid,0.25,0.5,2,macro,True,-0.012891319536401179,-0.5742583878063983
20260929,sigmoid,0.25,0.5,2,electronic,True,-0.007456870145249456,-0.015026186167570177
20260929,sigmoid,0.25,0.5,2,pop,True,-0.01657749251661214,-0.4092633779569539
20260929,sigmoid,0.25,0.5,2,ambient,True,-7.370710265416913e-05,-0.0007656245878653878
20260929,sigmoid,0.25,0.5,2,rock,True,-0.02745720838108895,-1.8719783625132038
20260929,sigmoid,0.25,0.5,3,macro,True,-0.009808824483754072,-0.036590187367530114
20260929,sigmoid,0.25,0.5,3,electronic,True,-0.00925911525843584,-0.019521640986050692
20260929,sigmoid,0.25,0.5,3,pop,True,-0.019238567387094868,-0.11659292627150653
20260929,sigmoid,0.25,0.5,3,ambient,True,-0.010756522641124255,-0.010260124405049309
20260929,sigmoid,0.25,0.5,3,rock,True,1.8907351638675074e-05,1.3942192486071647e-05
20260929,sigmoid,0.25,0.5,4,macro,True,-0.0033106564420945297,-0.03517082336834969
20260929,sigmoid,0.25,0.5,4,electronic,True,0.0035096522938902752,0.014155436268701027
20260929,sigmoid,0.25,0.5,4,pop,True,-0.017389771100184664,-0.16184648574022742
20260929,sigmoid,0.25,0.5,4,ambient,True,0.005169696412536506,0.015451313861409688
20260929,sigmoid,0.25,0.5,4,rock,True,-0.004532203374620236,-0.008443557863282047
20260929,sigmoid,0.25,0.5,5,macro,True,-0.012342728720962367,-0.03621769123887979
20260929,sigmoid,0.25,0.5,5,electronic,True,-0.011820152305369758,-0.030153161544603346
20260929,sigmoid,0.25,0.5,5,pop,True,0.005344801933219151,0.019544500323588565
20260929,sigmoid,0.25,0.5,5,ambient,True,-0.0016731719543929269,0.003026989686909065
20260929,sigmoid,0.25,0.5,5,rock,True,-0.041222392557305934,-0.13728909342141343
20260929,sigmoid,0.25,0.5,6,macro,True,-0.007146802352496623,-0.020921805027071846
20260929,sigmoid,0.25,0.5,6,electronic,True,-0.0019135269994304815,-0.002395452167179346
20260929,sigmoid,0.25,0.5,6,pop,True,-0.004638245122583151,-0.02126261145493813
20260929,sigmoid,0.25,0.5,6,ambient,True,-0.012821938161822477,-0.023759770454513718
20260929,sigmoid,0.25,0.5,6,rock,True,-0.009213499126150382,-0.03626938603165619
20260929,sigmoid,0.25,0.5,7,macro,True,-0.003947641391783514,-0.009873805444213693
20260929,sigmoid,0.25,0.5,7,electronic,True,0.00120600740864088,0.013145905991716555
20260929,sigmoid,0.25,0.5,7,pop,True,-0.01883672347044718,-0.05076962497892534
20260929,sigmoid,0.25,0.5,7,ambient,True,-0.00781563040820632,-0.036468867330474886
20260929,sigmoid,0.25,0.5,7,rock,True,0.009655780902878566,0.0345973645408289
20260929,sigmoid,0.25,0.5,8,macro,True,-0.015383585200095518,-0.06809647888246283
20260929,sigmoid,0.25,0.5,8,electronic,True,-0.043622542453444296,-0.10135464633351998
20260929,sigmoid,0.25,0.5,8,pop,True,-0.02545921588743838,-0.2040466415036385
20260929,sigmoid,0.25,0.5,8,ambient,True,-0.0003098758706013005,-0.0009470287273831146
20260929,sigmoid,0.25,0.5,8,rock,True,0.007857293411101904,0.03396240103469028
20260929,sigmoid,0.25,0.5,9,macro,True,-0.010295096794798082,-0.06697104955696766
20260929,sigmoid,0.25,0.5,9,electronic,True,0.0033227000564720333,0.00612816224008933
20260929,sigmoid,0.25,0.5,9,pop,True,0.008213851365251157,0.015433049135701538
20260929,sigmoid,0.25,0.5,9,ambient,True,-0.04882063760809255,-0.2850104141580561
20260929,sigmoid,0.25,0.5,9,rock,True,-0.003896300992822968,-0.004434995445605383
20260929,sigmoid,0.25,0.5,10,macro,True,-0.0010005198088933465,-0.0016843030459113006
20260929,sigmoid,0.25,0.5,10,electronic,True,0.007293722706576133,0.014031425413492005
20260929,sigmoid,0.25,0.5,10,pop,True,-0.0108115146151265,-0.018974065643111326
20260929,sigmoid,0.25,0.5,10,ambient,True,-0.0004001695854400078,-0.003780512071354436
20260929,sigmoid,0.25,0.5,10,rock,True,-8.411774158301188e-05,0.001985940117328555
20260929,sigmoid,0.25,0.5,11,macro,True,-0.0071039944531547106,-0.037261677211848115
20260929,sigmoid,0.25,0.5,11,electronic,True,0.0008017760858500533,-0.0018099586570781145
20260929,sigmoid,0.25,0.5,11,pop,True,-0.0201893283286613,-0.10103572433523522
20260929,sigmoid,0.25,0.5,11,ambient,True,-0.004494271280757828,-0.021263072513051262
20260929,sigmoid,0.25,0.5,11,rock,True,-0.004534154289049769,-0.024937953342027863
20260929,sigmoid,0.25,0.5,12,macro,True,-0.019249324956915108,-0.0570409127525829
20260929,sigmoid,0.25,0.5,12,electronic,True,-0.016402409434953275,-0.033928692672716365
20260929,sigmoid,0.25,0.5,12,pop,True,-0.03266427453271872,-0.11064040946531206
20260929,sigmoid,0.25,0.5,12,ambient,True,-0.014974049191694067,-0.038356000112450384
20260929,sigmoid,0.25,0.5,12,rock,True,-0.012956566668294367,-0.04523854875985278
20260929,sigmoid,0.25,0.5,13,macro,True,-0.009101741411061327,-0.05766794013956779
20260929,sigmoid,0.25,0.5,13,electronic,True,-0.013473349467215984,-0.04292136298228699
20260929,sigmoid,0.25,0.5,13,pop,True,-0.023005708045092027,-0.21191360003250415
20260929,sigmoid,0.25,0.5,13,ambient,True,-0.012435570742929114,-0.015218571942745951
20260929,sigmoid,0.25,0.5,13,rock,True,0.012507662610991815,0.039381774399265934
20260929,sigmoid,0.25,0.5,14,macro,True,-0.0009627258555621188,-0.01664573605246561
20260929,sigmoid,0.25,0.5,14,electronic,True,-0.009101101001047995,-0.06860495261350219
20260929,sigmoid,0.25,0.5,14,pop,True,0.0019263202667973989,-0.002038432080857744
20260929,sigmoid,0.25,0.5,14,ambient,True,-0.000620145049364168,-0.0065494321983212145
20260929,sigmoid,0.25,0.5,14,rock,True,0.0039440223613662895,0.01060987268281871
20260929,sigmoid,0.25,0.5,15,macro,True,-0.02027970826757689,-0.0691388416620098
20260929,sigmoid,0.25,0.5,15,electronic,True,-0.015951286456872077,-0.0486404140096931
20260929,sigmoid,0.25,0.5,15,pop,True,-0.04721973579770372,-0.14888650155282257
20260929,sigmoid,0.25,0.5,15,ambient,True,-0.011370289227199654,-0.060705186267401734
20260929,sigmoid,0.25,0.5,15,rock,True,-0.006577521588532115,-0.0183232648181218
20260929,sigmoid,0.25,0.5,16,macro,True,-0.012762122849922439,-0.03311487993001888
20260929,sigmoid,0.25,0.5,16,electronic,True,-0.025744798514937633,-0.07490923356196055
20260929,sigmoid,0.25,0.5,16,pop,True,-0.0043770075876847225,0.0006220211311871449
20260929,sigmoid,0.25,0.5,16,ambient,True,-0.020247481948925977,-0.04800496718664432
20260929,sigmoid,0.25,0.5,16,rock,True,-0.0006792033481414217,-0.010167340102657796
20260929,sigmoid,0.25,0.5,17,macro,True,-0.004148789118435067,-0.008569852537276879
20260929,sigmoid,0.25,0.5,17,electronic,True,-0.0026018229103683954,-0.007642028808480306
20260929,sigmoid,0.25,0.5,17,pop,True,-0.00832013792331085,-0.01812726907199813
20260929,sigmoid,0.25,0.5,17,ambient,True,-0.0005217520504750828,0.004598226648723058
20260929,sigmoid,0.25,0.5,17,rock,True,-0.005151443589585941,-0.013108338917352136
20260929,sigmoid,0.25,0.5,18,macro,True,-0.010677326544659374,-0.0837067388841953
20260929,sigmoid,0.25,0.5,18,electronic,True,0.0025089457931551096,-0.008545968503242074
20260929,sigmoid,0.25,0.5,18,pop,True,-0.039512987187022036,-0.2869298753510193
20260929,sigmoid,0.25,0.5,18,ambient,True,-0.00791754880507442,-0.04998706724007218
20260929,sigmoid,0.25,0.5,18,rock,True,0.0022122840203038507,0.010635955557552368
20260929,sigmoid,0.25,0.5,19,macro,True,0.00238325145399813,0.002095600939235956
20260929,sigmoid,0.25,0.5,19,electronic,True,-0.0004236067596001536,-0.007254272828905284
20260929,sigmoid,0.25,0.5,19,pop,True,0.0063746109375603655,0.011913643848710631
20260929,sigmoid,0.25,0.5,19,ambient,True,0.0018640574870188997,0.009647649602326613
20260929,sigmoid,0.25,0.5,19,rock,True,0.0017179441510134091,-0.005924616865188137
20260929,sigmoid,0.25,0.5,20,macro,True,-0.006913830875149841,-0.05437442103325896
20260929,sigmoid,0.25,0.5,20,electronic,True,0.0014815695253195815,0.003574227977113653
20260929,sigmoid,0.25,0.5,20,pop,True,-0.031643918417339184,-0.21917056408329938
20260929,sigmoid,0.25,0.5,20,ambient,True,-0.003627530482104402,-0.01072665641683529
20260929,sigmoid,0.25,0.5,20,rock,True,0.006134555873524641,0.008825308389985187
20260929,sigmoid,0.25,0.5,21,macro,True,-0.002334566436722179,0.007271644537992741
20260929,sigmoid,0.25,0.5,21,electronic,True,-0.004823075836733276,-0.009895428890474844
20260929,sigmoid,0.25,0.5,21,pop,True,0.00876994377413623,0.07214173054331519
20260929,sigmoid,0.25,0.5,21,ambient,True,-0.00736049103886352,-0.012940077987226184
20260929,sigmoid,0.25,0.5,21,rock,True,-0.005924642645428149,-0.020219645513643192
20260929,sigmoid,0.25,0.5,22,macro,True,-0.0036578910152673776,-0.020031010775815608
20260929,sigmoid,0.25,0.5,22,electronic,True,0.0032958882622607377,0.007165299926250868
20260929,sigmoid,0.25,0.5,22,pop,True,0.0035661677421377214,0.02506985528098571
20260929,sigmoid,0.25,0.5,22,ambient,True,-0.02155954952252337,-0.11399905847435815
20260929,sigmoid,0.25,0.5,22,rock,True,6.592945705539976e-05,0.0016398601638591415
20260929,sigmoid,0.25,0.5,23,macro,True,-0.0036348609856112525,-0.01662965763394024
20260929,sigmoid,0.25,0.5,23,electronic,True,0.0038589063168108506,0.0036919070326532633
20260929,sigmoid,0.25,0.5,23,pop,True,-0.010608763150651457,-0.042279156320856215
20260929,sigmoid,0.25,0.5,23,ambient,True,-0.018999378027972857,-0.06317641686308179
20260929,sigmoid,0.25,0.5,23,rock,True,0.011209790919368454,0.03524503561552378
20260929,sigmoid,0.25,0.5,24,macro,True,0.0003378987128998187,-0.0013410725962939157
20260929,sigmoid,0.25,0.5,24,electronic,True,0.0030776692719504117,0.010298006577029006
20260929,sigmoid,0.25,0.5,24,pop,True,0.0042381148255560275,0.010534346594143429
20260929,sigmoid,0.25,0.5,24,ambient,True,0.002351552366674614,0.006788890097362832
20260929,sigmoid,0.25,0.5,24,rock,True,-0.008315741612581778,-0.03298553365371093
20260929,sigmoid,0.25,0.5,25,macro,True,-0.005322766331952528,-0.01801722967858352
20260929,sigmoid,0.25,0.5,25,electronic,True,0.002368681860672489,0.00441757481473265
20260929,sigmoid,0.25,0.5,25,pop,True,-0.0060170542266476945,-0.016419260757666643
20260929,sigmoid,0.25,0.5,25,ambient,True,-0.014584870937232153,-0.04181601839528587
20260929,sigmoid,0.25,0.5,25,rock,True,-0.003057822024602752,-0.01825121437611421
20260929,sigmoid,0.25,0.5,26,macro,True,-0.0021556477352497466,-0.005235860246461818
20260929,sigmoid,0.25,0.5,26,electronic,True,-0.0031189562408613924,-0.009683619977636837
20260929,sigmoid,0.25,0.5,26,pop,True,0.005664585731226329,0.03333972673308361
20260929,sigmoid,0.25,0.5,26,ambient,True,-0.002082813357849822,-0.020841788275376305
20260929,sigmoid,0.25,0.5,26,rock,True,-0.009085407073514101,-0.023757759465917738
20260929,sigmoid,0.25,0.5,27,macro,True,-0.021852161264498567,-0.05432084230105222
20260929,sigmoid,0.25,0.5,27,electronic,True,-0.009895368124972798,-0.021276986917740104
20260929,sigmoid,0.25,0.5,27,pop,True,-0.049372415941239534,-0.12369181856727252
20260929,sigmoid,0.25,0.5,27,ambient,True,0.0010990628333712726,0.008172201281070213
20260929,sigmoid,0.25,0.5,27,rock,True,-0.02923992382515321,-0.08048676500026647
20260929,sigmoid,0.25,0.5,28,macro,True,-0.0044063871099581375,-0.047715876288330406
20260929,sigmoid,0.25,0.5,28,electronic,True,-0.00520025510426142,-0.012821371095076306
20260929,sigmoid,0.25,0.5,28,pop,True,-0.0055487198520719205,-0.07599822686808921
20260929,sigmoid,0.25,0.5,28,ambient,True,-0.007306062527981549,-0.10502943870940484
20260929,sigmoid,0.25,0.5,28,rock,True,0.0004294890444823396,0.002985531519248741
20260929,sigmoid,0.25,0.5,29,macro,True,0.00043490152129978255,-0.0002946533864684603
20260929,sigmoid,0.25,0.5,29,electronic,True,-0.0008873172013065256,-0.0032622095638655813
20260929,sigmoid,0.25,0.5,29,pop,True,0.005436526252321605,0.02022898854524846
20260929,sigmoid,0.25,0.5,29,ambient,True,0.001112297489783809,0.004596596139075426
20260929,sigmoid,0.25,0.5,29,rock,True,-0.003921900455599758,-0.022741988666332147
20260929,sigmoid,0.5,0.75,0,macro,True,-0.006442566163456436,-0.016281029759021362
20260929,sigmoid,0.5,0.75,0,electronic,True,-0.007176109311981177,-0.01523931604430706
20260929,sigmoid,0.5,0.75,0,pop,True,-0.0035919862189728313,-0.007697764734605039
20260929,sigmoid,0.5,0.75,0,ambient,True,0.0002673432824777944,0.0010102434668188276
20260929,sigmoid,0.5,0.75,0,rock,True,-0.01526951240534953,-0.043197281723992176
20260929,sigmoid,0.5,0.75,1,macro,True,-0.005512271378643376,-0.019451733989326522
20260929,sigmoid,0.5,0.75,1,electronic,True,0.000702464991612306,0.0008100825171206694
20260929,sigmoid,0.5,0.75,1,pop,True,0.0063075020166944995,0.01800493823130933
20260929,sigmoid,0.5,0.75,1,ambient,True,-0.003609821872781499,-0.023694843761858264
20260929,sigmoid,0.5,0.75,1,rock,True,-0.02544923065009881,-0.07292711294387783
20260929,sigmoid,0.5,0.75,2,macro,True,-0.004760569891669703,-0.041287317272803215
20260929,sigmoid,0.5,0.75,2,electronic,True,0.0013847513117451749,0.0021641827873659647
20260929,sigmoid,0.5,0.75,2,pop,True,-0.02086751501289094,-0.16612015211075726
20260929,sigmoid,0.5,0.75,2,ambient,True,-0.0009874800813058915,-0.010892954182877945
20260929,sigmoid,0.5,0.75,2,rock,True,0.0014279642157728478,0.00969965441505638
20260929,sigmoid,0.5,0.75,3,macro,True,0.0005382618790211006,0.006018136294178786
20260929,sigmoid,0.5,0.75,3,electronic,True,-0.007062984618875806,-0.01505947346452402
20260929,sigmoid,0.5,0.75,3,pop,True,0.008040527557214211,0.03810237017994744
20260929,sigmoid,0.5,0.75,3,ambient,True,-0.0004332309365081277,-0.004505243074696463
20260929,sigmoid,0.5,0.75,3,rock,True,0.0016087355142541254,0.0055348915359881845
20260929,sigmoid,0.5,0.75,4,macro,True,-0.006222972151923346,-0.02528538026363042
20260929,sigmoid,0.5,0.75,4,electronic,True,-0.008759184652042673,-0.03080783566315526
20260929,sigmoid,0.5,0.75,4,pop,True,-0.010166913868055877,-0.05599759611583233
20260929,sigmoid,0.5,0.75,4,ambient,True,-0.005584641908159799,-0.009550662888233918
20260929,sigmoid,0.5,0.75,4,rock,True,-0.0003811481794350341,-0.0047854263873001734
20260929,sigmoid,0.5,0.75,5,macro,True,-0.0022010985795026354,-0.01021878595340589
20260929,sigmoid,0.5,0.75,5,electronic,True,0.002260203529720811,0.005166109801875429
20260929,sigmoid,0.5,0.75,5,pop,True,-0.011943795121575396,-0.04629613548683986
20260929,sigmoid,0.5,0.75,5,ambient,True,0.0029447541351632356,0.003031144559065113
20260929,sigmoid,0.5,0.75,5,rock,True,-0.0020655568613191927,-0.0027762626877242402
20260929,sigmoid,0.5,0.75,6,macro,True,0.0004264616200918593,0.0005304743982400828
20260929,sigmoid,0.5,0.75,6,electronic,True,-0.004341443513181692,-0.015767918722785157
20260929,sigmoid,0.5,0.75,6,pop,True,0.003082881240555474,0.004190388003483925
20260929,sigmoid,0.5,0.75,6,ambient,True,0.0004113316520074073,0.00665031871955829
20260929,sigmoid,0.5,0.75,6,rock,True,0.002553077100986248,0.007049109592703273
20260929,sigmoid,0.5,0.75,7,macro,True,-0.0027769690574015703,-0.014563819673068329
20260929,sigmoid,0.5,0.75,7,electronic,True,-0.010204919258549938,-0.03195118018620752
20260929,sigmoid,0.5,0.75,7,pop,True,0.005033528091426681,0.012340819038764161
20260929,sigmoid,0.5,0.75,7,ambient,True,-0.0024992549969083955,-0.023677885611024296
20260929,sigmoid,0.5,0.75,7,rock,True,-0.0034372300655746285,-0.014967031933805663
20260929,sigmoid,0.5,0.75,8,macro,True,-0.004789491116897731,-0.011924073312749695
20260929,sigmoid,0.5,0.75,8,electronic,True,-0.01463451248201278,-0.03890778796857158
20260929,sigmoid,0.5,0.75,8,pop,True,-0.0041349437144891366,-0.011258916665422114
20260929,sigmoid,0.5,0.75,8,ambient,True,0.0007866649728921205,0.006655852872506918
20260929,sigmoid,0.5,0.75,8,rock,True,-0.0011751732439811285,-0.0041854414895119985
20260929,sigmoid,0.5,0.75,9,macro,True,0.0013672912526404395,0.0032489991616058284
20260929,sigmoid,0.5,0.75,9,electronic,True,-0.002941555226443654,-0.005918218758469818
20260929,sigmoid,0.5,0.75,9,pop,True,0.00448764839882379,0.014217456681585028
20260929,sigmoid,0.5,0.75,9,ambient,True,0.0019624917309745415,0.001753574528219115
20260929,sigmoid,0.5,0.75,9,rock,True,0.00196058010720708,0.002943184195088988
20260929,sigmoid,0.5,0.75,10,macro,True,0.0008498223608566467,0.0045535192145716025
20260929,sigmoid,0.5,0.75,10,electronic,True,-0.00476908425969258,-0.009956404073314995
20260929,sigmoid,0.5,0.75,10,pop,True,0.0018612706628839681,0.003924388457693051
20260929,sigmoid,0.5,0.75,10,ambient,True,0.0006009114621080835,0.00495637495601986
20260929,sigmoid,0.5,0.75,10,rock,True,0.005706191578127115,0.019289717517888494
20260929,sigmoid,0.5,0.75,11,macro,True,-0.0018757683349956249,-0.013525930048815818
20260929,sigmoid,0.5,0.75,11,electronic,True,0.004650284563937429,0.009146950310358837
20260929,sigmoid,0.5,0.75,11,pop,True,-0.013122925331031765,-0.06509749540361065
20260929,sigmoid,0.5,0.75,11,ambient,True,-0.0006183541331973019,-0.002925426960669053
20260929,sigmoid,0.5,0.75,11,rock,True,0.0015879215603091384,0.004772251858657595
20260929,sigmoid,0.5,0.75,12,macro,True,-0.004403018590084639,-0.00903513609587503
20260929,sigmoid,0.5,0.75,12,electronic,True,-0.007978052417499493,-0.01921533883072596
20260929,sigmoid,0.5,0.75,12,pop,True,0.004073329874312054,0.011648653885958482
20260929,sigmoid,0.5,0.75,12,ambient,True,-0.011725585093670277,-0.02215243526443711
20260929,sigmoid,0.5,0.75,12,rock,True,-0.0019817667234808406,-0.006421424174295531
20260929,sigmoid,0.5,0.75,13,macro,True,0.00033676198615001374,-0.000952543600676814
20260929,sigmoid,0.5,0.75,13,electronic,True,0.0012233069959526888,0.0016503703061996888
20260929,sigmoid,0.5,0.75,13,pop,True,0.0005752455481664587,0.0007476793156252493
20260929,sigmoid,0.5,0.75,13,ambient,True,0.0017106912616678682,-0.0024438760231965118
20260929,sigmoid,0.5,0.75,13,rock,True,-0.0021621958611869607,-0.0037643480013356823
20260929,sigmoid,0.5,0.75,14,macro,True,-0.0006086089445325633,-0.004155964547040009
20260929,sigmoid,0.5,0.75,14,electronic,True,0.0013002580046072576,0.0018091434926896799
20260929,sigmoid,0.5,0.75,14,pop,True,-0.00048423378101175585,-0.0012144981241061226
20260929,sigmoid,0.5,0.75,14,ambient,True,-0.00041273968522206883,-0.007753140293735361
20260929,sigmoid,0.5,0.75,14,rock,True,-0.0028377203165036863,-0.00946536326300823
20260929,sigmoid,0.5,0.75,15,macro,True,-0.005218658388388874,-0.018809081032643296
20260929,sigmoid,0.5,0.75,15,electronic,True,0.0009657377603153328,0.0005385874499539423
20260929,sigmoid,0.5,0.75,15,pop,True,-0.008226209677369672,-0.020333343288285954
20260929,sigmoid,0.5,0.75,15,ambient,True,-0.003431037371787321,-0.02105373167887231
20260929,sigmoid,0.5,0.75,15,rock,True,-0.010183124264713836,-0.03438783661336886
20260929,sigmoid,0.5,0.75,16,macro,True,-0.0023684308175839913,-0.014567231429067115
20260929,sigmoid,0.5,0.75,16,electronic,True,0.001466378846039229,0.001274376440602576
20260929,sigmoid,0.5,0.75,16,pop,True,-0.008766305373751004,-0.06224210841565636
20260929,sigmoid,0.5,0.75,16,ambient,True,-0.0030047571145497554,-0.0038499173024347244
20260929,sigmoid,0.5,0.75,16,rock,True,0.0008309603719255654,0.006548723561220049
20260929,sigmoid,0.5,0.75,17,macro,True,0.0008098326960628358,0.0006589937780774879
20260929,sigmoid,0.5,0.75,17,electronic,True,-0.001270943104206862,-0.006236626164889569
20260929,sigmoid,0.5,0.75,17,pop,True,0.00580923558453611,0.013220856848358054
20260929,sigmoid,0.5,0.75,17,ambient,True,0.00033094232399524803,0.00249389164956898
20260929,sigmoid,0.5,0.75,17,rock,True,-0.001629904020073153,-0.0068421472207275125
20260929,sigmoid,0.5,0.75,18,macro,True,-0.00048701824044117617,-0.0068936073291247235
20260929,sigmoid,0.5,0.75,18,electronic,True,3.4796791001379113e-06,-0.006731624632534461
20260929,sigmoid,0.5,0.75,18,pop,True,-0.0035494808680879286,-0.025020420100908436
20260929,sigmoid,0.5,0.75,18,ambient,True,0.0007940685719774465,0.0016579065799196546
20260929,sigmoid,0.5,0.75,18,rock,True,0.0008038596552456395,0.002519708837024348
20260929,sigmoid,0.5,0.75,19,macro,True,-0.0051504341942174015,-0.014432159059443492
20260929,sigmoid,0.5,0.75,19,electronic,True,-0.008201353260316652,-0.018801336372925248
20260929,sigmoid,0.5,0.75,19,pop,True,-0.000357653924830198,0.000604896652284248
20260929,sigmoid,0.5,0.75,19,ambient,True,-0.0006184127134290784,-0.0016883869758741454
20260929,sigmoid,0.5,0.75,19,rock,True,-0.011424316878293678,-0.03784380954125882
20260929,sigmoid,0.5,0.75,20,macro,True,-0.0034458732172994617,-0.008441397425031194
20260929,sigmoid,0.5,0.75,20,electronic,True,-0.0019411698165478775,-0.005330664293058285
20260929,sigmoid,0.5,0.75,20,pop,True,-0.004014256504329211,-0.008771704333530805
20260929,sigmoid,0.5,0.75,20,ambient,True,-0.00027399417133500137,-0.00041946366130196644
20260929,sigmoid,0.5,0.75,20,rock,True,-0.007554072376985757,-0.01924375741223372
20260929,sigmoid,0.5,0.75,21,macro,True,0.002605115897523415,0.0004299937898124273
20260929,sigmoid,0.5,0.75,21,electronic,True,-0.0010139703077016449,-0.002858031580398268
20260929,sigmoid,0.5,0.75,21,pop,True,-0.001100990759337811,-0.03627528602602392
20260929,sigmoid,0.5,0.75,21,ambient,True,0.0011538633281032717,0.004834858529586317
20260929,sigmoid,0.5,0.75,21,rock,True,0.011381561329029843,0.036018434236085584
20260929,sigmoid,0.5,0.75,22,macro,True,0.0003825877330559495,0.0016497101097738276
20260929,sigmoid,0.5,0.75,22,electronic,True,-0.0028520105059375578,-0.006522827588196722
20260929,sigmoid,0.5,0.75,22,pop,True,0.0016574428703528266,-0.001637963218736882
20260929,sigmoid,0.5,0.75,22,ambient,True,0.0003772545794255566,0.004576807905672997
20260929,sigmoid,0.5,0.75,22,rock,True,0.0023476639883829725,0.010182823340355918
20260929,sigmoid,0.5,0.75,23,macro,True,-0.0018814815020920354,-0.004934041354463667
20260929,sigmoid,0.5,0.75,23,electronic,True,-0.00294942327573261,-0.00671664461116922
20260929,sigmoid,0.5,0.75,23,pop,True,0.0004044315366389384,-0.0003993902129816318
20260929,sigmoid,0.5,0.75,23,ambient,True,-0.0021551674879420057,-0.0008470557451616956
20260929,sigmoid,0.5,0.75,23,rock,True,-0.0028257667813324644,-0.01177307484854212
20260929,sigmoid,0.5,0.75,24,macro,True,-0.0020847849682220053,-0.007868490606800838
20260929,sigmoid,0.5,0.75,24,electronic,True,-0.0007707072913237523,-0.007116400850410209
20260929,sigmoid,0.5,0.75,24,pop,True,-0.0004394269135511164,0.00468997235896651
20260929,sigmoid,0.5,0.75,24,ambient,True,-0.0025276122939559553,-0.009298245463831734
20260929,sigmoid,0.5,0.75,24,rock,True,-0.004601393374057197,-0.019749288471927917
20260929,sigmoid,0.5,0.75,25,macro,True,0.001359587588901364,0.003335805304741299
20260929,sigmoid,0.5,0.75,25,electronic,True,-0.0020209325160693015,-0.004604841763834688
20260929,sigmoid,0.5,0.75,25,pop,True,0.00495786585221486,0.01550179146351005
20260929,sigmoid,0.5,0.75,25,ambient,True,-6.377961712841773e-05,-0.0032634861822467
20260929,sigmoid,0.5,0.75,25,rock,True,0.0025651966365883155,0.005709757701536533
20260929,sigmoid,0.5,0.75,26,macro,True,-0.0002613268969261437,0.002781536172859353
20260929,sigmoid,0.5,0.75,26,electronic,True,-0.003994664582972873,-0.006518672771145928
20260929,sigmoid,0.5,0.75,26,pop,True,0.00420272199122082,0.02160564158480227
20260929,sigmoid,0.5,0.75,26,ambient,True,-0.0007754913096499061,0.0014890716970025197
20260929,sigmoid,0.5,0.75,26,rock,True,-0.0004778736863026156,-0.005449895819221451
20260929,sigmoid,0.5,0.75,27,macro,True,0.0020259187459077954,0.005585522534365839
20260929,sigmoid,0.5,0.75,27,electronic,True,0.0019877132144267007,0.0004423430573957665
20260929,sigmoid,0.5,0.75,27,pop,True,0.005244849613094987,0.021828654032874928
20260929,sigmoid,0.5,0.75,27,ambient,True,-0.0008000171177778292,0.002036438083641956
20260929,sigmoid,0.5,0.75,27,rock,True,0.001671129273887323,-0.0019653450364492953
20260929,sigmoid,0.5,0.75,28,macro,True,-0.0020151868208420215,-0.012666208130480777
20260929,sigmoid,0.5,0.75,28,electronic,True,-0.001601618403281102,-0.0034481227544397863
20260929,sigmoid,0.5,0.75,28,pop,True,-0.006733862060802953,-0.019901750460811662
20260929,sigmoid,0.5,0.75,28,ambient,True,-0.00822184626976874,-0.06217354063186081
20260929,sigmoid,0.5,0.75,28,rock,True,0.00849657945048471,0.03485858132518915
20260929,sigmoid,0.5,0.75,29,macro,True,0.0015574995270003292,0.004377707866325228
20260929,sigmoid,0.5,0.75,29,electronic,True,-0.00021279498354240256,0.0012272980849355464
20260929,sigmoid,0.5,0.75,29,pop,True,-0.0006434550267429839,-0.012623757821744297
20260929,sigmoid,0.5,0.75,29,ambient,True,0.00043423165886327664,0.00473154229520345
20260929,sigmoid,0.5,0.75,29,rock,True,0.0066520164594234266,0.024175748906906214
20260929,sigmoid,0.75,1.0,0,macro,True,-0.0007583376875699085,-0.003590220632243485
20260929,sigmoid,0.75,1.0,0,electronic,True,0.0003750414376147426,0.0008391411768589596
20260929,sigmoid,0.75,1.0,0,pop,True,0.00403445630251828,0.015231485331780314
20260929,sigmoid,0.75,1.0,0,ambient,True,-0.0022066810128915926,-0.012439330549309902
20260929,sigmoid,0.75,1.0,0,rock,True,-0.005236167477521064,-0.017992178488303312
20260929,sigmoid,0.75,1.0,1,macro,True,-0.0016642169605194969,-0.003904504405169512
20260929,sigmoid,0.75,1.0,1,electronic,True,0.0018696925418505983,0.002621586229348216
20260929,sigmoid,0.75,1.0,1,pop,True,-0.00201677712788631,-0.0011655473534812888
20260929,sigmoid,0.75,1.0,1,ambient,True,0.0008300449031613255,0.005712013127656568
20260929,sigmoid,0.75,1.0,1,rock,True,-0.007339828159203601,-0.022786069624201544
20260929,sigmoid,0.75,1.0,2,macro,True,5.814880548922485e-05,-0.0027123392104215632
20260929,sigmoid,0.75,1.0,2,electronic,True,0.0003247907309195386,0.0007455784836627455
20260929,sigmoid,0.75,1.0,2,pop,True,-0.000952219292597728,-0.008101400685306848
20260929,sigmoid,0.75,1.0,2,ambient,True,-0.0022845385768503756,-0.012282511795690565
20260929,sigmoid,0.75,1.0,2,rock,True,0.0031445623604854644,0.008788977155648414
20260929,sigmoid,0.75,1.0,3,macro,True,-0.000999073713514459,-0.0067957583366886065
20260929,sigmoid,0.75,1.0,3,electronic,True,0.001492476734702236,0.0025808968831501633
20260929,sigmoid,0.75,1.0,3,pop,True,-0.006996212497146326,-0.03488666540197349
20260929,sigmoid,0.75,1.0,3,ambient,True,-0.000739318835263375,-0.0068483169598936855
20260929,sigmoid,0.75,1.0,3,rock,True,0.002246759743649629,0.01197105213196259
20260929,sigmoid,0.75,1.0,4,macro,True,-0.0027902497722529437,-0.010410222347420367
20260929,sigmoid,0.75,1.0,4,electronic,True,-0.006867779816910918,-0.022147445460293624
20260929,sigmoid,0.75,1.0,4,pop,True,-0.001730389391721987,-0.009033539148686764
20260929,sigmoid,0.75,1.0,4,ambient,True,-0.0005934223034088915,-0.00352112596555032
20260929,sigmoid,0.75,1.0,4,rock,True,-0.001969407576969978,-0.006938778815150759
20260929,sigmoid,0.75,1.0,5,macro,True,-0.002546871550357554,-0.005739541132737627
20260929,sigmoid,0.75,1.0,5,electronic,True,-0.005544708207227522,-0.01178600946302083
20260929,sigmoid,0.75,1.0,5,pop,True,0.0003966428142662404,0.0005831687362582993
20260929,sigmoid,0.75,1.0,5,ambient,True,-0.007937590456462085,-0.020326735345549685
20260929,sigmoid,0.75,1.0,5,rock,True,0.0028981696479931512,0.008571411541361706
20260929,sigmoid,0.75,1.0,6,macro,True,0.0014918526328040367,0.0018959339840073919
20260929,sigmoid,0.75,1.0,6,electronic,True,0.0017701388047586253,0.0006115321750155833
20260929,sigmoid,0.75,1.0,6,pop,True,0.004181359540795265,0.015333603317900457
20260929,sigmoid,0.75,1.0,6,ambient,True,-0.0003512616789090872,-0.004878406081477327
20260929,sigmoid,0.75,1.0,6,rock,True,0.0003671738645713435,-0.0034829934754091463
20260929,sigmoid,0.75,1.0,7,macro,True,0.0010675828609129322,0.001248419332761888
20260929,sigmoid,0.75,1.0,7,electronic,True,0.001236867075332021,0.002341080990503952
20260929,sigmoid,0.75,1.0,7,pop,True,0.004454353404729411,0.014852938401709648
20260929,sigmoid,0.75,1.0,7,ambient,True,-0.0008599722061963244,-0.006680314071741855
20260929,sigmoid,0.75,1.0,7,rock,True,-0.0005609168302133788,-0.005520027989424192
20260929,sigmoid,0.75,1.0,8,macro,True,-0.0016026973546578657,-0.0036158465441566284
20260929,sigmoid,0.75,1.0,8,electronic,True,-0.00555325453093744,-0.014422429628271116
20260929,sigmoid,0.75,1.0,8,pop,True,-0.0011805767892989483,-0.00033628034207033863
20260929,sigmoid,0.75,1.0,8,ambient,True,0.0003321840937440257,0.002684747109910013
20260929,sigmoid,0.75,1.0,8,rock,True,-9.142192139099947e-06,-0.0023894233161950718
20260929,sigmoid,0.75,1.0,9,macro,True,-0.001673906711821757,-0.005108304237905578
20260929,sigmoid,0.75,1.0,9,electronic,True,0.0006018405368958812,0.001221378756447844
20260929,sigmoid,0.75,1.0,9,pop,True,-0.00268199181420381,-0.003945585082033798
20260929,sigmoid,0.75,1.0,9,ambient,True,-0.0031245466479758455,-0.012457644997802608
20260929,sigmoid,0.75,1.0,9,rock,True,-0.001490928922003254,-0.005251365628233751
20260929,sigmoid,0.75,1.0,10,macro,True,-0.0011123828133727427,-0.005688415471886227
20260929,sigmoid,0.75,1.0,10,electronic,True,-0.0002337901810109122,-0.0007754412358899621
20260929,sigmoid,0.75,1.0,10,pop,True,-0.002810629553852112,-0.014092475795676185
20260929,sigmoid,0.75,1.0,10,ambient,True,-0.0009510572072611856,-0.008087468917420071
20260929,sigmoid,0.75,1.0,10,rock,True,-0.0004540543113667611,0.00020172406144131072
20260929,sigmoid,0.75,1.0,11,macro,True,-0.0005187459286933212,-0.0010411143243619775
20260929,sigmoid,0.75,1.0,11,electronic,True,-0.0035649384569055587,-0.007249290987161872
20260929,sigmoid,0.75,1.0,11,pop,True,0.0011780984978665698,0.0018183210386684134
20260929,sigmoid,0.75,1.0,11,ambient,True,0.0007199132027070343,0.004308344182228807
20260929,sigmoid,0.75,1.0,11,rock,True,-0.00040805695844133016,-0.003041831531183259
20260929,sigmoid,0.75,1.0,12,macro,True,-0.0009623078766396904,-0.0036843205361312276
20260929,sigmoid,0.75,1.0,12,electronic,True,-0.0024919529377946115,-0.009051742420247422
20260929,sigmoid,0.75,1.0,12,pop,True,0.0017081117888363695,0.007954313571219007
20260929,sigmoid,0.75,1.0,12,ambient,True,-0.0011022184612538566,-0.0023382669692029734
20260929,sigmoid,0.75,1.0,12,rock,True,-0.0019631718963466632,-0.011301586326293522
20260929,sigmoid,0.75,1.0,13,macro,True,-0.0024116951138553576,-0.008090935666256113
20260929,sigmoid,0.75,1.0,13,electronic,True,0.0005205435176373063,0.0011076710986570593
20260929,sigmoid,0.75,1.0,13,pop,True,0.0019709607602109436,0.006718398221564947
20260929,sigmoid,0.75,1.0,13,ambient,True,-0.00398213033045966,-0.015200268711041354
20260929,sigmoid,0.75,1.0,13,rock,True,-0.00815615440281002,-0.024989543274205106
20260929,sigmoid,0.75,1.0,14,macro,True,-0.0011669908601233993,-0.0029104411809602326
20260929,sigmoid,0.75,1.0,14,electronic,True,-0.0004247893741747555,-0.0007968604698587733
20260929,sigmoid,0.75,1.0,14,pop,True,-0.00667606392981529,-0.022887386731886616
20260929,sigmoid,0.75,1.0,14,ambient,True,0.00010680541047591863,0.004823321632081767
20260929,sigmoid,0.75,1.0,14,rock,True,0.00232608445302053,0.007219160845822692
20260929,sigmoid,0.75,1.0,15,macro,True,-0.0012329170345055998,-0.003607636671617856
20260929,sigmoid,0.75,1.0,15,electronic,True,0.0015653621866767997,0.00286773536383661
20260929,sigmoid,0.75,1.0,15,pop,True,0.0008027722494503842,0.006788805291396027
20260929,sigmoid,0.75,1.0,15,ambient,True,-0.001947081734874373,-0.010061322359124769
20260929,sigmoid,0.75,1.0,15,rock,True,-0.00535272083927521,-0.014025764982579292
20260929,sigmoid,0.75,1.0,16,macro,True,-0.0018042889458779708,-0.006552725102498991
20260929,sigmoid,0.75,1.0,16,electronic,True,0.0009982312056110165,0.0017824986182411462
20260929,sigmoid,0.75,1.0,16,pop,True,-0.0023279187050133376,-0.0071666938178365225
20260929,sigmoid,0.75,1.0,16,ambient,True,4.4224143222915124e-05,-0.0013043293581850302
20260929,sigmoid,0.75,1.0,16,rock,True,-0.005931692427332477,-0.019522375852215557
20260929,sigmoid,0.75,1.0,17,macro,True,-0.0008848432224155996,-0.001903836948965107
20260929,sigmoid,0.75,1.0,17,electronic,True,0.001118006096431784,0.0015708582380618563
20260929,sigmoid,0.75,1.0,17,pop,True,0.0006463035661756766,0.006588939540469574
20260929,sigmoid,0.75,1.0,17,ambient,True,0.00030385935530719,0.00015513096324937248
20260929,sigmoid,0.75,1.0,17,rock,True,-0.005607541907577049,-0.01593027653764123
20260929,sigmoid,0.75,1.0,18,macro,True,-0.00200564398940967,-0.006890175550678376
20260929,sigmoid,0.75,1.0,18,electronic,True,-0.006251513829073241,-0.013503196740320078
20260929,sigmoid,0.75,1.0,18,pop,True,-0.0031632451688498042,-0.015451348109551954
20260929,sigmoid,0.75,1.0,18,ambient,True,-0.0006538285011110923,-0.0009547156793720535
20260929,sigmoid,0.75,1.0,18,rock,True,0.0020460115413954566,0.002348558326530581
20260929,sigmoid,0.75,1.0,19,macro,True,-0.0013838486888173053,-0.0028414723509736506
20260929,sigmoid,0.75,1.0,19,electronic,True,-0.002212508331035923,-0.0050753430141376454
20260929,sigmoid,0.75,1.0,19,pop,True,-0.00048689693279294066,0.0027531010987391635
20260929,sigmoid,0.75,1.0,19,ambient,True,-0.0005144149088930627,0.00022109556853561196
20260929,sigmoid,0.75,1.0,19,rock,True,-0.002321574582547295,-0.009264743057031732
20260929,sigmoid,0.75,1.0,20,macro,True,0.0009556418129913445,0.0034856978680927603
20260929,sigmoid,0.75,1.0,20,electronic,True,-0.0010256199403487765,-0.0021664370747025985
20260929,sigmoid,0.75,1.0,20,pop,True,0.005354911751652702,0.018386574590880778
20260929,sigmoid,0.75,1.0,20,ambient,True,0.0013660295746075746,0.007963195824105207
20260929,sigmoid,0.75,1.0,20,rock,True,-0.0018727541339461223,-0.010240541867912345
20260929,sigmoid,0.75,1.0,21,macro,True,-0.005805642130229743,-0.02023224949273862
20260929,sigmoid,0.75,1.0,21,electronic,True,-0.0001211558884274544,-0.0001249126435702297
20260929,sigmoid,0.75,1.0,21,pop,True,-0.010421444376667921,-0.04382174689579543
20260929,sigmoid,0.75,1.0,21,ambient,True,-0.0014184749409831277,-0.005211215882915288
20260929,sigmoid,0.75,1.0,21,rock,True,-0.01126149331484047,-0.031771122548673536
20260929,sigmoid,0.75,1.0,22,macro,True,-0.0001711603133670754,-0.0007140147341739428
20260929,sigmoid,0.75,1.0,22,electronic,True,0.0010313108675818194,0.0019114079184271437
20260929,sigmoid,0.75,1.0,22,pop,True,-0.00665404545616749,-0.0240096395373931
20260929,sigmoid,0.75,1.0,22,ambient,True,0.0005019033906605574,0.0016796459364566418
20260929,sigmoid,0.75,1.0,22,rock,True,0.0044361899444568115,0.017562526745813545
20260929,sigmoid,0.75,1.0,23,macro,True,0.000706468431280409,0.0033399282138449338
20260929,sigmoid,0.75,1.0,23,electronic,True,-0.0020785200963016615,-0.004049136066901549
20260929,sigmoid,0.75,1.0,23,pop,True,0.00795369187041442,0.02329060755507817
20260929,sigmoid,0.75,1.0,23,ambient,True,-0.0005495232182539667,0.00018296569693121434
20260929,sigmoid,0.75,1.0,23,rock,True,-0.002499774830737156,-0.0060647243297280995
20260929,sigmoid,0.75,1.0,24,macro,True,0.0018696207282355506,0.006275401453456272
20260929,sigmoid,0.75,1.0,24,electronic,True,-0.0001489091395150688,-0.00015744549891988369
20260929,sigmoid,0.75,1.0,24,pop,True,0.001301925486596911,0.0025014134328493753
20260929,sigmoid,0.75,1.0,24,ambient,True,0.0009079882209869217,0.006372059143016862
20260929,sigmoid,0.75,1.0,24,rock,True,0.005417478344873439,0.016385578736878736
20260929,sigmoid,0.75,1.0,25,macro,True,4.284050817021309e-05,-0.002247791395269788
20260929,sigmoid,0.75,1.0,25,electronic,True,0.0016430918514100668,0.002783250786725977
20260929,sigmoid,0.75,1.0,25,pop,True,0.00036887458002352047,0.0035021812363077442
20260929,sigmoid,0.75,1.0,25,ambient,True,-0.004269953286930639,-0.025476789937869893
20260929,sigmoid,0.75,1.0,25,rock,True,0.002429348888177904,0.010200192333757019
20260929,sigmoid,0.75,1.0,26,macro,True,-0.0001574790622360621,-0.006039136027110703
20260929,sigmoid,0.75,1.0,26,electronic,True,0.001250490948105587,0.0010027181538315166
20260929,sigmoid,0.75,1.0,26,pop,True,-0.008038498963328061,-0.04828347279544387
20260929,sigmoid,0.75,1.0,26,ambient,True,0.00037231521393277234,0.002283299138069572
20260929,sigmoid,0.75,1.0,26,rock,True,0.0057857765523454535,0.02084091139509997
20260929,sigmoid,0.75,1.0,27,macro,True,-0.0020960398447802675,-0.0067055821757712325
20260929,sigmoid,0.75,1.0,27,electronic,True,-0.000242603477181913,-0.0009048254193539385
20260929,sigmoid,0.75,1.0,27,pop,True,-0.0068174973046670195,-0.019301778912214407
20260929,sigmoid,0.75,1.0,27,ambient,True,-1.786771004119725e-05,-0.002233128501512527
20260929,sigmoid,0.75,1.0,27,rock,True,-0.0013061908872309402,-0.004382595870004058
20260929,sigmoid,0.75,1.0,28,macro,True,-0.0010815852899495465,-0.0024399125723608
20260929,sigmoid,0.75,1.0,28,electronic,True,-0.0026944163354732653,-0.005334240664443046
20260929,sigmoid,0.75,1.0,28,pop,True,-0.0014465077096685597,-0.0006932902630676363
20260929,sigmoid,0.75,1.0,28,ambient,True,0.0006446511090591467,0.003408293016103403
20260929,sigmoid,0.75,1.0,28,rock,True,-0.0008300682237155077,-0.007140412378035921
20260929,sigmoid,0.75,1.0,29,macro,True,-0.001633249185455335,-0.007430834375697623
20260929,sigmoid,0.75,1.0,29,electronic,True,0.0011601457003883597,0.0006515926454971344
20260929,sigmoid,0.75,1.0,29,pop,True,-0.004474366713446087,-0.020309018604823148
20260929,sigmoid,0.75,1.0,29,ambient,True,-0.00028566510028155134,-0.00013458739399380137
20260929,sigmoid,0.75,1.0,29,rock,True,-0.0029331106284820607,-0.009931324149470677
20260929,sigmoid,0.25,1.0,0,macro,True,-0.013230618666568068,-0.036400012953787975
20260929,sigmoid,0.25,1.0,0,electronic,True,-0.025260622003227373,-0.06940604598221295
20260929,sigmoid,0.25,1.0,0,pop,True,0.008347733963931042,0.025249813568064106
20260929,sigmoid,0.25,1.0,0,ambient,True,-0.011325307956775665,-0.020984379655984042
20260929,sigmoid,0.25,1.0,0,rock,True,-0.024684278670200274,-0.08045943974501901
20260929,sigmoid,0.25,1.0,1,macro,True,-0.016354982513039747,-0.04875635527883576
20260929,sigmoid,0.25,1.0,1,electronic,True,-0.004566691748154661,-0.013722249710267864
20260929,sigmoid,0.25,1.0,1,pop,True,-0.00255986812233161,-0.00021100407946927913
20260929,sigmoid,0.25,1.0,1,ambient,True,-0.006727302981654526,-0.03423188832406798
20260929,sigmoid,0.25,1.0,1,rock,True,-0.05156606720001819,-0.14686027900153792
20260929,sigmoid,0.25,1.0,2,macro,True,-0.017593740622581656,-0.618258044289623
20260929,sigmoid,0.25,1.0,2,electronic,True,-0.005747328102584742,-0.012116424896541467
20260929,sigmoid,0.25,1.0,2,pop,True,-0.03839722682210081,-0.583484930753018
20260929,sigmoid,0.25,1.0,2,ambient,True,-0.0033457257608104363,-0.023941090566433898
20260929,sigmoid,0.25,1.0,2,rock,True,-0.022884681804830637,-1.853489730942499
20260929,sigmoid,0.25,1.0,3,macro,True,-0.01026963631824743,-0.037367809410039934
20260929,sigmoid,0.25,1.0,3,electronic,True,-0.01482962314260941,-0.03200021756742455
20260929,sigmoid,0.25,1.0,3,pop,True,-0.018194252327026983,-0.11337722149353258
20260929,sigmoid,0.25,1.0,3,ambient,True,-0.011929072412895758,-0.021613684439639458
20260929,sigmoid,0.25,1.0,3,rock,True,0.0038744026095424294,0.017519885860436846
20260929,sigmoid,0.25,1.0,4,macro,True,-0.01232387836627082,-0.07086642597940047
20260929,sigmoid,0.25,1.0,4,electronic,True,-0.012117312175063316,-0.038799844854747856
20260929,sigmoid,0.25,1.0,4,pop,True,-0.02928707435996253,-0.2268776210047465
20260929,sigmoid,0.25,1.0,4,ambient,True,-0.0010083677990321838,0.0023795250076254493
20260929,sigmoid,0.25,1.0,4,rock,True,-0.006882759131025248,-0.02016776306573298
20260929,sigmoid,0.25,1.0,5,macro,True,-0.017090698850822556,-0.052176018325023305
20260929,sigmoid,0.25,1.0,5,electronic,True,-0.015104656982876469,-0.03677306120574875
20260929,sigmoid,0.25,1.0,5,pop,True,-0.006202350374090004,-0.026168466426992998
20260929,sigmoid,0.25,1.0,5,ambient,True,-0.006666008275691776,-0.014268601099575506
20260929,sigmoid,0.25,1.0,5,rock,True,-0.040389779770631976,-0.13149394456777597
20260929,sigmoid,0.25,1.0,6,macro,True,-0.005228488099600727,-0.01849539664482437
20260929,sigmoid,0.25,1.0,6,electronic,True,-0.004484831707853548,-0.01755183871494892
20260929,sigmoid,0.25,1.0,6,pop,True,0.002625995658767588,-0.0017386201335537477
20260929,sigmoid,0.25,1.0,6,ambient,True,-0.012761868188724157,-0.021987857816432754
20260929,sigmoid,0.25,1.0,6,rock,True,-0.00629324816059279,-0.032703269914362065
20260929,sigmoid,0.25,1.0,7,macro,True,-0.005657027588272152,-0.023189205784520134
20260929,sigmoid,0.25,1.0,7,electronic,True,-0.007762044774577037,-0.01646419320398701
20260929,sigmoid,0.25,1.0,7,pop,True,-0.009348841974291089,-0.023575867538451534
20260929,sigmoid,0.25,1.0,7,ambient,True,-0.01117485761131104,-0.06682706701324104
20260929,sigmoid,0.25,1.0,7,rock,True,0.005657634007090559,0.014110304617599045
20260929,sigmoid,0.25,1.0,8,macro,True,-0.021775773671651115,-0.08363639873936915
20260929,sigmoid,0.25,1.0,8,electronic,True,-0.06381030946639452,-0.15468486393036268
20260929,sigmoid,0.25,1.0,8,pop,True,-0.030774736391226465,-0.21564183851113095
20260929,sigmoid,0.25,1.0,8,ambient,True,0.0008089731960348456,0.008393571255033816
20260929,sigmoid,0.25,1.0,8,rock,True,0.006672977974981675,0.02738753622898321
20260929,sigmoid,0.25,1.0,9,macro,True,-0.0106017122539794,-0.06883035463326741
20260929,sigmoid,0.25,1.0,9,electronic,True,0.0009829853669242605,0.0014313222380673563
20260929,sigmoid,0.25,1.0,9,pop,True,0.010019507949871137,0.025704920735252768
20260929,sigmoid,0.25,1.0,9,ambient,True,-0.04998269252509385,-0.2957144846276396
20260929,sigmoid,0.25,1.0,9,rock,True,-0.003426649807619142,-0.006743176878750146
20260929,sigmoid,0.25,1.0,10,macro,True,-0.0012630802614094425,-0.002819199303225925
20260929,sigmoid,0.25,1.0,10,electronic,True,0.0022908482658726415,0.0032995801042870476
20260929,sigmoid,0.25,1.0,10,pop,True,-0.011760873506094643,-0.02914215298109446
20260929,sigmoid,0.25,1.0,10,ambient,True,-0.0007503153305931098,-0.006911606032754647
20260929,sigmoid,0.25,1.0,10,rock,True,0.005168019525177342,0.02147738169665836
20260929,sigmoid,0.25,1.0,11,macro,True,-0.009498508716843657,-0.05182872158502591
20260929,sigmoid,0.25,1.0,11,electronic,True,0.0018871221928819237,8.770066611885063e-05
20260929,sigmoid,0.25,1.0,11,pop,True,-0.032134155161826494,-0.16431489870017746
20260929,sigmoid,0.25,1.0,11,ambient,True,-0.004392712211248095,-0.019880155291491508
20260929,sigmoid,0.25,1.0,11,rock,True,-0.0033542896871819605,-0.023207533014553527
20260929,sigmoid,0.25,1.0,12,macro,True,-0.024614651423639437,-0.06976036938458915
20260929,sigmoid,0.25,1.0,12,electronic,True,-0.02687241479024738,-0.062195773923689746
20260929,sigmoid,0.25,1.0,12,pop,True,-0.0268828328695703,-0.09103744200813457
20260929,sigmoid,0.25,1.0,12,ambient,True,-0.0278018527466182,-0.06284670234609047
20260929,sigmoid,0.25,1.0,12,rock,True,-0.01690150528812187,-0.06296155926044184
20260929,sigmoid,0.25,1.0,13,macro,True,-0.011176674538766671,-0.06671141940650072
20260929,sigmoid,0.25,1.0,13,electronic,True,-0.011729498953625989,-0.040163321577430244
20260929,sigmoid,0.25,1.0,13,pop,True,-0.020459501736714625,-0.20444752249531395
20260929,sigmoid,0.25,1.0,13,ambient,True,-0.014707009811720906,-0.032862716676983816
20260929,sigmoid,0.25,1.0,13,rock,True,0.0021893123469948345,0.010627883123725146
20260929,sigmoid,0.25,1.0,14,macro,True,-0.0027383256602180814,-0.02371214178046585
20260929,sigmoid,0.25,1.0,14,electronic,True,-0.008225632370615493,-0.06759266959067128
20260929,sigmoid,0.25,1.0,14,pop,True,-0.005233977444029647,-0.026140316936850483
20260929,sigmoid,0.25,1.0,14,ambient,True,-0.0009260793241103182,-0.009479250859974808
20260929,sigmoid,0.25,1.0,14,rock,True,0.003432386497883133,0.008363670265633172
20260929,sigmoid,0.25,1.0,15,macro,True,-0.026731283690471366,-0.09155555936627095
20260929,sigmoid,0.25,1.0,15,electronic,True,-0.013420186509879944,-0.04523409119590255
20260929,sigmoid,0.25,1.0,15,pop,True,-0.05464317322562301,-0.1624310395497125
20260929,sigmoid,0.25,1.0,15,ambient,True,-0.016748408333861348,-0.09182024030539881
20260929,sigmoid,0.25,1.0,15,rock,True,-0.02211336669252116,-0.06673686641406995
20260929,sigmoid,0.25,1.0,16,macro,True,-0.0169348426133844,-0.05423483646158499
20260929,sigmoid,0.25,1.0,16,electronic,True,-0.023280188463287388,-0.07185235850311683
20260929,sigmoid,0.25,1.0,16,pop,True,-0.015471231666449065,-0.06878678110230574
20260929,sigmoid,0.25,1.0,16,ambient,True,-0.023208014920252817,-0.053159213847264075
20260929,sigmoid,0.25,1.0,16,rock,True,-0.005779935403548334,-0.023140992393653304
20260929,sigmoid,0.25,1.0,17,macro,True,-0.004223799644787831,-0.009814695708164498
20260929,sigmoid,0.25,1.0,17,electronic,True,-0.0027547599181434734,-0.012307796735308019
20260929,sigmoid,0.25,1.0,17,pop,True,-0.0018645987725990631,0.0016825273168294963
20260929,sigmoid,0.25,1.0,17,ambient,True,0.00011304962882735525,0.007247249261541411
20260929,sigmoid,0.25,1.0,17,rock,True,-0.012388889517236143,-0.03588076267572088
20260929,sigmoid,0.25,1.0,18,macro,True,-0.01316998877451022,-0.0974905217639984
20260929,sigmoid,0.25,1.0,18,electronic,True,-0.0037390883568179933,-0.028780789876096613
20260929,sigmoid,0.25,1.0,18,pop,True,-0.04622571322395977,-0.3274016435614797
20260929,sigmoid,0.25,1.0,18,ambient,True,-0.007777308734208066,-0.04928387633952458
20260929,sigmoid,0.25,1.0,18,rock,True,0.005062155216944947,0.015504222721107297
20260929,sigmoid,0.25,1.0,19,macro,True,-0.004151031429036577,-0.015178030471181186
20260929,sigmoid,0.25,1.0,19,electronic,True,-0.010837468350952728,-0.031130952215968177
20260929,sigmoid,0.25,1.0,19,pop,True,0.005530060079937227,0.015271641599734043
20260929,sigmoid,0.25,1.0,19,ambient,True,0.0007312298646967585,0.00818035819498808
20260929,sigmoid,0.25,1.0,19,rock,True,-0.012027947309827564,-0.05303316946347869
20260929,sigmoid,0.25,1.0,20,macro,True,-0.009404062279457958,-0.05933012059019739
20260929,sigmoid,0.25,1.0,20,electronic,True,-0.0014852202315770724,-0.00392287339064723
20260929,sigmoid,0.25,1.0,20,pop,True,-0.030303263170015693,-0.2095556938259494
20260929,sigmoid,0.25,1.0,20,ambient,True,-0.0025354950788318287,-0.003182924254032049
20260929,sigmoid,0.25,1.0,20,rock,True,-0.003292270637407238,-0.020658990890160878
20260929,sigmoid,0.25,1.0,21,macro,True,-0.0055350926694285076,-0.012530611164933453
20260929,sigmoid,0.25,1.0,21,electronic,True,-0.005958202032862375,-0.012878373114443342
20260929,sigmoid,0.25,1.0,21,pop,True,-0.0027524913618695024,-0.00795530237850417
20260929,sigmoid,0.25,1.0,21,ambient,True,-0.007625102651743376,-0.013316435340555155
20260929,sigmoid,0.25,1.0,21,rock,True,-0.005804574631238776,-0.015972333826231144
20260929,sigmoid,0.25,1.0,22,macro,True,-0.0034464635955785035,-0.019095315400215723
20260929,sigmoid,0.25,1.0,22,electronic,True,0.0014751886239049994,0.002553880256481289
20260929,sigmoid,0.25,1.0,22,pop,True,-0.001430434843676942,-0.0005777474751442746
20260929,sigmoid,0.25,1.0,22,ambient,True,-0.020680391552437255,-0.10774260463222851
20260929,sigmoid,0.25,1.0,22,rock,True,0.006849783389895184,0.029385210250028604
20260929,sigmoid,0.25,1.0,23,macro,True,-0.004809874056422879,-0.018223770774558973
20260929,sigmoid,0.25,1.0,23,electronic,True,-0.0011690370552234208,-0.0070738736454175055
20260929,sigmoid,0.25,1.0,23,pop,True,-0.0022506397435980985,-0.019387938978759678
20260929,sigmoid,0.25,1.0,23,ambient,True,-0.02170406873416883,-0.06384050691131227
20260929,sigmoid,0.25,1.0,23,rock,True,0.005884249307298833,0.01740723643725356
20260929,sigmoid,0.25,1.0,24,macro,True,0.00012273447291336406,-0.002934161749638481
20260929,sigmoid,0.25,1.0,24,electronic,True,0.0021580528411115907,0.0030241602276989132
20260929,sigmoid,0.25,1.0,24,pop,True,0.005100613398601822,0.017725732385959314
20260929,sigmoid,0.25,1.0,24,ambient,True,0.0007319282937055804,0.00386270377654796
20260929,sigmoid,0.25,1.0,24,rock,True,-0.007499656641765537,-0.03634924338876011
20260929,sigmoid,0.25,1.0,25,macro,True,-0.00392033823488095,-0.016929215769112008
20260929,sigmoid,0.25,1.0,25,electronic,True,0.0019908411960132544,0.0025959838376239386
20260929,sigmoid,0.25,1.0,25,pop,True,-0.0006903137944093141,0.002584711942151152
20260929,sigmoid,0.25,1.0,25,ambient,True,-0.01891860384129121,-0.07055629451540246
20260929,sigmoid,0.25,1.0,25,rock,True,0.0019367235001634675,-0.002341264340820659
20260929,sigmoid,0.25,1.0,26,macro,True,-0.0025744536944119524,-0.008493460100713168
20260929,sigmoid,0.25,1.0,26,electronic,True,-0.005863129875728679,-0.015199574594951248
20260929,sigmoid,0.25,1.0,26,pop,True,0.0018288087591190882,0.006661895522442007
20260929,sigmoid,0.25,1.0,26,ambient,True,-0.0024859894535669558,-0.017069417440304213
20260929,sigmoid,0.25,1.0,26,rock,True,-0.0037775042074712634,-0.008366743890039219
20260929,sigmoid,0.25,1.0,27,macro,True,-0.02192228236337104,-0.05544090194245761
20260929,sigmoid,0.25,1.0,27,electronic,True,-0.00815025838772801,-0.021739469279698276
20260929,sigmoid,0.25,1.0,27,pop,True,-0.050945063632811566,-0.121164943446612
20260929,sigmoid,0.25,1.0,27,ambient,True,0.00028117800555224615,0.007975510863199642
20260929,sigmoid,0.25,1.0,27,rock,True,-0.028874985438496828,-0.08683470590671982
20260929,sigmoid,0.25,1.0,28,macro,True,-0.0075031592207497055,-0.06282199699117198
20260929,sigmoid,0.25,1.0,28,electronic,True,-0.009496289843015787,-0.02160373451395914
20260929,sigmoid,0.25,1.0,28,pop,True,-0.013729089622543433,-0.09659326759196851
20260929,sigmoid,0.25,1.0,28,ambient,True,-0.014883257688691143,-0.16379468632516225
20260929,sigmoid,0.25,1.0,28,rock,True,0.008096000271251541,0.030703700466401973
20260929,sigmoid,0.25,1.0,29,macro,True,0.0003591518628447768,-0.003347779895840855
20260929,sigmoid,0.25,1.0,29,electronic,True,6.003351553943159e-05,-0.0013833188334329005
20260929,sigmoid,0.25,1.0,29,pop,True,0.0003187045121325338,-0.012703787881318984
20260929,sigmoid,0.25,1.0,29,ambient,True,0.0012608640483655342,0.009193551040285075
20260929,sigmoid,0.25,1.0,29,rock,True,-0.00020299462465839246,-0.00849756390889661
20260929,temperature,0.25,0.5,0,macro,True,-0.002472823130902038,-0.008290049732960117
20260929,temperature,0.25,0.5,0,electronic,True,-4.546646521155773e-05,7.910588305615196e-05
20260929,temperature,0.25,0.5,0,pop,True,-0.0021404200193838874,-0.006901290772483137
20260929,temperature,0.25,0.5,0,ambient,True,0.002123402244148004,0.008815945974381734
20260929,temperature,0.25,0.5,0,rock,True,-0.009828808283160712,-0.035153960016795216
20260929,temperature,0.25,0.5,1,macro,True,-0.002134429841481319,-0.007780346802880728
20260929,temperature,0.25,0.5,1,electronic,True,-0.0010475115685632808,-0.004371078914738757
20260929,temperature,0.25,0.5,1,pop,True,-0.00020183485415858904,-0.0017400077744544884
20260929,temperature,0.25,0.5,1,ambient,True,-0.0001926589667720635,-0.0008336839404535779
20260929,temperature,0.25,0.5,1,rock,True,-0.007095713976431342,-0.024176616581876087
20260929,temperature,0.25,0.5,2,macro,True,-0.005244642936371037,-0.12686087490948483
20260929,temperature,0.25,0.5,2,electronic,True,-5.7976805882292703e-05,-0.0013200605635859675
20260929,temperature,0.25,0.5,2,pop,True,-0.018815428763544306,-0.43875523474348876
20260929,temperature,0.25,0.5,2,ambient,True,0.006885809416442484,0.02621318745218293
20260929,temperature,0.25,0.5,2,rock,True,-0.008990975592500033,-0.09358139178304747
20260929,temperature,0.25,0.5,3,macro,True,-0.0037894968098206513,-0.024643946453212426
20260929,temperature,0.25,0.5,3,electronic,True,-8.639454687567327e-05,-0.0003889228647759313
20260929,temperature,0.25,0.5,3,pop,True,-0.013922562622336043,-0.09273128909151429
20260929,temperature,0.25,0.5,3,ambient,True,-0.0010659614926611938,-0.00443218128139844
20260929,temperature,0.25,0.5,3,rock,True,-8.306857740969509e-05,-0.0010233925751610418
20260929,temperature,0.25,0.5,4,macro,True,-0.0012762732439928447,-0.024732570161414655
20260929,temperature,0.25,0.5,4,electronic,True,0.0009951268308559247,0.0058026719506367175
20260929,temperature,0.25,0.5,4,pop,True,-0.01326830711105717,-0.1338347099870486
20260929,temperature,0.25,0.5,4,ambient,True,0.005302241062815655,0.020387703893463227
20260929,temperature,0.25,0.5,4,rock,True,0.0018658462414142124,0.008714053497290042
20260929,temperature,0.25,0.5,5,macro,True,-0.0006302835594856789,-0.0031017286933390648
20260929,temperature,0.25,0.5,5,electronic,True,-0.0016626141017432594,-0.006688590153737628
20260929,temperature,0.25,0.5,5,pop,True,0.0002842352780562385,0.0015840940459110886
20260929,temperature,0.25,0.5,5,ambient,True,0.0017152212495132324,0.007849897520675553
20260929,temperature,0.25,0.5,5,rock,True,-0.002857976663768927,-0.015152316186205272
20260929,temperature,0.25,0.5,6,macro,True,-0.004152395158174272,-0.0180896923895716
20260929,temperature,0.25,0.5,6,electronic,True,-0.0015846106745138477,-0.0053992594047229114
20260929,temperature,0.25,0.5,6,pop,True,-0.004570828188577042,-0.024673165508313666
20260929,temperature,0.25,0.5,6,ambient,True,-0.0020099705303235904,-0.007160988591133344
20260929,temperature,0.25,0.5,6,rock,True,-0.008444171239282608,-0.035125356054116486
20260929,temperature,0.25,0.5,7,macro,True,-0.0044133087407535534,-0.012891974799250625
20260929,temperature,0.25,0.5,7,electronic,True,0.0028191482140105806,0.01318165534637239
20260929,temperature,0.25,0.5,7,pop,True,-0.01763708872237707,-0.047194669812952506
20260929,temperature,0.25,0.5,7,ambient,True,-0.007868945997451526,-0.04055666280789538
20260929,temperature,0.25,0.5,7,rock,True,0.005033651542803802,0.023001778077473
20260929,temperature,0.25,0.5,8,macro,True,-0.0039422392549753466,-0.03265106455219105
20260929,temperature,0.25,0.5,8,electronic,True,0.0006792346451101605,0.001802673263912924
20260929,temperature,0.25,0.5,8,pop,True,-0.0220217358428689,-0.16205451514345814
20260929,temperature,0.25,0.5,8,ambient,True,0.0007162994083317609,0.0008246502339261941
20260929,temperature,0.25,0.5,8,rock,True,0.004857244769525593,0.028822933436854825
20260929,temperature,0.25,0.5,9,macro,True,-0.00016651900030180758,-0.0008533795431151792
20260929,temperature,0.25,0.5,9,electronic,True,5.611471696737036e-05,-0.0004105588014326478
20260929,temperature,0.25,0.5,9,pop,True,0.000990291505836266,0.002530698732036929
20260929,temperature,0.25,0.5,9,ambient,True,-0.0054297311796086545,-0.025710609505930404
20260929,temperature,0.25,0.5,9,rock,True,0.003717248955597788,0.020176951402865406
20260929,temperature,0.25,0.5,10,macro,True,0.0031121908505856166,0.0141400581551136
20260929,temperature,0.25,0.5,10,electronic,True,-0.00014946708855265167,-0.0005223307156798085
20260929,temperature,0.25,0.5,10,pop,True,0.007178497436555714,0.03396472683540508
20260929,temperature,0.25,0.5,10,ambient,True,0.004784144916165078,0.016544916131989496
20260929,temperature,0.25,0.5,10,rock,True,0.0006355881381743256,0.006572920368739632
20260929,temperature,0.25,0.5,11,macro,True,-0.0029169211713951405,-0.013465306876864008
20260929,temperature,0.25,0.5,11,electronic,True,-0.00027103996300309463,-0.0016123143207118495
20260929,temperature,0.25,0.5,11,pop,True,-0.0014598082341523433,-0.010795598843084009
20260929,temperature,0.25,0.5,11,ambient,True,-0.0028477112239195523,-0.010619674237693943
20260929,temperature,0.25,0.5,11,rock,True,-0.007089125264505572,-0.03083364010596623
20260929,temperature,0.25,0.5,12,macro,True,-0.003841790712327802,-0.014760012825461272
20260929,temperature,0.25,0.5,12,electronic,True,0.0008710189531082602,0.003649570193111462
20260929,temperature,0.25,0.5,12,pop,True,-0.0012667289076898625,-0.0049079842180405064
20260929,temperature,0.25,0.5,12,ambient,True,-0.0026143072994044003,-0.011554725545149247
20260929,temperature,0.25,0.5,12,rock,True,-0.012357145595325206,-0.046226911731766795
20260929,temperature,0.25,0.5,13,macro,True,-0.007025599241564831,-0.06256442609964706
20260929,temperature,0.25,0.5,13,electronic,True,-0.004776923919662945,-0.01845805754729707
20260929,temperature,0.25,0.5,13,pop,True,-0.026690330847652266,-0.24933759535701794
20260929,temperature,0.25,0.5,13,ambient,True,0.0009642523725649221,0.004232571181132627
20260929,temperature,0.25,0.5,13,rock,True,0.002400605428490965,0.013305377324594136
20260929,temperature,0.25,0.5,14,macro,True,-0.0032109881416568196,-0.02073869223960563
20260929,temperature,0.25,0.5,14,electronic,True,-0.009637810346467268,-0.06449927668642746
20260929,temperature,0.25,0.5,14,pop,True,-0.003964825144311873,-0.02143930391593285
20260929,temperature,0.25,0.5,14,ambient,True,0.0006864299796622286,0.002617910268454482
20260929,temperature,0.25,0.5,14,rock,True,7.225294448963415e-05,0.0003659013754833129
20260929,temperature,0.25,0.5,15,macro,True,-0.0013074496197600718,-0.004237098885466431
20260929,temperature,0.25,0.5,15,electronic,True,-0.0036874260539836168,-0.015284387601632199
20260929,temperature,0.25,0.5,15,pop,True,-0.0018278949858467342,-0.00710009065485373
20260929,temperature,0.25,0.5,15,ambient,True,0.004470505417729254,0.0211596620512865
20260929,temperature,0.25,0.5,15,rock,True,-0.00418498285693919,-0.015723579336666293
20260929,temperature,0.25,0.5,16,macro,True,-0.0026165642755549,-0.006146300696292822
20260929,temperature,0.25,0.5,16,electronic,True,-0.007940267846863469,-0.02842167122196565
20260929,temperature,0.25,0.5,16,pop,True,0.005681848972333231,0.0409086277020535
20260929,temperature,0.25,0.5,16,ambient,True,-0.002794687290367387,-0.011621677211396286
20260929,temperature,0.25,0.5,16,rock,True,-0.0054131509373219755,-0.025450482053862855
20260929,temperature,0.25,0.5,17,macro,True,6.674451672589177e-05,0.0001245611626799481
20260929,temperature,0.25,0.5,17,electronic,True,-0.0019699851510748545,-0.007247063423210132
20260929,temperature,0.25,0.5,17,pop,True,0.00031730987941069877,0.0012537496358793199
20260929,temperature,0.25,0.5,17,ambient,True,0.0013866337446239996,0.004057518524977488
20260929,temperature,0.25,0.5,17,rock,True,0.0005330195939437232,0.002434039913073116
20260929,temperature,0.25,0.5,18,macro,True,-0.002090016474412027,-0.027396883813603695
20260929,temperature,0.25,0.5,18,electronic,True,0.00031541617081956574,0.0016868414923754682
20260929,temperature,0.25,0.5,18,pop,True,-0.013159510643287492,-0.12466833144659106
20260929,temperature,0.25,0.5,18,ambient,True,0.0036409058307091124,0.011073698835594947
20260929,temperature,0.25,0.5,18,rock,True,0.0008431227441107053,0.002320255864205867
20260929,temperature,0.25,0.5,19,macro,True,-0.0024903392941429472,-0.009303325509404853
20260929,temperature,0.25,0.5,19,electronic,True,-0.004103293639695305,-0.014898879686569055
20260929,temperature,0.25,0.5,19,pop,True,-0.0012625726482736466,-0.00547558207808807
20260929,temperature,0.25,0.5,19,ambient,True,0.0019187929945875537,0.006423066985470127
20260929,temperature,0.25,0.5,19,rock,True,-0.0065142838831903915,-0.023261907258432413
20260929,temperature,0.25,0.5,20,macro,True,-0.006354260754163017,-0.042101499792123284
20260929,temperature,0.25,0.5,20,electronic,True,-3.729357249376841e-06,0.0013674712891204033
20260929,temperature,0.25,0.5,20,pop,True,-0.023488197496482566,-0.16052427423275073
20260929,temperature,0.25,0.5,20,ambient,True,0.0009896914042493432,0.0030402234573040365
20260929,temperature,0.25,0.5,20,rock,True,-0.0029148075671694695,-0.012289419682166847
20260929,temperature,0.25,0.5,21,macro,True,0.002819925851439732,0.019810038781804512
20260929,temperature,0.25,0.5,21,electronic,True,0.00033388091679220633,0.00014592148631970003
20260929,temperature,0.25,0.5,21,pop,True,0.014236918867947868,0.09463817460567459
20260929,temperature,0.25,0.5,21,ambient,True,-0.002857211889170763,-0.011910286767709333
20260929,temperature,0.25,0.5,21,rock,True,-0.0004338844898103822,-0.0036336541970669045
20260929,temperature,0.25,0.5,22,macro,True,0.0014906271819238315,0.007994027400904088
20260929,temperature,0.25,0.5,22,electronic,True,0.00029020269670956833,0.001081722914017924
20260929,temperature,0.25,0.5,22,pop,True,0.006912446560195906,0.03471312186844677
20260929,temperature,0.25,0.5,22,ambient,True,-0.001165946473137447,-0.0038022581833248026
20260929,temperature,0.25,0.5,22,rock,True,-7.419405607270169e-05,-1.6476995523539983e-05
20260929,temperature,0.25,0.5,23,macro,True,-0.004603449763255853,-0.023458032729459816
20260929,temperature,0.25,0.5,23,electronic,True,-0.0018824130950028106,-0.008396012162311672
20260929,temperature,0.25,0.5,23,pop,True,-0.007030496726536967,-0.03890146367290592
20260929,temperature,0.25,0.5,23,ambient,True,-0.012493164147188068,-0.061408287849732734
20260929,temperature,0.25,0.5,23,rock,True,0.002992274915704432,0.014873632767111067
20260929,temperature,0.25,0.5,24,macro,True,-0.00022084242643771387,-0.0012376325637075969
20260929,temperature,0.25,0.5,24,electronic,True,0.0017423289715166879,0.008357461314872083
20260929,temperature,0.25,0.5,24,pop,True,0.0014206338374040672,0.0036956734444271166
20260929,temperature,0.25,0.5,24,ambient,True,0.003782508727608991,0.014943415614562361
20260929,temperature,0.25,0.5,24,rock,True,-0.007828841242280601,-0.03194708062869195
20260929,temperature,0.25,0.5,25,macro,True,-0.0036517037546528776,-0.02074353841318527
20260929,temperature,0.25,0.5,25,electronic,True,3.4231377739807334e-05,0.00017556213873304305
20260929,temperature,0.25,0.5,25,pop,True,-0.0008333398191180119,-0.002951511498307524
20260929,temperature,0.25,0.5,25,ambient,True,-0.009601947072834655,-0.05918701654277525
20260929,temperature,0.25,0.5,25,rock,True,-0.004205759504398651,-0.021011187750391347
20260929,temperature,0.25,0.5,26,macro,True,0.00032606292177613655,0.004606403813102844
20260929,temperature,0.25,0.5,26,electronic,True,-0.0016338180606674524,-0.007330047149052221
20260929,temperature,0.25,0.5,26,pop,True,0.008014199040039222,0.044750695756748504
20260929,temperature,0.25,0.5,26,ambient,True,-0.006708336385553487,-0.028949387380189373
20260929,temperature,0.25,0.5,26,rock,True,0.0016322070932862642,0.009954354024904466
20260929,temperature,0.25,0.5,27,macro,True,-0.008024903622280796,-0.024450991565476726
20260929,temperature,0.25,0.5,27,electronic,True,-0.00025268616951498735,5.0459812182879205e-05
20260929,temperature,0.25,0.5,27,pop,True,-0.02160076129328664,-0.05619292389738528
20260929,temperature,0.25,0.5,27,ambient,True,0.0002880668460625291,-0.0008786378173412102
20260929,temperature,0.25,0.5,27,rock,True,-0.010534233872384086,-0.04078286435936329
20260929,temperature,0.25,0.5,28,macro,True,-0.0040951305718434465,-0.027798068911326343
20260929,temperature,0.25,0.5,28,electronic,True,-0.0005348722914781945,-0.001783927544073416
20260929,temperature,0.25,0.5,28,pop,True,-0.01764551515742821,-0.1169836658051403
20260929,temperature,0.25,0.5,28,ambient,True,0.001547836142005432,0.005590269772871581
20260929,temperature,0.25,0.5,28,rock,True,0.00025202901952718626,0.0019850479310367652
20260929,temperature,0.25,0.5,29,macro,True,-0.0019221178785228978,-0.00987443935731179
20260929,temperature,0.25,0.5,29,electronic,True,-0.00036533132969199245,-0.002439243520930723
20260929,temperature,0.25,0.5,29,pop,True,-0.000981260322247851,-0.0068090319033683455
20260929,temperature,0.25,0.5,29,ambient,True,-0.0007849970563055808,-0.0023924565650634833
20260929,temperature,0.25,0.5,29,rock,True,-0.005556882805846167,-0.02785702543988461
20260929,temperature,0.5,0.75,0,macro,True,-0.00016128578782551029,-0.001028635147161422
20260929,temperature,0.5,0.75,0,electronic,True,5.4458925077133236e-05,-6.365534540481166e-05
20260929,temperature,0.5,0.75,0,pop,True,0.001767292887143973,0.005497661345679528
20260929,temperature,0.5,0.75,0,ambient,True,0.002147026170208316,0.009805375737383715
20260929,temperature,0.5,0.75,0,rock,True,-0.004613921133731463,-0.019353922326304118
20260929,temperature,0.5,0.75,1,macro,True,-0.0027917033799183255,-0.01113834875937382
20260929,temperature,0.5,0.75,1,electronic,True,-0.00016397617526534014,9.141170269227894e-05
20260929,temperature,0.5,0.75,1,pop,True,0.0016766856311226097,0.005543169510814572
20260929,temperature,0.5,0.75,1,ambient,True,-0.003874758049858623,-0.015055035677054462
20260929,temperature,0.5,0.75,1,rock,True,-0.008804764925671948,-0.03513294057394767
20260929,temperature,0.5,0.75,2,macro,True,-0.0045390545794391085,-0.039058511806288804
20260929,temperature,0.5,0.75,2,electronic,True,-0.00020386464716606878,-0.0005398583927721523
20260929,temperature,0.5,0.75,2,pop,True,-0.018767378108329152,-0.162453019937562
20260929,temperature,0.5,0.75,2,ambient,True,-0.0012896723106440577,-0.005752375287575995
20260929,temperature,0.5,0.75,2,rock,True,0.002104696748382845,0.012511206392754937
20260929,temperature,0.5,0.75,3,macro,True,0.0012468496978285497,0.007096892381905293
20260929,temperature,0.5,0.75,3,electronic,True,-0.00026916893568995626,-0.002325619465863571
20260929,temperature,0.5,0.75,3,pop,True,0.005727300076295488,0.031067955297288563
20260929,temperature,0.5,0.75,3,ambient,True,-0.0007241045167119264,-0.002873612368850864
20260929,temperature,0.5,0.75,3,rock,True,0.000253372167420593,0.0025188460650470423
20260929,temperature,0.5,0.75,4,macro,True,-0.0031917032054704537,-0.017922064615332717
20260929,temperature,0.5,0.75,4,electronic,True,-0.0014926691801892544,-0.008524374908971288
20260929,temperature,0.5,0.75,4,pop,True,-0.0072140586653437755,-0.04504782174379751
20260929,temperature,0.5,0.75,4,ambient,True,-0.0020187518938121485,-0.008543035304255375
20260929,temperature,0.5,0.75,4,rock,True,-0.0020413330825366366,-0.009573026504306692
20260929,temperature,0.5,0.75,5,macro,True,-0.0005685359745612011,-0.0027027621271195484
20260929,temperature,0.5,0.75,5,electronic,True,0.00013455909569753954,0.0009705707889386406
20260929,temperature,0.5,0.75,5,pop,True,-0.0031906552991665116,-0.016541566831689947
20260929,temperature,0.5,0.75,5,ambient,True,-0.0003740912733371238,-0.001758434975348111
20260929,temperature,0.5,0.75,5,rock,True,0.0011560435785612916,0.006518382509621223
20260929,temperature,0.5,0.75,6,macro,True,-0.0011557010449199379,-0.00487957016928213
20260929,temperature,0.5,0.75,6,electronic,True,-0.0029258570452937727,-0.011465835402494906
20260929,temperature,0.5,0.75,6,pop,True,-0.0033677304758810422,-0.01453558861626525
20260929,temperature,0.5,0.75,6,ambient,True,0.001090353717834086,0.0037415332646647537
20260929,temperature,0.5,0.75,6,rock,True,0.0005804296236609774,0.0027416100769668827
20260929,temperature,0.5,0.75,7,macro,True,-0.001476404505121591,-0.007378491204488205
20260929,temperature,0.5,0.75,7,electronic,True,-0.002778617718940446,-0.013082117991171316
20260929,temperature,0.5,0.75,7,pop,True,0.003158355056343709,0.010588847605999763
20260929,temperature,0.5,0.75,7,ambient,True,-0.00283034844566854,-0.011763218585654323
20260929,temperature,0.5,0.75,7,rock,True,-0.003455006912221087,-0.015257475847126944
20260929,temperature,0.5,0.75,8,macro,True,0.00033065986170157866,0.0008391504207537342
20260929,temperature,0.5,0.75,8,electronic,True,1.9904697262845827e-05,8.554532385923741e-05
20260929,temperature,0.5,0.75,8,pop,True,0.0004396849709687456,0.001779007558524337
20260929,temperature,0.5,0.75,8,ambient,True,0.0015453432514469234,0.004744024819589798
20260929,temperature,0.5,0.75,8,rock,True,-0.0006822934728722002,-0.0032519760189584357
20260929,temperature,0.5,0.75,9,macro,True,0.00034680946826367437,0.0011314113538156423
20260929,temperature,0.5,0.75,9,electronic,True,-1.3833409309438327e-06,-3.6838451136778083e-06
20260929,temperature,0.5,0.75,9,pop,True,0.001560617306487766,0.005721673758283918
20260929,temperature,0.5,0.75,9,ambient,True,0.0006067567797722884,0.002600580667032948
20260929,temperature,0.5,0.75,9,rock,True,-0.000778752872274413,-0.0037929251649406193
20260929,temperature,0.5,0.75,10,macro,True,0.00018539302025119206,0.0010693772983578764
20260929,temperature,0.5,0.75,10,electronic,True,0.0001458802902986056,0.0005091202293904251
20260929,temperature,0.5,0.75,10,pop,True,-0.0009666427294763302,-0.005390243189359767
20260929,temperature,0.5,0.75,10,ambient,True,3.783516987559965e-05,0.00015620743621314048
20260929,temperature,0.5,0.75,10,rock,True,0.0015244993503068932,0.009002424717187707
20260929,temperature,0.5,0.75,11,macro,True,-0.0017282585185960896,-0.010942904481041488
20260929,temperature,0.5,0.75,11,electronic,True,0.00010131400214155595,-1.814980955683332e-05
20260929,temperature,0.5,0.75,11,pop,True,-0.007795556884507615,-0.046813840540836926
20260929,temperature,0.5,0.75,11,ambient,True,0.0005269637777303715,0.0018000178997241711
20260929,temperature,0.5,0.75,11,rock,True,0.0002542450302513294,0.0012603545265036376
20260929,temperature,0.5,0.75,12,macro,True,0.00012633823741243708,0.00046038109724455545
20260929,temperature,0.5,0.75,12,electronic,True,0.0004601565827081766,0.0021962745186436816
20260929,temperature,0.5,0.75,12,pop,True,0.001162443165797944,0.004483852569522662
20260929,temperature,0.5,0.75,12,ambient,True,-0.00024897502292423046,-0.0010306260556248725
20260929,temperature,0.5,0.75,12,rock,True,-0.0008682717759321418,-0.003807976643563249
20260929,temperature,0.5,0.75,13,macro,True,0.000348772306522787,0.0016198524314841867
20260929,temperature,0.5,0.75,13,electronic,True,3.1811025218986266e-06,-0.00034081589944146007
20260929,temperature,0.5,0.75,13,pop,True,-0.000569850717196202,-0.0025927614510041774
20260929,temperature,0.5,0.75,13,ambient,True,5.132727584628016e-05,0.00023026675638382343
20260929,temperature,0.5,0.75,13,rock,True,0.001910431564919171,0.00918272031999856
20260929,temperature,0.5,0.75,14,macro,True,-0.0008377621150474114,-0.0032455293309728572
20260929,temperature,0.5,0.75,14,electronic,True,-0.00035483213888140575,-0.001265968624758862
20260929,temperature,0.5,0.75,14,pop,True,0.00041808466301448965,0.0020624169270591075
20260929,temperature,0.5,0.75,14,ambient,True,-0.0024485817354845396,-0.008744075108658822
20260929,temperature,0.5,0.75,14,rock,True,-0.0009657192488381899,-0.0050344905175328525
20260929,temperature,0.5,0.75,15,macro,True,-0.003396286290887035,-0.015520029548900638
20260929,temperature,0.5,0.75,15,electronic,True,-5.7894114079887204e-05,-0.0001652339441132744
20260929,temperature,0.5,0.75,15,pop,True,0.0016351928758983059,0.005277628973440862
20260929,temperature,0.5,0.75,15,ambient,True,-0.0076162005898896545,-0.03369672359375908
20260929,temperature,0.5,0.75,15,rock,True,-0.007546243335476904,-0.03349578963117106
20260929,temperature,0.5,0.75,16,macro,True,-0.0023741072009879766,-0.01558511337125272
20260929,temperature,0.5,0.75,16,electronic,True,0.00019302149008454395,8.915486260996364e-05
20260929,temperature,0.5,0.75,16,pop,True,-0.011588807407642204,-0.07335998520307752
20260929,temperature,0.5,0.75,16,ambient,True,-0.0012805574272516107,-0.00473951401666195
20260929,temperature,0.5,0.75,16,rock,True,0.003179914540857365,0.01566989087211862
20260929,temperature,0.5,0.75,17,macro,True,-0.0003549158570530335,-0.0025371898718136304
20260929,temperature,0.5,0.75,17,electronic,True,-0.0014402061096812357,-0.006404969997682253
20260929,temperature,0.5,0.75,17,pop,True,0.0011332835842295108,0.0025433159462072696
20260929,temperature,0.5,0.75,17,ambient,True,0.000812492618037397,0.0027787744598601893
20260929,temperature,0.5,0.75,17,rock,True,-0.001925233520797806,-0.009065879895639728
20260929,temperature,0.5,0.75,18,macro,True,-0.0011457264439616519,-0.0076016177592810735
20260929,temperature,0.5,0.75,18,electronic,True,-0.002310059389853264,-0.010822517692442135
20260929,temperature,0.5,0.75,18,pop,True,-0.0050047518670987,-0.030935768734002944
20260929,temperature,0.5,0.75,18,ambient,True,0.002420103875248991,0.009826967259620623
20260929,temperature,0.5,0.75,18,rock,True,0.0003118016058563655,0.0015248481297001626
20260929,temperature,0.5,0.75,19,macro,True,-0.0016313921579287072,-0.007073935290157318
20260929,temperature,0.5,0.75,19,electronic,True,-0.0006926678603416669,-0.003179124778541209
20260929,temperature,0.5,0.75,19,pop,True,0.0012469526031271272,0.004494329302953348
20260929,temperature,0.5,0.75,19,ambient,True,8.086181486754995e-05,0.00029633299426123916
20260929,temperature,0.5,0.75,19,rock,True,-0.007160715189367839,-0.02990727867930265
20260929,temperature,0.5,0.75,20,macro,True,0.00018314938244573184,0.0002092751284043376
20260929,temperature,0.5,0.75,20,electronic,True,-0.0005896538967129217,-0.002959711051633118
20260929,temperature,0.5,0.75,20,pop,True,0.0017337180757360793,0.005837113184465337
20260929,temperature,0.5,0.75,20,ambient,True,0.00017911434325224018,0.0005954665186409525
20260929,temperature,0.5,0.75,20,rock,True,-0.0005905809924924704,-0.0026357681378558206
20260929,temperature,0.5,0.75,21,macro,True,-0.0015308836624174822,-0.012224412860888684
20260929,temperature,0.5,0.75,21,electronic,True,-0.0006334814258867616,-0.002135949144776106
20260929,temperature,0.5,0.75,21,pop,True,-0.009735874384433074,-0.07123003113446813
20260929,temperature,0.5,0.75,21,ambient,True,0.0004548318048145372,0.001781351719162938
20260929,temperature,0.5,0.75,21,rock,True,0.0037909893558353697,0.022686977116526563
20260929,temperature,0.5,0.75,22,macro,True,-0.0004859700011411623,-0.0023466985959706976
20260929,temperature,0.5,0.75,22,electronic,True,-0.00035563956239939576,-0.0012949483902155445
20260929,temperature,0.5,0.75,22,pop,True,-0.0031065224841557715,-0.017191561918455278
20260929,temperature,0.5,0.75,22,ambient,True,0.0007341276361599314,0.002334167341806692
20260929,temperature,0.5,0.75,22,rock,True,0.0007841544058305866,0.00676554858298134
20260929,temperature,0.5,0.75,23,macro,True,-0.0009634895957083348,-0.004545804445730162
20260929,temperature,0.5,0.75,23,electronic,True,-0.00015123168377642604,-0.00033455959165962224
20260929,temperature,0.5,0.75,23,pop,True,-0.0013676126903941488,-0.006011169445244491
20260929,temperature,0.5,0.75,23,ambient,True,0.0002984078685619451,0.001107551508555349
20260929,temperature,0.5,0.75,23,rock,True,-0.0026335218772247093,-0.012945040254571882
20260929,temperature,0.5,0.75,24,macro,True,-0.0011234289725866181,-0.005366621375770139
20260929,temperature,0.5,0.75,24,electronic,True,-0.002132233599939304,-0.00956218878563092
20260929,temperature,0.5,0.75,24,pop,True,0.004219229348220305,0.01807792335536751
20260929,temperature,0.5,0.75,24,ambient,True,-0.0031259608703624597,-0.012593014732193542
20260929,temperature,0.5,0.75,24,rock,True,-0.0034547507682650136,-0.017389205340623604
20260929,temperature,0.5,0.75,25,macro,True,-0.001285964247726954,-0.0067592626250863735
20260929,temperature,0.5,0.75,25,electronic,True,1.3711439016961258e-06,-0.001033295789893085
20260929,temperature,0.5,0.75,25,pop,True,0.0023791571846839277,0.009105040448773916
20260929,temperature,0.5,0.75,25,ambient,True,-0.007216379717480126,-0.033305763162065016
20260929,temperature,0.5,0.75,25,rock,True,-0.0003080056020133143,-0.0018030319971613085
20260929,temperature,0.5,0.75,26,macro,True,0.00035899835027046814,0.0021694688023500414
20260929,temperature,0.5,0.75,26,electronic,True,0.0002477065989125449,0.0014358096124273412
20260929,temperature,0.5,0.75,26,pop,True,0.00173078914500302,0.012094061295903291
20260929,temperature,0.5,0.75,26,ambient,True,0.0007323532305919256,0.0026960711846117924
20260929,temperature,0.5,0.75,26,rock,True,-0.0012748555734256178,-0.007548066883542259
20260929,temperature,0.5,0.75,27,macro,True,0.0009574411265030856,0.00209805338209737
20260929,temperature,0.5,0.75,27,electronic,True,0.0002217687355658693,-0.0001686104814168088
20260929,temperature,0.5,0.75,27,pop,True,0.003990739612901889,0.0141384914942988
20260929,temperature,0.5,0.75,27,ambient,True,0.0023582225273693636,0.007306896473702085
20260929,temperature,0.5,0.75,27,rock,True,-0.0027409663698247794,-0.012884563958194595
20260929,temperature,0.5,0.75,28,macro,True,0.0005988938952952508,0.004533419505595715
20260929,temperature,0.5,0.75,28,electronic,True,-2.8111702800454053e-05,2.597814972266077e-05
20260929,temperature,0.5,0.75,28,pop,True,-9.796914204396323e-05,-0.0003957986389915291
20260929,temperature,0.5,0.75,28,ambient,True,-0.002535861314869492,-0.008744938266204039
20260929,temperature,0.5,0.75,28,rock,True,0.005057517740894912,0.027248436777855767
20260929,temperature,0.5,0.75,29,macro,True,0.00014677814957709742,-0.0009605518372352018
20260929,temperature,0.5,0.75,29,electronic,True,0.000761290959499783,0.0027927506096045995
20260929,temperature,0.5,0.75,29,pop,True,-0.004330910240488206,-0.02664129635922008
20260929,temperature,0.5,0.75,29,ambient,True,0.0009748919968848024,0.0030128753818429166
20260929,temperature,0.5,0.75,29,rock,True,0.0031818398824120103,0.016993463018831756
20260929,temperature,0.75,1.0,0,macro,True,-0.001139036404494951,-0.005343903213982246
20260929,temperature,0.75,1.0,0,electronic,True,0.00011771843392061054,0.0003088642619563653
20260929,temperature,0.75,1.0,0,pop,True,0.003214187603987645,0.013522317300640463
20260929,temperature,0.75,1.0,0,ambient,True,-0.005103312426715523,-0.02181171398215065
20260929,temperature,0.75,1.0,0,rock,True,-0.0027847392291725365,-0.013395080436375162
20260929,temperature,0.75,1.0,1,macro,True,0.0004148240419682321,0.0009659145216204257
20260929,temperature,0.75,1.0,1,electronic,True,0.00011535161941786387,-0.00024706249945033454
20260929,temperature,0.75,1.0,1,pop,True,0.0030870430121348325,0.013049805830520622
20260929,temperature,0.75,1.0,1,ambient,True,0.0012098992500833572,0.004312570332009602
20260929,temperature,0.75,1.0,1,rock,True,-0.002752997713763125,-0.013251655576598187
20260929,temperature,0.75,1.0,2,macro,True,-0.0012998958204453216,-0.005939091341689476
20260929,temperature,0.75,1.0,2,electronic,True,0.00014358810307379954,0.0003454817992053494
20260929,temperature,0.75,1.0,2,pop,True,-0.0029238807010798507,-0.014784560651383671
20260929,temperature,0.75,1.0,2,ambient,True,-0.0028129445190222258,-0.011382627725573635
20260929,temperature,0.75,1.0,2,rock,True,0.0003936538352469904,0.002065341210994054
20260929,temperature,0.75,1.0,3,macro,True,-0.0009074803400627822,-0.0042262135247501526
20260929,temperature,0.75,1.0,3,electronic,True,-6.756407623309535e-05,-0.00021884265953736604
20260929,temperature,0.75,1.0,3,pop,True,-0.005687638244113585,-0.030883068196436825
20260929,temperature,0.75,1.0,3,ambient,True,-0.0006573752844949154,-0.0025045739903331032
20260929,temperature,0.75,1.0,3,rock,True,0.0027826562445904673,0.016701630747306684
20260929,temperature,0.75,1.0,4,macro,True,-0.0016251280087089398,-0.007520934800748072
20260929,temperature,0.75,1.0,4,electronic,True,-0.0022175060341644848,-0.010167381854958413
20260929,temperature,0.75,1.0,4,pop,True,-0.0021239662303158824,-0.010513814599289573
20260929,temperature,0.75,1.0,4,ambient,True,-0.001277798548646153,-0.004959692167198493
20260929,temperature,0.75,1.0,4,rock,True,-0.0008812412217092391,-0.00444285058154581
20260929,temperature,0.75,1.0,5,macro,True,-0.0010957369199563576,-0.004757590781208507
20260929,temperature,0.75,1.0,5,electronic,True,3.794256382211314e-05,-0.0007054401796076637
20260929,temperature,0.75,1.0,5,pop,True,-0.00034592602589400556,-0.0016304814878020935
20260929,temperature,0.75,1.0,5,ambient,True,-0.004563297158584889,-0.019265181443148705
20260929,temperature,0.75,1.0,5,rock,True,0.0004883329408313514,0.002570739985724435
20260929,temperature,0.75,1.0,6,macro,True,0.0003129136409114261,0.0006746885652222506
20260929,temperature,0.75,1.0,6,electronic,True,-0.00017026566070738047,-0.0017673211690421575
20260929,temperature,0.75,1.0,6,pop,True,0.0029207203572497453,0.01242260959269692
20260929,temperature,0.75,1.0,6,ambient,True,0.0004993195015047525,0.0018300328910094699
20260929,temperature,0.75,1.0,6,rock,True,-0.001998119634401413,-0.00978656705377523
20260929,temperature,0.75,1.0,7,macro,True,-9.316424986860125e-05,-0.0005778752243235652
20260929,temperature,0.75,1.0,7,electronic,True,6.042852867776949e-05,0.0001754610300415682
20260929,temperature,0.75,1.0,7,pop,True,0.0018197850911694513,0.008036340844212009
20260929,temperature,0.75,1.0,7,ambient,True,-0.0005107149630772245,-0.0019369000863806995
20260929,temperature,0.75,1.0,7,rock,True,-0.0017421556562444013,-0.008586402685167138
20260929,temperature,0.75,1.0,8,macro,True,0.0003256777436206823,0.0011028129674721249
20260929,temperature,0.75,1.0,8,electronic,True,-0.0006377867791446112,-0.0024618409214020587
20260929,temperature,0.75,1.0,8,pop,True,0.0019614178414462113,0.0086220466603536
20260929,temperature,0.75,1.0,8,ambient,True,0.001151172758600827,0.004113368057330979
20260929,temperature,0.75,1.0,8,rock,True,-0.0011720928464196978,-0.005862321926394021
20260929,temperature,0.75,1.0,9,macro,True,-0.0002527607479244562,-0.0010486162060918403
20260929,temperature,0.75,1.0,9,electronic,True,6.290617363838291e-05,0.00018207153015487032
20260929,temperature,0.75,1.0,9,pop,True,0.0024630660368588353,0.010646849337877518
20260929,temperature,0.75,1.0,9,ambient,True,-0.002854652120557466,-0.011563696058215833
20260929,temperature,0.75,1.0,9,rock,True,-0.000682363081637577,-0.0034596896341839156
20260929,temperature,0.75,1.0,10,macro,True,-0.0010479266515197906,-0.004680503793324894
20260929,temperature,0.75,1.0,10,electronic,True,-0.0001829423661726115,-0.0006268477654355342
20260929,temperature,0.75,1.0,10,pop,True,-0.0029217796480062175,-0.014773118646289052
20260929,temperature,0.75,1.0,10,ambient,True,-0.0017875921776984716,-0.007039272776338978
20260929,temperature,0.75,1.0,10,rock,True,0.0007006075857981381,0.003717224014763987
20260929,temperature,0.75,1.0,11,macro,True,-0.0002356036479505899,-0.0014641291549336438
20260929,temperature,0.75,1.0,11,electronic,True,6.705354056382729e-05,0.00019300714589920442
20260929,temperature,0.75,1.0,11,pop,True,-0.000992529489191929,-0.004763859260644265
20260929,temperature,0.75,1.0,11,ambient,True,0.000841212482341952,0.003043576905638501
20260929,temperature,0.75,1.0,11,rock,True,-0.00085815112551621,-0.004329241410628015
20260929,temperature,0.75,1.0,12,macro,True,-0.0010371414915814614,-0.004637853990246701
20260929,temperature,0.75,1.0,12,electronic,True,-0.0014614152461343566,-0.0062819614774425325
20260929,temperature,0.75,1.0,12,pop,True,0.002167052356586069,0.00946156511490881
20260929,temperature,0.75,1.0,12,ambient,True,-0.001696969703816248,-0.006665621032962421
20260929,temperature,0.75,1.0,12,rock,True,-0.00315723337296131,-0.015065398565490662
20260929,temperature,0.75,1.0,13,macro,True,-0.0012690778994237546,-0.005650959068436781
20260929,temperature,0.75,1.0,13,electronic,True,0.00014798771718060877,0.00034852050739214713
20260929,temperature,0.75,1.0,13,pop,True,0.0007163969024021055,0.003273787080451007
20260929,temperature,0.75,1.0,13,ambient,True,-0.003618298597608094,-0.014937953432533901
20260929,temperature,0.75,1.0,13,rock,True,-0.002322397619669639,-0.011288190429056377
20260929,temperature,0.75,1.0,14,macro,True,0.0002877780329971595,0.0008494971178423932
20260929,temperature,0.75,1.0,14,electronic,True,2.219767946626261e-05,6.722475023274166e-05
20260929,temperature,0.75,1.0,14,pop,True,-0.0012058701831173524,-0.0058220699724562675
20260929,temperature,0.75,1.0,14,ambient,True,0.0017604090491138424,0.006119664390545232
20260929,temperature,0.75,1.0,14,rock,True,0.0005743755865258854,0.003033169303047867
20260929,temperature,0.75,1.0,15,macro,True,0.0009615237202469096,0.003997858083262945
20260929,temperature,0.75,1.0,15,electronic,True,6.634480922698693e-05,0.00019115019139298584
20260929,temperature,0.75,1.0,15,pop,True,0.0032117992297425457,0.013513498368077692
20260929,temperature,0.75,1.0,15,ambient,True,0.00043660360021935407,0.0016038293401440251
20260929,temperature,0.75,1.0,15,rock,True,0.00013134724179875157,0.0006829544334370774
20260929,temperature,0.75,1.0,16,macro,True,-0.0004946894747526812,-0.0025889442945619817
20260929,temperature,0.75,1.0,16,electronic,True,-5.374649934652975e-05,-0.00017261275053120917
20260929,temperature,0.75,1.0,16,pop,True,-0.00012350714039258137,-0.0005784507967857566
20260929,temperature,0.75,1.0,16,ambient,True,0.0007410592776554981,0.0026915972612803207
20260929,temperature,0.75,1.0,16,rock,True,-0.0025425635369271116,-0.012296310892211282
20260929,temperature,0.75,1.0,17,macro,True,0.0008329113918100137,0.0030178408143701207
20260929,temperature,0.75,1.0,17,electronic,True,0.00010484703700280873,-0.0003140425377516909
20260929,temperature,0.75,1.0,17,pop,True,0.0033894858641544123,0.014163430885320238
20260929,temperature,0.75,1.0,17,ambient,True,0.0006803679377318794,0.0024768656041286308
20260929,temperature,0.75,1.0,17,rock,True,-0.0008430552716490458,-0.004254890694216695
20260929,temperature,0.75,1.0,18,macro,True,-0.0017338209091830627,-0.008046840765056407
20260929,temperature,0.75,1.0,18,electronic,True,-7.327577277579933e-05,-0.00023814488713613802
20260929,temperature,0.75,1.0,18,pop,True,-0.003045000739612086,-0.01544616897325879
20260929,temperature,0.75,1.0,18,ambient,True,-0.002674230599601951,-0.010782852073006999
20260929,temperature,0.75,1.0,18,rock,True,-0.0011427765247424143,-0.005720197126823701
20260929,temperature,0.75,1.0,19,macro,True,0.00029116472255586237,0.0006904085643972824
20260929,temperature,0.75,1.0,19,electronic,True,-1.1758975298536978e-05,-0.0009736644220897372
20260929,temperature,0.75,1.0,19,pop,True,0.002781493774207916,0.011889970356956159
20260929,temperature,0.75,1.0,19,ambient,True,0.00021256395484756108,0.000787073714551112
20260929,temperature,0.75,1.0,19,rock,True,-0.0018176398635334906,-0.008941745391828404
20260929,temperature,0.75,1.0,20,macro,True,0.0003948966371404919,0.0008886539707938096
20260929,temperature,0.75,1.0,20,electronic,True,0.0001352088930252071,-0.00011272633241754537
20260929,temperature,0.75,1.0,20,pop,True,0.0029627051426940887,0.012581882001203692
20260929,temperature,0.75,1.0,20,ambient,True,0.0012860093223855118,0.004569005503178403
20260929,temperature,0.75,1.0,20,rock,True,-0.00280433680954284,-0.013483545288789311
20260929,temperature,0.75,1.0,21,macro,True,-0.0014750079075360675,-0.0074508113551703115
20260929,temperature,0.75,1.0,21,electronic,True,0.00015562978911015657,0.0003498104461455709
20260929,temperature,0.75,1.0,21,pop,True,-0.004249932733923378,-0.022244731186338074
20260929,temperature,0.75,1.0,21,ambient,True,-0.001012669312483283,-0.0039001039956624295
20260929,temperature,0.75,1.0,21,rock,True,-0.0007930593728477653,-0.0040082206848263136
20260929,temperature,0.75,1.0,22,macro,True,0.00048154586736269545,0.002364281274415375
20260929,temperature,0.75,1.0,22,electronic,True,-5.742123351637485e-06,-1.7820803730306256e-05
20260929,temperature,0.75,1.0,22,pop,True,-0.0016893154529687426,-0.00826473051968113
20260929,temperature,0.75,1.0,22,ambient,True,0.001370595856959006,0.0048516445633223215
20260929,temperature,0.75,1.0,22,rock,True,0.002250645188812156,0.012888031857750615
20260929,temperature,0.75,1.0,23,macro,True,0.0005257132108109942,0.0023312743191795243
20260929,temperature,0.75,1.0,23,electronic,True,0.0001561395865415094,0.000349657201997311
20260929,temperature,0.75,1.0,23,pop,True,0.0016709354375232244,0.007414334676671741
20260929,temperature,0.75,1.0,23,ambient,True,-7.752819716327908e-05,-0.0002899239726453784
20260929,temperature,0.75,1.0,23,rock,True,0.00035330601634252223,0.0018510293706944236
20260929,temperature,0.75,1.0,24,macro,True,0.0001770768385834405,0.000870961858325428
20260929,temperature,0.75,1.0,24,electronic,True,0.00014519441077137651,0.00034674686590402404
20260929,temperature,0.75,1.0,24,pop,True,-0.0007903305726359999,-0.003772067375631072
20260929,temperature,0.75,1.0,24,ambient,True,0.00023214901187212922,0.0008590047210951246
20260929,temperature,0.75,1.0,24,rock,True,0.0011212945043262562,0.006050163221933635
20260929,temperature,0.75,1.0,25,macro,True,0.0006017069805655216,0.0032422441087993498
20260929,temperature,0.75,1.0,25,electronic,True,-6.609359203885168e-05,-0.00021389110994102234
20260929,temperature,0.75,1.0,25,pop,True,0.0015997082949136543,0.007114381520128776
20260929,temperature,0.75,1.0,25,ambient,True,-0.0007361682593284846,-0.002811599836713974
20260929,temperature,0.75,1.0,25,rock,True,0.0016093814787157684,0.008880085861723619
20260929,temperature,0.75,1.0,26,macro,True,-0.0018131080013463752,-0.010967677900697512
20260929,temperature,0.75,1.0,26,electronic,True,-9.04716121766791e-05,-0.0013767339060608008
20260929,temperature,0.75,1.0,26,pop,True,-0.009123798578022951,-0.05399797268312401
20260929,temperature,0.75,1.0,26,ambient,True,-0.00018098470102720365,-0.0006791353359562047
20260929,temperature,0.75,1.0,26,rock,True,0.0021428228858413334,0.012183130322350966
20260929,temperature,0.75,1.0,27,macro,True,0.00020718598012893844,0.0007981462238887405
20260929,temperature,0.75,1.0,27,electronic,True,-0.0002407109390273332,-0.0008427932119426385
20260929,temperature,0.75,1.0,27,pop,True,0.0009788434168560012,0.004437863676930109
20260929,temperature,0.75,1.0,27,ambient,True,0.000598324717994897,0.0021848992746981155
20260929,temperature,0.75,1.0,27,rock,True,-0.0005077132753078112,-0.0025873848441306246
20260929,temperature,0.75,1.0,28,macro,True,0.0005415362076248327,0.0014272085846561144
20260929,temperature,0.75,1.0,28,electronic,True,0.00016983981953400118,0.00031783852395111944
20260929,temperature,0.75,1.0,28,pop,True,0.0022507018383562116,0.00979932488530122
20260929,temperature,0.75,1.0,28,ambient,True,0.002190700394187145,0.007442796892694559
20260929,temperature,0.75,1.0,28,rock,True,-0.002445097221578027,-0.01185112596332244
20260929,temperature,0.75,1.0,29,macro,True,-0.0009518900067267098,-0.005185025235638865
20260929,temperature,0.75,1.0,29,electronic,True,-0.0006424097667727946,-0.002481764913799034
20260929,temperature,0.75,1.0,29,pop,True,-0.0032860302402260566,-0.01677453900663639
20260929,temperature,0.75,1.0,29,ambient,True,0.001435649026638619,0.005067279383340506
20260929,temperature,0.75,1.0,29,rock,True,-0.0013147690465466072,-0.006551076405460543
20260929,temperature,0.25,1.0,0,macro,True,-0.0037731453232224994,-0.014662588094103784
20260929,temperature,0.25,1.0,0,electronic,True,0.00012671089378618605,0.0003243147996077056
20260929,temperature,0.25,1.0,0,pop,True,0.0028410604717477306,0.012118687873836853
20260929,temperature,0.25,1.0,0,ambient,True,-0.000832884012359203,-0.0031903922703852006
20260929,temperature,0.25,1.0,0,rock,True,-0.01722746864606471,-0.0679029627794745
20260929,temperature,0.25,1.0,1,macro,True,-0.004511309179431412,-0.017952781040634122
20260929,temperature,0.25,1.0,1,electronic,True,-0.001096136124410757,-0.004526729711496813
20260929,temperature,0.25,1.0,1,pop,True,0.004561893789098853,0.016852967566880706
20260929,temperature,0.25,1.0,1,ambient,True,-0.0028575177665473295,-0.011576149285498438
20260929,temperature,0.25,1.0,1,rock,True,-0.018653476615866416,-0.07256121273242194
20260929,temperature,0.25,1.0,2,macro,True,-0.011083593336255467,-0.1718584780574631
20260929,temperature,0.25,1.0,2,electronic,True,-0.00011825334997456194,-0.0015144371571527704
20260929,temperature,0.25,1.0,2,pop,True,-0.04050668757295331,-0.6159928153324344
20260929,temperature,0.25,1.0,2,ambient,True,0.002783192586776201,0.009078184439033299
20260929,temperature,0.25,1.0,2,rock,True,-0.006492625008870198,-0.07900484417929848
20260929,temperature,0.25,1.0,3,macro,True,-0.003450127452054884,-0.021773267596057286
20260929,temperature,0.25,1.0,3,electronic,True,-0.0004231275587987249,-0.0029333849901768683
20260929,temperature,0.25,1.0,3,pop,True,-0.01388290079015414,-0.09254640199066255
20260929,temperature,0.25,1.0,3,ambient,True,-0.0024474412938680357,-0.009810367640582407
20260929,temperature,0.25,1.0,3,rock,True,0.0029529598346013652,0.018197084237192684
20260929,temperature,0.25,1.0,4,macro,True,-0.006093104458172238,-0.050175569577495444
20260929,temperature,0.25,1.0,4,electronic,True,-0.0027150483834978145,-0.012889084813292984
20260929,temperature,0.25,1.0,4,pop,True,-0.02260633200671683,-0.1893963463301357
20260929,temperature,0.25,1.0,4,ambient,True,0.0020056906203573532,0.006884976422009359
20260929,temperature,0.25,1.0,4,rock,True,-0.0010567280628316633,-0.00530182358856246
20260929,temperature,0.25,1.0,5,macro,True,-0.0022945564540032375,-0.01056208160166712
20260929,temperature,0.25,1.0,5,electronic,True,-0.0014901124422236067,-0.006423459544406651
20260929,temperature,0.25,1.0,5,pop,True,-0.0032523460470042787,-0.01658795427358095
20260929,temperature,0.25,1.0,5,ambient,True,-0.0032221671824087805,-0.013173718897821263
20260929,temperature,0.25,1.0,5,rock,True,-0.001213600144376284,-0.006063193690859614
20260929,temperature,0.25,1.0,6,macro,True,-0.004995182562182784,-0.02229457399363148
20260929,temperature,0.25,1.0,6,electronic,True,-0.004680733380515001,-0.018632415976259975
20260929,temperature,0.25,1.0,6,pop,True,-0.005017838307208339,-0.026786144531881995
20260929,temperature,0.25,1.0,6,ambient,True,-0.00042029731098475187,-0.0015894224354591202
20260929,temperature,0.25,1.0,6,rock,True,-0.009861861250023043,-0.04217031303092483
20260929,temperature,0.25,1.0,7,macro,True,-0.005982877495743746,-0.020848341228062395
20260929,temperature,0.25,1.0,7,electronic,True,0.00010095902374790411,0.00027499838524264186
20260929,temperature,0.25,1.0,7,pop,True,-0.01265894857486391,-0.028569481362740734
20260929,temperature,0.25,1.0,7,ambient,True,-0.011210009406197291,-0.054256781479930405
20260929,temperature,0.25,1.0,7,rock,True,-0.00016351102566168618,-0.000842100454821082
20260929,temperature,0.25,1.0,8,macro,True,-0.0032859016496530856,-0.03070910116396519
20260929,temperature,0.25,1.0,8,electronic,True,6.135256322839511e-05,-0.0005736223336298973
20260929,temperature,0.25,1.0,8,pop,True,-0.019620633030453943,-0.1516534609245802
20260929,temperature,0.25,1.0,8,ambient,True,0.003412815418379511,0.009682043110846972
20260929,temperature,0.25,1.0,8,rock,True,0.0030028584502336947,0.01970863549150237
20260929,temperature,0.25,1.0,9,macro,True,-7.24702799625894e-05,-0.0007705843953913771
20260929,temperature,0.25,1.0,9,electronic,True,0.00011763754967480944,-0.00023217111639145527
20260929,temperature,0.25,1.0,9,pop,True,0.005013974849182867,0.018899221828198365
20260929,temperature,0.25,1.0,9,ambient,True,-0.007677626520393832,-0.03467372489711329
20260929,temperature,0.25,1.0,9,rock,True,0.0022561330016857978,0.012924336603740871
20260929,temperature,0.25,1.0,10,macro,True,0.002249657219317018,0.010528931660146582
20260929,temperature,0.25,1.0,10,electronic,True,-0.00018652916442665757,-0.0006400582517249176
20260929,temperature,0.25,1.0,10,pop,True,0.0032900750590731664,0.01380136499975626
20260929,temperature,0.25,1.0,10,ambient,True,0.0030343879083422065,0.009661850791863658
20260929,temperature,0.25,1.0,10,rock,True,0.002860695074279357,0.019292569100691326
20260929,temperature,0.25,1.0,11,macro,True,-0.00488078333794182,-0.02587234051283914
20260929,temperature,0.25,1.0,11,electronic,True,-0.0001026724202977114,-0.0014374569843694784
20260929,temperature,0.25,1.0,11,pop,True,-0.010247894607851887,-0.0623732986445652
20260929,temperature,0.25,1.0,11,ambient,True,-0.0014795349638472288,-0.005776079432331271
20260929,temperature,0.25,1.0,11,rock,True,-0.0076930313597704525,-0.03390252699009061
20260929,temperature,0.25,1.0,12,macro,True,-0.004752593966496826,-0.018937485718463418
20260929,temperature,0.25,1.0,12,electronic,True,-0.0001302397103179198,-0.0004361167656873888
20260929,temperature,0.25,1.0,12,pop,True,0.0020627666146941503,0.009037433466390965
20260929,temperature,0.25,1.0,12,ambient,True,-0.004560252026144879,-0.01925097263373654
20260929,temperature,0.25,1.0,12,rock,True,-0.016382650744218658,-0.0651002869408207
20260929,temperature,0.25,1.0,13,macro,True,-0.007945904834465799,-0.06659553273659966
20260929,temperature,0.25,1.0,13,electronic,True,-0.004625755099960438,-0.01845035293934638
20260929,temperature,0.25,1.0,13,pop,True,-0.026543784662446362,-0.2486565697275711
20260929,temperature,0.25,1.0,13,ambient,True,-0.0026027189491968916,-0.01047511549501745
20260929,temperature,0.25,1.0,13,rock,True,0.0019886393737404973,0.01119990721553632
20260929,temperature,0.25,1.0,14,macro,True,-0.0037609722237070715,-0.023134724452736094
20260929,temperature,0.25,1.0,14,electronic,True,-0.009970444805882411,-0.06569802056095359
20260929,temperature,0.25,1.0,14,pop,True,-0.004752610664414736,-0.02519895696133001
20260929,temperature,0.25,1.0,14,ambient,True,-1.7427067084685444e-06,-6.500449659108121e-06
20260929,temperature,0.25,1.0,14,rock,True,-0.0003190907178226704,-0.0016354198390016728
20260929,temperature,0.25,1.0,15,macro,True,-0.0037422121904001973,-0.015759270351104124
20260929,temperature,0.25,1.0,15,electronic,True,-0.003678975358836517,-0.015258471354352487
20260929,temperature,0.25,1.0,15,pop,True,0.0030190971197941174,0.011691036686664824
20260929,temperature,0.25,1.0,15,ambient,True,-0.002709091571941047,-0.010933232202328558
20260929,temperature,0.25,1.0,15,rock,True,-0.011599878950617343,-0.048536414534400274
20260929,temperature,0.25,1.0,16,macro,True,-0.005485360951295558,-0.024320358362107525
20260929,temperature,0.25,1.0,16,electronic,True,-0.007800992856125455,-0.028505129109886895
20260929,temperature,0.25,1.0,16,pop,True,-0.006030465575701555,-0.03302980829780977
20260929,temperature,0.25,1.0,16,ambient,True,-0.0033341854399634996,-0.013669593966777915
20260929,temperature,0.25,1.0,16,rock,True,-0.004775799933391722,-0.022076902073955518
20260929,temperature,0.25,1.0,17,macro,True,0.0005447400514828719,0.0006052121052364384
20260929,temperature,0.25,1.0,17,electronic,True,-0.0033053442237532815,-0.013966075958644075
20260929,temperature,0.25,1.0,17,pop,True,0.004840079327794622,0.017960496467406828
20260929,temperature,0.25,1.0,17,ambient,True,0.002879494300393276,0.009313158588966308
20260929,temperature,0.25,1.0,17,rock,True,-0.0022352691985031287,-0.010886730676783307
20260929,temperature,0.25,1.0,18,macro,True,-0.004969563827556742,-0.043045342337941175
20260929,temperature,0.25,1.0,18,electronic,True,-0.0020679189918094976,-0.009373821087202805
20260929,temperature,0.25,1.0,18,pop,True,-0.021209263249998278,-0.1710502691538528
20260929,temperature,0.25,1.0,18,ambient,True,0.0033867791063561525,0.010117814022208571
20260929,temperature,0.25,1.0,18,rock,True,1.2147825224656517e-05,-0.0018750931329176712
20260929,temperature,0.25,1.0,19,macro,True,-0.003830566729515792,-0.01568685223516489
20260929,temperature,0.25,1.0,19,electronic,True,-0.0048077204753355085,-0.0190516688872
20260929,temperature,0.25,1.0,19,pop,True,0.0027658737290613966,0.010908717581821437
20260929,temperature,0.25,1.0,19,ambient,True,0.0022122187643026647,0.007506473694282478
20260929,temperature,0.25,1.0,19,rock,True,-0.015492638936091721,-0.06211093132956347
20260929,temperature,0.25,1.0,20,macro,True,-0.0057762147345767935,-0.04100357069292514
20260929,temperature,0.25,1.0,20,electronic,True,-0.0004581743609370914,-0.0017049660949302603
20260929,temperature,0.25,1.0,20,pop,True,-0.018791774278052398,-0.1421052790470817
20260929,temperature,0.25,1.0,20,ambient,True,0.002454815069887095,0.008204695479123392
20260929,temperature,0.25,1.0,20,rock,True,-0.00630972536920478,-0.02840873310881198
20260929,temperature,0.25,1.0,21,macro,True,-0.00018596571851381763,0.00013481456574551687
20260929,temperature,0.25,1.0,21,electronic,True,-0.0001439707199843987,-0.001640217212310835
20260929,temperature,0.25,1.0,21,pop,True,0.000251111749591415,0.0011634122848683814
20260929,temperature,0.25,1.0,21,ambient,True,-0.003415049396839509,-0.014029039044208824
20260929,temperature,0.25,1.0,21,rock,True,0.002564045493177222,0.015045102234633345
20260929,temperature,0.25,1.0,22,macro,True,0.0014862030481453646,0.008011610079348766
20260929,temperature,0.25,1.0,22,electronic,True,-7.117898904146491e-05,-0.0002310462799279267
20260929,temperature,0.25,1.0,22,pop,True,0.002116608623071392,0.009256829430310365
20260929,temperature,0.25,1.0,22,ambient,True,0.0009387770199814904,0.003383553721804211
20260929,temperature,0.25,1.0,22,rock,True,0.002960605538570041,0.019637103445208415
20260929,temperature,0.25,1.0,23,macro,True,-0.005041226148153194,-0.025672562856010453
20260929,temperature,0.25,1.0,23,electronic,True,-0.0018775051922377273,-0.008380914551973984
20260929,temperature,0.25,1.0,23,pop,True,-0.006727173979407891,-0.03749829844147867
20260929,temperature,0.25,1.0,23,ambient,True,-0.012272284475789402,-0.060590660313822764
20260929,temperature,0.25,1.0,23,rock,True,0.000712059054822245,0.003779621883233608
20260929,temperature,0.25,1.0,24,macro,True,-0.0011671945604408915,-0.005733292081152308
20260929,temperature,0.25,1.0,24,electronic,True,-0.00024471021765123946,-0.0008579806048548133
20260929,temperature,0.25,1.0,24,pop,True,0.004849532612988372,0.018001529424163554
20260929,temperature,0.25,1.0,24,ambient,True,0.0008886968691186603,0.003209405603463944
20260929,temperature,0.25,1.0,24,rock,True,-0.010162297506219359,-0.04328612274738192
20260929,temperature,0.25,1.0,25,macro,True,-0.00433596102181431,-0.024260556929472293
20260929,temperature,0.25,1.0,25,electronic,True,-3.049107039734822e-05,-0.0010716247611010643
20260929,temperature,0.25,1.0,25,pop,True,0.00314552566047957,0.013267910470595168
20260929,temperature,0.25,1.0,25,ambient,True,-0.017554495049643265,-0.09530437954155424
20260929,temperature,0.25,1.0,25,rock,True,-0.002904383627696197,-0.013934133885829036
20260929,temperature,0.25,1.0,26,macro,True,-0.0011280467292997705,-0.004191805285244626
20260929,temperature,0.25,1.0,26,electronic,True,-0.0014765830739315866,-0.007270971442685681
20260929,temperature,0.25,1.0,26,pop,True,0.0006211896070192902,0.0028467843695277883
20260929,temperature,0.25,1.0,26,ambient,True,-0.006156967855988765,-0.026932451531533785
20260929,temperature,0.25,1.0,26,rock,True,0.00250017440570198,0.014589417463713172
20260929,temperature,0.25,1.0,27,macro,True,-0.006860276515648772,-0.021554791959490616
20260929,temperature,0.25,1.0,27,electronic,True,-0.00027162837297645126,-0.000960943881176568
20260929,temperature,0.25,1.0,27,pop,True,-0.01663117826352875,-0.037616568726156374
20260929,temperature,0.25,1.0,27,ambient,True,0.0032446140914267896,0.00861315793105899
20260929,temperature,0.25,1.0,27,rock,True,-0.013782913517516676,-0.05625481316168851
20260929,temperature,0.25,1.0,28,macro,True,-0.002954700468923363,-0.021837440821074514
20260929,temperature,0.25,1.0,28,electronic,True,-0.00039314417474464736,-0.0014401108703996357
20260929,temperature,0.25,1.0,28,pop,True,-0.015492782461115961,-0.10758013955883061
20260929,temperature,0.25,1.0,28,ambient,True,0.0012026752213230851,0.004288128399362101
20260929,temperature,0.25,1.0,28,rock,True,0.0028644495388440716,0.017382358745570092
20260929,temperature,0.25,1.0,29,macro,True,-0.00272722973567251,-0.016020016430185857
20260929,temperature,0.25,1.0,29,electronic,True,-0.00024645013696500406,-0.002128257825125157
20260929,temperature,0.25,1.0,29,pop,True,-0.008598200802962114,-0.050224867269224815
20260929,temperature,0.25,1.0,29,ambient,True,0.0016255439672178407,0.005687698200119939
20260929,temperature,0.25,1.0,29,rock,True,-0.0036898119699807636,-0.017414638826513396
20260930,sigmoid,0.25,0.5,0,macro,True,0.0011818021878072585,-0.0015310359370078602
20260930,sigmoid,0.25,0.5,0,electronic,True,-0.0014473287300249271,-0.01812920618562819
20260930,sigmoid,0.25,0.5,0,pop,True,0.008306418891985717,0.02869288765742789
20260930,sigmoid,0.25,0.5,0,ambient,True,-0.0018387129336620567,-0.012112346562861809
20260930,sigmoid,0.25,0.5,0,rock,True,-0.0002931684770696996,-0.004575478656969334
20260930,sigmoid,0.25,0.5,1,macro,True,-0.010227090256607209,-0.06099171700896232
20260930,sigmoid,0.25,0.5,1,electronic,True,-0.0017229031459254085,-0.04173026617120479
20260930,sigmoid,0.25,0.5,1,pop,True,-0.015348301049243035,-0.05521125453247577
20260930,sigmoid,0.25,0.5,1,ambient,True,-0.020065309687686494,-0.08032626073081961
20260930,sigmoid,0.25,0.5,1,rock,True,-0.0037718471435738976,-0.0666990866013491
20260930,sigmoid,0.25,0.5,2,macro,True,-0.012946499932792701,-0.04194299182952303
20260930,sigmoid,0.25,0.5,2,electronic,True,-0.006508120440103599,-0.05746014996981608
20260930,sigmoid,0.25,0.5,2,pop,True,-0.02796670116187716,-0.07027817134731973
20260930,sigmoid,0.25,0.5,2,ambient,True,-0.007839465086554837,-0.017651602745275274
20260930,sigmoid,0.25,0.5,2,rock,True,-0.009471713042635208,-0.02238204325568105
20260930,sigmoid,0.25,0.5,3,macro,False,,
20260930,sigmoid,0.25,0.5,3,electronic,True,0.0004233481569216879,0.010159251884381826
20260930,sigmoid,0.25,0.5,3,pop,True,-0.00609055780376247,-0.01281880012046921
20260930,sigmoid,0.25,0.5,3,ambient,False,,
20260930,sigmoid,0.25,0.5,3,rock,True,-0.01790675064131829,-0.5914905713080437
20260930,sigmoid,0.25,0.5,4,macro,True,-0.01124366743251351,-0.0683254319980404
20260930,sigmoid,0.25,0.5,4,electronic,True,-0.010304311358407758,-0.09815371095264913
20260930,sigmoid,0.25,0.5,4,pop,True,-0.023112509140358978,-0.12845502756926025
20260930,sigmoid,0.25,0.5,4,ambient,True,-0.010154193527877886,-0.04176875146018966
20260930,sigmoid,0.25,0.5,4,rock,True,-0.0014036557034094177,-0.004924238010062587
20260930,sigmoid,0.25,0.5,5,macro,True,-0.004575197475129262,-0.025425765994449373
20260930,sigmoid,0.25,0.5,5,electronic,True,0.001037320291839422,0.009365419273588471
20260930,sigmoid,0.25,0.5,5,pop,True,0.0025905857009946853,-0.0003014926647231797
20260930,sigmoid,0.25,0.5,5,ambient,True,-0.016889433709683765,-0.10169168587867206
20260930,sigmoid,0.25,0.5,5,rock,True,-0.0050392621836673895,-0.009075304707990728
20260930,sigmoid,0.25,0.5,6,macro,True,-0.016854037816437815,-0.3617365796732508
20260930,sigmoid,0.25,0.5,6,electronic,True,-0.04035742524818911,-1.2359942172930896
20260930,sigmoid,0.25,0.5,6,pop,True,-0.005263822186980266,-0.011205666101744172
20260930,sigmoid,0.25,0.5,6,ambient,True,-0.015854418387298813,-0.03556170684489246
20260930,sigmoid,0.25,0.5,6,rock,True,-0.005940485443283072,-0.1641847284532768
20260930,sigmoid,0.25,0.5,7,macro,True,-0.009713410260380695,-0.04629236311466084
20260930,sigmoid,0.25,0.5,7,electronic,True,0.0011359347486177007,-0.031376406463461404
20260930,sigmoid,0.25,0.5,7,pop,True,-0.0358176687343206,-0.13871945373376288
20260930,sigmoid,0.25,0.5,7,ambient,True,-0.004521444542680886,-0.01731449054986184
20260930,sigmoid,0.25,0.5,7,rock,True,0.00034953748686100683,0.002240898288442761
20260930,sigmoid,0.25,0.5,8,macro,True,-0.006136045503377215,-0.015763087411386878
20260930,sigmoid,0.25,0.5,8,electronic,True,-0.00017925145983710422,-0.0033057855799748515
20260930,sigmoid,0.25,0.5,8,pop,True,-0.025658785959701474,-0.05757127691945674
20260930,sigmoid,0.25,0.5,8,ambient,True,-0.0030644593700045464,-0.014542219415071778
20260930,sigmoid,0.25,0.5,8,rock,True,0.004358314776034267,0.012366932268955855
20260930,sigmoid,0.25,0.5,9,macro,True,-0.006266932778756472,-0.04348374817800975
20260930,sigmoid,0.25,0.5,9,electronic,True,-0.013137710930331059,-0.14106631441147632
20260930,sigmoid,0.25,0.5,9,pop,True,-0.012294114111916915,-0.029163987201223762
20260930,sigmoid,0.25,0.5,9,ambient,True,0.0006108782999185436,0.0025779473905281902
20260930,sigmoid,0.25,0.5,9,rock,True,-0.0002467843726964569,-0.006282638489867098
20260930,sigmoid,0.25,0.5,10,macro,True,-0.004283034098438908,-0.016549304889515934
20260930,sigmoid,0.25,0.5,10,electronic,True,-0.0036121518044152923,-0.03218399748359346
20260930,sigmoid,0.25,0.5,10,pop,True,-0.002879650813726903,-0.009816972805725743
20260930,sigmoid,0.25,0.5,10,ambient,True,-0.010765039047530206,-0.02561386471826166
20260930,sigmoid,0.25,0.5,10,rock,True,0.0001247052719167696,0.001417615449517129
20260930,sigmoid,0.25,0.5,11,macro,True,-0.006222208078648386,-0.03649211061562267
20260930,sigmoid,0.25,0.5,11,electronic,True,-0.00414548422206823,-0.05492944977812564
20260930,sigmoid,0.25,0.5,11,pop,True,0.0032439621647880335,0.010718668264530828
20260930,sigmoid,0.25,0.5,11,ambient,True,-0.010916683845409308,-0.022840876927239073
20260930,sigmoid,0.25,0.5,11,rock,True,-0.01307062641190404,-0.0789167840216568
20260930,sigmoid,0.25,0.5,12,macro,True,-0.0027197485717794165,-0.023566187274227393
20260930,sigmoid,0.25,0.5,12,electronic,True,-0.00125510258015743,-0.011583113923407495
20260930,sigmoid,0.25,0.5,12,pop,True,-0.018956498130078797,-0.13310596444884143
20260930,sigmoid,0.25,0.5,12,ambient,True,0.0058748914625037785,0.03435236574397249
20260930,sigmoid,0.25,0.5,12,rock,True,0.003457714960614783,0.016071963531366862
20260930,sigmoid,0.25,0.5,13,macro,True,0.0045565866661130446,0.02898369322923211
20260930,sigmoid,0.25,0.5,13,electronic,True,0.005966210703884006,0.06125539280377701
20260930,sigmoid,0.25,0.5,13,pop,True,0.008340336530458264,0.040655259573974756
20260930,sigmoid,0.25,0.5,13,ambient,True,0.004719460247831125,0.013013933535224675
20260930,sigmoid,0.25,0.5,13,rock,True,-0.0007996608177212178,0.0010101870039520011
20260930,sigmoid,0.25,0.5,14,macro,True,-0.007421215161322051,-0.03562535099063095
20260930,sigmoid,0.25,0.5,14,electronic,True,-0.02445719621233841,-0.10922448788696504
20260930,sigmoid,0.25,0.5,14,pop,True,0.0030524617137991095,0.004793294305895757
20260930,sigmoid,0.25,0.5,14,ambient,True,-0.005735009383294465,-0.020297994433788324
20260930,sigmoid,0.25,0.5,14,rock,True,-0.0025451167634544386,-0.017772215947666203
20260930,sigmoid,0.25,0.5,15,macro,True,-0.0081955288340991,-0.034227705151399196
20260930,sigmoid,0.25,0.5,15,electronic,True,-0.012960221008633144,-0.08850839390109244
20260930,sigmoid,0.25,0.5,15,pop,True,0.004050774287243486,0.016230812368914938
20260930,sigmoid,0.25,0.5,15,ambient,True,-0.0025291699712718385,-0.008587584384653457
20260930,sigmoid,0.25,0.5,15,rock,True,-0.0213434986437349,-0.05604565468876582
20260930,sigmoid,0.25,0.5,16,macro,True,-0.004812572339675469,-0.05227782173501101
20260930,sigmoid,0.25,0.5,16,electronic,True,0.000723438432568918,0.008502143119312078
20260930,sigmoid,0.25,0.5,16,pop,True,-0.01551539125595569,-0.1534689810798534
20260930,sigmoid,0.25,0.5,16,ambient,True,0.003047439702636656,0.011143025894833736
20260930,sigmoid,0.25,0.5,16,rock,True,-0.007505776237951761,-0.07528747487433646
20260930,sigmoid,0.25,0.5,17,macro,True,-0.001969380279043847,-0.001951846995080081
20260930,sigmoid,0.25,0.5,17,electronic,True,0.0020536807866476936,0.021081490730048724
20260930,sigmoid,0.25,0.5,17,pop,True,-0.011049741641891125,-0.024061927616461976
20260930,sigmoid,0.25,0.5,17,ambient,True,-0.004741962961367641,-0.0192939489667589
20260930,sigmoid,0.25,0.5,17,rock,True,0.005860502700435685,0.014466997872851828
20260930,sigmoid,0.25,0.5,18,macro,True,-0.005884741976292653,-0.04425570403560401
20260930,sigmoid,0.25,0.5,18,electronic,True,-0.009644806256362465,-0.07797038747755791
20260930,sigmoid,0.25,0.5,18,pop,True,-0.017917607320633494,-0.12292396876031797
20260930,sigmoid,0.25,0.5,18,ambient,True,0.0025265946488927105,0.007494396839315021
20260930,sigmoid,0.25,0.5,18,rock,True,0.0014968510229326354,0.01637714325614481
20260930,sigmoid,0.25,0.5,19,macro,True,-0.004663252130338594,-0.02628129690413651
20260930,sigmoid,0.25,0.5,19,electronic,True,-0.019516063650364762,-0.10254269371237468
20260930,sigmoid,0.25,0.5,19,pop,True,-0.0013164311018114827,-0.005729588390482709
20260930,sigmoid,0.25,0.5,19,ambient,True,0.0021624835965707023,0.003331701305162471
20260930,sigmoid,0.25,0.5,19,rock,True,1.7002634251167548e-05,-0.00018460681885112962
20260930,sigmoid,0.25,0.5,20,macro,True,-0.00310938464235664,-0.004345922579991238
20260930,sigmoid,0.25,0.5,20,electronic,True,-0.001645594956196511,0.01950406263144433
20260930,sigmoid,0.25,0.5,20,pop,True,-0.007728353454552667,-0.02370988091809484
20260930,sigmoid,0.25,0.5,20,ambient,True,-0.008290692088076645,-0.02935476959776795
20260930,sigmoid,0.25,0.5,20,rock,True,0.005227101929399264,0.016176897564453507
20260930,sigmoid,0.25,0.5,21,macro,True,5.499470246077623e-05,-0.01771486833423558
20260930,sigmoid,0.25,0.5,21,electronic,True,-0.0014812978762919482,-0.039580048107402566
20260930,sigmoid,0.25,0.5,21,pop,True,0.008505891573119762,0.0135643624876714
20260930,sigmoid,0.25,0.5,21,ambient,True,-0.003876958440518413,0.0024873662015880704
20260930,sigmoid,0.25,0.5,21,rock,True,-0.002927656446466295,-0.04733115391879922
20260930,sigmoid,0.25,0.5,22,macro,True,-0.02271212604879469,-0.14866316246369454
20260930,sigmoid,0.25,0.5,22,electronic,True,0.0004716986103387444,0.0017407471474280012
20260930,sigmoid,0.25,0.5,22,pop,True,-0.030020368525667,-0.10979332071954406
20260930,sigmoid,0.25,0.5,22,ambient,True,-0.0491422457452427,-0.2465571763386104
20260930,sigmoid,0.25,0.5,22,rock,True,-0.0121575885346078,-0.24004289994405165
20260930,sigmoid,0.25,0.5,23,macro,True,-0.004290981063878912,-0.016951429701118653
20260930,sigmoid,0.25,0.5,23,electronic,True,0.004315410187474805,0.024200711765515193
20260930,sigmoid,0.25,0.5,23,pop,True,0.0002760881260600312,-0.0039837860117472035
20260930,sigmoid,0.25,0.5,23,ambient,True,-0.021894765744810196,-0.09150016095853597
20260930,sigmoid,0.25,0.5,23,rock,True,0.00013934317575971245,0.003477516400293368
20260930,sigmoid,0.25,0.5,24,macro,True,-0.004305296802439781,-0.023641832120559855
20260930,sigmoid,0.25,0.5,24,electronic,True,0.006058215197840472,0.04873080727978141
20260930,sigmoid,0.25,0.5,24,pop,True,-0.003295312105386,-0.00836413488410559
20260930,sigmoid,0.25,0.5,24,ambient,True,-0.020295815385068472,-0.14090376044185288
20260930,sigmoid,0.25,0.5,24,rock,True,0.00031172508285487455,0.005969759563937638
20260930,sigmoid,0.25,0.5,25,macro,True,-0.0052195330415409046,-0.05867576131254115
20260930,sigmoid,0.25,0.5,25,electronic,True,-0.014429588529968923,-0.20138518451353926
20260930,sigmoid,0.25,0.5,25,pop,True,-0.004586023782312043,-0.018617956046404427
20260930,sigmoid,0.25,0.5,25,ambient,True,4.529349443113673e-05,0.00025493816751820386
20260930,sigmoid,0.25,0.5,25,rock,True,-0.0019078133483137888,-0.014954842857739126
20260930,sigmoid,0.25,0.5,26,macro,True,-0.005880450641976211,-0.01763464969672604
20260930,sigmoid,0.25,0.5,26,electronic,True,-0.0010770218032827017,0.0035251207862797562
20260930,sigmoid,0.25,0.5,26,pop,True,0.0013580670134717698,0.002728354838318736
20260930,sigmoid,0.25,0.5,26,ambient,True,-0.024551714526553386,-0.09261028333658439
20260930,sigmoid,0.25,0.5,26,rock,True,0.0007488667484594758,0.015818208925081734
20260930,sigmoid,0.25,0.5,27,macro,True,-0.008419082076070943,-0.030991483434098036
20260930,sigmoid,0.25,0.5,27,electronic,True,-0.006712179164126669,-0.00854442399247135
20260930,sigmoid,0.25,0.5,27,pop,True,-0.013688012787494763,-0.08478712894409107
20260930,sigmoid,0.25,0.5,27,ambient,True,0.009222632407118347,0.024160758962062823
20260930,sigmoid,0.25,0.5,27,rock,True,-0.022498768759780685,-0.05479513976189254
20260930,sigmoid,0.25,0.5,28,macro,True,-0.001063824946240629,-0.010345160111312063
20260930,sigmoid,0.25,0.5,28,electronic,True,-0.004292977137824533,0.0007791170063919939
20260930,sigmoid,0.25,0.5,28,pop,True,0.005653299986772942,-0.00919613290754151
20260930,sigmoid,0.25,0.5,28,ambient,True,-0.004161125190339926,-0.02075593008961707
20260930,sigmoid,0.25,0.5,28,rock,True,-0.0014544974435709984,-0.012207694454481666
20260930,sigmoid,0.25,0.5,29,macro,True,0.0007932544044356449,0.008157812367129536
20260930,sigmoid,0.25,0.5,29,electronic,True,0.008720022687761092,0.07250502198174835
20260930,sigmoid,0.25,0.5,29,pop,True,-0.00907432667297492,-0.032435704318493075
20260930,sigmoid,0.25,0.5,29,ambient,True,0.004945488608637805,0.0073451584244826895
20260930,sigmoid,0.25,0.5,29,rock,True,-0.0014181670056813978,-0.014783226619219825
20260930,sigmoid,0.5,0.75,0,macro,True,-0.0013682581196599805,-0.007142215151679426
20260930,sigmoid,0.5,0.75,0,electronic,True,-0.0004206144085972252,-0.009903740593364185
20260930,sigmoid,0.5,0.75,0,pop,True,-0.0059417968857098935,-0.02107378077504174
20260930,sigmoid,0.5,0.75,0,ambient,True,0.0012625142864480798,0.0034114541823720423
20260930,sigmoid,0.5,0.75,0,rock,True,-0.00037313547078088316,-0.001002793420683823
20260930,sigmoid,0.5,0.75,1,macro,True,0.000381995277108655,-0.004721760021149948
20260930,sigmoid,0.5,0.75,1,electronic,True,-0.0019741041950464833,-0.01856677036022525
20260930,sigmoid,0.5,0.75,1,pop,True,0.003052917895650875,0.005236278124656657
20260930,sigmoid,0.5,0.75,1,ambient,True,0.0011291755427798589,0.004150377941032013
20260930,sigmoid,0.5,0.75,1,rock,True,-0.0006800081349496306,-0.009706925790063214
20260930,sigmoid,0.5,0.75,2,macro,True,-0.003227211917147855,-0.004224758963020422
20260930,sigmoid,0.5,0.75,2,electronic,True,0.0022560535898150103,0.01510452370756532
20260930,sigmoid,0.5,0.75,2,pop,True,-0.013167513063250175,-0.030698254430232053
20260930,sigmoid,0.5,0.75,2,ambient,True,-0.002350357997448538,-0.00231370102934364
20260930,sigmoid,0.5,0.75,2,rock,True,0.0003529698022922828,0.0010083958999286824
20260930,sigmoid,0.5,0.75,3,macro,True,-0.00321089255341149,-0.013467144732187533
20260930,sigmoid,0.5,0.75,3,electronic,True,0.0015390646906777439,0.008453725605535256
20260930,sigmoid,0.5,0.75,3,pop,True,-0.010064144540258668,-0.027247370605677723
20260930,sigmoid,0.5,0.75,3,ambient,True,-0.0005371788535489253,-0.0010577432409490939
20260930,sigmoid,0.5,0.75,3,rock,True,-0.003781311510516111,-0.03401719068765857
20260930,sigmoid,0.5,0.75,4,macro,True,-0.0017331074612308775,-0.005798132585898855
20260930,sigmoid,0.5,0.75,4,electronic,True,-0.0004846972250218684,0.005285262940395774
20260930,sigmoid,0.5,0.75,4,pop,True,-0.007249108842108082,-0.03283737184386082
20260930,sigmoid,0.5,0.75,4,ambient,True,0.0004713398283977821,0.0024449806723643164
20260930,sigmoid,0.5,0.75,4,rock,True,0.0003300363938086581,0.0019145978875053093
20260930,sigmoid,0.5,0.75,5,macro,True,-0.0005634477992364877,0.0018555648766688665
20260930,sigmoid,0.5,0.75,5,electronic,True,0.0019622913223860117,0.019295690109019548
20260930,sigmoid,0.5,0.75,5,pop,True,-0.0011731764576951298,-0.002618107668114378
20260930,sigmoid,0.5,0.75,5,ambient,True,-0.004092200763750553,-0.02414881948968417
20260930,sigmoid,0.5,0.75,5,rock,True,0.0010492947021137206,0.014893496555454466
20260930,sigmoid,0.5,0.75,6,macro,True,-0.0010297746385881656,-0.033543093067280996
20260930,sigmoid,0.5,0.75,6,electronic,True,-0.009924848870269731,-0.11026125968222189
20260930,sigmoid,0.5,0.75,6,pop,True,0.007046038306442209,0.01486344908185816
20260930,sigmoid,0.5,0.75,6,ambient,True,0.0015034443074611326,0.004943495937658304
20260930,sigmoid,0.5,0.75,6,rock,True,-0.0027437322979862733,-0.04371805760641856
20260930,sigmoid,0.5,0.75,7,macro,True,-0.0017749410781835173,-0.006657356365293812
20260930,sigmoid,0.5,0.75,7,electronic,True,-0.003327110396200067,-0.010890662269412488
20260930,sigmoid,0.5,0.75,7,pop,True,-0.003785880638721595,-0.013600418739744269
20260930,sigmoid,0.5,0.75,7,ambient,True,0.0014537062795516031,0.005085895492676629
20260930,sigmoid,0.5,0.75,7,rock,True,-0.0014404795573640106,-0.007224239944695121
20260930,sigmoid,0.5,0.75,8,macro,True,0.0010346427213281696,0.00629446869134033
20260930,sigmoid,0.5,0.75,8,electronic,True,0.0017640206478558296,0.014542107994715003
20260930,sigmoid,0.5,0.75,8,pop,True,0.0043874868715149395,0.007172278348054173
20260930,sigmoid,0.5,0.75,8,ambient,True,0.0014364607300470233,0.0022742417425221095
20260930,sigmoid,0.5,0.75,8,rock,True,-0.003449397364105114,0.001189246680070033
20260930,sigmoid,0.5,0.75,9,macro,True,-0.001266235919152807,-0.013935453062166717
20260930,sigmoid,0.5,0.75,9,electronic,True,0.0007805363783802977,0.006116654023537671
20260930,sigmoid,0.5,0.75,9,pop,True,-0.0003740180589850428,-0.00013732210901012953
20260930,sigmoid,0.5,0.75,9,ambient,True,-0.0023773674721590254,-0.011131077324857297
20260930,sigmoid,0.5,0.75,9,rock,True,-0.003094094523847457,-0.05059006683833711
20260930,sigmoid,0.5,0.75,10,macro,True,0.0013688680312853273,0.006736860079810919
20260930,sigmoid,0.5,0.75,10,electronic,True,0.001594535231662697,0.014155393506507519
20260930,sigmoid,0.5,0.75,10,pop,True,0.0034712192575308276,0.009552062696461139
20260930,sigmoid,0.5,0.75,10,ambient,True,0.0005139451481492863,0.00019926257337371522
20260930,sigmoid,0.5,0.75,10,rock,True,-0.00010422751220150184,0.0030407215429013035
20260930,sigmoid,0.5,0.75,11,macro,True,-0.0015451267734791774,-0.012085082319745699
20260930,sigmoid,0.5,0.75,11,electronic,True,-0.0017467629788426586,-0.010590107403800064
20260930,sigmoid,0.5,0.75,11,pop,True,-0.0030211393031159828,-0.015282544830452716
20260930,sigmoid,0.5,0.75,11,ambient,True,0.0020575706241354463,0.0065365265468469436
20260930,sigmoid,0.5,0.75,11,rock,True,-0.0034701754360935144,-0.02900420359157696
20260930,sigmoid,0.5,0.75,12,macro,True,-0.0019368191160889885,-0.013211220692325096
20260930,sigmoid,0.5,0.75,12,electronic,True,0.0030271451071963718,0.017187544578390668
20260930,sigmoid,0.5,0.75,12,pop,True,0.003258839847563616,0.003102656270022819
20260930,sigmoid,0.5,0.75,12,ambient,True,-0.01099388368584775,-0.05906066555385103
20260930,sigmoid,0.5,0.75,12,rock,True,-0.003039377733268192,-0.014074418063862837
20260930,sigmoid,0.5,0.75,13,macro,True,0.0005266680209584304,-0.0033248915765130976
20260930,sigmoid,0.5,0.75,13,electronic,True,-0.0026120573198888386,-0.027590463073747462
20260930,sigmoid,0.5,0.75,13,pop,True,0.0004627509569715138,-0.003005779345394921
20260930,sigmoid,0.5,0.75,13,ambient,True,0.004981383195649863,0.01882137867846384
20260930,sigmoid,0.5,0.75,13,rock,True,-0.0007254047488988169,-0.0015247025653738477
20260930,sigmoid,0.5,0.75,14,macro,True,-0.00415336286498769,-0.012931102798674501
20260930,sigmoid,0.5,0.75,14,electronic,True,-0.005217178978748266,-0.028710681150369677
20260930,sigmoid,0.5,0.75,14,pop,True,-0.007233110372296431,-0.0157963749986873
20260930,sigmoid,0.5,0.75,14,ambient,True,-0.003441789859527533,-0.005656384196106923
20260930,sigmoid,0.5,0.75,14,rock,True,-0.0007213722493785296,-0.0015609708495341046
20260930,sigmoid,0.5,0.75,15,macro,True,0.00011729403409774242,-0.003751026782980893
20260930,sigmoid,0.5,0.75,15,electronic,True,-0.00121082572820011,-0.01151706294275745
20260930,sigmoid,0.5,0.75,15,pop,True,-0.0015554374549082983,-0.011562179219019697
20260930,sigmoid,0.5,0.75,15,ambient,True,0.002929857564055144,0.011293335363150248
20260930,sigmoid,0.5,0.75,15,rock,True,0.00030558175544423416,-0.0032182003332966724
20260930,sigmoid,0.5,0.75,16,macro,True,-9.617245196541502e-05,-0.0026123181685222263
20260930,sigmoid,0.5,0.75,16,electronic,True,0.000542580874037496,0.0021794064131934743
20260930,sigmoid,0.5,0.75,16,pop,True,0.0007312267147110696,-0.004385304538968515
20260930,sigmoid,0.5,0.75,16,ambient,True,-0.0009335201438468721,-0.0020983015510442904
20260930,sigmoid,0.5,0.75,16,rock,True,-0.0007249772527633536,-0.006145072997269574
20260930,sigmoid,0.5,0.75,17,macro,True,-0.0016684435330981268,-0.002343753953795158
20260930,sigmoid,0.5,0.75,17,electronic,True,0.0010585938916255755,0.010286130177824093
20260930,sigmoid,0.5,0.75,17,pop,True,-0.003037943225993933,-0.009134531117706957
20260930,sigmoid,0.5,0.75,17,ambient,True,0.0007358995573793214,0.0024631482923354597
20260930,sigmoid,0.5,0.75,17,rock,True,-0.005430324355403471,-0.012989763167633228
20260930,sigmoid,0.5,0.75,18,macro,True,-0.003470728861085754,-0.01569119625421239
20260930,sigmoid,0.5,0.75,18,electronic,True,-0.002428169062862112,-0.019868668485909513
20260930,sigmoid,0.5,0.75,18,pop,True,-0.008560257915053326,-0.039046561232507604
20260930,sigmoid,0.5,0.75,18,ambient,True,-0.0027510366330960323,-0.00920034527238961
20260930,sigmoid,0.5,0.75,18,rock,True,-0.00014345183333154543,0.00535078997395716
20260930,sigmoid,0.5,0.75,19,macro,True,-0.0002315092002922424,-0.0037298960214842275
20260930,sigmoid,0.5,0.75,19,electronic,True,-0.0007548829743928287,-0.010336691577176205
20260930,sigmoid,0.5,0.75,19,pop,True,-0.001294432295341541,-0.0047757318347668165
20260930,sigmoid,0.5,0.75,19,ambient,True,0.0014814627349907794,0.004988086117644008
20260930,sigmoid,0.5,0.75,19,rock,True,-0.00035818426642537926,-0.004795246791637897
20260930,sigmoid,0.5,0.75,20,macro,True,-0.0010348069565562883,-0.014986869641423498
20260930,sigmoid,0.5,0.75,20,electronic,True,-0.005950341035824341,-0.061490917008407364
20260930,sigmoid,0.5,0.75,20,pop,True,0.009716499279864288,0.02195306616805265
20260930,sigmoid,0.5,0.75,20,ambient,True,-0.002029252724229297,-0.005187605799785611
20260930,sigmoid,0.5,0.75,20,rock,True,-0.005876133346035803,-0.015222021925553664
20260930,sigmoid,0.5,0.75,21,macro,True,-0.004761365374474576,-0.028200528783146467
20260930,sigmoid,0.5,0.75,21,electronic,True,-0.00492508069850911,-0.03387208652523521
20260930,sigmoid,0.5,0.75,21,pop,True,-0.0031929905794432223,-0.007858238758795433
20260930,sigmoid,0.5,0.75,21,ambient,True,-0.009201416243718064,-0.050867831282165765
20260930,sigmoid,0.5,0.75,21,rock,True,-0.0017259739762279097,-0.020203958566389457
20260930,sigmoid,0.5,0.75,22,macro,True,-0.0028806465394520704,-0.007824354545551665
20260930,sigmoid,0.5,0.75,22,electronic,True,-0.0015200211755076742,-0.014134723755683698
20260930,sigmoid,0.5,0.75,22,pop,True,-0.014250605420818269,-0.03399775897385221
20260930,sigmoid,0.5,0.75,22,ambient,True,0.004528249443558424,0.017794835267078868
20260930,sigmoid,0.5,0.75,22,rock,True,-0.00028020900504076296,-0.0009597707197496197
20260930,sigmoid,0.5,0.75,23,macro,True,-0.00031361742751514696,0.0011661269279554243
20260930,sigmoid,0.5,0.75,23,electronic,True,-0.0005784416944177584,0.007170884342798556
20260930,sigmoid,0.5,0.75,23,pop,True,-0.0008561724779883872,-0.002196627709920018
20260930,sigmoid,0.5,0.75,23,ambient,True,0.000430421802108949,0.0019905290038106926
20260930,sigmoid,0.5,0.75,23,rock,True,-0.00025027733976339117,-0.002300277924867533
20260930,sigmoid,0.5,0.75,24,macro,True,-0.004476311325386846,-0.008915741944824626
20260930,sigmoid,0.5,0.75,24,electronic,True,-0.000904618982805111,-0.002806287672777019
20260930,sigmoid,0.5,0.75,24,pop,True,-0.017338425769838517,-0.040801491149831504
20260930,sigmoid,0.5,0.75,24,ambient,True,0.0002962303191913762,0.004347967639287353
20260930,sigmoid,0.5,0.75,24,rock,True,4.156913190486722e-05,0.003596843404022665
20260930,sigmoid,0.5,0.75,25,macro,True,-0.0027644248535609664,-0.011597072530644154
20260930,sigmoid,0.5,0.75,25,electronic,True,-0.0023072702062244266,-0.012469154048967868
20260930,sigmoid,0.5,0.75,25,pop,True,-0.005311747998530236,-0.013670079957856851
20260930,sigmoid,0.5,0.75,25,ambient,True,-0.00316062611436399,-0.0140592978493852
20260930,sigmoid,0.5,0.75,25,rock,True,-0.00027805509512521254,-0.006189758266366696
20260930,sigmoid,0.5,0.75,26,macro,True,-0.001818326037515909,-0.01381522663357794
20260930,sigmoid,0.5,0.75,26,electronic,True,0.0007018585425150325,0.0035923051847216447
20260930,sigmoid,0.5,0.75,26,pop,True,-0.002268855993991764,-0.00441008041729285
20260930,sigmoid,0.5,0.75,26,ambient,True,-0.0035269355783061063,-0.013255839484784204
20260930,sigmoid,0.5,0.75,26,rock,True,-0.0021793711202807986,-0.04118729181695635
20260930,sigmoid,0.5,0.75,27,macro,True,-0.0021537465179373334,-0.002673384773283022
20260930,sigmoid,0.5,0.75,27,electronic,True,-0.000436237086817004,0.004067428523302663
20260930,sigmoid,0.5,0.75,27,pop,True,-0.0019327074199452787,-0.0014575748105727926
20260930,sigmoid,0.5,0.75,27,ambient,True,-0.004261234589892027,-0.009836667576821723
20260930,sigmoid,0.5,0.75,27,rock,True,-0.0019848069750950242,-0.003466725229040235
20260930,sigmoid,0.5,0.75,28,macro,True,-0.003560852947544959,-0.012207270360483982
20260930,sigmoid,0.5,0.75,28,electronic,True,0.0060294821692860046,0.030478177670985374
20260930,sigmoid,0.5,0.75,28,pop,True,-0.016241082758170683,-0.060778909191265995
20260930,sigmoid,0.5,0.75,28,ambient,True,-0.003946401560276341,-0.018182642634314905
20260930,sigmoid,0.5,0.75,28,rock,True,-8.540964101881598e-05,-0.0003457072873404021
20260930,sigmoid,0.5,0.75,29,macro,True,-0.0015991691062472828,-0.0077578373436192755
20260930,sigmoid,0.5,0.75,29,electronic,True,-0.0043877641055757866,-0.03341279287667154
20260930,sigmoid,0.5,0.75,29,pop,True,0.003558912648419371,0.007924643396535702
20260930,sigmoid,0.5,0.75,29,ambient,True,-0.005650200925334303,-0.010123400905455826
20260930,sigmoid,0.5,0.75,29,rock,True,8.237595750158755e-05,0.00458020101111456
20260930,sigmoid,0.75,1.0,0,macro,True,-0.0011420780631128703,-0.0047167242270080845
20260930,sigmoid,0.75,1.0,0,electronic,True,-0.004053693863055902,-0.01497363830049081
20260930,sigmoid,0.75,1.0,0,pop,True,-0.0013843349569309382,-0.01272807584716984
20260930,sigmoid,0.75,1.0,0,ambient,True,0.0004551572211717869,0.0032897287316907553
20260930,sigmoid,0.75,1.0,0,rock,True,0.0004145593463635716,0.005545088507937557
20260930,sigmoid,0.75,1.0,1,macro,True,-0.0018584862665565853,-0.00855895720853364
20260930,sigmoid,0.75,1.0,1,electronic,True,-0.003982342419049406,-0.01206968258799579
20260930,sigmoid,0.75,1.0,1,pop,True,0.002004377789750017,0.004989348164791241
20260930,sigmoid,0.75,1.0,1,ambient,True,-0.00468629168164672,-0.01677246040305752
20260930,sigmoid,0.75,1.0,1,rock,True,-0.0007696887552802317,-0.010383034007872494
20260930,sigmoid,0.75,1.0,2,macro,True,-0.0003920949034386216,0.0002512860093996372
20260930,sigmoid,0.75,1.0,2,electronic,True,-0.0005648627765659775,-0.0013168321219189094
20260930,sigmoid,0.75,1.0,2,pop,True,-0.0010299864662580427,-0.002577758728252
20260930,sigmoid,0.75,1.0,2,ambient,True,0.0010883243414339938,0.0040468209574264224
20260930,sigmoid,0.75,1.0,2,rock,True,-0.00106185471236446,0.0008529139303430355
20260930,sigmoid,0.75,1.0,3,macro,True,0.0009191467324245785,0.006866017499239652
20260930,sigmoid,0.75,1.0,3,electronic,True,0.0008476050468049501,0.012585556162752143
20260930,sigmoid,0.75,1.0,3,pop,True,0.0008060825741768585,0.00218674172778488
20260930,sigmoid,0.75,1.0,3,ambient,True,0.0015847130477274207,0.00600039843240463
20260930,sigmoid,0.75,1.0,3,rock,True,0.00043818626098908464,0.006691373674016954
20260930,sigmoid,0.75,1.0,4,macro,True,-4.992823102014515e-05,0.0017120734818582006
20260930,sigmoid,0.75,1.0,4,electronic,True,-0.0017734739792622245,0.00047006527823767463
20260930,sigmoid,0.75,1.0,4,pop,True,0.0030972756270143398,0.006582815700365174
20260930,sigmoid,0.75,1.0,4,ambient,True,-0.0016098779930835694,-0.0054067622368872414
20260930,sigmoid,0.75,1.0,4,rock,True,8.636342125087348e-05,0.005202175185717195
20260930,sigmoid,0.75,1.0,5,macro,True,-0.001227547719901051,-0.006806405852836317
20260930,sigmoid,0.75,1.0,5,electronic,True,0.0005333046614160175,0.0034448867630862967
20260930,sigmoid,0.75,1.0,5,pop,True,-0.0007498892302623128,-0.00157186735973186
20260930,sigmoid,0.75,1.0,5,ambient,True,-0.0038083931600867427,-0.01704680354484972
20260930,sigmoid,0.75,1.0,5,rock,True,-0.0008852131506711658,-0.012051839269849984
20260930,sigmoid,0.75,1.0,6,macro,True,-0.0005059970512534054,0.0012643592311303992
20260930,sigmoid,0.75,1.0,6,electronic,True,0.00020165392067711396,0.0017489602922649006
20260930,sigmoid,0.75,1.0,6,pop,True,-0.0030037946596177534,-0.005872139927096509
20260930,sigmoid,0.75,1.0,6,ambient,True,0.0004111266447454631,0.003281242663138839
20260930,sigmoid,0.75,1.0,6,rock,True,0.00036702588918155477,0.005899373896214366
20260930,sigmoid,0.75,1.0,7,macro,True,-0.001074831375516741,-0.003393369594871895
20260930,sigmoid,0.75,1.0,7,electronic,True,-0.002528412629238447,-0.0062171400106735275
20260930,sigmoid,0.75,1.0,7,pop,True,-0.002530957509367382,-0.012419463836427058
20260930,sigmoid,0.75,1.0,7,ambient,True,0.0012152550091785175,0.004343497389727613
20260930,sigmoid,0.75,1.0,7,rock,True,-0.0004552103726396528,0.0007196280778853925
20260930,sigmoid,0.75,1.0,8,macro,True,0.0005423159149787748,0.003215087344097048
20260930,sigmoid,0.75,1.0,8,electronic,True,0.0011694059999047268,0.011535647937542137
20260930,sigmoid,0.75,1.0,8,pop,True,3.60845777659935e-05,0.0006613733406194977
20260930,sigmoid,0.75,1.0,8,ambient,True,0.001954170158399049,0.007613498519400186
20260930,sigmoid,0.75,1.0,8,rock,True,-0.0009903970761546699,-0.006950170421173629
20260930,sigmoid,0.75,1.0,9,macro,True,-0.0011554073344495625,-0.0028281361575518277
20260930,sigmoid,0.75,1.0,9,electronic,True,0.0005439317772116536,0.004442549608575375
20260930,sigmoid,0.75,1.0,9,pop,True,-0.003195142897260833,-0.0070438402464824135
20260930,sigmoid,0.75,1.0,9,ambient,True,-0.0018804333108939086,-0.007946810559724626
20260930,sigmoid,0.75,1.0,9,rock,True,-8.99849068551617e-05,-0.0007644434325756455
20260930,sigmoid,0.75,1.0,10,macro,True,0.001027474873977103,0.003428768511458888
20260930,sigmoid,0.75,1.0,10,electronic,True,0.0005840472093008031,0.004336771095401648
20260930,sigmoid,0.75,1.0,10,pop,True,0.0017396506277803647,0.0010068609004155737
20260930,sigmoid,0.75,1.0,10,ambient,True,0.0016693956488256778,0.0057277454657079785
20260930,sigmoid,0.75,1.0,10,rock,True,0.0001168060100015661,0.002643696584310351
20260930,sigmoid,0.75,1.0,11,macro,True,-0.0005153011240066376,-0.004283593950123565
20260930,sigmoid,0.75,1.0,11,electronic,True,-0.0011213631031102012,-0.005257799819388231
20260930,sigmoid,0.75,1.0,11,pop,True,0.0005637345750414136,-0.0004776015725437843
20260930,sigmoid,0.75,1.0,11,ambient,True,-0.0006733302650751838,-0.00041015287918505505
20260930,sigmoid,0.75,1.0,11,rock,True,-0.0008302457028825788,-0.01098882152937719
20260930,sigmoid,0.75,1.0,12,macro,True,-0.0014973211689305044,-0.006414795641512899
20260930,sigmoid,0.75,1.0,12,electronic,True,-0.0012859680628977965,-0.0013771240296598375
20260930,sigmoid,0.75,1.0,12,pop,True,-0.0016761883637702035,-0.004856435143655469
20260930,sigmoid,0.75,1.0,12,ambient,True,-0.0017995328756624795,-0.007448795646375295
20260930,sigmoid,0.75,1.0,12,rock,True,-0.001227595373391538,-0.011976827746360996
20260930,sigmoid,0.75,1.0,13,macro,True,-0.003102999339616032,-0.017695518487919018
20260930,sigmoid,0.75,1.0,13,electronic,True,-0.002304269006469295,-0.022791556139205027
20260930,sigmoid,0.75,1.0,13,pop,True,-0.0035271154784863867,-0.027029494293038414
20260930,sigmoid,0.75,1.0,13,ambient,True,-0.0067029053420900875,-0.023630232169561116
20260930,sigmoid,0.75,1.0,13,rock,True,0.00012229246858164178,0.002669208650128485
20260930,sigmoid,0.75,1.0,14,macro,True,0.0018567882466482936,0.008155605009808886
20260930,sigmoid,0.75,1.0,14,electronic,True,0.0011739861703231047,0.010370296460827877
20260930,sigmoid,0.75,1.0,14,pop,True,0.0032789230271425274,0.007492577796811228
20260930,sigmoid,0.75,1.0,14,ambient,True,0.0024739281082020725,0.008166323777959283
20260930,sigmoid,0.75,1.0,14,rock,True,0.00050031568092547,0.006593222003637156
20260930,sigmoid,0.75,1.0,15,macro,True,-5.512029894147452e-05,0.001805760981368032
20260930,sigmoid,0.75,1.0,15,electronic,True,0.0005072119258802965,0.004969721564584528
20260930,sigmoid,0.75,1.0,15,pop,True,0.0007363018962584511,0.002152147539142224
20260930,sigmoid,0.75,1.0,15,ambient,True,-0.0012507007380690993,-0.004873577224275227
20260930,sigmoid,0.75,1.0,15,rock,True,-0.00021329427983554639,0.004974752046020603
20260930,sigmoid,0.75,1.0,16,macro,True,-0.0013064272686022158,-0.010456138910778845
20260930,sigmoid,0.75,1.0,16,electronic,True,-0.0010746114599820833,-0.008655594538329536
20260930,sigmoid,0.75,1.0,16,pop,True,-0.0005823074728792954,-0.0038702258940042644
20260930,sigmoid,0.75,1.0,16,ambient,True,-0.002178438445790881,-0.008993317238390086
20260930,sigmoid,0.75,1.0,16,rock,True,-0.0013903516957566031,-0.020305417972391493
20260930,sigmoid,0.75,1.0,17,macro,True,-0.0005528590064859673,-0.007016639675709591
20260930,sigmoid,0.75,1.0,17,electronic,True,-0.004168531121281183,-0.04139836667067698
20260930,sigmoid,0.75,1.0,17,pop,True,0.001086128579331852,0.003072144254774367
20260930,sigmoid,0.75,1.0,17,ambient,True,0.001530030228753837,0.00608815943933666
20260930,sigmoid,0.75,1.0,17,rock,True,-0.0006590637127483756,0.004171504273727589
20260930,sigmoid,0.75,1.0,18,macro,True,0.00043333211983636113,-0.00035566831500874474
20260930,sigmoid,0.75,1.0,18,electronic,True,0.00040150619697337797,0.004524026147082472
20260930,sigmoid,0.75,1.0,18,pop,True,0.0005404743455414696,0.0015971346237958484
20260930,sigmoid,0.75,1.0,18,ambient,True,0.0022581168536454643,0.008262662097841267
20260930,sigmoid,0.75,1.0,18,rock,True,-0.0014667689168148673,-0.015806496128754566
20260930,sigmoid,0.75,1.0,19,macro,True,-0.0007216927885328843,-0.0021399371023162195
20260930,sigmoid,0.75,1.0,19,electronic,True,-0.0013535496674229597,-0.008414309218280791
20260930,sigmoid,0.75,1.0,19,pop,True,-0.0015287165540511793,-0.002625585417598497
20260930,sigmoid,0.75,1.0,19,ambient,True,-0.00016445993881569754,4.102054997418003e-05
20260930,sigmoid,0.75,1.0,19,rock,True,0.00015995500615829938,0.0024391256766402303
20260930,sigmoid,0.75,1.0,20,macro,True,-0.0014172828109111774,-0.0029504507338465324
20260930,sigmoid,0.75,1.0,20,electronic,True,-0.00011575328450638689,-0.002041787804544226
20260930,sigmoid,0.75,1.0,20,pop,True,-0.005636827613975048,-0.013481201560446188
20260930,sigmoid,0.75,1.0,20,ambient,True,0.00032872420060039986,0.0013434468633840013
20260930,sigmoid,0.75,1.0,20,rock,True,-0.000245274545763674,0.0023777395662202827
20260930,sigmoid,0.75,1.0,21,macro,True,-0.004689815822358504,-0.010194293905398957
20260930,sigmoid,0.75,1.0,21,electronic,True,0.0003174327977232827,0.009801547502975683
20260930,sigmoid,0.75,1.0,21,pop,True,-0.008433621634910432,-0.018409514683326356
20260930,sigmoid,0.75,1.0,21,ambient,True,-0.011007229578324645,-0.03697127461677446
20260930,sigmoid,0.75,1.0,21,rock,True,0.0003641551260777781,0.004802066175529307
20260930,sigmoid,0.75,1.0,22,macro,True,-0.0007886980800188362,-6.678444054876442e-05
20260930,sigmoid,0.75,1.0,22,electronic,True,0.0011018777159420012,0.01143717172188663
20260930,sigmoid,0.75,1.0,22,pop,True,-0.0018851864432348764,-0.003491607168443267
20260930,sigmoid,0.75,1.0,22,ambient,True,-0.002480118995665026,-0.01080448480082652
20260930,sigmoid,0.75,1.0,22,rock,True,0.00010863540288255646,0.002591782485188099
20260930,sigmoid,0.75,1.0,23,macro,True,-0.0006006989703389622,-0.0004257013063254794
20260930,sigmoid,0.75,1.0,23,electronic,True,-9.115334618747806e-05,0.0003094634489887449
20260930,sigmoid,0.75,1.0,23,pop,True,-0.0020569368279175493,-0.005131582640567567
20260930,sigmoid,0.75,1.0,23,ambient,True,-0.0006927449221249549,-0.002575528025106688
20260930,sigmoid,0.75,1.0,23,rock,True,0.00043803921487413355,0.005694841991383592
20260930,sigmoid,0.75,1.0,24,macro,True,-0.0010607621712299224,-0.008600236350484083
20260930,sigmoid,0.75,1.0,24,electronic,True,-0.003337181007183998,-0.030875108669066287
20260930,sigmoid,0.75,1.0,24,pop,True,-0.0008681085023944657,-0.0012621888344312437
20260930,sigmoid,0.75,1.0,24,ambient,True,0.00040884288697812243,0.0016022344467030436
20260930,sigmoid,0.75,1.0,24,rock,True,-0.0004466020623193484,-0.0038658823451418467
20260930,sigmoid,0.75,1.0,25,macro,True,0.0004693720700964729,-0.002372731861925048
20260930,sigmoid,0.75,1.0,25,electronic,True,-0.0007105080156709909,-0.007841871832630853
20260930,sigmoid,0.75,1.0,25,pop,True,0.003158819800299889,0.007293467853526692
20260930,sigmoid,0.75,1.0,25,ambient,True,0.0006799931188492536,0.003460144114848518
20260930,sigmoid,0.75,1.0,25,rock,True,-0.0012508166230922602,-0.012402667583444549
20260930,sigmoid,0.75,1.0,26,macro,True,0.0015618946678581727,0.005034730800460435
20260930,sigmoid,0.75,1.0,26,electronic,True,0.00151022008399887,0.014413526101339724
20260930,sigmoid,0.75,1.0,26,pop,True,0.00417043643172943,0.009174400518047576
20260930,sigmoid,0.75,1.0,26,ambient,True,0.0016980930886032475,0.006220469401489348
20260930,sigmoid,0.75,1.0,26,rock,True,-0.0011311709328988562,-0.009669472819034908
20260930,sigmoid,0.75,1.0,27,macro,True,-0.001668583212961202,-0.003306252337445248
20260930,sigmoid,0.75,1.0,27,electronic,True,0.0009757677132344322,0.007123441855015011
20260930,sigmoid,0.75,1.0,27,pop,True,-0.006145925277068115,-0.016029999340665846
20260930,sigmoid,0.75,1.0,27,ambient,True,-0.0015171132711891688,-0.005716749136486232
20260930,sigmoid,0.75,1.0,27,rock,True,1.293798317804351e-05,0.001398297272356075
20260930,sigmoid,0.75,1.0,28,macro,True,-0.0011546709087365097,-0.0033019021428092876
20260930,sigmoid,0.75,1.0,28,electronic,True,-0.003561244131539021,-0.008860486371744192
20260930,sigmoid,0.75,1.0,28,pop,True,-0.001410861213655662,-0.006189783298968077
20260930,sigmoid,0.75,1.0,28,ambient,True,0.00036366706722479325,0.0018404945897471658
20260930,sigmoid,0.75,1.0,28,rock,True,-1.0245356976149034e-05,2.1665097279521817e-06
20260930,sigmoid,0.75,1.0,29,macro,True,0.00025583532841363943,-0.0009908512548405107
20260930,sigmoid,0.75,1.0,29,electronic,True,-0.0010540612776249458,-0.011380979525799306
20260930,sigmoid,0.75,1.0,29,pop,True,0.0011478352188727114,0.0021787002149047385
20260930,sigmoid,0.75,1.0,29,ambient,True,0.0011703956076122013,0.004960215256894052
20260930,sigmoid,0.75,1.0,29,rock,True,-0.0002408282352054092,0.0002786590346384732
20260930,sigmoid,0.25,1.0,0,macro,True,-0.0013285339949655924,-0.013389975315695371
20260930,sigmoid,0.25,1.0,0,electronic,True,-0.005921637001678054,-0.043006585079483184
20260930,sigmoid,0.25,1.0,0,pop,True,0.0009802870493448856,-0.005108968964783689
20260930,sigmoid,0.25,1.0,0,ambient,True,-0.00012104142604218993,-0.005411163648799011
20260930,sigmoid,0.25,1.0,0,rock,True,-0.00025174460148701117,-3.3183569715600214e-05
20260930,sigmoid,0.25,1.0,1,macro,True,-0.01170358124605514,-0.0742724342386459
20260930,sigmoid,0.25,1.0,1,electronic,True,-0.007679349760021298,-0.07236671911942583
20260930,sigmoid,0.25,1.0,1,pop,True,-0.010291005363842143,-0.044985628243027875
20260930,sigmoid,0.25,1.0,1,ambient,True,-0.023622425826553356,-0.09294834319284512
20260930,sigmoid,0.25,1.0,1,rock,True,-0.00522154403380376,-0.08678904639928481
20260930,sigmoid,0.25,1.0,2,macro,True,-0.016565806753379177,-0.04591646478314382
20260930,sigmoid,0.25,1.0,2,electronic,True,-0.004816929626854566,-0.043672458384169666
20260930,sigmoid,0.25,1.0,2,pop,True,-0.04216420069138538,-0.10355418450580378
20260930,sigmoid,0.25,1.0,2,ambient,True,-0.00910149874256938,-0.015918482817192492
20260930,sigmoid,0.25,1.0,2,rock,True,-0.010180597952707385,-0.020520733425409332
20260930,sigmoid,0.25,1.0,3,macro,False,,
20260930,sigmoid,0.25,1.0,3,electronic,True,0.002810017894404382,0.031198533652669225
20260930,sigmoid,0.25,1.0,3,pop,True,-0.01534861976984428,-0.03787942899836205
20260930,sigmoid,0.25,1.0,3,ambient,False,,
20260930,sigmoid,0.25,1.0,3,rock,True,-0.021249875890845316,-0.6188163883216853
20260930,sigmoid,0.25,1.0,4,macro,True,-0.013026703124764533,-0.07241149110208106
20260930,sigmoid,0.25,1.0,4,electronic,True,-0.012562482562691851,-0.09239838273401568
20260930,sigmoid,0.25,1.0,4,pop,True,-0.02726434235545272,-0.1547095837127559
20260930,sigmoid,0.25,1.0,4,ambient,True,-0.011292731692563673,-0.04473053302471258
20260930,sigmoid,0.25,1.0,4,rock,True,-0.000987255888349886,0.002192535063159917
20260930,sigmoid,0.25,1.0,5,macro,True,-0.0063661929942668005,-0.030376606970616823
20260930,sigmoid,0.25,1.0,5,electronic,True,0.003532916275641451,0.032105996145694315
20260930,sigmoid,0.25,1.0,5,pop,True,0.0006675200130372427,-0.0044914676925694175
20260930,sigmoid,0.25,1.0,5,ambient,True,-0.02479002763352106,-0.14288730891320595
20260930,sigmoid,0.25,1.0,5,rock,True,-0.004875180632224835,-0.006233647422386246
20260930,sigmoid,0.25,1.0,6,macro,True,-0.018389809506279386,-0.3940153135094014
20260930,sigmoid,0.25,1.0,6,electronic,True,-0.05008062019778173,-1.3445065166830465
20260930,sigmoid,0.25,1.0,6,pop,True,-0.00122157854015581,-0.002214356946982521
20260930,sigmoid,0.25,1.0,6,ambient,True,-0.013939847435092217,-0.027336968244095317
20260930,sigmoid,0.25,1.0,6,rock,True,-0.00831719185208779,-0.202003412163481
20260930,sigmoid,0.25,1.0,7,macro,True,-0.012563182714080953,-0.05634308907482655
20260930,sigmoid,0.25,1.0,7,electronic,True,-0.004719588276820813,-0.04848420874354742
20260930,sigmoid,0.25,1.0,7,pop,True,-0.04213450688240958,-0.1647393363099342
20260930,sigmoid,0.25,1.0,7,ambient,True,-0.0018524832539507652,-0.007885097667457597
20260930,sigmoid,0.25,1.0,7,rock,True,-0.0015461524431426565,-0.004263713578366968
20260930,sigmoid,0.25,1.0,8,macro,True,-0.00455908686707027,-0.0062535313759495
20260930,sigmoid,0.25,1.0,8,electronic,True,0.002754175187923452,0.02277197035228229
20260930,sigmoid,0.25,1.0,8,pop,True,-0.02123521451042054,-0.04973762523078307
20260930,sigmoid,0.25,1.0,8,ambient,True,0.0003261715184415259,-0.004654479153149482
20260930,sigmoid,0.25,1.0,8,rock,True,-8.147966422551722e-05,0.0066060085278522584
20260930,sigmoid,0.25,1.0,9,macro,True,-0.008688576032358841,-0.06024733739772829
20260930,sigmoid,0.25,1.0,9,electronic,True,-0.011813242774739108,-0.13050711077936328
20260930,sigmoid,0.25,1.0,9,pop,True,-0.01586327506816279,-0.036345149556716305
20260930,sigmoid,0.25,1.0,9,ambient,True,-0.0036469224831343905,-0.016499940494053733
20260930,sigmoid,0.25,1.0,9,rock,True,-0.0034308638033990757,-0.057637148760779855
20260930,sigmoid,0.25,1.0,10,macro,True,-0.0018866911931764777,-0.006383676298246127
20260930,sigmoid,0.25,1.0,10,electronic,True,-0.001433569363451792,-0.013691832881684296
20260930,sigmoid,0.25,1.0,10,pop,True,0.0023312190715842895,0.0007419507911509693
20260930,sigmoid,0.25,1.0,10,ambient,True,-0.008581698250555242,-0.019686856679179965
20260930,sigmoid,0.25,1.0,10,rock,True,0.00013728376971683387,0.0071020335767287834
20260930,sigmoid,0.25,1.0,11,macro,True,-0.008282635976134201,-0.05286078688549194
20260930,sigmoid,0.25,1.0,11,electronic,True,-0.0070136103040210895,-0.07077735700131393
20260930,sigmoid,0.25,1.0,11,pop,True,0.0007865574367134642,-0.0050414781384656715
20260930,sigmoid,0.25,1.0,11,ambient,True,-0.009532443486349046,-0.016714503259577185
20260930,sigmoid,0.25,1.0,11,rock,True,-0.017371047550880134,-0.11890980914261096
20260930,sigmoid,0.25,1.0,12,macro,True,-0.006153888856798909,-0.04319220360806539
20260930,sigmoid,0.25,1.0,12,electronic,True,0.0004860744641411452,0.004227306625323335
20260930,sigmoid,0.25,1.0,12,pop,True,-0.017373846646285385,-0.13485974332247408
20260930,sigmoid,0.25,1.0,12,ambient,True,-0.006918525099006451,-0.03215709545625384
20260930,sigmoid,0.25,1.0,12,rock,True,-0.0008092581460449472,-0.009979282278856971
20260930,sigmoid,0.25,1.0,13,macro,True,0.001980255347455443,0.007963283164799995
20260930,sigmoid,0.25,1.0,13,electronic,True,0.0010498843775258726,0.01087337359082452
20260930,sigmoid,0.25,1.0,13,pop,True,0.0052759720089433915,0.01061998593554142
20260930,sigmoid,0.25,1.0,13,ambient,True,0.0029979381013909012,0.0082050800441274
20260930,sigmoid,0.25,1.0,13,rock,True,-0.001402773098038393,0.0021546930887066384
20260930,sigmoid,0.25,1.0,14,macro,True,-0.009717789779661447,-0.04040084877949657
20260930,sigmoid,0.25,1.0,14,electronic,True,-0.028500389020763572,-0.12756487257650684
20260930,sigmoid,0.25,1.0,14,pop,True,-0.0009017256313547939,-0.0035105028959803164
20260930,sigmoid,0.25,1.0,14,ambient,True,-0.0067028711346199255,-0.017788054851935964
20260930,sigmoid,0.25,1.0,14,rock,True,-0.0027661733319074983,-0.012739964793563152
20260930,sigmoid,0.25,1.0,15,macro,True,-0.008133355098942831,-0.03617297095301206
20260930,sigmoid,0.25,1.0,15,electronic,True,-0.013663834810952957,-0.09505573527926536
20260930,sigmoid,0.25,1.0,15,pop,True,0.0032316387285936388,0.0068207806890374645
20260930,sigmoid,0.25,1.0,15,ambient,True,-0.000850013145285794,-0.002167826245778437
20260930,sigmoid,0.25,1.0,15,rock,True,-0.021251211168126213,-0.05428910297604189
20260930,sigmoid,0.25,1.0,16,macro,True,-0.0062151720602431,-0.06534627881431208
20260930,sigmoid,0.25,1.0,16,electronic,True,0.00019140784662433075,0.0020259549941760158
20260930,sigmoid,0.25,1.0,16,pop,True,-0.015366472014123916,-0.16172451151282619
20260930,sigmoid,0.25,1.0,16,ambient,True,-6.451888700109709e-05,5.140710539935922e-05
20260930,sigmoid,0.25,1.0,16,rock,True,-0.009621105186471718,-0.10173796584399752
20260930,sigmoid,0.25,1.0,17,macro,True,-0.004190682818627941,-0.01131224062458483
20260930,sigmoid,0.25,1.0,17,electronic,True,-0.0010562564430079135,-0.01003074576280416
20260930,sigmoid,0.25,1.0,17,pop,True,-0.013001556288553207,-0.030124314479394565
20260930,sigmoid,0.25,1.0,17,ambient,True,-0.002476033175234482,-0.01074264123508678
20260930,sigmoid,0.25,1.0,17,rock,True,-0.0002288853677161612,0.005648738978946188
20260930,sigmoid,0.25,1.0,18,macro,True,-0.008922138717542046,-0.06030256860482515
20260930,sigmoid,0.25,1.0,18,electronic,True,-0.011671469122251199,-0.09331502981638495
20260930,sigmoid,0.25,1.0,18,pop,True,-0.02593739089014535,-0.16037339536902973
20260930,sigmoid,0.25,1.0,18,ambient,True,0.0020336748694421425,0.006556713664766678
20260930,sigmoid,0.25,1.0,18,rock,True,-0.00011336972721377736,0.005921437101347404
20260930,sigmoid,0.25,1.0,19,macro,True,-0.0056164541191637204,-0.03215113002793696
20260930,sigmoid,0.25,1.0,19,electronic,True,-0.02162449629218055,-0.12129369450783167
20260930,sigmoid,0.25,1.0,19,pop,True,-0.004139579951204203,-0.013130905642848023
20260930,sigmoid,0.25,1.0,19,ambient,True,0.003479486392745784,0.00836080797278066
20260930,sigmoid,0.25,1.0,19,rock,True,-0.00018122662601591233,-0.0025407279338487965
20260930,sigmoid,0.25,1.0,20,macro,True,-0.0055614744098241055,-0.022283242955261268
20260930,sigmoid,0.25,1.0,20,electronic,True,-0.007711689276527239,-0.04402864218150726
20260930,sigmoid,0.25,1.0,20,pop,True,-0.003648681788663427,-0.015238016310488378
20260930,sigmoid,0.25,1.0,20,ambient,True,-0.009991220611705542,-0.03319892853416956
20260930,sigmoid,0.25,1.0,20,rock,True,-0.0008943059624002131,0.0033326152051201263
20260930,sigmoid,0.25,1.0,21,macro,True,-0.009396186494372304,-0.056109691022781
20260930,sigmoid,0.25,1.0,21,electronic,True,-0.0060889457770777755,-0.0636505871296621
20260930,sigmoid,0.25,1.0,21,pop,True,-0.003120720641233893,-0.012703390954450389
20260930,sigmoid,0.25,1.0,21,ambient,True,-0.024085604262561122,-0.08535173969735216
20260930,sigmoid,0.25,1.0,21,rock,True,-0.004289475296616427,-0.06273304630965937
20260930,sigmoid,0.25,1.0,22,macro,True,-0.026381470668265596,-0.15655430144979496
20260930,sigmoid,0.25,1.0,22,electronic,True,5.355515077307138e-05,-0.000956804886369067
20260930,sigmoid,0.25,1.0,22,pop,True,-0.04615616038972015,-0.14728268686183954
20260930,sigmoid,0.25,1.0,22,ambient,True,-0.047094115297349304,-0.23956682587235806
20260930,sigmoid,0.25,1.0,22,rock,True,-0.012329162136766006,-0.23841088817861317
20260930,sigmoid,0.25,1.0,23,macro,True,-0.005205297461733021,-0.01621100407948871
20260930,sigmoid,0.25,1.0,23,electronic,True,0.0036458151468695688,0.03168105955730249
20260930,sigmoid,0.25,1.0,23,pop,True,-0.0026370211798459053,-0.011311996362234789
20260930,sigmoid,0.25,1.0,23,ambient,True,-0.022157088864826202,-0.09208515997983197
20260930,sigmoid,0.25,1.0,23,rock,True,0.00032710505087045483,0.006872080466809427
20260930,sigmoid,0.25,1.0,24,macro,True,-0.00984237029905655,-0.041157810415868565
20260930,sigmoid,0.25,1.0,24,electronic,True,0.001816415207851363,0.015049410937938101
20260930,sigmoid,0.25,1.0,24,pop,True,-0.021501846377618983,-0.05042781486836834
20260930,sigmoid,0.25,1.0,24,ambient,True,-0.019590742178898973,-0.13495355835586248
20260930,sigmoid,0.25,1.0,24,rock,True,-9.330784755960664e-05,0.005700720622818456
20260930,sigmoid,0.25,1.0,25,macro,True,-0.007514585825005398,-0.07264556570511035
20260930,sigmoid,0.25,1.0,25,electronic,True,-0.01744736675186434,-0.22169621039513798
20260930,sigmoid,0.25,1.0,25,pop,True,-0.00673895198054239,-0.024994568150734586
20260930,sigmoid,0.25,1.0,25,ambient,True,-0.0024353395010836,-0.010344215567018478
20260930,sigmoid,0.25,1.0,25,rock,True,-0.0034366850665312615,-0.03354726870755037
20260930,sigmoid,0.25,1.0,26,macro,True,-0.006136882011633947,-0.026415145529843545
20260930,sigmoid,0.25,1.0,26,electronic,True,0.0011350568232312008,0.021530952072341125
20260930,sigmoid,0.25,1.0,26,pop,True,0.0032596474512094353,0.007492674939073463
20260930,sigmoid,0.25,1.0,26,ambient,True,-0.026380557016256245,-0.09964565341987924
20260930,sigmoid,0.25,1.0,26,rock,True,-0.002561675304720179,-0.035038555710909525
20260930,sigmoid,0.25,1.0,27,macro,True,-0.012241411806969478,-0.036971120544826305
20260930,sigmoid,0.25,1.0,27,electronic,True,-0.006172648537709241,0.002646446385846324
20260930,sigmoid,0.25,1.0,27,pop,True,-0.021766645484508157,-0.10227470309532971
20260930,sigmoid,0.25,1.0,27,ambient,True,0.003444284546037152,0.008607342248754868
20260930,sigmoid,0.25,1.0,27,rock,True,-0.024470637751697666,-0.0568635677185767
20260930,sigmoid,0.25,1.0,28,macro,True,-0.0057793488025220975,-0.025854332614605333
20260930,sigmoid,0.25,1.0,28,electronic,True,-0.0018247391000775492,0.022396808305633176
20260930,sigmoid,0.25,1.0,28,pop,True,-0.011998643985053403,-0.07616482539777558
20260930,sigmoid,0.25,1.0,28,ambient,True,-0.007743859683391474,-0.03709807813418481
20260930,sigmoid,0.25,1.0,28,rock,True,-0.0015501524415659634,-0.012551235232094116
20260930,sigmoid,0.25,1.0,29,macro,True,-0.0005500793733979985,-0.0005908762313302507
20260930,sigmoid,0.25,1.0,29,electronic,True,0.0032781973045603596,0.027711249579277508
20260930,sigmoid,0.25,1.0,29,pop,True,-0.004367578805682837,-0.022332360707052634
20260930,sigmoid,0.25,1.0,29,ambient,True,0.0004656832909157027,0.002181972775920915
20260930,sigmoid,0.25,1.0,29,rock,True,-0.0015766192833852194,-0.009924366573466792
20260930,temperature,0.25,0.5,0,macro,True,0.001124705997535294,-0.0016204488736023537
20260930,temperature,0.25,0.5,0,electronic,True,-0.002312131618829427,-0.023330907133493728
20260930,temperature,0.25,0.5,0,pop,True,0.0019818376887707767,0.012643103136989242
20260930,temperature,0.25,0.5,0,ambient,True,0.0052267070281802885,0.009428776426794738
20260930,temperature,0.25,0.5,0,rock,True,-0.00039758910798046165,-0.005222767924699667
20260930,temperature,0.25,0.5,1,macro,True,-0.0017864458163812727,-0.029416137269348705
20260930,temperature,0.25,0.5,1,electronic,True,-0.004872865057514469,-0.05271960355968308
20260930,temperature,0.25,0.5,1,pop,True,-0.0018517262102950849,-0.006503240356379225
20260930,temperature,0.25,0.5,1,ambient,True,0.0028274550823072786,0.004020846076277396
20260930,temperature,0.25,0.5,1,rock,True,-0.003248647080022815,-0.06246255123760991
20260930,temperature,0.25,0.5,2,macro,True,-0.001590057604579368,-0.013009519814811521
20260930,temperature,0.25,0.5,2,electronic,True,-0.005158022023468656,-0.04882298712080202
20260930,temperature,0.25,0.5,2,pop,True,-0.0016820275427753273,-0.006815947048830873
20260930,temperature,0.25,0.5,2,ambient,True,0.0007628197809701198,0.0024221723567482423
20260930,temperature,0.25,0.5,2,rock,True,-0.0002830006330436091,0.0011786825536385659
20260930,temperature,0.25,0.5,3,macro,False,,
20260930,temperature,0.25,0.5,3,electronic,True,0.0009343916717614309,0.009204694975742167
20260930,temperature,0.25,0.5,3,pop,True,0.001543049569156213,0.008509771107208297
20260930,temperature,0.25,0.5,3,ambient,False,,
20260930,temperature,0.25,0.5,3,rock,True,-0.0070270643298322305,-0.18204314455442006
20260930,temperature,0.25,0.5,4,macro,True,-0.0033665269020692924,-0.027413023611600765
20260930,temperature,0.25,0.5,4,electronic,True,-0.008276022990170107,-0.0814307854126668
20260930,temperature,0.25,0.5,4,pop,True,-0.003161184857966931,-0.021481065007666
20260930,temperature,0.25,0.5,4,ambient,True,-0.001978325320258434,-0.005459520442024468
20260930,temperature,0.25,0.5,4,rock,True,-5.0574439881698185e-05,-0.0012807235840457953
20260930,temperature,0.25,0.5,5,macro,True,-0.0038124817066478994,-0.018645770277283286
20260930,temperature,0.25,0.5,5,electronic,True,0.0008104642026083853,0.008697894301297637
20260930,temperature,0.25,0.5,5,pop,True,-4.7087235698739516e-05,-0.00034630127559837076
20260930,temperature,0.25,0.5,5,ambient,True,-0.014996733773730148,-0.08269578177592418
20260930,temperature,0.25,0.5,5,rock,True,-0.0010165700197710958,-0.00023889235890822702
20260930,temperature,0.25,0.5,6,macro,True,-0.008620793677677051,-0.19277518900395557
20260930,temperature,0.25,0.5,6,electronic,True,-0.02702168673906777,-0.6826208700923693
20260930,temperature,0.25,0.5,6,pop,True,-0.0004153606074375482,-0.0011512199824388336
20260930,temperature,0.25,0.5,6,ambient,True,-0.0036103462765880168,-0.009802455631913842
20260930,temperature,0.25,0.5,6,rock,True,-0.0034357810876148726,-0.07752621030910034
20260930,temperature,0.25,0.5,7,macro,True,-0.002392728006001304,-0.017355000590237618
20260930,temperature,0.25,0.5,7,electronic,True,-0.005278820034976123,-0.0524033350862213
20260930,temperature,0.25,0.5,7,pop,True,-0.0014791540652283885,-0.009789100504028037
20260930,temperature,0.25,0.5,7,ambient,True,-0.0028964728862179434,-0.008291359128601683
20260930,temperature,0.25,0.5,7,rock,True,8.353496241723934e-05,0.0010637923579005504
20260930,temperature,0.25,0.5,8,macro,True,-0.0008878549451548402,-0.004598118787591102
20260930,temperature,0.25,0.5,8,electronic,True,-0.0001954291203213332,-0.0018446421890803144
20260930,temperature,0.25,0.5,8,pop,True,-0.0010113940484333117,-0.006174942485566159
20260930,temperature,0.25,0.5,8,ambient,True,-0.0021966956564625495,-0.01123770667160473
20260930,temperature,0.25,0.5,8,rock,True,-0.00014790095540216652,0.0008648161958867973
20260930,temperature,0.25,0.5,9,macro,True,-0.0057942579160164855,-0.05244810265363535
20260930,temperature,0.25,0.5,9,electronic,True,-0.013233096230829189,-0.15162780906573636
20260930,temperature,0.25,0.5,9,pop,True,1.2278944894222876e-05,-3.3723439771649044e-05
20260930,temperature,0.25,0.5,9,ambient,True,-0.009502030506521347,-0.04892670219250239
20260930,temperature,0.25,0.5,9,rock,True,-0.0004541838716096286,-0.009204175916530999
20260930,temperature,0.25,0.5,10,macro,True,-0.0007410778056617141,-0.005627540050589422
20260930,temperature,0.25,0.5,10,electronic,True,-0.0025849920514986746,-0.02306573186623717
20260930,temperature,0.25,0.5,10,pop,True,-1.826014329836534e-05,0.0001890522730829125
20260930,temperature,0.25,0.5,10,ambient,True,-0.00015349539784775823,4.740809291636783e-05
20260930,temperature,0.25,0.5,10,rock,True,-0.00020756363000205835,0.00031911129788020354
20260930,temperature,0.25,0.5,11,macro,True,-0.0012319216600699574,-0.012288601130606772
20260930,temperature,0.25,0.5,11,electronic,True,-0.005680676417566255,-0.05998699360323423
20260930,temperature,0.25,0.5,11,pop,True,0.001140885297256783,0.006667128783950205
20260930,temperature,0.25,0.5,11,ambient,True,-0.0008371477154087426,-0.0028935883667791096
20260930,temperature,0.25,0.5,11,rock,True,0.0004492521954383849,0.007059048663636047
20260930,temperature,0.25,0.5,12,macro,True,-0.0038398177603432213,-0.03240865588914314
20260930,temperature,0.25,0.5,12,electronic,True,-0.0013174007328550785,-0.011643348638161743
20260930,temperature,0.25,0.5,12,pop,True,-0.01281044579827978,-0.1147787737431602
20260930,temperature,0.25,0.5,12,ambient,True,-0.0014473877867671736,-0.006244791441158082
20260930,temperature,0.25,0.5,12,rock,True,0.00021596327652914638,0.0030322902659074558
20260930,temperature,0.25,0.5,13,macro,True,0.0035133382482342573,0.024824660049918665
20260930,temperature,0.25,0.5,13,electronic,True,0.006240519445428194,0.06049113858267363
20260930,temperature,0.25,0.5,13,pop,True,0.006866627701366368,0.03734453650567143
20260930,temperature,0.25,0.5,13,ambient,True,0.0018143820412225564,0.0014335073271315446
20260930,temperature,0.25,0.5,13,rock,True,-0.0008681761950800893,2.945778419805034e-05
20260930,temperature,0.25,0.5,14,macro,True,0.00017721345611775713,-0.0046437735537921965
20260930,temperature,0.25,0.5,14,electronic,True,-0.0022494327148288584,-0.021214072574520126
20260930,temperature,0.25,0.5,14,pop,True,-0.0015842739300550301,-0.0051787327437909925
20260930,temperature,0.25,0.5,14,ambient,True,0.005044985996363521,0.014720880747709941
20260930,temperature,0.25,0.5,14,rock,True,-0.0005024255270086042,-0.006903169644567608
20260930,temperature,0.25,0.5,15,macro,True,-0.000951751111404199,-0.012637859629691078
20260930,temperature,0.25,0.5,15,electronic,True,-0.006126690989905509,-0.0643851562211808
20260930,temperature,0.25,0.5,15,pop,True,0.0027431660156730653,0.013740696972440625
20260930,temperature,0.25,0.5,15,ambient,True,-0.0005670159672132302,-0.001770267106303569
20260930,temperature,0.25,0.5,15,rock,True,0.00014353649582887762,0.0018632878362794258
20260930,temperature,0.25,0.5,16,macro,True,-0.003877002949802061,-0.046919721792998706
20260930,temperature,0.25,0.5,16,electronic,True,0.0010637414771466347,0.00970860161055731
20260930,temperature,0.25,0.5,16,pop,True,-0.014602798139923628,-0.15558653952535717
20260930,temperature,0.25,0.5,16,ambient,True,0.0003032407074134158,0.0010839553796218038
20260930,temperature,0.25,0.5,16,rock,True,-0.0022721958438446654,-0.04288490463681677
20260930,temperature,0.25,0.5,17,macro,True,0.00024820858541822755,0.00371728367613558
20260930,temperature,0.25,0.5,17,electronic,True,0.001678274671831348,0.01625256077204662
20260930,temperature,0.25,0.5,17,pop,True,0.00021340395557734038,0.0009948866253831623
20260930,temperature,0.25,0.5,17,ambient,True,-0.0008812134763483692,-0.0023036355579760803
20260930,temperature,0.25,0.5,17,rock,True,-1.7630809387408908e-05,-7.467713491138284e-05
20260930,temperature,0.25,0.5,18,macro,True,-0.002984304893571644,-0.02803205239143869
20260930,temperature,0.25,0.5,18,electronic,True,-0.004393187548897198,-0.045714137604918936
20260930,temperature,0.25,0.5,18,pop,True,-0.008140762560076176,-0.07814259123334322
20260930,temperature,0.25,0.5,18,ambient,True,-0.00033665652407244284,-0.0009487386792117469
20260930,temperature,0.25,0.5,18,rock,True,0.0009333870587592413,0.012677257951719145
20260930,temperature,0.25,0.5,19,macro,True,-7.712498723067701e-05,-0.006983798690456816
20260930,temperature,0.25,0.5,19,electronic,True,-0.0030205390420696976,-0.03123043275218873
20260930,temperature,0.25,0.5,19,pop,True,-0.001923998966366608,-0.0063773199618574195
20260930,temperature,0.25,0.5,19,ambient,True,0.0047175707812245615,0.01072638982923102
20260930,temperature,0.25,0.5,19,rock,True,-8.153272171096404e-05,-0.0010538318770121347
20260930,temperature,0.25,0.5,20,macro,True,8.103518111864105e-05,0.0033267805783528115
20260930,temperature,0.25,0.5,20,electronic,True,0.002263519750501125,0.02504968439783062
20260930,temperature,0.25,0.5,20,pop,True,-0.0024799275369608853,-0.012208202664382828
20260930,temperature,0.25,0.5,20,ambient,True,0.000553563078031033,0.0006716794700606377
20260930,temperature,0.25,0.5,20,rock,True,-1.3014567096708562e-05,-0.00020603889009718213
20260930,temperature,0.25,0.5,21,macro,True,-0.0014783585244548328,-0.02346465421441954
20260930,temperature,0.25,0.5,21,electronic,True,-0.004524364773255962,-0.04738551513905098
20260930,temperature,0.25,0.5,21,pop,True,-0.002783354780532682,-0.012599314428227038
20260930,temperature,0.25,0.5,21,ambient,True,0.004132946926578812,0.01456276965323866
20260930,temperature,0.25,0.5,21,rock,True,-0.002738661470609499,-0.0484365569436388
20260930,temperature,0.25,0.5,22,macro,True,-0.002574100590399423,-0.04836288697947008
20260930,temperature,0.25,0.5,22,electronic,True,7.69373521485317e-05,0.0007028383505839342
20260930,temperature,0.25,0.5,22,pop,True,-0.002483954513983172,-0.01045385665126497
20260930,temperature,0.25,0.5,22,ambient,True,0.0002272666755905317,0.00035719745973261663
20260930,temperature,0.25,0.5,22,rock,True,-0.008116651875353584,-0.1840577270769319
20260930,temperature,0.25,0.5,23,macro,True,-0.0016451260164376223,-0.0031396839014882494
20260930,temperature,0.25,0.5,23,electronic,True,0.0016726075208796931,0.015634647359824783
20260930,temperature,0.25,0.5,23,pop,True,-0.0017245131415050408,-0.008468696447882895
20260930,temperature,0.25,0.5,23,ambient,True,-0.006765295504274377,-0.023541361341334888
20260930,temperature,0.25,0.5,23,rock,True,0.0002366970591492351,0.0038166748234400028
20260930,temperature,0.25,0.5,24,macro,True,-0.0058159818401575525,-0.02158932277928581
20260930,temperature,0.25,0.5,24,electronic,True,0.004659005705669433,0.04369085556205987
20260930,temperature,0.25,0.5,24,pop,True,-0.0004992770766450993,-0.003114340124586501
20260930,temperature,0.25,0.5,24,ambient,True,-0.02724285795412637,-0.13192373426205606
20260930,temperature,0.25,0.5,24,rock,True,-0.00018079803552817353,0.0049899277074394455
20260930,temperature,0.25,0.5,25,macro,True,-0.0036506394640691935,-0.045460718596388935
20260930,temperature,0.25,0.5,25,electronic,True,-0.012557693672949982,-0.1591162459080172
20260930,temperature,0.25,0.5,25,pop,True,-0.0024153866125825874,-0.012823396133433418
20260930,temperature,0.25,0.5,25,ambient,True,0.0012939948217693675,0.004632543972017955
20260930,temperature,0.25,0.5,25,rock,True,-0.0009234723925135718,-0.014535776316123072
20260930,temperature,0.25,0.5,26,macro,True,0.0014660259432894042,0.009355477966811965
20260930,temperature,0.25,0.5,26,electronic,True,0.0009655200303687606,0.008797403519731906
20260930,temperature,0.25,0.5,26,pop,True,8.472083928451335e-05,0.00022544616709302412
20260930,temperature,0.25,0.5,26,ambient,True,0.004001845965867418,0.013556030122194085
20260930,temperature,0.25,0.5,26,rock,True,0.0008120169376369252,0.014843032058228844
20260930,temperature,0.25,0.5,27,macro,True,-0.003174418679345911,-0.016155610964026956
20260930,temperature,0.25,0.5,27,electronic,True,0.00041745286653643854,0.003674993573112073
20260930,temperature,0.25,0.5,27,pop,True,-0.00847444277017853,-0.05026761042510469
20260930,temperature,0.25,0.5,27,ambient,True,0.00013333991717540128,4.074228581407713e-05
20260930,temperature,0.25,0.5,27,rock,True,-0.004774024730916954,-0.018070569289929284
20260930,temperature,0.25,0.5,28,macro,True,-0.0005885210401107253,-0.004560015456269023
20260930,temperature,0.25,0.5,28,electronic,True,-9.275130900582296e-05,0.011671511206353014
20260930,temperature,0.25,0.5,28,pop,True,-0.004106022996696157,-0.035541883976788036
20260930,temperature,0.25,0.5,28,ambient,True,0.0019391416817657325,0.0068397610793313746
20260930,temperature,0.25,0.5,28,rock,True,-9.445153650665394e-05,-0.001209450133972445
20260930,temperature,0.25,0.5,29,macro,True,0.002594845362023774,0.01311169403748863
20260930,temperature,0.25,0.5,29,electronic,True,0.005380446021743368,0.049494678023835004
20260930,temperature,0.25,0.5,29,pop,True,-0.0006931147397148951,-0.004503007662652159
20260930,temperature,0.25,0.5,29,ambient,True,0.006620208281321122,0.01985379167046375
20260930,temperature,0.25,0.5,29,rock,True,-0.0009281581152544988,-0.012398685881692073
20260930,temperature,0.5,0.75,0,macro,True,-0.0003975714266419676,-0.0045426450701868265
20260930,temperature,0.5,0.75,0,electronic,True,-0.0013052812395263624,-0.012288136456349186
20260930,temperature,0.5,0.75,0,pop,True,-0.0015634962030392496,-0.010142248314858104
20260930,temperature,0.5,0.75,0,ambient,True,0.0012692455903928757,0.004122630543701766
20260930,temperature,0.5,0.75,0,rock,True,9.246145604865919e-06,0.0001371739467582178
20260930,temperature,0.5,0.75,1,macro,True,-0.0003136525333846396,-0.006672914942786309
20260930,temperature,0.5,0.75,1,electronic,True,-0.002162258167168779,-0.02035212183371915
20260930,temperature,0.5,0.75,1,pop,True,0.00018591814029697562,-0.00011065092908668639
20260930,temperature,0.5,0.75,1,ambient,True,0.001421277834881135,0.003871334821964667
20260930,temperature,0.5,0.75,1,rock,True,-0.00069954794154789,-0.010100221830304068
20260930,temperature,0.5,0.75,2,macro,True,0.0005425581465167244,0.003392843399896872
20260930,temperature,0.5,0.75,2,electronic,True,0.0014627906560495119,0.013013710718467353
20260930,temperature,0.5,0.75,2,pop,True,0.0003970161625707902,-0.0006845231893091719
20260930,temperature,0.5,0.75,2,ambient,True,0.0002902064925710268,0.0009467288617686087
20260930,temperature,0.5,0.75,2,rock,True,2.0219274875568627e-05,0.0002954572086606988
20260930,temperature,0.5,0.75,3,macro,True,-0.001342188206415712,-0.008884198689075848
20260930,temperature,0.5,0.75,3,electronic,True,0.0007258081271444283,0.006405255720476344
20260930,temperature,0.5,0.75,3,pop,True,-0.0023383560684745452,-0.010642084350330261
20260930,temperature,0.5,0.75,3,ambient,True,-0.0018887124505329311,-0.005727462481521117
20260930,temperature,0.5,0.75,3,rock,True,-0.0018674924337998,-0.025572503644928357
20260930,temperature,0.5,0.75,4,macro,True,9.855083250645547e-06,0.00013668729963853266
20260930,temperature,0.5,0.75,4,electronic,True,0.0011423266534330845,0.010056410553118011
20260930,temperature,0.5,0.75,4,pop,True,-0.0033302134371670233,-0.01670383621295396
20260930,temperature,0.5,0.75,4,ambient,True,0.0021869095834723684,0.0060834854272838745
20260930,temperature,0.5,0.75,4,rock,True,4.039753326415263e-05,0.0011106894311062043
20260930,temperature,0.5,0.75,5,macro,True,-0.0003107890430263417,0.0038684293561711547
20260930,temperature,0.5,0.75,5,electronic,True,0.0023481803630719666,0.02082586865943581
20260930,temperature,0.5,0.75,5,pop,True,0.0007531161656477992,0.0015498655421648522
20260930,temperature,0.5,0.75,5,ambient,True,-0.005509370704941063,-0.022250624025134447
20260930,temperature,0.5,0.75,5,rock,True,0.0011649180041159307,0.015348607248218404
20260930,temperature,0.5,0.75,6,macro,True,-0.0021173513411920815,-0.03338823714395392
20260930,temperature,0.5,0.75,6,electronic,True,-0.0093226677872221,-0.10105346666982906
20260930,temperature,0.5,0.75,6,pop,True,0.00010194931514947991,0.00020567030283691334
20260930,temperature,0.5,0.75,6,ambient,True,0.0036885059133554554,0.010045504544103356
20260930,temperature,0.5,0.75,6,rock,True,-0.0029371928060511615,-0.042750656752926885
20260930,temperature,0.5,0.75,7,macro,True,-0.00048662720980924973,-0.002466894374921369
20260930,temperature,0.5,0.75,7,electronic,True,-6.4339482934716585e-06,-5.794099062705893e-05
20260930,temperature,0.5,0.75,7,pop,True,-0.001078410795652518,-0.00642806944638552
20260930,temperature,0.5,0.75,7,ambient,True,-0.0007356819994417396,-0.0017740987311610779
20260930,temperature,0.5,0.75,7,rock,True,-0.00012598209584926967,-0.0016074683315118188
20260930,temperature,0.5,0.75,8,macro,True,0.0013730945219576005,0.007991443815764027
20260930,temperature,0.5,0.75,8,electronic,True,0.0015790639683193886,0.014130250930190602
20260930,temperature,0.5,0.75,8,pop,True,-0.00022688360640102379,-0.00033307196221943336
20260930,temperature,0.5,0.75,8,ambient,True,0.003299910749204299,0.007031653529021131
20260930,temperature,0.5,0.75,8,rock,True,0.0008402869767077381,0.011136942766063807
20260930,temperature,0.5,0.75,9,macro,True,-0.002243572493219232,-0.01768895541794828
20260930,temperature,0.5,0.75,9,electronic,True,0.0005877153769250354,0.005230585912241792
20260930,temperature,0.5,0.75,9,pop,True,4.757701212698695e-05,0.0008975468450619917
20260930,temperature,0.5,0.75,9,ambient,True,-0.0063647634566370015,-0.025714793565158156
20260930,temperature,0.5,0.75,9,rock,True,-0.003244818905291949,-0.051169160863938745
20260930,temperature,0.5,0.75,10,macro,True,0.0015940925668616913,0.007532990287959632
20260930,temperature,0.5,0.75,10,electronic,True,0.0016069244035443742,0.014187999210841684
20260930,temperature,0.5,0.75,10,pop,True,0.0020911212028639214,0.007767822882295439
20260930,temperature,0.5,0.75,10,ambient,True,0.002401691465050121,0.004069126982355287
20260930,temperature,0.5,0.75,10,rock,True,0.0002766331959883489,0.004107012076346117
20260930,temperature,0.5,0.75,11,macro,True,-0.00035208430087275977,-0.006768645109311702
20260930,temperature,0.5,0.75,11,electronic,True,-0.0007868112914537206,-0.007312372941912448
20260930,temperature,0.5,0.75,11,pop,True,-0.0026783509709587816,-0.014512114615930605
20260930,temperature,0.5,0.75,11,ambient,True,0.0031725661542638117,0.01150123478583387
20260930,temperature,0.5,0.75,11,rock,True,-0.0011157410953423486,-0.016751327665237625
20260930,temperature,0.5,0.75,12,macro,True,-0.0017184929169867282,-0.005570752461674308
20260930,temperature,0.5,0.75,12,electronic,True,0.0014835876650391155,0.013134762264487954
20260930,temperature,0.5,0.75,12,pop,True,-0.001425457523507978,-0.006998655945798404
20260930,temperature,0.5,0.75,12,ambient,True,-0.0066984641398745715,-0.025142516199804343
20260930,temperature,0.5,0.75,12,rock,True,-0.00023363766960347865,-0.0032765999655824385
20260930,temperature,0.5,0.75,13,macro,True,-0.0003545858501672744,-0.0058634798918688474
20260930,temperature,0.5,0.75,13,electronic,True,-0.002441395512616795,-0.025343151775226613
20260930,temperature,0.5,0.75,13,pop,True,-0.00023465587204174465,-0.0017315369570337635
20260930,temperature,0.5,0.75,13,ambient,True,0.0012028237707198408,0.002908475811958078
20260930,temperature,0.5,0.75,13,rock,True,5.488421326960147e-05,0.0007122933528269093
20260930,temperature,0.5,0.75,14,macro,True,-0.0013753000944689564,-0.00590183308425124
20260930,temperature,0.5,0.75,14,electronic,True,-0.0011492195466234478,-0.010260910029876946
20260930,temperature,0.5,0.75,14,pop,True,0.0003174241705133085,0.00015186235651876157
20260930,temperature,0.5,0.75,14,ambient,True,-0.004686757956291976,-0.013873755930048914
20260930,temperature,0.5,0.75,14,rock,True,1.73529545262896e-05,0.0003754712664021387
20260930,temperature,0.5,0.75,15,macro,True,-0.0009452657487785121,-0.007113826630671852
20260930,temperature,0.5,0.75,15,electronic,True,-0.00134138163328118,-0.01221048244448375
20260930,temperature,0.5,0.75,15,pop,True,-0.003254289902320018,-0.01563597902130731
20260930,temperature,0.5,0.75,15,ambient,True,0.0011123386475092867,0.0035240480200865454
20260930,temperature,0.5,0.75,15,rock,True,-0.0002977301070221372,-0.004132893076982891
20260930,temperature,0.5,0.75,16,macro,True,-0.0004956377157873323,-0.004012349974027052
20260930,temperature,0.5,0.75,16,electronic,True,-7.143506300211211e-05,-0.0006626900530912749
20260930,temperature,0.5,0.75,16,pop,True,-0.002292189605463457,-0.012695681800967085
20260930,temperature,0.5,0.75,16,ambient,True,0.0007218426085686958,0.002633280951251482
20260930,temperature,0.5,0.75,16,rock,True,-0.00034076880325245584,-0.00532430899330133
20260930,temperature,0.5,0.75,17,macro,True,0.0005408566709883857,0.003268799966960667
20260930,temperature,0.5,0.75,17,electronic,True,0.0012458379500223382,0.012772990215218494
20260930,temperature,0.5,0.75,17,pop,True,-0.0005128275986323871,-0.003906587960386676
20260930,temperature,0.5,0.75,17,ambient,True,0.0020737335730327267,0.005708110861052718
20260930,temperature,0.5,0.75,17,rock,True,-0.0006433172404691351,-0.001499313248041867
20260930,temperature,0.5,0.75,18,macro,True,-0.0017229226605323736,-0.010225259669326955
20260930,temperature,0.5,0.75,18,electronic,True,-0.0019482235207785026,-0.017954241017021477
20260930,temperature,0.5,0.75,18,pop,True,-0.005844163702181826,-0.03277827171767167
20260930,temperature,0.5,0.75,18,ambient,True,0.00023401708346362793,0.0006569108232903353
20260930,temperature,0.5,0.75,18,rock,True,0.0006666794973672063,0.00917456323409499
20260930,temperature,0.5,0.75,19,macro,True,-0.0008579570584938342,-0.0059247494363487
20260930,temperature,0.5,0.75,19,electronic,True,-0.0012306919440548125,-0.011706613247999598
20260930,temperature,0.5,0.75,19,pop,True,-0.00038230903406083483,-0.00293541959721888
20260930,temperature,0.5,0.75,19,ambient,True,-0.0014306394489459195,-0.004104627429677321
20260930,temperature,0.5,0.75,19,rock,True,-0.0003881878069137701,-0.004952337470499002
20260930,temperature,0.5,0.75,20,macro,True,-0.0005751057381512548,-0.012738804982404026
20260930,temperature,0.5,0.75,20,electronic,True,-0.006026186757854407,-0.06199329897002959
20260930,temperature,0.5,0.75,20,pop,True,8.319911314252915e-06,3.3448000147540125e-05
20260930,temperature,0.5,0.75,20,ambient,True,0.0035489072533798904,0.008643089733934683
20260930,temperature,0.5,0.75,20,rock,True,0.00016853664055524464,0.0023615413063312607
20260930,temperature,0.5,0.75,21,macro,True,-0.002950477609932365,-0.017843129377824674
20260930,temperature,0.5,0.75,21,electronic,True,-0.003003143231221722,-0.027352349644996554
20260930,temperature,0.5,0.75,21,pop,True,-0.00016689562003238678,-0.00041534114035834957
20260930,temperature,0.5,0.75,21,ambient,True,-0.007109929769656964,-0.023291298025180374
20260930,temperature,0.5,0.75,21,rock,True,-0.001521941818818387,-0.020313528700763417
20260930,temperature,0.5,0.75,22,macro,True,0.0009818901848107284,0.0001906155591455544
20260930,temperature,0.5,0.75,22,electronic,True,-0.001586133168000936,-0.01418948958575006
20260930,temperature,0.5,0.75,22,pop,True,-9.417892576882303e-05,-4.558515821795339e-05
20260930,temperature,0.5,0.75,22,ambient,True,0.005626795226637754,0.015240073424397815
20260930,temperature,0.5,0.75,22,rock,True,-1.8922393625081524e-05,-0.00024253644384758521
20260930,temperature,0.5,0.75,23,macro,True,0.0005774985830209189,0.0035149877166722743
20260930,temperature,0.5,0.75,23,electronic,True,0.001518081802484389,0.013492998872481454
20260930,temperature,0.5,0.75,23,pop,True,-0.00015213716811215972,-0.0006472235331041465
20260930,temperature,0.5,0.75,23,ambient,True,0.0010995104359403374,0.003335488599664038
20260930,temperature,0.5,0.75,23,rock,True,-0.00015546073822889084,-0.002121313072352249
20260930,temperature,0.5,0.75,24,macro,True,0.0002734511010339634,0.001527046293089876
20260930,temperature,0.5,0.75,24,electronic,True,2.401664488668742e-05,0.0002449971455489308
20260930,temperature,0.5,0.75,24,pop,True,0.0003538710394035971,0.0005558498576645476
20260930,temperature,0.5,0.75,24,ambient,True,0.0003861907062260861,0.0010835095788913618
20260930,temperature,0.5,0.75,24,rock,True,0.00032972601361948295,0.0042238285902546635
20260930,temperature,0.5,0.75,25,macro,True,-0.0018373674152961893,-0.009339592416972034
20260930,temperature,0.5,0.75,25,electronic,True,-0.0010939938394912696,-0.010372364351922347
20260930,temperature,0.5,0.75,25,pop,True,-0.0015237522917009028,-0.005646263798399609
20260930,temperature,0.5,0.75,25,ambient,True,-0.004229965176705264,-0.01418941237306326
20260930,temperature,0.5,0.75,25,rock,True,-0.000501758353287321,-0.0071503291445029205
20260930,temperature,0.5,0.75,26,macro,True,-0.0015542027198639646,-0.013193782582389527
20260930,temperature,0.5,0.75,26,electronic,True,0.00032971820698241006,0.002898509547505257
20260930,temperature,0.5,0.75,26,pop,True,-0.0001608050850942233,-0.00039159501269497854
20260930,temperature,0.5,0.75,26,ambient,True,-0.003760039373024132,-0.012809740439952866
20260930,temperature,0.5,0.75,26,rock,True,-0.002625684628319913,-0.04247230442441552
20260930,temperature,0.5,0.75,27,macro,True,0.0014946390391832494,0.006342192944450278
20260930,temperature,0.5,0.75,27,electronic,True,0.000984916774601663,0.008686412182577041
20260930,temperature,0.5,0.75,27,pop,True,0.0016086543732682923,0.005686051399246939
20260930,temperature,0.5,0.75,27,ambient,True,0.0030405635422126043,0.006327839945516334
20260930,temperature,0.5,0.75,27,rock,True,0.00034442146665043805,0.0046684682504608
20260930,temperature,0.5,0.75,28,macro,True,-0.0010463413769236443,-0.004647369040468516
20260930,temperature,0.5,0.75,28,electronic,True,0.0018634373976042784,0.016466503175565195
20260930,temperature,0.5,0.75,28,pop,True,-0.004773335343528862,-0.029859896102400474
20260930,temperature,0.5,0.75,28,ambient,True,-0.0012068470034770074,-0.004321788112421898
20260930,temperature,0.5,0.75,28,rock,True,-6.862055829298663e-05,-0.000874295122616886
20260930,temperature,0.5,0.75,29,macro,True,-0.000337944975455709,-0.0017516866852802793
20260930,temperature,0.5,0.75,29,electronic,True,-0.001136022482952942,-0.01093890714240875
20260930,temperature,0.5,0.75,29,pop,True,-1.6947195696365158e-05,0.0008862040846430719
20260930,temperature,0.5,0.75,29,ambient,True,-0.000551580341199398,-0.0019484400585637607
20260930,temperature,0.5,0.75,29,rock,True,0.0003527701180258691,0.004994396375208321
20260930,temperature,0.75,1.0,0,macro,True,-0.001266267792337166,-0.005238099951414318
20260930,temperature,0.75,1.0,0,electronic,True,-0.0004028192236785466,-0.003680964060472025
20260930,temperature,0.75,1.0,0,pop,True,-0.0034042631667859646,-0.01743543295830252
20260930,temperature,0.75,1.0,0,ambient,True,-0.0016851238762349008,-0.005414836066387929
20260930,temperature,0.75,1.0,0,rock,True,0.0004271350973507476,0.005578833279505202
20260930,temperature,0.75,1.0,1,macro,True,0.00022950951479238854,-0.0011235997962414646
20260930,temperature,0.75,1.0,1,electronic,True,4.670140921325672e-05,0.0004237025979560993
20260930,temperature,0.75,1.0,1,pop,True,0.0006475699459843054,0.00217035617311212
20260930,temperature,0.75,1.0,1,ambient,True,0.0009849100108478004,0.0029339518676252396
20260930,temperature,0.75,1.0,1,rock,True,-0.0007611433068758083,-0.010022409823659317
20260930,temperature,0.75,1.0,2,macro,True,-0.00024165628436160005,0.0003035539992495284
20260930,temperature,0.75,1.0,2,electronic,True,5.9623566474875656e-05,0.0005408320264114197
20260930,temperature,0.75,1.0,2,pop,True,-0.00016158049103104366,-0.0006445012086500612
20260930,temperature,0.75,1.0,2,ambient,True,-0.0012783216143190945,-0.0040651820063891675
20260930,temperature,0.75,1.0,2,rock,True,0.0004136534014288623,0.005383067185625923
20260930,temperature,0.75,1.0,3,macro,True,0.0010282631263517292,0.00677920707633603
20260930,temperature,0.75,1.0,3,electronic,True,0.0016331861181849983,0.014527382315729476
20260930,temperature,0.75,1.0,3,pop,True,0.0008383805454480753,0.0022992090423124
20260930,temperature,0.75,1.0,3,ambient,True,0.0011369353429184492,0.003369877274344679
20260930,temperature,0.75,1.0,3,rock,True,0.0005045504988553939,0.006920359672957566
20260930,temperature,0.75,1.0,4,macro,True,0.0005011727472263895,0.004353559153745468
20260930,temperature,0.75,1.0,4,electronic,True,0.0010747945617046728,0.009613657106233298
20260930,temperature,0.75,1.0,4,pop,True,0.0001287444809778826,0.0004920278395059707
20260930,temperature,0.75,1.0,4,ambient,True,0.0003271245574039128,0.0009947721836575107
20260930,temperature,0.75,1.0,4,rock,True,0.0004740273888190899,0.0063137794855850915
20260930,temperature,0.75,1.0,5,macro,True,-0.0011066563055407673,-0.005680624965195766
20260930,temperature,0.75,1.0,5,electronic,True,0.0002229363349376956,0.0020171866309854902
20260930,temperature,0.75,1.0,5,pop,True,4.830350758322499e-05,0.00018700689457723518
20260930,temperature,0.75,1.0,5,ambient,True,-0.0037834952825499812,-0.01277350230762786
20260930,temperature,0.75,1.0,5,rock,True,-0.0009143697821340085,-0.012153191078717929
20260930,temperature,0.75,1.0,6,macro,True,0.0002657530929997057,0.0023603808685247474
20260930,temperature,0.75,1.0,6,electronic,True,0.00021733716760746757,0.0019666890840353
20260930,temperature,0.75,1.0,6,pop,True,0.0006437953226931248,0.0021612434587895413
20260930,temperature,0.75,1.0,6,ambient,True,-0.0002604733306127427,-0.000805803866232857
20260930,temperature,0.75,1.0,6,rock,True,0.00046235321231097304,0.006119394797507005
20260930,temperature,0.75,1.0,7,macro,True,0.0002703451553962462,0.000306380629323727
20260930,temperature,0.75,1.0,7,electronic,True,0.0002736808771288679,0.0024744622147956363
20260930,temperature,0.75,1.0,7,pop,True,-0.002623701889539587,-0.012842917439444046
20260930,temperature,0.75,1.0,7,ambient,True,0.003207892740496987,0.008746893599795302
20260930,temperature,0.75,1.0,7,rock,True,0.00022350889349871672,0.0028470841421480153
20260930,temperature,0.75,1.0,8,macro,True,0.0008487800644842967,0.003595179987003802
20260930,temperature,0.75,1.0,8,electronic,True,0.0013259697650349622,0.011827642530369165
20260930,temperature,0.75,1.0,8,pop,True,0.0008257024604846341,0.002379722856738098
20260930,temperature,0.75,1.0,8,ambient,True,0.0015904231972426186,0.004640932720448299
20260930,temperature,0.75,1.0,8,rock,True,-0.000346975164825028,-0.004467578159540353
20260930,temperature,0.75,1.0,9,macro,True,-0.0005548932308243465,-0.001630078311083638
20260930,temperature,0.75,1.0,9,electronic,True,0.0004279056949315352,0.00386016105970155
20260930,temperature,0.75,1.0,9,pop,True,0.000770180458718267,0.001500037782717567
20260930,temperature,0.75,1.0,9,ambient,True,-0.003369880860206176,-0.011272077620412158
20260930,temperature,0.75,1.0,9,rock,True,-4.777821674101235e-05,-0.000608434466341512
20260930,temperature,0.75,1.0,10,macro,True,0.0005526814807423758,0.0023944078467593582
20260930,temperature,0.75,1.0,10,electronic,True,0.0005079792286303009,0.0045772848521721254
20260930,temperature,0.75,1.0,10,pop,True,-0.0012510269532543805,-0.005567070757589221
20260930,temperature,0.75,1.0,10,ambient,True,0.0027201636878070867,0.007590426466060118
20260930,temperature,0.75,1.0,10,rock,True,0.000233609959786496,0.00297699082639441
20260930,temperature,0.75,1.0,11,macro,True,-0.0017773583315913097,-0.008802490026650095
20260930,temperature,0.75,1.0,11,electronic,True,-0.0003053650130636909,-0.002785980888589057
20260930,temperature,0.75,1.0,11,pop,True,-0.0008310857456372556,-0.0035662644492076012
20260930,temperature,0.75,1.0,11,ambient,True,-0.005142488956577762,-0.017876291040265557
20260930,temperature,0.75,1.0,11,rock,True,-0.0008304936110865302,-0.010981423728538164
20260930,temperature,0.75,1.0,12,macro,True,-0.0005477594976660144,-0.0033890933632435005
20260930,temperature,0.75,1.0,12,electronic,True,0.0003099541258538008,0.0028009200597547412
20260930,temperature,0.75,1.0,12,pop,True,-0.0005715416987084054,-0.0023908288195434446
20260930,temperature,0.75,1.0,12,ambient,True,-0.0011455535835511177,-0.003630374046967977
20260930,temperature,0.75,1.0,12,rock,True,-0.0007838968342583352,-0.010336090646217322
20260930,temperature,0.75,1.0,13,macro,True,-0.0014253616463773995,-0.011588492276027026
20260930,temperature,0.75,1.0,13,electronic,True,-0.002352306821375827,-0.02225766379507732
20260930,temperature,0.75,1.0,13,pop,True,-0.0057923860939166905,-0.033434076614115515
20260930,temperature,0.75,1.0,13,ambient,True,0.002203667582620833,0.006283899620960431
20260930,temperature,0.75,1.0,13,rock,True,0.00023957874716208638,0.0030538716841242985
20260930,temperature,0.75,1.0,14,macro,True,0.001246387728744934,0.006686752678665739
20260930,temperature,0.75,1.0,14,electronic,True,0.0011870116531726982,0.010603829479335802
20260930,temperature,0.75,1.0,14,pop,True,0.0005054721936686712,0.001781145723579125
20260930,temperature,0.75,1.0,14,ambient,True,0.00280511181719284,0.007797665397272113
20260930,temperature,0.75,1.0,14,rock,True,0.0004879552509455265,0.006564370114475915
20260930,temperature,0.75,1.0,15,macro,True,9.030399283203872e-05,0.0024626896362904965
20260930,temperature,0.75,1.0,15,electronic,True,0.000606209979498229,0.0054549452381223995
20260930,temperature,0.75,1.0,15,pop,True,0.0003918551972471318,0.0014222231949748143
20260930,temperature,0.75,1.0,15,ambient,True,-0.001123004474107181,-0.0035568082105659204
20260930,temperature,0.75,1.0,15,rock,True,0.00048615526868997505,0.006530398322630693
20260930,temperature,0.75,1.0,16,macro,True,-0.001855771926836683,-0.01145412952513633
20260930,temperature,0.75,1.0,16,electronic,True,-0.0006148151235117194,-0.005638058793465572
20260930,temperature,0.75,1.0,16,pop,True,-0.0012324763476853628,-0.005476268014638075
20260930,temperature,0.75,1.0,16,ambient,True,-0.004064244918547372,-0.013806478693828672
20260930,temperature,0.75,1.0,16,rock,True,-0.0015115513176022777,-0.020895712598613003
20260930,temperature,0.75,1.0,17,macro,True,-0.0005494873897153967,-0.006753834383268695
20260930,temperature,0.75,1.0,17,electronic,True,-0.0038976321669334513,-0.038008116581734974
20260930,temperature,0.75,1.0,17,pop,True,0.000671186062114193,0.002225294627711538
20260930,temperature,0.75,1.0,17,ambient,True,0.0005151616452294672,0.001557636801179263
20260930,temperature,0.75,1.0,17,rock,True,0.0005133349007282045,0.007209847619769394
20260930,temperature,0.75,1.0,18,macro,True,0.0002447719847826109,-0.0012419366719942093
20260930,temperature,0.75,1.0,18,electronic,True,0.0005456898263634657,0.004914482628288752
20260930,temperature,0.75,1.0,18,pop,True,0.00029098518615164326,0.0010795047508666555
20260930,temperature,0.75,1.0,18,ambient,True,0.0012283212189424242,0.0036296004237185153
20260930,temperature,0.75,1.0,18,rock,True,-0.0010859082923270896,-0.01459133449085076
20260930,temperature,0.75,1.0,19,macro,True,0.0005045581374384309,0.0008520069383021467
20260930,temperature,0.75,1.0,19,electronic,True,-0.0007247901124175782,-0.006658962233610288
20260930,temperature,0.75,1.0,19,pop,True,0.0007870315101668746,0.0024089221283294937
20260930,temperature,0.75,1.0,19,ambient,True,0.0017541101643332446,0.00508839674390793
20260930,temperature,0.75,1.0,19,rock,True,0.00020188098767118245,0.002569671114581451
20260930,temperature,0.75,1.0,20,macro,True,0.00017860922977890742,0.0008422462225634031
20260930,temperature,0.75,1.0,20,electronic,True,-0.0002516508556112962,-0.0022939246737225805
20260930,temperature,0.75,1.0,20,pop,True,-0.00011377493246048087,-0.0004509332042528791
20260930,temperature,0.75,1.0,20,ambient,True,0.0007860930952810763,0.002356750575640998
20260930,temperature,0.75,1.0,20,rock,True,0.00029376961190633044,0.003757092192588074
20260930,temperature,0.75,1.0,21,macro,True,0.0011914906475157042,0.006697131472545914
20260930,temperature,0.75,1.0,21,electronic,True,0.0015074811131957355,0.013423361201711947
20260930,temperature,0.75,1.0,21,pop,True,0.0007089395662787934,0.0023042746444099094
20260930,temperature,0.75,1.0,21,ambient,True,0.0021735288158225563,0.00620536056534815
20260930,temperature,0.75,1.0,21,rock,True,0.0003760130947657314,0.004855529478713649
20260930,temperature,0.75,1.0,22,macro,True,0.00025594425472758725,0.0032152908824818888
20260930,temperature,0.75,1.0,22,electronic,True,0.0013542874758353252,0.012076774075732377
20260930,temperature,0.75,1.0,22,pop,True,0.000823295830966464,0.002386352055873675
20260930,temperature,0.75,1.0,22,ambient,True,-0.0013712537775604772,-0.004371204164903109
20260930,temperature,0.75,1.0,22,rock,True,0.00021744748966903704,0.0027692415632246115
20260930,temperature,0.75,1.0,23,macro,True,-2.8977127671317437e-05,0.001049100317431495
20260930,temperature,0.75,1.0,23,electronic,True,8.248786805459263e-05,0.0007479655460850276
20260930,temperature,0.75,1.0,23,pop,True,-0.00028050880189572913,-0.0011357765748758464
20260930,temperature,0.75,1.0,23,ambient,True,-0.0003514802328368205,-0.0010901408972305848
20260930,temperature,0.75,1.0,23,rock,True,0.00043359265599268726,0.005674353195747384
20260930,temperature,0.75,1.0,24,macro,True,-0.000447809138485699,-0.007183638683033761
20260930,temperature,0.75,1.0,24,electronic,True,-0.0031650258824384436,-0.03042011708402259
20260930,temperature,0.75,1.0,24,pop,True,0.0004856573902244088,0.00172100632393124
20260930,temperature,0.75,1.0,24,ambient,True,0.001158248830410047,0.0034306086815183434
20260930,temperature,0.75,1.0,24,rock,True,-0.0002701168921388081,-0.003466052653562035
20260930,temperature,0.75,1.0,25,macro,True,-9.030836855323382e-05,-0.0032804893066346874
20260930,temperature,0.75,1.0,25,electronic,True,-0.0007058702813104445,-0.006483049559302678
20260930,temperature,0.75,1.0,25,pop,True,0.000758844357927474,0.0023843888161297344
20260930,temperature,0.75,1.0,25,ambient,True,0.0003520711367055729,0.0010698278670104866
20260930,temperature,0.75,1.0,25,rock,True,-0.0007662786875355376,-0.010093124350376292
20260930,temperature,0.75,1.0,26,macro,True,0.00040155362754962926,0.0022739168728892756
20260930,temperature,0.75,1.0,26,electronic,True,0.0016716254669697783,0.014864924364101917
20260930,temperature,0.75,1.0,26,pop,True,0.0007153878762451438,0.0023164378945970676
20260930,temperature,0.75,1.0,26,ambient,True,-0.00020973409969338164,-0.0006479012837217191
20260930,temperature,0.75,1.0,26,rock,True,-0.0005710647333230234,-0.007437793483420163
20260930,temperature,0.75,1.0,27,macro,True,0.0004843931867887785,0.0025739228868428415
20260930,temperature,0.75,1.0,27,electronic,True,0.0007371023084310757,0.006621047609986941
20260930,temperature,0.75,1.0,27,pop,True,-0.000778343076240029,-0.0033234183998158695
20260930,temperature,0.75,1.0,27,ambient,True,0.0018487042257751551,0.0053441054474951954
20260930,temperature,0.75,1.0,27,rock,True,0.00013010928918891218,0.0016539568897050994
20260930,temperature,0.75,1.0,28,macro,True,-0.0008750985619771223,-0.0025769179224804234
20260930,temperature,0.75,1.0,28,electronic,True,0.000495641412364134,0.004466890368804877
20260930,temperature,0.75,1.0,28,pop,True,-0.001362038611967209,-0.006114935402482813
20260930,temperature,0.75,1.0,28,ambient,True,-0.002634238645363496,-0.008662700250615885
20260930,temperature,0.75,1.0,28,rock,True,2.415970580815774e-07,3.0735943721271752e-06
20260930,temperature,0.75,1.0,29,macro,True,-0.0007013192428562166,-0.0038460189513092463
20260930,temperature,0.75,1.0,29,electronic,True,-0.0011001533199018754,-0.010173537783401687
20260930,temperature,0.75,1.0,29,pop,True,0.0007686171430852928,0.0014889947516486535
20260930,temperature,0.75,1.0,29,ambient,True,-0.0026258279949400165,-0.008633325144575599
20260930,temperature,0.75,1.0,29,rock,True,0.0001520872003317325,0.0019337923710916471
20260930,temperature,0.25,1.0,0,macro,True,-0.0005391332214438396,-0.011401193895203499
20260930,temperature,0.25,1.0,0,electronic,True,-0.004020232082034336,-0.03930000765031494
20260930,temperature,0.25,1.0,0,pop,True,-0.0029859216810544376,-0.014934578136171384
20260930,temperature,0.25,1.0,0,ambient,True,0.004810828742338263,0.008136570904108575
20260930,temperature,0.25,1.0,0,rock,True,3.879213497515188e-05,0.0004932393015637526
20260930,temperature,0.25,1.0,1,macro,True,-0.0018705888349735238,-0.03721265200837648
20260930,temperature,0.25,1.0,1,electronic,True,-0.006988421815469992,-0.07264802279544613
20260930,temperature,0.25,1.0,1,pop,True,-0.0010182381240138039,-0.004443535112353791
20260930,temperature,0.25,1.0,1,ambient,True,0.005233642928036214,0.010826132765867302
20260930,temperature,0.25,1.0,1,rock,True,-0.0047093383284465135,-0.0825851828915733
20260930,temperature,0.25,1.0,2,macro,True,-0.0012891557424242438,-0.00931312241566512
20260930,temperature,0.25,1.0,2,electronic,True,-0.0036356078009442683,-0.03526844437592325
20260930,temperature,0.25,1.0,2,pop,True,-0.0014465918712355808,-0.008144971446790106
20260930,temperature,0.25,1.0,2,ambient,True,-0.00022529534077794788,-0.0006962807878723165
20260930,temperature,0.25,1.0,2,rock,True,0.00015087204326082182,0.006857206947925187
20260930,temperature,0.25,1.0,3,macro,False,,
20260930,temperature,0.25,1.0,3,electronic,True,0.0032933859170908575,0.030137333011947987
20260930,temperature,0.25,1.0,3,pop,True,4.307404612974297e-05,0.0001668957991904363
20260930,temperature,0.25,1.0,3,ambient,False,,
20260930,temperature,0.25,1.0,3,rock,True,-0.008390006264776637,-0.20069528852639085
20260930,temperature,0.25,1.0,4,macro,True,-0.0028554990715922574,-0.022922777158216764
20260930,temperature,0.25,1.0,4,electronic,True,-0.006058901775032349,-0.061760717753315486
20260930,temperature,0.25,1.0,4,pop,True,-0.006362653814156072,-0.03769287338111399
20260930,temperature,0.25,1.0,4,ambient,True,0.0005357088206178473,0.0016187371689169172
20260930,temperature,0.25,1.0,4,rock,True,0.00046385048220154435,0.0061437453326455005
20260930,temperature,0.25,1.0,5,macro,True,-0.0052299270552150084,-0.020457965886307897
20260930,temperature,0.25,1.0,5,electronic,True,0.0033815809006180475,0.031540949591718936
20260930,temperature,0.25,1.0,5,pop,True,0.0007543324375322846,0.0013905711611437166
20260930,temperature,0.25,1.0,5,ambient,True,-0.024289599761221192,-0.11771990810868649
20260930,temperature,0.25,1.0,5,rock,True,-0.0007660217977891737,0.0029565238105922487
20260930,temperature,0.25,1.0,6,macro,True,-0.010472391925869427,-0.22380304527938472
20260930,temperature,0.25,1.0,6,electronic,True,-0.0361270173586824,-0.781707647678163
20260930,temperature,0.25,1.0,6,pop,True,0.0003303840304050565,0.001215693779187621
20260930,temperature,0.25,1.0,6,ambient,True,-0.00018231369384530405,-0.000562754954043343
20260930,temperature,0.25,1.0,6,rock,True,-0.005910620681355061,-0.11415747226452022
20260930,temperature,0.25,1.0,7,macro,True,-0.0026090100604143074,-0.01951551433583526
20260930,temperature,0.25,1.0,7,electronic,True,-0.0050115731061407265,-0.049986813862052726
20260930,temperature,0.25,1.0,7,pop,True,-0.0051812667504204934,-0.029060087389857603
20260930,temperature,0.25,1.0,7,ambient,True,-0.000424262145162696,-0.0013185642599674585
20260930,temperature,0.25,1.0,7,rock,True,0.0001810617600666864,0.002303408168536747
20260930,temperature,0.25,1.0,8,macro,True,0.001334019641287057,0.006988505015176727
20260930,temperature,0.25,1.0,8,electronic,True,0.0027096046130330176,0.024113251271479452
20260930,temperature,0.25,1.0,8,pop,True,-0.00041257519434970136,-0.004128291591047495
20260930,temperature,0.25,1.0,8,ambient,True,0.002693638289984368,0.00043487957786469966
20260930,temperature,0.25,1.0,8,rock,True,0.0003454108564805436,0.007534180802410251
20260930,temperature,0.25,1.0,9,macro,True,-0.008592723640060064,-0.07176713638266727
20260930,temperature,0.25,1.0,9,electronic,True,-0.012217475158972618,-0.14253706209379302
20260930,temperature,0.25,1.0,9,pop,True,0.0008300364157394768,0.0023638611880079097
20260930,temperature,0.25,1.0,9,ambient,True,-0.019236674823364525,-0.0859135733780727
20260930,temperature,0.25,1.0,9,rock,True,-0.00374678099364259,-0.060981771246811256
20260930,temperature,0.25,1.0,10,macro,True,0.001405696241942353,0.004299858084129568
20260930,temperature,0.25,1.0,10,electronic,True,-0.0004700884193239996,-0.004300447803223362
20260930,temperature,0.25,1.0,10,pop,True,0.0008218341063111756,0.0023898043977891303
20260930,temperature,0.25,1.0,10,ambient,True,0.004968359755009449,0.011706961541331773
20260930,temperature,0.25,1.0,10,rock,True,0.00030267952577278656,0.007403114200620731
20260930,temperature,0.25,1.0,11,macro,True,-0.003361364292534027,-0.02785973626656857
20260930,temperature,0.25,1.0,11,electronic,True,-0.0067728527220836665,-0.07008534743373573
20260930,temperature,0.25,1.0,11,pop,True,-0.0023685514193392543,-0.011411250281188001
20260930,temperature,0.25,1.0,11,ambient,True,-0.002807070517722693,-0.009268644621210798
20260930,temperature,0.25,1.0,11,rock,True,-0.0014969825109904938,-0.020673702730139742
20260930,temperature,0.25,1.0,12,macro,True,-0.006106070174995964,-0.04136850171406095
20260930,temperature,0.25,1.0,12,electronic,True,0.0004761410580378378,0.004292333686080951
20260930,temperature,0.25,1.0,12,pop,True,-0.014807445020496163,-0.12416825850850205
20260930,temperature,0.25,1.0,12,ambient,True,-0.009291405510192863,-0.0350176816879304
20260930,temperature,0.25,1.0,12,rock,True,-0.0008015712273326675,-0.010580400345892305
20260930,temperature,0.25,1.0,13,macro,True,0.0017333907516895834,0.007372687882022791
20260930,temperature,0.25,1.0,13,electronic,True,0.0014468171114355721,0.012890323012369698
20260930,temperature,0.25,1.0,13,pop,True,0.0008395857354079328,0.002178922934522154
20260930,temperature,0.25,1.0,13,ambient,True,0.00522087339456323,0.010625882760050054
20260930,temperature,0.25,1.0,13,rock,True,-0.0005737132346484014,0.003795622821149258
20260930,temperature,0.25,1.0,14,macro,True,4.830109039373476e-05,-0.0038588539593776977
20260930,temperature,0.25,1.0,14,electronic,True,-0.002211640608279608,-0.02087115312506127
20260930,temperature,0.25,1.0,14,pop,True,-0.0007613775658730504,-0.003245724663693106
20260930,temperature,0.25,1.0,14,ambient,True,0.0031633398572643856,0.00864479021493314
20260930,temperature,0.25,1.0,14,rock,True,2.882678463211885e-06,3.667173631044518e-05
20260930,temperature,0.25,1.0,15,macro,True,-0.0018067128673506724,-0.017288996624072434
20260930,temperature,0.25,1.0,15,electronic,True,-0.00686186264368846,-0.07114069342754215
20260930,temperature,0.25,1.0,15,pop,True,-0.00011926868939982072,-0.0004730588538918723
20260930,temperature,0.25,1.0,15,ambient,True,-0.0005776817938111245,-0.0018030272967829442
20260930,temperature,0.25,1.0,15,rock,True,0.00033196165749671547,0.004260793081927228
20260930,temperature,0.25,1.0,16,macro,True,-0.006228412592426076,-0.06238620129216209
20260930,temperature,0.25,1.0,16,electronic,True,0.0003774912906328032,0.003407852764000463
20260930,temperature,0.25,1.0,16,pop,True,-0.01812746409307245,-0.17375848934096233
20260930,temperature,0.25,1.0,16,ambient,True,-0.00303916160256526,-0.010089242362955386
20260930,temperature,0.25,1.0,16,rock,True,-0.004124515964699399,-0.0691049262287311
20260930,temperature,0.25,1.0,17,macro,True,0.00023957786669121656,0.00023224925982755218
20260930,temperature,0.25,1.0,17,electronic,True,-0.0009735195450797651,-0.00898256559446986
20260930,temperature,0.25,1.0,17,pop,True,0.0003717624190591462,-0.0006864067072919755
20260930,temperature,0.25,1.0,17,ambient,True,0.0017076817419138246,0.0049621121042559
20260930,temperature,0.25,1.0,17,rock,True,-0.00014761314912833945,0.005635857236816144
20260930,temperature,0.25,1.0,18,macro,True,-0.004462455569321407,-0.039499248732759853
20260930,temperature,0.25,1.0,18,electronic,True,-0.005795721243312235,-0.05875389599365166
20260930,temperature,0.25,1.0,18,pop,True,-0.013693941076106358,-0.10984135820014823
20260930,temperature,0.25,1.0,18,ambient,True,0.0011256817783336093,0.0033377725677971037
20260930,temperature,0.25,1.0,18,rock,True,0.000514158263799358,0.007260486694963375
20260930,temperature,0.25,1.0,19,macro,True,-0.0004305239082860804,-0.01205654118850337
20260930,temperature,0.25,1.0,19,electronic,True,-0.004976021098542088,-0.049596008233798616
20260930,temperature,0.25,1.0,19,pop,True,-0.0015192764902605682,-0.006903817430746806
20260930,temperature,0.25,1.0,19,ambient,True,0.005041041496611887,0.01171015914346163
20260930,temperature,0.25,1.0,19,rock,True,-0.00026783954095355167,-0.0034364982329296856
20260930,temperature,0.25,1.0,20,macro,True,-0.0003154613272537063,-0.008569778181487811
20260930,temperature,0.25,1.0,20,electronic,True,-0.004014317862964578,-0.03923753924592155
20260930,temperature,0.25,1.0,20,pop,True,-0.0025853825581071133,-0.012625687868488167
20260930,temperature,0.25,1.0,20,ambient,True,0.004888563426692,0.011671519779636319
20260930,temperature,0.25,1.0,20,rock,True,0.0004492916853648665,0.005912594608822153
20260930,temperature,0.25,1.0,21,macro,True,-0.0032373454868714936,-0.0346106521196983
20260930,temperature,0.25,1.0,21,electronic,True,-0.006020026891281949,-0.06131450358233559
20260930,temperature,0.25,1.0,21,pop,True,-0.0022413108342862753,-0.010710380924175478
20260930,temperature,0.25,1.0,21,ambient,True,-0.0008034540272555957,-0.0025231678065935625
20260930,temperature,0.25,1.0,21,rock,True,-0.0038845901946621547,-0.06389455616568857
20260930,temperature,0.25,1.0,22,macro,True,-0.0013362661508611075,-0.04495698053784264
20260930,temperature,0.25,1.0,22,electronic,True,-0.0001549083400170792,-0.0014098771594337478
20260930,temperature,0.25,1.0,22,pop,True,-0.001754837608785531,-0.008113089753609248
20260930,temperature,0.25,1.0,22,ambient,True,0.004482808124667809,0.011226066719227323
20260930,temperature,0.25,1.0,22,rock,True,-0.007918126779309628,-0.18153102195755488
20260930,temperature,0.25,1.0,23,macro,True,-0.0010966045610880208,0.00142440413261552
20260930,temperature,0.25,1.0,23,electronic,True,0.0032731771914186747,0.029875611778391264
20260930,temperature,0.25,1.0,23,pop,True,-0.0021571591115129296,-0.010251696555862888
20260930,temperature,0.25,1.0,23,ambient,True,-0.00601726530117086,-0.021296013638901434
20260930,temperature,0.25,1.0,23,rock,True,0.0005148289769130315,0.0073697149468351375
20260930,temperature,0.25,1.0,24,macro,True,-0.005990339877609288,-0.027245915169229695
20260930,temperature,0.25,1.0,24,electronic,True,0.0015179964681176772,0.013515735623586211
20260930,temperature,0.25,1.0,24,pop,True,0.00034025135298290654,-0.0008374839429907133
20260930,temperature,0.25,1.0,24,ambient,True,-0.025698418417490237,-0.12740961600164635
20260930,temperature,0.25,1.0,24,rock,True,-0.00012118891404749865,0.005747703644132074
20260930,temperature,0.25,1.0,25,macro,True,-0.0055783152479186165,-0.05808080031999566
20260930,temperature,0.25,1.0,25,electronic,True,-0.014357557793751696,-0.17597165981924223
20260930,temperature,0.25,1.0,25,pop,True,-0.003180294546356016,-0.016085271115703292
20260930,temperature,0.25,1.0,25,ambient,True,-0.0025838992182303233,-0.008487040534034818
20260930,temperature,0.25,1.0,25,rock,True,-0.0021915094333364304,-0.031779229811002285
20260930,temperature,0.25,1.0,26,macro,True,0.0003133768509750688,-0.0015643877426882863
20260930,temperature,0.25,1.0,26,electronic,True,0.002966863704320949,0.02656083743133908
20260930,temperature,0.25,1.0,26,pop,True,0.0006393036304354338,0.002150289048995113
20260930,temperature,0.25,1.0,26,ambient,True,3.20724931499039e-05,9.838839851949999e-05
20260930,temperature,0.25,1.0,26,rock,True,-0.0023847324240060114,-0.03506706584960684
20260930,temperature,0.25,1.0,27,macro,True,-0.0011953864533738832,-0.007239495132733836
20260930,temperature,0.25,1.0,27,electronic,True,0.002139471949569177,0.018982453365676055
20260930,temperature,0.25,1.0,27,pop,True,-0.007644131473150267,-0.04790497742567362
20260930,temperature,0.25,1.0,27,ambient,True,0.005022607685163161,0.011712687678825606
20260930,temperature,0.25,1.0,27,rock,True,-0.0042994939750776034,-0.011748144149763384
20260930,temperature,0.25,1.0,28,macro,True,-0.002509960979011492,-0.011784302419217962
20260930,temperature,0.25,1.0,28,electronic,True,0.0022663275009625894,0.032604904750723085
20260930,temperature,0.25,1.0,28,pop,True,-0.010241396952192228,-0.07151671548167132
20260930,temperature,0.25,1.0,28,ambient,True,-0.0019019439670747706,-0.006144727283706408
20260930,temperature,0.25,1.0,28,rock,True,-0.000162830497741559,-0.002080671662217204
20260930,temperature,0.25,1.0,29,macro,True,0.0015555811437118483,0.007513988400899105
20260930,temperature,0.25,1.0,29,electronic,True,0.0031442702188885507,0.028382233098024567
20260930,temperature,0.25,1.0,29,pop,True,5.855520767403255e-05,-0.0021278088263604333
20260930,temperature,0.25,1.0,29,ambient,True,0.003442799945181707,0.00927202646732439
20260930,temperature,0.25,1.0,29,rock,True,-0.00042330079689689715,-0.005470497135392105
