outer_seed,key,repeat,fraction,artists,tracks,method,label,success,bound_hits,brier,delta_brier,log_loss,delta_log_loss
20260926,r00_a024,0,0.25,24,49,sigmoid,macro,True,0,0.14210467877482455,-0.006556254579374029,0.4474910535466241,-0.010498685951135761
20260926,r00_a024,0,0.25,24,49,sigmoid,electronic,True,0,0.1648093492841937,0.002380934408068136,0.5000711525790122,0.00901139367289161
20260926,r00_a024,0,0.25,24,49,sigmoid,pop,True,0,0.14445456452109323,-0.0022834429698126713,0.4548778744227169,-0.005016137003884424
20260926,r00_a024,0,0.25,24,49,sigmoid,ambient,True,0,0.14809998551928533,-0.040749837150847124,0.45723372026909254,-0.10956648076674941
20260926,r00_a024,0,0.25,24,49,sigmoid,rock,True,0,0.11105481577472595,0.014427327395095543,0.3777814669156747,0.06357648029319918
20260926,r00_a024,0,0.25,24,49,temperature,macro,True,0,0.1526553171936928,0.003994383839494211,0.4799200704085372,0.02193033091077727
20260926,r00_a024,0,0.25,24,49,temperature,electronic,True,0,0.16243572745723034,7.312581104784721e-06,0.4910823693707814,2.261046466078831e-05
20260926,r00_a024,0,0.25,24,49,temperature,pop,True,0,0.14611252354124474,-0.0006254839496611653,0.4572979069288781,-0.002596104497723184
20260926,r00_a024,0,0.25,24,49,temperature,ambient,True,0,0.19373727119595052,0.004887448525818072,0.6003759207914411,0.03357571975559914
20260926,r00_a024,0,0.25,24,49,temperature,rock,True,0,0.10833574658034556,0.011708258200715152,0.37092408454304787,0.05671909792057234
20260926,r00_a047,0,0.5,47,100,sigmoid,macro,True,0,0.14166572108662373,-0.006995212267574845,0.44147858902973947,-0.016511150468020347
20260926,r00_a047,0,0.5,47,100,sigmoid,electronic,True,0,0.1624146715474914,-1.374332863415817e-05,0.4915156125348056,0.0004558536286849435
20260926,r00_a047,0,0.5,47,100,sigmoid,pop,True,0,0.1506022046841853,0.003864197193279406,0.4710246818754059,0.011130670448804614
20260926,r00_a047,0,0.5,47,100,sigmoid,ambient,True,0,0.15442178800249562,-0.03442803466763683,0.4747776107125828,-0.09202259032325916
20260926,r00_a047,0,0.5,47,100,sigmoid,rock,True,0,0.09922422011232261,0.0025967317326922035,0.32859645099616375,0.014391464373688212
20260926,r00_a047,0,0.5,47,100,temperature,macro,True,0,0.14974846277321774,0.0010875294190191669,0.4665889838196291,0.008599244321869273
20260926,r00_a047,0,0.5,47,100,temperature,electronic,True,0,0.16204141339228798,-0.00038700148383757904,0.48998962890377057,-0.001070130002350067
20260926,r00_a047,0,0.5,47,100,temperature,pop,True,0,0.14807696057025344,0.0013389530793475324,0.4664522675332803,0.0065582561066789835
20260926,r00_a047,0,0.5,47,100,temperature,ambient,True,0,0.1919811719617621,0.0031313492916296426,0.5873602562912738,0.02056005525543181
20260926,r00_a047,0,0.5,47,100,temperature,rock,True,0,0.09689430516856748,0.0002668167889370715,0.3225537825501919,0.008348795927716368
20260926,r00_a071,0,0.75,71,153,sigmoid,macro,True,0,0.14108234170016604,-0.007578591654032546,0.4389121359662418,-0.019077603531518064
20260926,r00_a071,0,0.75,71,153,sigmoid,electronic,True,0,0.16365821493290023,0.0012298000567746714,0.49591971400822127,0.004859955102100633
20260926,r00_a071,0,0.75,71,153,sigmoid,pop,True,0,0.14836133188919878,0.0016233243982928802,0.46646944538821095,0.006575433961609645
20260926,r00_a071,0,0.75,71,153,sigmoid,ambient,True,0,0.15176329462217247,-0.03708652804795998,0.46551346611087363,-0.10128673492496831
20260926,r00_a071,0,0.75,71,153,sigmoid,rock,True,0,0.10054652535639265,0.003919036976762241,0.3277459183576613,0.01354093173518578
20260926,r00_a071,0,0.75,71,153,temperature,macro,True,0,0.14886759335588118,0.0002066600016825959,0.4597186729860845,0.0017289334883246327
20260926,r00_a071,0,0.75,71,153,temperature,electronic,True,0,0.1627815467424199,0.00035313186629434834,0.49221150948236736,0.001151750576246724
20260926,r00_a071,0,0.75,71,153,temperature,pop,True,0,0.14795677766003776,0.0012187701691318553,0.4658344894198389,0.005940477993237603
20260926,r00_a071,0,0.75,71,153,temperature,ambient,True,0,0.18860511971918292,-0.0002447029509495269,0.5653267473671306,-0.001473453668711322
20260926,r00_a071,0,0.75,71,153,temperature,rock,True,0,0.09612692930188411,-0.0005005590777462932,0.31550194567500106,0.001296959052525526
20260926,r00_a094,,1.0,94,232,sigmoid,macro,True,0,0.1411131040374712,-0.0075478293167273655,0.43783895107650456,-0.020150788421255297
20260926,r00_a094,,1.0,94,232,sigmoid,electronic,True,0,0.16243580538462696,7.390508501403659e-06,0.4905692613769269,-0.000490497529193723
20260926,r00_a094,,1.0,94,232,sigmoid,pop,True,0,0.15042881952464904,0.003690812033743135,0.46951967416056684,0.009625662733965534
20260926,r00_a094,,1.0,94,232,sigmoid,ambient,True,0,0.15249062262613772,-0.03635920004399473,0.46767205795048156,-0.09912814308536039
20260926,r00_a094,,1.0,94,232,sigmoid,rock,True,0,0.09909716861447114,0.002469680234840732,0.3235948108180429,0.009389824195567387
20260926,r00_a094,,1.0,94,232,temperature,macro,True,0,0.1488719808424123,0.00021104748821371838,0.459899671680002,0.0019099321822421272
20260926,r00_a094,,1.0,94,232,temperature,electronic,True,0,0.16249626661726033,6.785174113477233e-05,0.4912718722180444,0.00021211331192377836
20260926,r00_a094,,1.0,94,232,temperature,pop,True,0,0.14774737539626762,0.0010093679053617133,0.4647708357484261,0.004876824321824791
20260926,r00_a094,,1.0,94,232,temperature,ambient,True,0,0.18912328421780078,0.00027346154766833,0.5684677966857705,0.0016675956499285771
20260926,r00_a094,,1.0,94,232,temperature,rock,True,0,0.09612099713832047,-0.000506491241309942,0.3150881820677669,0.0008831954452913626
20260926,r01_a024,1,0.25,24,53,sigmoid,macro,True,0,0.15264851824923914,0.003987584895040551,0.47477489289196,0.016785153394200183
20260926,r01_a024,1,0.25,24,53,sigmoid,electronic,True,0,0.1633546869115591,0.0009262720354335507,0.4967238501977567,0.005664091291636086
20260926,r01_a024,1,0.25,24,53,sigmoid,pop,True,0,0.20184789779878648,0.05510989030788058,0.6305611050014159,0.17066709357481463
20260926,r01_a024,1,0.25,24,53,sigmoid,ambient,True,0,0.14888670409758833,-0.039963118572544115,0.4582482900987883,-0.10855191093705363
20260926,r01_a024,1,0.25,24,53,sigmoid,rock,True,0,0.0965047841890226,-0.00012270419060780857,0.3135663262698792,-0.0006386603525963541
20260926,r01_a024,1,0.25,24,53,temperature,macro,True,0,0.15026626777405197,0.0016053344198533846,0.46723197999346466,0.009242240495704782
20260926,r01_a024,1,0.25,24,53,temperature,electronic,True,0,0.16340636587745452,0.0009779510013289694,0.49690620471695757,0.005846445810836931
20260926,r01_a024,1,0.25,24,53,temperature,pop,True,0,0.15360865095068735,0.006870643459781445,0.4999333418342966,0.040039330407695306
20260926,r01_a024,1,0.25,24,53,temperature,ambient,True,0,0.18728657069987123,-0.0015632519702612202,0.5575878118794876,-0.009212389156354361
20260926,r01_a024,1,0.25,24,53,temperature,rock,True,0,0.09676348356819475,0.00013599518856434456,0.3145005615431168,0.00029557492064125057
20260926,r01_a047,1,0.5,47,127,sigmoid,macro,True,0,0.14293203627345294,-0.0057288970807456395,0.4430266271020382,-0.014963112395721623
20260926,r01_a047,1,0.5,47,127,sigmoid,electronic,True,0,0.16233258714917992,-9.582772694563535e-05,0.490652754145051,-0.00040700476106964034
20260926,r01_a047,1,0.5,47,127,sigmoid,pop,True,0,0.15115280561844607,0.00441479812754017,0.4724371484557089,0.012543137029107587
20260926,r01_a047,1,0.5,47,127,sigmoid,ambient,True,0,0.15175574364082564,-0.03709407902930681,0.4653021380972293,-0.10149806293861263
20260926,r01_a047,1,0.5,47,127,sigmoid,rock,True,0,0.10648700868536012,0.009859520305729716,0.34371446771016373,0.029509481087688194
20260926,r01_a047,1,0.5,47,127,temperature,macro,True,0,0.14877773510608625,0.00011680175188766989,0.4601539577279916,0.0021642182302317875
20260926,r01_a047,1,0.5,47,127,temperature,electronic,True,0,0.16202242969195726,-0.0004059851841682893,0.491232563109593,0.00017280420347237646
20260926,r01_a047,1,0.5,47,127,temperature,pop,True,0,0.14847774915198267,0.0017397416610767658,0.4685496968063775,0.008655685379776179
20260926,r01_a047,1,0.5,47,127,temperature,ambient,True,0,0.18843039066425984,-0.0004194320058726053,0.564284887503022,-0.002515313532819974
20260926,r01_a047,1,0.5,47,127,temperature,rock,True,0,0.09618037091614522,-0.00044711746348519155,0.3165486834929741,0.0023436968704985683
20260926,r01_a071,1,0.75,71,185,sigmoid,macro,True,0,0.14252678715076994,-0.006134146203428642,0.4408748896619449,-0.017114849835814974
20260926,r01_a071,1,0.75,71,185,sigmoid,electronic,True,0,0.1624580946879813,2.9679811855753968e-05,0.4898184753157407,-0.001241283590379949
20260926,r01_a071,1,0.75,71,185,sigmoid,pop,True,0,0.14924366178393922,0.002505654293033316,0.46396802570685364,0.004074014280252336
20260926,r01_a071,1,0.75,71,185,sigmoid,ambient,True,0,0.1510403963093857,-0.037809426360746745,0.46364053164140756,-0.10315966939443438
20260926,r01_a071,1,0.75,71,185,sigmoid,rock,True,0,0.10736499582177352,0.010737507442143107,0.34607252598377763,0.0318675393613021
20260926,r01_a071,1,0.75,71,185,temperature,macro,True,0,0.14842755738444238,-0.00023337596975620684,0.45859799965774745,0.0006082601599876059
20260926,r01_a071,1,0.75,71,185,temperature,electronic,True,0,0.16182358420406973,-0.0006048306720558283,0.48993967133023775,-0.0011200875758828888
20260926,r01_a071,1,0.75,71,185,temperature,pop,True,0,0.14650302836402837,-0.00023497912687753253,0.45882877950868084,-0.0010652319179204617
20260926,r01_a071,1,0.75,71,185,temperature,ambient,True,0,0.18918811090009308,0.000338288229960626,0.5688664730067882,0.0020662719709462207
20260926,r01_a071,1,0.75,71,185,temperature,rock,True,0,0.09619550606957832,-0.00043198231005209253,0.3167570747852831,0.002552088162807553
20260926,r02_a024,2,0.25,24,70,sigmoid,macro,True,0,0.1424194055633677,-0.006241527790830866,0.44082119799624564,-0.0171685415015142
20260926,r02_a024,2,0.25,24,70,sigmoid,electronic,True,0,0.16520886573817029,0.002780450862044731,0.49632098821018833,0.005261229304067694
20260926,r02_a024,2,0.25,24,70,sigmoid,pop,True,0,0.1504952558369203,0.0037572483460144024,0.47208991403177886,0.012195902605177555
20260926,r02_a024,2,0.25,24,70,sigmoid,ambient,True,0,0.15712593366482744,-0.03172388900530501,0.4796725319680314,-0.08712766906781055
20260926,r02_a024,2,0.25,24,70,sigmoid,rock,True,0,0.09684756701355282,0.00022007863392241311,0.31520135777498404,0.0009963711525085017
20260926,r02_a024,2,0.25,24,70,temperature,macro,True,0,0.1489127192896355,0.00025178593543692673,0.45986468066826114,0.0018749411705012986
20260926,r02_a024,2,0.25,24,70,temperature,electronic,True,0,0.1621170641471273,-0.00031135072899826643,0.49169666571310694,0.0006369068069863038
20260926,r02_a024,2,0.25,24,70,temperature,pop,True,0,0.14865399959751247,0.0019159921066065622,0.4694897149186443,0.009595703492042973
20260926,r02_a024,2,0.25,24,70,temperature,ambient,True,0,0.1884390370980397,-0.0004107855720927589,0.5643362520017653,-0.0024639490340766512
20260926,r02_a024,2,0.25,24,70,temperature,rock,True,0,0.09644077631586258,-0.0001867120637678299,0.3139360900395281,-0.000268896582947431
20260926,r02_a047,2,0.5,47,120,sigmoid,macro,True,0,0.1465093217370613,-0.002151611617137287,0.4501848027022902,-0.007804936795469675
20260926,r02_a047,2,0.5,47,120,sigmoid,electronic,True,0,0.16554390837529112,0.003115493499165567,0.4965908013105282,0.005531042404407549
20260926,r02_a047,2,0.5,47,120,sigmoid,pop,True,0,0.15761684285701863,0.010878835366112727,0.4842528639182171,0.02435885249161579
20260926,r02_a047,2,0.5,47,120,sigmoid,ambient,True,0,0.16170752066200358,-0.027142302008128866,0.49133644701762175,-0.0754637540182202
20260926,r02_a047,2,0.5,47,120,sigmoid,rock,True,0,0.10116901505393183,0.004541526674301424,0.3285590985627937,0.01435411194031816
20260926,r02_a047,2,0.5,47,120,temperature,macro,True,0,0.14889587045084224,0.00023493709664364898,0.45816018623913113,0.00017044674137123295
20260926,r02_a047,2,0.5,47,120,temperature,electronic,True,0,0.1631473605194719,0.000718945643346347,0.4935020526639471,0.0024422937578264525
20260926,r02_a047,2,0.5,47,120,temperature,pop,True,0,0.14774445512182893,0.0010064476309230297,0.4647561188249203,0.004862107398318993
20260926,r02_a047,2,0.5,47,120,temperature,ambient,True,0,0.18740581022176225,-0.0014440124483701966,0.5582903483459795,-0.008509852689862485
20260926,r02_a047,2,0.5,47,120,temperature,rock,True,0,0.09728585594030582,0.0006583675606754158,0.3160922251216775,0.0018872384992019708
20260926,r02_a071,2,0.75,71,175,sigmoid,macro,True,0,0.14131442982392353,-0.007346503530275047,0.4389966044827448,-0.018993135015015095
20260926,r02_a071,2,0.75,71,175,sigmoid,electronic,True,0,0.16273114990613172,0.00030273503000616264,0.49083968853778026,-0.00022007036834037486
20260926,r02_a071,2,0.75,71,175,sigmoid,pop,True,0,0.15118206370378964,0.00444405621288374,0.47617702800401257,0.01628301657741127
20260926,r02_a071,2,0.75,71,175,sigmoid,ambient,True,0,0.15152582307753676,-0.03732399959259569,0.46469938272344047,-0.10210081831240148
20260926,r02_a071,2,0.75,71,175,sigmoid,rock,True,0,0.09981868260823601,0.003191194228605601,0.32427031866574574,0.010065332043270203
20260926,r02_a071,2,0.75,71,175,temperature,macro,True,0,0.1491086378591504,0.00044770450495182704,0.4604378802226535,0.0024481407248936465
20260926,r02_a071,2,0.75,71,175,temperature,electronic,True,0,0.16266990146641178,0.00024148659028622177,0.4918355762684424,0.0007758173623217401
20260926,r02_a071,2,0.75,71,175,temperature,pop,True,0,0.1493309399610816,0.002592932470175696,0.47319661350661174,0.01330260208001044
20260926,r02_a071,2,0.75,71,175,temperature,ambient,True,0,0.1881727232520599,-0.0006770994180725631,0.5627627300808749,-0.004037470954967093
20260926,r02_a071,2,0.75,71,175,temperature,rock,True,0,0.09626098675704836,-0.00036650162258204666,0.31395660103468503,-0.00024838558779050057
20260926,r03_a024,3,0.25,24,58,sigmoid,macro,True,0,0.15202755711073365,0.003366623756535063,0.4804566006141771,0.02246686111641724
20260926,r03_a024,3,0.25,24,58,sigmoid,electronic,True,0,0.17190048349748963,0.009472068621364071,0.5335278411441164,0.04246808223799581
20260926,r03_a024,3,0.25,24,58,sigmoid,pop,True,0,0.181768485690403,0.03503047819949709,0.5465915378448759,0.0866975264182746
20260926,r03_a024,3,0.25,24,58,sigmoid,ambient,True,0,0.14830097383690075,-0.040548848833231704,0.4565123276180503,-0.11028787341779167
20260926,r03_a024,3,0.25,24,58,sigmoid,rock,True,0,0.1061402854181412,0.009512797038510795,0.38519469584966576,0.07098970922719022
20260926,r03_a024,3,0.25,24,58,temperature,macro,True,0,0.1520690537953515,0.0034081204411528926,0.478376808416995,0.0203870689192351
20260926,r03_a024,3,0.25,24,58,temperature,electronic,True,0,0.16684320848114947,0.00441479360502392,0.5093711445306326,0.018311385624511956
20260926,r03_a024,3,0.25,24,58,temperature,pop,True,0,0.14669130743986497,-4.670005104093211e-05,0.45967981718442014,-0.0002141942421811649
20260926,r03_a024,3,0.25,24,58,temperature,ambient,True,0,0.18901946147919207,0.00016963880905962458,0.5678320012821073,0.0010318002462653686
20260926,r03_a024,3,0.25,24,58,temperature,rock,True,0,0.10572223778119937,0.009094749401568958,0.37662427067081977,0.06241928404834424
20260926,r03_a047,3,0.5,47,121,sigmoid,macro,True,0,0.14513108435452626,-0.003529848999672302,0.45009541463342867,-0.007894324864331198
20260926,r03_a047,3,0.5,47,121,sigmoid,electronic,True,0,0.16814469804638277,0.005716283170257214,0.516773592261835,0.02571383335571431
20260926,r03_a047,3,0.5,47,121,sigmoid,pop,True,0,0.1545914099356658,0.007853402444759905,0.4766240409169548,0.016730029490353515
20260926,r03_a047,3,0.5,47,121,sigmoid,ambient,True,0,0.15828724751230608,-0.03056257515782637,0.483600962259306,-0.08319923877653596
20260926,r03_a047,3,0.5,47,121,sigmoid,rock,True,0,0.09950098192375045,0.0028734935441200454,0.3233830630956189,0.009178076473143337
20260926,r03_a047,3,0.5,47,121,temperature,macro,True,0,0.15011129854041438,0.0014503651862158087,0.46402792412053084,0.0060381846227709896
20260926,r03_a047,3,0.5,47,121,temperature,electronic,True,0,0.166501311230051,0.004072896353925437,0.5077424688356575,0.01668270992953691
20260926,r03_a047,3,0.5,47,121,temperature,pop,True,0,0.14715370516604048,0.0004156976751345798,0.461848602956908,0.001954591530306693
20260926,r03_a047,3,0.5,47,121,temperature,ambient,True,0,0.18934694892021434,0.0004971262500818863,0.5698488620915422,0.0030486610557002303
20260926,r03_a047,3,0.5,47,121,temperature,rock,True,0,0.09744322884535174,0.0008157404657213319,0.31667176259801566,0.0024667759755401253
20260926,r03_a071,3,0.75,71,169,sigmoid,macro,True,0,0.1430628543754563,-0.005598078978742271,0.44432068262880886,-0.013669056868950966
20260926,r03_a071,3,0.75,71,169,sigmoid,electronic,True,0,0.16747650079186974,0.005048085915744183,0.5111454256821324,0.020085666776011757
20260926,r03_a071,3,0.75,71,169,sigmoid,pop,True,0,0.14785708113524565,0.0011190736443397464,0.46228365703547136,0.0023896456088700613
20260926,r03_a071,3,0.75,71,169,sigmoid,ambient,True,0,0.15792898748760248,-0.03092083518252997,0.48155452977640023,-0.08524567125944171
20260926,r03_a071,3,0.75,71,169,sigmoid,rock,True,0,0.09898884808710737,0.0023613597074769593,0.32229911802123157,0.008094131398756033
20260926,r03_a071,3,0.75,71,169,temperature,macro,True,0,0.148871572671754,0.00021063931755540416,0.4587836804106913,0.0007939409129314456
20260926,r03_a071,3,0.75,71,169,temperature,electronic,True,0,0.1641641866929269,0.0017357718168013458,0.49743163011496727,0.006371871208846636
20260926,r03_a071,3,0.75,71,169,temperature,pop,True,0,0.1468543418047657,0.00011633431385979498,0.46043255975738545,0.0005385483307841499
20260926,r03_a071,3,0.75,71,169,temperature,ambient,True,0,0.18825025479265678,-0.0005995678774756708,0.5632190757442372,-0.003581125291604703
20260926,r03_a071,3,0.75,71,169,temperature,rock,True,0,0.09621750739666655,-0.00040998098296385344,0.31405145602617524,-0.00015353059630029975
20260926,r04_a024,4,0.25,24,60,sigmoid,macro,True,0,0.14643443153980137,-0.0022265018143972012,0.4555931288468821,-0.002396610650877762
20260926,r04_a024,4,0.25,24,60,sigmoid,electronic,True,0,0.16686299209399522,0.004434577217869662,0.5041342455849019,0.013074486678781305
20260926,r04_a024,4,0.25,24,60,sigmoid,pop,True,0,0.14712540107462965,0.00038739358372374966,0.4587959865731626,-0.0010980248534386838
20260926,r04_a024,4,0.25,24,60,sigmoid,ambient,True,0,0.1717550122649048,-0.017094810405227645,0.5199788429506208,-0.04682135808522114
20260926,r04_a024,4,0.25,24,60,sigmoid,rock,True,0,0.09999432072567584,0.0033668323460454286,0.339463440278843,0.025258453656367474
20260926,r04_a024,4,0.25,24,60,temperature,macro,True,0,0.14937375122492397,0.0007128178707254025,0.46415741087144236,0.006167671373682529
20260926,r04_a024,4,0.25,24,60,temperature,electronic,True,0,0.16207892943758642,-0.00034948543853913216,0.4915133542877284,0.00045359538160777424
20260926,r04_a024,4,0.25,24,60,temperature,pop,True,0,0.1458782376048661,-0.0008597698860398073,0.4562516835940765,-0.0036423278325248276
20260926,r04_a024,4,0.25,24,60,temperature,ambient,True,0,0.18894605413270898,9.623146257653481e-05,0.5673844506276952,0.0005842495918532142
20260926,r04_a024,4,0.25,24,60,temperature,rock,True,0,0.10059178372453442,0.003964295344904015,0.3414801549762695,0.027275168353793955
20260926,r04_a047,4,0.5,47,109,sigmoid,macro,True,0,0.1463933266698751,-0.0022676066843234748,0.45329001604381336,-0.004699723453946522
20260926,r04_a047,4,0.5,47,109,sigmoid,electronic,True,0,0.17052640390842513,0.00809798903229958,0.5187116708675069,0.027651911961386277
20260926,r04_a047,4,0.5,47,109,sigmoid,pop,True,0,0.15510174088211823,0.008363733391212325,0.4766200948935892,0.016726083466987895
20260926,r04_a047,4,0.5,47,109,sigmoid,ambient,True,0,0.15926069520858688,-0.029589127461545572,0.48609639049275344,-0.0807038105430885
20260926,r04_a047,4,0.5,47,109,sigmoid,rock,True,0,0.10068446668037018,0.004056978300739769,0.3317319079214038,0.017526921298928244
20260926,r04_a047,4,0.5,47,109,temperature,macro,True,0,0.14901678364168075,0.00035585028748215744,0.4610653907309189,0.0030756512331590186
20260926,r04_a047,4,0.5,47,109,temperature,electronic,True,0,0.16357795477116413,0.001149539895038576,0.4951129972729149,0.004053238366794276
20260926,r04_a047,4,0.5,47,109,temperature,pop,True,0,0.14666445858694302,-7.354890396288338e-05,0.45955720995516375,-0.00033680147143755335
20260926,r04_a047,4,0.5,47,109,temperature,ambient,True,0,0.18920864686497435,0.0003588241948419002,0.5689930393884103,0.002192838352568338
20260926,r04_a047,4,0.5,47,109,temperature,rock,True,0,0.09661607434364144,-1.1414035988963067e-05,0.32059831630718655,0.006393329684711013
20260926,r04_a071,4,0.75,71,169,sigmoid,macro,True,0,0.14624453766554374,-0.0024163956886548606,0.4521236335819025,-0.0058661059158574
20260926,r04_a071,4,0.75,71,169,sigmoid,electronic,True,0,0.16552968785912536,0.0031012729829998087,0.5038703459596052,0.01281058705348459
20260926,r04_a071,4,0.75,71,169,sigmoid,pop,True,0,0.1622080778725007,0.015470070381594786,0.49717077715201813,0.03727676572541683
20260926,r04_a071,4,0.75,71,169,sigmoid,ambient,True,0,0.15945904263201136,-0.029390780038121095,0.48724587303350714,-0.0795543280023348
20260926,r04_a071,4,0.75,71,169,sigmoid,rock,True,0,0.09778134229853747,0.001153853918907058,0.3202075381824793,0.006002551560003788
20260926,r04_a071,4,0.75,71,169,temperature,macro,True,0,0.14980857871466738,0.0011476453604687999,0.4643468371460906,0.006357097648330812
20260926,r04_a071,4,0.75,71,169,temperature,electronic,True,0,0.16436792351468302,0.0019395086385574634,0.4982665452208722,0.007206786314751579
20260926,r04_a071,4,0.75,71,169,temperature,pop,True,0,0.14877586758013517,0.0020378600892292653,0.470145848326535,0.010251836899933697
20260926,r04_a071,4,0.75,71,169,temperature,ambient,True,0,0.18996912756405993,0.0011193048939274752,0.5737748452887689,0.0069746442529269315
20260926,r04_a071,4,0.75,71,169,temperature,rock,True,0,0.0961213961997914,-0.0005060921798390045,0.3152001097481866,0.0009951231257110393
20260926,r05_a024,5,0.25,24,52,sigmoid,macro,True,0,0.15135023533789072,0.0026893019836921293,0.9686059629082077,0.5106162234104479
20260926,r05_a024,5,0.25,24,52,sigmoid,electronic,True,0,0.16581438710119578,0.0033859722250702273,0.49743041255605475,0.00637065364993411
20260926,r05_a024,5,0.25,24,52,sigmoid,pop,True,0,0.15562317091526037,0.00888516342435447,0.4771614253853649,0.017267413958763578
20260926,r05_a024,5,0.25,24,52,sigmoid,ambient,True,0,0.1550841201539331,-0.03376570251619934,0.4761971777577555,-0.09060302327808645
20260926,r05_a024,5,0.25,24,52,sigmoid,rock,True,0,0.12887926318117357,0.03225177480154316,2.4236348359336555,2.10942984931118
20260926,r05_a024,5,0.25,24,52,temperature,macro,True,0,0.15685412347534977,0.008193190121151193,0.9867959334022083,0.5288061939044485
20260926,r05_a024,5,0.25,24,52,temperature,electronic,True,0,0.16184674645988262,-0.0005816684162429364,0.49018979734102625,-0.0008699615650943904
20260926,r05_a024,5,0.25,24,52,temperature,pop,True,0,0.14589027870865517,-0.0008477287822507285,0.4562837632180551,-0.0036102482085462184
20260926,r05_a024,5,0.25,24,52,temperature,ambient,True,0,0.18993147131663993,0.001081648646507477,0.5735336419113279,0.0067334408754859965
20260926,r05_a024,5,0.25,24,52,temperature,rock,True,0,0.12974799741622137,0.03312050903659096,2.427176531138424,2.1129715445159487
20260926,r05_a047,5,0.5,47,93,sigmoid,macro,True,0,0.15032447301673005,0.0016635396625314762,0.4725940436854125,0.014604304187652642
20260926,r05_a047,5,0.5,47,93,sigmoid,electronic,True,0,0.1724550463395842,0.01002663146345864,0.5165255010195784,0.025465742113457757
20260926,r05_a047,5,0.5,47,93,sigmoid,pop,True,0,0.15403918381688997,0.007301176325984066,0.48612882402663726,0.02623481260003596
20260926,r05_a047,5,0.5,47,93,sigmoid,ambient,True,0,0.16300234764725768,-0.025847475022874766,0.4946990024428765,-0.07210119859296543
20260926,r05_a047,5,0.5,47,93,sigmoid,rock,True,0,0.11180131426318837,0.015173825883557965,0.3930228472525578,0.07881786063008228
20260926,r05_a047,5,0.5,47,93,temperature,macro,True,0,0.15185442851704636,0.003193495162847771,0.4765904732887786,0.01860073379101873
20260926,r05_a047,5,0.5,47,93,temperature,electronic,True,0,0.16421432996133403,0.0017859150852084782,0.4976358111802032,0.006576052274082589
20260926,r05_a047,5,0.5,47,93,temperature,pop,True,0,0.15056241293505063,0.003824405444144724,0.4803167235974748,0.02042271217087349
20260926,r05_a047,5,0.5,47,93,temperature,ambient,True,0,0.1878044240259229,-0.0010453986442095498,0.5606107110268584,-0.0061894900089835
20260926,r05_a047,5,0.5,47,93,temperature,rock,True,0,0.10483654714587784,0.008209058766247432,0.3677986473505779,0.053593660728102344
20260926,r05_a071,5,0.75,71,153,sigmoid,macro,True,0,0.1426318557104125,-0.006029077643786077,0.4416910504866799,-0.016298689011079906
20260926,r05_a071,5,0.75,71,153,sigmoid,electronic,True,0,0.1642979391695974,0.0018695242934718415,0.49853288640597593,0.007473127499855292
20260926,r05_a071,5,0.75,71,153,sigmoid,pop,True,0,0.14947290258306872,0.00273489509216282,0.46480696779939473,0.004912956372793431
20260926,r05_a071,5,0.75,71,153,sigmoid,ambient,True,0,0.1574897199860595,-0.03136010268407294,0.4809088528188275,-0.08589134821701444
20260926,r05_a071,5,0.75,71,153,sigmoid,rock,True,0,0.09926686110292438,0.0026393727232939673,0.32251549492252163,0.008310508300046093
20260926,r05_a071,5,0.75,71,153,temperature,macro,True,0,0.14904008512202246,0.00037915176782388205,0.4597263602926469,0.0017366207948870671
20260926,r05_a071,5,0.75,71,153,temperature,electronic,True,0,0.1639273552841236,0.0014989404079980562,0.49647927155035076,0.005419512644230129
20260926,r05_a071,5,0.75,71,153,temperature,pop,True,0,0.14657224960984544,-0.00016575788106046319,0.45913923563389486,-0.0007547757927064414
20260926,r05_a071,5,0.75,71,153,temperature,ambient,True,0,0.1892719926365686,0.00042216996643615334,0.569384280509141,0.0025840794732990835
20260926,r05_a071,5,0.75,71,153,temperature,rock,True,0,0.09638874295755219,-0.00023874542207821814,0.31390265347720103,-0.0003023331452745026
20260926,r06_a024,6,0.25,24,38,sigmoid,macro,True,0,0.1538536349153808,0.0051927015611821885,0.5376576093257133,0.07966786982795342
20260926,r06_a024,6,0.25,24,38,sigmoid,electronic,True,0,0.19514574339046578,0.03271732851434023,0.7418245083816295,0.25076474947550886
20260926,r06_a024,6,0.25,24,38,sigmoid,pop,True,0,0.16514973634911223,0.018411728858206328,0.6052114619301878,0.14531745050358652
20260926,r06_a024,6,0.25,24,38,sigmoid,ambient,True,0,0.1560167273986573,-0.032833095271475154,0.47772446309465977,-0.08907573794118218
20260926,r06_a024,6,0.25,24,38,sigmoid,rock,True,0,0.09910233252328776,0.0024748441436573537,0.325870003896376,0.011665017273900458
20260926,r06_a024,6,0.25,24,38,temperature,macro,True,0,0.16161322440236653,0.012952291048167947,0.555830452702284,0.0978407132045242
20260926,r06_a024,6,0.25,24,38,temperature,electronic,True,0,0.1955069178900906,0.03307850301396503,0.7407504781801508,0.2496907192740302
20260926,r06_a024,6,0.25,24,38,temperature,pop,True,0,0.16539187316663384,0.018653865675727938,0.6053368721806924,0.14544286075409113
20260926,r06_a024,6,0.25,24,38,temperature,ambient,True,0,0.18692933468494732,-0.0019204879851851264,0.5552525805980942,-0.011547620437747708
20260926,r06_a024,6,0.25,24,38,temperature,rock,True,0,0.09862477186779435,0.0019972834881639423,0.3219818798501987,0.007776893227723181
20260926,r06_a047,6,0.5,47,110,sigmoid,macro,True,0,0.14606661487811745,-0.0025943184760811033,0.4589616894150223,0.0009719499172624879
20260926,r06_a047,6,0.5,47,110,sigmoid,electronic,True,0,0.16853555164686754,0.006107136770741983,0.5027020309052974,0.011642271999176779
20260926,r06_a047,6,0.5,47,110,sigmoid,pop,True,0,0.15599748918638012,0.00925948169547422,0.5239704255199834,0.0640764140933821
20260926,r06_a047,6,0.5,47,110,sigmoid,ambient,True,0,0.16266231721985727,-0.026187505450275178,0.49383162041361733,-0.07296858062222461
20260926,r06_a047,6,0.5,47,110,sigmoid,rock,True,0,0.09707110145936497,0.00044361307973456165,0.3153426808211912,0.0011376941987156775
20260926,r06_a047,6,0.5,47,110,temperature,macro,True,0,0.15081906697176717,0.0021581336175685827,0.47191534656173884,0.013925607063979023
20260926,r06_a047,6,0.5,47,110,temperature,electronic,True,0,0.16183304265252618,-0.0005953722235993719,0.48974022057717936,-0.001319538328941272
20260926,r06_a047,6,0.5,47,110,temperature,pop,True,0,0.1568376678756207,0.010099660384714798,0.5238713090096068,0.06397729758300547
20260926,r06_a047,6,0.5,47,110,temperature,ambient,True,0,0.18739252220590055,-0.0014573004642318976,0.5582124665869574,-0.008587734448884499
20260926,r06_a047,6,0.5,47,110,temperature,rock,True,0,0.09721303515302121,0.0005855467733908021,0.31583739007321193,0.0016324034507363971
20260926,r06_a071,6,0.75,71,181,sigmoid,macro,True,0,0.14302437852181168,-0.005636554832386915,0.4425398738326331,-0.015449865665126739
20260926,r06_a071,6,0.75,71,181,sigmoid,electronic,True,0,0.16543264078667658,0.0030042259105510227,0.49907037257796094,0.008010613671840305
20260926,r06_a071,6,0.75,71,181,sigmoid,pop,True,0,0.14976550417602189,0.0030274966851159824,0.46545036230894243,0.005556350882341132
20260926,r06_a071,6,0.75,71,181,sigmoid,ambient,True,0,0.15726561727338303,-0.031584205396749415,0.4797811572546314,-0.08701904378121056
20260926,r06_a071,6,0.75,71,181,sigmoid,rock,True,0,0.09963375185116516,0.003006263471534751,0.3258576031889977,0.011652616566522167
20260926,r06_a071,6,0.75,71,181,temperature,macro,True,0,0.1487986439822863,0.000137710628087713,0.45885926304462965,0.0008695235468697826
20260926,r06_a071,6,0.75,71,181,temperature,electronic,True,0,0.16457381375496888,0.0021453988788433243,0.49912417452449226,0.008064415618371623
20260926,r06_a071,6,0.75,71,181,temperature,pop,True,0,0.14662795975647114,-0.00011004773443476501,0.4593911804792643,-0.0005028309473369963
20260926,r06_a071,6,0.75,71,181,temperature,ambient,True,0,0.18784048050985067,-0.0010093421602817843,0.5608205056188647,-0.005979695416977293
20260926,r06_a071,6,0.75,71,181,temperature,rock,True,0,0.09615232190785448,-0.00047516647177592297,0.31610119155589733,0.0018962049334217967
20260926,r07_a024,7,0.25,24,84,sigmoid,macro,True,0,0.14477016803546802,-0.0038907653187305567,0.4526403985013921,-0.005349340996367746
20260926,r07_a024,7,0.25,24,84,sigmoid,electronic,True,0,0.1670336043283665,0.004605189452240949,0.5087936483125158,0.017733889406395198
20260926,r07_a024,7,0.25,24,84,sigmoid,pop,True,0,0.152785980084305,0.006047972593399092,0.473998217737241,0.014104206310639689
20260926,r07_a024,7,0.25,24,84,sigmoid,ambient,True,0,0.15809017739640444,-0.030759645273728015,0.4848871198992439,-0.08191308113659806
20260926,r07_a024,7,0.25,24,84,sigmoid,rock,True,0,0.10117091033279615,0.004543421953165747,0.34288260805656773,0.028677621434092193
20260926,r07_a024,7,0.25,24,84,temperature,macro,True,0,0.15119368790001594,0.0025327545458173756,0.47214306946180673,0.01415332996404689
20260926,r07_a024,7,0.25,24,84,temperature,electronic,True,0,0.16662481108769925,0.004196396211573694,0.5077001102439826,0.016640351337862014
20260926,r07_a024,7,0.25,24,84,temperature,pop,True,0,0.14673399425825204,-4.0132326538655505e-06,0.459683608878975,-0.00021040254762627608
20260926,r07_a024,7,0.25,24,84,temperature,ambient,True,0,0.19096545278297541,0.0021156301128429644,0.5803290533156749,0.013528852279832915
20260926,r07_a024,7,0.25,24,84,temperature,rock,True,0,0.10045049347113712,0.0038230050915067093,0.34085950540859444,0.026654518786118908
20260926,r07_a047,7,0.5,47,140,sigmoid,macro,True,0,0.1391186408184888,-0.009542292535709776,0.43421467445853873,-0.02377506503922111
20260926,r07_a047,7,0.5,47,140,sigmoid,electronic,True,0,0.16209594119807993,-0.00033247367804561945,0.49126971346954085,0.00020995456342021157
20260926,r07_a047,7,0.5,47,140,sigmoid,pop,True,0,0.14563038339715947,-0.0011076240937464288,0.4560740848026458,-0.0038199266239555274
20260926,r07_a047,7,0.5,47,140,sigmoid,ambient,True,0,0.15125794345579036,-0.037591879214342094,0.46485566128306194,-0.10194453975278
20260926,r07_a047,7,0.5,47,140,sigmoid,rock,True,0,0.09749029522292545,0.0008628068432950387,0.3246592382789064,0.01045425165643088
20260926,r07_a047,7,0.5,47,140,temperature,macro,True,0,0.14847258977001637,-0.00018834358418222744,0.4595157487385413,0.0015260092407814452
20260926,r07_a047,7,0.5,47,140,temperature,electronic,True,0,0.16188819619624392,-0.0005402186798816322,0.49048438043982157,-0.0005753784662990702
20260926,r07_a047,7,0.5,47,140,temperature,pop,True,0,0.1460393887996747,-0.0006986186912311954,0.45684535717227964,-0.003048654254321659
20260926,r07_a047,7,0.5,47,140,temperature,ambient,True,0,0.18896203989898228,0.00011221722884982577,0.567481773871619,0.0006815728357770778
20260926,r07_a047,7,0.5,47,140,temperature,rock,True,0,0.0970007341851645,0.00037324580553409203,0.32325148347044497,0.009046496847969432
20260926,r07_a071,7,0.75,71,185,sigmoid,macro,True,0,0.14098912205123992,-0.007671811302958666,0.43893452499414376,-0.01905521450361608
20260926,r07_a071,7,0.75,71,185,sigmoid,electronic,True,0,0.16205712084732515,-0.00037129402880040074,0.4907099633624603,-0.00034979554366032506
20260926,r07_a071,7,0.75,71,185,sigmoid,pop,True,0,0.15028669718559048,0.0035486896946845814,0.4678871019928509,0.007993090566249583
20260926,r07_a071,7,0.75,71,185,sigmoid,ambient,True,0,0.15111989082592264,-0.03772993184420981,0.46682249518236657,-0.09997770585347537
20260926,r07_a071,7,0.75,71,185,sigmoid,rock,True,0,0.10049277934612137,0.003865290966490964,0.33031853943889733,0.016113552816421794
20260926,r07_a071,7,0.75,71,185,temperature,macro,True,0,0.14914556815391444,0.00048463479971587453,0.4631001969638832,0.005110457466123361
20260926,r07_a071,7,0.75,71,185,temperature,electronic,True,0,0.16182434170883397,-0.00060407316729158,0.4897880699135725,-0.0012716889925481478
20260926,r07_a071,7,0.75,71,185,temperature,pop,True,0,0.1472617305998843,0.0005237231089783856,0.46236951880965765,0.0024755073830563523
20260926,r07_a071,7,0.75,71,185,temperature,ambient,True,0,0.1909913467007389,0.00214152403060644,0.5805038766521703,0.013703675616328348
20260926,r07_a071,7,0.75,71,185,temperature,rock,True,0,0.09650485360620066,-0.00012263477342974727,0.3197393224801324,0.005534335857656891
20260926,r08_a024,8,0.25,24,45,sigmoid,macro,True,0,0.14831820468733148,-0.00034272866686709674,0.45782453605660667,-0.00016520344115322771
20260926,r08_a024,8,0.25,24,45,sigmoid,electronic,True,0,0.16567652336899583,0.003248108492870272,0.49756729589784066,0.00650753699172002
20260926,r08_a024,8,0.25,24,45,sigmoid,pop,True,0,0.15791248259471596,0.011174475103810061,0.4840131534864206,0.0241191420598193
20260926,r08_a024,8,0.25,24,45,sigmoid,ambient,True,0,0.15624818993873457,-0.03260163273139788,0.4775702353749309,-0.08922996566091107
20260926,r08_a024,8,0.25,24,45,sigmoid,rock,True,0,0.11343562284687957,0.01680813446724916,0.3721474594672344,0.05794247284475884
20260926,r08_a024,8,0.25,24,45,temperature,macro,True,0,0.14895406912185538,0.00029313576765681304,0.45800053314058553,1.0793642825648875e-05
20260926,r08_a024,8,0.25,24,45,temperature,electronic,True,0,0.16348817254153392,0.0010597576654083618,0.49477002134135273,0.0037102624352320923
20260926,r08_a024,8,0.25,24,45,temperature,pop,True,0,0.1470852974559456,0.0003472899650396877,0.4615213783513273,0.0016273669247259814
20260926,r08_a024,8,0.25,24,45,temperature,ambient,True,0,0.1869327646590373,-0.0019170580110951518,0.5552842764354726,-0.01151592460036932
20260926,r08_a024,8,0.25,24,45,temperature,rock,True,0,0.09831004183090476,0.0016825534512743545,0.3204264564341894,0.006221469811713842
20260926,r08_a047,8,0.5,47,104,sigmoid,macro,True,0,0.14313667284966988,-0.005524260504528696,0.4446701834590432,-0.01331955603871661
20260926,r08_a047,8,0.5,47,104,sigmoid,electronic,True,0,0.1626852073071635,0.00025679243103793326,0.49191996156336953,0.0008602026572488986
20260926,r08_a047,8,0.5,47,104,sigmoid,pop,True,0,0.15584289189866266,0.009104884407756753,0.4903676648985092,0.03047365347190789
20260926,r08_a047,8,0.5,47,104,sigmoid,ambient,True,0,0.15333735805653,-0.03551246461360244,0.46965472088473004,-0.09714548015111191
20260926,r08_a047,8,0.5,47,104,sigmoid,rock,True,0,0.10068123413632338,0.00405374575669297,0.3267383864895642,0.01253339986708868
20260926,r08_a047,8,0.5,47,104,temperature,macro,True,0,0.1499011442449055,0.0012402108907068922,0.46442760386185317,0.00643786436409334
20260926,r08_a047,8,0.5,47,104,temperature,electronic,True,0,0.16267712992745323,0.0002487150513276748,0.49185962052855253,0.0007998616224318966
20260926,r08_a047,8,0.5,47,104,temperature,pop,True,0,0.15076416048341817,0.004026152992512272,0.4815282331424582,0.021634221715856883
20260926,r08_a047,8,0.5,47,104,temperature,ambient,True,0,0.18930263460910507,0.0004528119389726193,0.5695739862105998,0.0027737851747579034
20260926,r08_a047,8,0.5,47,104,temperature,rock,True,0,0.09686065195964541,0.00023316358001500281,0.3147485755658022,0.0005435889433266783
20260926,r08_a071,8,0.75,71,156,sigmoid,macro,True,0,0.14260012560527263,-0.006060807748925933,0.44795540978820425,-0.01003432970955559
20260926,r08_a071,8,0.75,71,156,sigmoid,electronic,True,0,0.16350324429104818,0.0010748294149226234,0.4942908824181675,0.0032311235120468518
20260926,r08_a071,8,0.75,71,156,sigmoid,pop,True,0,0.1570011420963085,0.010263134605402596,0.5111343983306612,0.05124038690405991
20260926,r08_a071,8,0.75,71,156,sigmoid,ambient,True,0,0.15197548645349646,-0.036874336216635994,0.4666251668362068,-0.10017503419963514
20260926,r08_a071,8,0.75,71,156,sigmoid,rock,True,0,0.09792062958023745,0.0012931412006070425,0.31977119156778155,0.005566204945306019
20260926,r08_a071,8,0.75,71,156,temperature,macro,True,0,0.15116803784308203,0.0025071044888834333,0.473280273771766,0.015290534274006173
20260926,r08_a071,8,0.75,71,156,temperature,electronic,True,0,0.16352871926388698,0.0011003043877614305,0.4949244800346836,0.0038647211285629535
20260926,r08_a071,8,0.75,71,156,temperature,pop,True,0,0.15481917690043037,0.008081169409524469,0.5085197672537406,0.048625755827139294
20260926,r08_a071,8,0.75,71,156,temperature,ambient,True,0,0.1901840564821098,0.0013342338119773367,0.5751605405578784,0.008360339522036409
20260926,r08_a071,8,0.75,71,156,temperature,rock,True,0,0.0961401987259009,-0.00048728965372950295,0.3145163072407616,0.0003113206182860373
20260926,r09_a024,9,0.25,24,47,sigmoid,macro,True,0,0.14383888106762355,-0.004822052286575038,0.4499932956402509,-0.007996443857508903
20260926,r09_a024,9,0.25,24,47,sigmoid,electronic,True,0,0.1655530988076063,0.003124683931480743,0.5032040040723202,0.012144245166199608
20260926,r09_a024,9,0.25,24,47,sigmoid,pop,True,0,0.14501190668801844,-0.0017261008028874592,0.45498028805058244,-0.004913723376018864
20260926,r09_a024,9,0.25,24,47,sigmoid,ambient,True,0,0.162729575557309,-0.026120247112823458,0.49414891845548237,-0.07265128258035958
20260926,r09_a024,9,0.25,24,47,sigmoid,rock,True,0,0.10206094321756043,0.005433454837930021,0.34763997198261876,0.03343498536014322
20260926,r09_a024,9,0.25,24,47,temperature,macro,True,0,0.1502715946653948,0.0016106613111962244,0.467399320113739,0.009409580615979171
20260926,r09_a024,9,0.25,24,47,temperature,electronic,True,0,0.1637428927661501,0.0013144778900245346,0.4957519184759048,0.004692159569784138
20260926,r09_a024,9,0.25,24,47,temperature,pop,True,0,0.14609963694710215,-0.0006383705438037512,0.4572456645337005,-0.002648346892900777
20260926,r09_a024,9,0.25,24,47,temperature,ambient,True,0,0.1892218400465595,0.00037201737642705845,0.5690744205209001,0.0022742194850581265
20260926,r09_a024,9,0.25,24,47,temperature,rock,True,0,0.10202200890176746,0.005394520522137056,0.34752527692445073,0.0333202903019752
20260926,r09_a047,9,0.5,47,102,sigmoid,macro,True,0,0.13944459455594832,-0.009216338798250262,0.43432918269675214,-0.02366055680100773
20260926,r09_a047,9,0.5,47,102,sigmoid,electronic,True,0,0.16247843684334967,5.002196722411756e-05,0.4916651605495283,0.0006054016434076659
20260926,r09_a047,9,0.5,47,102,sigmoid,pop,True,0,0.15107671566581302,0.004338708174907113,0.46743782739435635,0.007543815967755052
20260926,r09_a047,9,0.5,47,102,sigmoid,ambient,True,0,0.14713496005857846,-0.04171486261155399,0.4530604131079151,-0.11373978792792683
20260926,r09_a047,9,0.5,47,102,sigmoid,rock,True,0,0.09708826565605212,0.0004607772764217144,0.3251533297352087,0.010948343112733183
20260926,r09_a047,9,0.5,47,102,temperature,macro,True,0,0.1486834994330587,2.2566078860100647e-05,0.46024164684626223,0.0022519073485023494
20260926,r09_a047,9,0.5,47,102,temperature,electronic,True,0,0.16212423966778783,-0.0003041752083377258,0.49019031990559936,-0.0008694390005212771
20260926,r09_a047,9,0.5,47,102,temperature,pop,True,0,0.146283094032905,-0.0004549134580009162,0.4578637777733336,-0.00203023365326771
20260926,r09_a047,9,0.5,47,102,temperature,ambient,True,0,0.18870531206635027,-0.0001445106037821775,0.5659279647750369,-0.0008722362608050149
20260926,r09_a047,9,0.5,47,102,temperature,rock,True,0,0.09762135196519163,0.0009938635855612221,0.32698452493107893,0.0127795383086034
20260926,r09_a071,9,0.75,71,155,sigmoid,macro,True,0,0.14052492644151612,-0.008136006912682452,0.4367409754419299,-0.0212487640558299
20260926,r09_a071,9,0.75,71,155,sigmoid,electronic,True,0,0.164070678477566,0.001642263601440458,0.4970128900017486,0.00595313109562795
20260926,r09_a071,9,0.75,71,155,sigmoid,pop,True,0,0.1526618795622858,0.005923872071379899,0.4710981760546373,0.011204164628035973
20260926,r09_a071,9,0.75,71,155,sigmoid,ambient,True,0,0.14871102885511794,-0.040138793815014506,0.45749086667802696,-0.10930933435781498
20260926,r09_a071,9,0.75,71,155,sigmoid,rock,True,0,0.09665611887109475,2.8630491464343155e-05,0.321361969033307,0.007156982410831458
20260926,r09_a071,9,0.75,71,155,temperature,macro,True,0,0.14883275333673474,0.00017181998253616368,0.46100223346597785,0.003012493968217983
20260926,r09_a071,9,0.75,71,155,temperature,electronic,True,0,0.16217984109213923,-0.00024857378398632224,0.4903362844116329,-0.0007234744944877303
20260926,r09_a071,9,0.75,71,155,temperature,pop,True,0,0.1465348428892226,-0.0002031646016832922,0.458971101026789,-0.0009229103998122934
20260926,r09_a071,9,0.75,71,155,temperature,ambient,True,0,0.18983914545175315,0.0009893227816206995,0.5729442339356077,0.006144032899765728
20260926,r09_a071,9,0.75,71,155,temperature,rock,True,0,0.09677718391382398,0.00014969553419356962,0.32175731448988176,0.007552327867406228
20260926,r10_a024,10,0.25,24,48,sigmoid,macro,True,0,0.14411446898266578,-0.0045464643715328115,0.4459445027835037,-0.012045236714256086
20260926,r10_a024,10,0.25,24,48,sigmoid,electronic,True,0,0.16526053706612667,0.0028321221900011184,0.5013279467559062,0.01026818784978556
20260926,r10_a024,10,0.25,24,48,sigmoid,pop,True,0,0.16035568709101133,0.013617679600105431,0.48793004665565354,0.028036035229052236
20260926,r10_a024,10,0.25,24,48,sigmoid,ambient,True,0,0.1504886396560879,-0.038361183014044536,0.4643239374047084,-0.10247626363113355
20260926,r10_a024,10,0.25,24,48,sigmoid,rock,True,0,0.10035301211743715,0.0037255237378067407,0.33019608031774694,0.015991093695271408
20260926,r10_a024,10,0.25,24,48,temperature,macro,True,0,0.14886614532722045,0.00020521197302187863,0.4615172941395197,0.0035275546417598697
20260926,r10_a024,10,0.25,24,48,temperature,electronic,True,0,0.16222404431850876,-0.00020437055761679535,0.49045732985797946,-0.0006024290481411732
20260926,r10_a024,10,0.25,24,48,temperature,pop,True,0,0.14589737166690592,-0.0008406358239999856,0.4563064684816926,-0.003587542944908706
20260926,r10_a024,10,0.25,24,48,temperature,ambient,True,0,0.19075434734362265,0.0019045246734901988,0.5789123141261756,0.012112113090333665
20260926,r10_a024,10,0.25,24,48,temperature,rock,True,0,0.0965888179798445,-3.8670399785903364e-05,0.32039306409223123,0.006188077469755693
20260926,r10_a047,10,0.5,47,120,sigmoid,macro,True,0,0.1407968559064098,-0.007864077447788772,0.4367169294468778,-0.021272810050882066
20260926,r10_a047,10,0.5,47,120,sigmoid,electronic,True,0,0.1621030680316147,-0.00032534684451085427,0.4891785394608856,-0.0018812194452350606
20260926,r10_a047,10,0.5,47,120,sigmoid,pop,True,0,0.14681806918263698,8.006169173108146e-05,0.4581614343531701,-0.0017325770734312185
20260926,r10_a047,10,0.5,47,120,sigmoid,ambient,True,0,0.1473830547512455,-0.041466767918886954,0.45367589961801097,-0.11312430141783097
20260926,r10_a047,10,0.5,47,120,sigmoid,rock,True,0,0.10688323166014205,0.01025574328051164,0.3458518443554445,0.03164685773296899
20260926,r10_a047,10,0.5,47,120,temperature,macro,True,0,0.14842703027899706,-0.00023390307520152614,0.4588908478127983,0.000901108315038493
20260926,r10_a047,10,0.5,47,120,temperature,electronic,True,0,0.16208545255087956,-0.000342962325245999,0.49009346743914234,-0.0009662914669782974
20260926,r10_a047,10,0.5,47,120,temperature,pop,True,0,0.14587598927722123,-0.0008620182136846732,0.45624971203156806,-0.003644299395033246
20260926,r10_a047,10,0.5,47,120,temperature,ambient,True,0,0.18903781218366955,0.00018798951353710125,0.5679441379165963,0.0011439368807543149
20260926,r10_a047,10,0.5,47,120,temperature,rock,True,0,0.09670886710421787,8.137872458746642e-05,0.32127607386388674,0.0070710872414112
20260926,r10_a071,10,0.75,71,186,sigmoid,macro,True,0,0.14115590033096742,-0.007505033023231158,0.43811274564648706,-0.019876993851272798
20260926,r10_a071,10,0.75,71,186,sigmoid,electronic,True,0,0.16236693844105599,-6.147643506956846e-05,0.49029679834351597,-0.0007629605626046643
20260926,r10_a071,10,0.75,71,186,sigmoid,pop,True,0,0.15045388868436202,0.0037158811934561164,0.4698483149860142,0.009954303559412903
20260926,r10_a071,10,0.75,71,186,sigmoid,ambient,True,0,0.15075002995670686,-0.03809979271342559,0.462636613147082,-0.10416358788875996
20260926,r10_a071,10,0.75,71,186,sigmoid,rock,True,0,0.10105274424174482,0.004425255862114411,0.32966925610933606,0.015464269486860527
20260926,r10_a071,10,0.75,71,186,temperature,macro,True,0,0.14882438893902494,0.00016345558482635386,0.4599458443254903,0.001956104827730454
20260926,r10_a071,10,0.75,71,186,temperature,electronic,True,0,0.1624200669090131,-8.347967112465327e-06,0.4910340241912409,-2.5734714879710463e-05
20260926,r10_a071,10,0.75,71,186,temperature,pop,True,0,0.14782176090741586,0.0010837534165099583,0.4651467958100843,0.005252784383482978
20260926,r10_a071,10,0.75,71,186,temperature,ambient,True,0,0.188862660423242,1.2837753109562478e-05,0.5668779832730825,7.778223724053124e-05
20260926,r10_a071,10,0.75,71,186,temperature,rock,True,0,0.09619306751642877,-0.00043442086320164,0.31672457402755355,0.0025195874050780165
20260926,r11_a024,11,0.25,24,56,sigmoid,macro,True,0,0.14479546086885164,-0.0038654724853469206,0.44875495921613284,-0.009234780281627053
20260926,r11_a024,11,0.25,24,56,sigmoid,electronic,True,0,0.1618798314681269,-0.000548583407998654,0.48974249681718235,-0.0013172620889382869
20260926,r11_a024,11,0.25,24,56,sigmoid,pop,True,0,0.14853711629256364,0.001799108801657734,0.4658107743000497,0.005916762873448389
20260926,r11_a024,11,0.25,24,56,sigmoid,ambient,True,0,0.15532842408494701,-0.033521398585185436,0.4750415944623533,-0.09175860657348867
20260926,r11_a024,11,0.25,24,56,sigmoid,rock,True,0,0.11343647162976908,0.016808983250138673,0.3644249712849459,0.05021998466247035
20260926,r11_a024,11,0.25,24,56,temperature,macro,True,0,0.14889400222437743,0.00023306887017884859,0.4612259497652212,0.0032362102674613064
20260926,r11_a024,11,0.25,24,56,temperature,electronic,True,0,0.16187283742327035,-0.0005555774528551993,0.4897100822190291,-0.0013496766870915167
20260926,r11_a024,11,0.25,24,56,temperature,pop,True,0,0.14766799548700166,0.0009299879960957547,0.46437195565872563,0.004477944232124331
20260926,r11_a024,11,0.25,24,56,temperature,ambient,True,0,0.18947418332273483,0.0006243606526023793,0.570641546632621,0.0038413455967790666
20260926,r11_a024,11,0.25,24,56,temperature,rock,True,0,0.09656099266450287,-6.649571512754027e-05,0.3201802145505089,0.005975227928033344
20260926,r11_a047,11,0.5,47,109,sigmoid,macro,True,0,0.14247684183496306,-0.006184091519235522,0.44436003966226145,-0.01362969983549836
20260926,r11_a047,11,0.5,47,109,sigmoid,electronic,True,0,0.16441975439971532,0.0019913395235897635,0.49908122449380304,0.008021465587682408
20260926,r11_a047,11,0.5,47,109,sigmoid,pop,True,0,0.1492481975418174,0.0025101900509114927,0.4688747503377022,0.008980738911100905
20260926,r11_a047,11,0.5,47,109,sigmoid,ambient,True,0,0.1559829845846576,-0.03286683808547486,0.4779441545936891,-0.08885604644215284
20260926,r11_a047,11,0.5,47,109,sigmoid,rock,True,0,0.10025643081366192,0.003628942434031515,0.3315400292238516,0.017335042601376083
20260926,r11_a047,11,0.5,47,109,temperature,macro,True,0,0.14990211995257205,0.0012411865983734602,0.46605974298553005,0.00807000348777022
20260926,r11_a047,11,0.5,47,109,temperature,electronic,True,0,0.16377797534553074,0.001349560469405181,0.49588923760880704,0.004829478702686407
20260926,r11_a047,11,0.5,47,109,temperature,pop,True,0,0.14821930449481235,0.001481297003906451,0.4671906999774084,0.007296688550807118
20260926,r11_a047,11,0.5,47,109,temperature,ambient,True,0,0.190945530007936,0.0020957073378035374,0.5801947004295025,0.013394499393660553
20260926,r11_a047,11,0.5,47,109,temperature,rock,True,0,0.09666566996200908,3.818158237867131e-05,0.32096433392640233,0.006759347303926799
20260926,r11_a071,11,0.75,71,182,sigmoid,macro,True,0,0.1427569128146381,-0.005904020539560493,0.4427697016898988,-0.01522003780786102
20260926,r11_a071,11,0.75,71,182,sigmoid,electronic,True,0,0.16269899404807692,0.00027057917195136283,0.49121158444392077,0.00015182553780013208
20260926,r11_a071,11,0.75,71,182,sigmoid,pop,True,0,0.15279477164351588,0.0060567641526099725,0.47891611788331623,0.019022106456714927
20260926,r11_a071,11,0.75,71,182,sigmoid,ambient,True,0,0.1540731796265624,-0.03477664304357006,0.47217300553803465,-0.09462719549780729
20260926,r11_a071,11,0.75,71,182,sigmoid,rock,True,0,0.10146070594039716,0.004833217560766753,0.3287780988943237,0.014573112271848154
20260926,r11_a071,11,0.75,71,182,temperature,macro,True,0,0.1495141806628899,0.0008532473086913343,0.46276063278712415,0.0047708932893643086
20260926,r11_a071,11,0.75,71,182,temperature,electronic,True,0,0.1627394613163227,0.000311046440197138,0.4920686796535161,0.0010089207473954476
20260926,r11_a071,11,0.75,71,182,temperature,pop,True,0,0.14930351611447149,0.002565508623565582,0.4730435253770025,0.013149513950401204
20260926,r11_a071,11,0.75,71,182,temperature,ambient,True,0,0.18969484476015913,0.0008450220900266814,0.5720286145272291,0.0052284134913871405
20260926,r11_a071,11,0.75,71,182,temperature,rock,True,0,0.09631890046060634,-0.00030858791902406424,0.313901711590749,-0.00030327503172655756
20260926,r12_a024,12,0.25,24,51,sigmoid,macro,True,0,0.14835665958733335,-0.00030427376686521096,0.4684743257303647,0.010484586232604884
20260926,r12_a024,12,0.25,24,51,sigmoid,electronic,True,0,0.17283009128058982,0.010401676404464266,0.5272672168692699,0.03620745796314928
20260926,r12_a024,12,0.25,24,51,sigmoid,pop,True,0,0.15455935824520184,0.007821350754295936,0.5171563143911557,0.057262302964554423
20260926,r12_a024,12,0.25,24,51,sigmoid,ambient,True,0,0.15732637527350068,-0.031523447396631765,0.48154607085247225,-0.08525413018336969
20260926,r12_a024,12,0.25,24,51,sigmoid,rock,True,0,0.10871081355004113,0.01208332517041072,0.34792770080856106,0.03372271418608552
20260926,r12_a024,12,0.25,24,51,temperature,macro,True,0,0.1525347276413876,0.003873794287189005,0.4797494408682511,0.021759701370491324
20260926,r12_a024,12,0.25,24,51,temperature,electronic,True,0,0.16836774280161437,0.005939327925488819,0.5169641940681037,0.02590443516198304
20260926,r12_a024,12,0.25,24,51,temperature,pop,True,0,0.15580393652694036,0.009065929036034454,0.5158449798610132,0.055950968434411885
20260926,r12_a024,12,0.25,24,51,temperature,ambient,True,0,0.18972247884421126,0.0008726561740788064,0.5722034325627364,0.005403231526894481
20260926,r12_a024,12,0.25,24,51,temperature,rock,True,0,0.09624475239278435,-0.00038273598684605836,0.3139851569811514,-0.00021982964132410965
20260926,r12_a047,12,0.5,47,109,sigmoid,macro,True,0,0.14383225168561425,-0.004828681668584307,0.44882545288493536,-0.00916428661282448
20260926,r12_a047,12,0.5,47,109,sigmoid,electronic,True,0,0.1656270918506174,0.003198676974491832,0.5042894687062386,0.01322970980011795
20260926,r12_a047,12,0.5,47,109,sigmoid,pop,True,0,0.14563701668931756,-0.0011009908015883474,0.4570693147632605,-0.0028246966633407866
20260926,r12_a047,12,0.5,47,109,sigmoid,ambient,True,0,0.1629011549258222,-0.02594866774431026,0.49532668811326114,-0.0714735129225808
20260926,r12_a047,12,0.5,47,109,sigmoid,rock,True,0,0.10116374327669996,0.004536254897069547,0.33861633995698126,0.024411353334505725
20260926,r12_a047,12,0.5,47,109,temperature,macro,True,0,0.14952435606246206,0.0008634227082634852,0.46376791776393245,0.005778178266172579
20260926,r12_a047,12,0.5,47,109,temperature,electronic,True,0,0.164408924145819,0.0019805092696934534,0.4984362404443396,0.00737648153821896
20260926,r12_a047,12,0.5,47,109,temperature,pop,True,0,0.1463980072564078,-0.0003400002344980946,0.45836364704534205,-0.0015303643812592527
20260926,r12_a047,12,0.5,47,109,temperature,ambient,True,0,0.18894807723960402,9.825456947157307e-05,0.5673967632836351,0.000596562247793142
20260926,r12_a047,12,0.5,47,109,temperature,rock,True,0,0.09834241560801742,0.0017149272283870087,0.330875020282413,0.016670033659937467
20260926,r12_a071,12,0.75,71,184,sigmoid,macro,True,0,0.14184040625247898,-0.006820527101719612,0.4403853617273457,-0.01760437777041414
20260926,r12_a071,12,0.75,71,184,sigmoid,electronic,True,0,0.16277638575115375,0.0003479708750281918,0.4899478520704954,-0.0011119068356252315
20260926,r12_a071,12,0.75,71,184,sigmoid,pop,True,0,0.14927666388297384,0.002538656392067934,0.4706201892334489,0.010726177806847592
20260926,r12_a071,12,0.75,71,184,sigmoid,ambient,True,0,0.15674823176398162,-0.032101590906150834,0.4792830129957001,-0.08751718804014186
20260926,r12_a071,12,0.75,71,184,sigmoid,rock,True,0,0.09856034361180667,0.0019328552321762615,0.3216903926097385,0.007485405987262939
20260926,r12_a071,12,0.75,71,184,temperature,macro,True,0,0.14906186113239542,0.0004009277781968322,0.4610210768519324,0.0030313373541725197
20260926,r12_a071,12,0.75,71,184,temperature,electronic,True,0,0.16209097409769588,-0.00033744077842967624,0.4901069716908368,-0.0009527872152838568
20260926,r12_a071,12,0.75,71,184,temperature,pop,True,0,0.1487215242737054,0.0019835167827995104,0.46985264799531856,0.00995863656871726
20260926,r12_a071,12,0.75,71,184,temperature,ambient,True,0,0.1892988911251719,0.0004490684550394475,0.5695507942839335,0.0027505932480915707
20260926,r12_a071,12,0.75,71,184,temperature,rock,True,0,0.09613605503300846,-0.0004914333466219528,0.31457389343764064,0.00036890681516510426
20260926,r13_a024,13,0.25,24,51,sigmoid,macro,True,0,0.15666694553858096,0.008006012184382388,0.5106318494026958,0.052642109904935994
20260926,r13_a024,13,0.25,24,51,sigmoid,electronic,True,0,0.16987182448520516,0.007443409609079604,0.5219027692870623,0.030843010380941616
20260926,r13_a024,13,0.25,24,51,sigmoid,pop,True,0,0.16954557838331175,0.022807570892405843,0.6319260896704718,0.1720320782438705
20260926,r13_a024,13,0.25,24,51,sigmoid,ambient,True,0,0.18000729096393034,-0.008842531706202111,0.5379895695699298,-0.028810631465912118
20260926,r13_a024,13,0.25,24,51,sigmoid,rock,True,0,0.10724308832187662,0.010615599942246215,0.3507089690833195,0.036503982460843964
20260926,r13_a024,13,0.25,24,51,temperature,macro,True,0,0.15572602512303987,0.007065091768841292,0.5084852842498641,0.050495544752104174
20260926,r13_a024,13,0.25,24,51,temperature,electronic,True,0,0.16971452498841016,0.007286110112284611,0.5240999829752102,0.033040224069089574
20260926,r13_a024,13,0.25,24,51,temperature,pop,True,0,0.16767401076791047,0.020936003277004567,0.6325080208069369,0.1726140093803356
20260926,r13_a024,13,0.25,24,51,temperature,ambient,True,0,0.1870588966074085,-0.0017909260627239632,0.5561933358513256,-0.010606865184516368
20260926,r13_a024,13,0.25,24,51,temperature,rock,True,0,0.09845666812843036,0.0018291797487999528,0.3211397973659834,0.00693481074350788
20260926,r13_a047,13,0.5,47,124,sigmoid,macro,True,0,0.14329662477019922,-0.005364308583999364,0.44553080584227933,-0.01245893365548048
20260926,r13_a047,13,0.5,47,124,sigmoid,electronic,True,0,0.16306595434998777,0.0006375394738622198,0.4922196705761735,0.00115991167005286
20260926,r13_a047,13,0.5,47,124,sigmoid,pop,True,0,0.15185401972273843,0.0051160122318325285,0.4821450879537597,0.02225107652715841
20260926,r13_a047,13,0.5,47,124,sigmoid,ambient,True,0,0.1499847042616159,-0.03886511840851656,0.460613050922602,-0.10618715011323993
20260926,r13_a047,13,0.5,47,124,sigmoid,rock,True,0,0.10828182074645476,0.011654332366824352,0.34714541391658227,0.03294042729410673
20260926,r13_a047,13,0.5,47,124,temperature,macro,True,0,0.14927357930097152,0.0006126459467729328,0.4626629902247837,0.004673250727023848
20260926,r13_a047,13,0.5,47,124,temperature,electronic,True,0,0.16212157406660693,-0.00030684080951862147,0.4917180677210509,0.0006583088149302863
20260926,r13_a047,13,0.5,47,124,temperature,pop,True,0,0.1506763415421967,0.003938334051290793,0.4809993331611,0.021105321734498694
20260926,r13_a047,13,0.5,47,124,temperature,ambient,True,0,0.1881752788952432,-0.0006745437748892635,0.5627777509831569,-0.004022450052685089
20260926,r13_a047,13,0.5,47,124,temperature,rock,True,0,0.09612112269983923,-0.0005063656797911764,0.31515680903382703,0.0009518224113514995
20260926,r13_a071,13,0.75,71,172,sigmoid,macro,True,0,0.14271036116323657,-0.005950572190962008,0.44163634515840905,-0.016353394339350805
20260926,r13_a071,13,0.75,71,172,sigmoid,electronic,True,0,0.16230349512924536,-0.0001249197468801977,0.4891813079217904,-0.00187845098433026
20260926,r13_a071,13,0.75,71,172,sigmoid,pop,True,0,0.14884353671167677,0.0021055292207708687,0.4663447311771034,0.0064507197505020986
20260926,r13_a071,13,0.75,71,172,sigmoid,ambient,True,0,0.15032570513932844,-0.03852411753080401,0.4615314753007324,-0.10526872573510954
20260926,r13_a071,13,0.75,71,172,sigmoid,rock,True,0,0.10936870767269571,0.012741219293065306,0.34948786623401,0.03528287961153448
20260926,r13_a071,13,0.75,71,172,temperature,macro,True,0,0.1485126136590148,-0.00014831969518377605,0.45815775880112664,0.00016801930336673987
20260926,r13_a071,13,0.75,71,172,temperature,electronic,True,0,0.16187530081638213,-0.0005531140597434259,0.4897112589071229,-0.0013484999989977209
20260926,r13_a071,13,0.75,71,172,temperature,pop,True,0,0.14767982075971708,0.0009418132688111813,0.46443122370830786,0.00453721228170656
20260926,r13_a071,13,0.75,71,172,temperature,ambient,True,0,0.18836163195749975,-0.0004881907126327023,0.563877109090498,-0.002923091945343903
20260926,r13_a071,13,0.75,71,172,temperature,rock,True,0,0.09613370110246025,-0.0004937872771701574,0.31461144349857756,0.00040645687610202375
20260926,r14_a024,14,0.25,24,69,sigmoid,macro,True,0,0.1451223197577955,-0.0035386135964030965,0.450318040130981,-0.0076716993667788475
20260926,r14_a024,14,0.25,24,69,sigmoid,electronic,True,0,0.16385247303881603,0.001424058162690478,0.4961210437111229,0.005061284805002286
20260926,r14_a024,14,0.25,24,69,sigmoid,pop,True,0,0.15328457171391738,0.006546564223011475,0.48084068472594926,0.020946673299347962
20260926,r14_a024,14,0.25,24,69,sigmoid,ambient,True,0,0.1502588829800529,-0.03859093969007954,0.4636167941029315,-0.10318340693291045
20260926,r14_a024,14,0.25,24,69,sigmoid,rock,True,0,0.11309335129839561,0.0164658629187652,0.36069363798392035,0.04648865136144481
20260926,r14_a024,14,0.25,24,69,temperature,macro,True,0,0.14973461656882925,0.0010736832146306836,0.46547297184837405,0.007483232350614169
20260926,r14_a024,14,0.25,24,69,temperature,electronic,True,0,0.16320003717687254,0.0007716223007469825,0.49613830973269046,0.005078550826569828
20260926,r14_a024,14,0.25,24,69,temperature,pop,True,0,0.1499092491740988,0.0031712416831929102,0.4764809062979546,0.016586894871353286
20260926,r14_a024,14,0.25,24,69,temperature,ambient,True,0,0.1894093878201869,0.000559565150054453,0.5702372188929444,0.0034370178571024868
20260926,r14_a024,14,0.25,24,69,temperature,rock,True,0,0.0964197921041588,-0.00020769627547161107,0.3190354524699066,0.004830465847431076
20260926,r14_a047,14,0.5,47,123,sigmoid,macro,True,0,0.14248756061740844,-0.006173372736790143,0.44517389468796165,-0.012815844809798235
20260926,r14_a047,14,0.5,47,123,sigmoid,electronic,True,0,0.1627178660147533,0.0002894511386277443,0.4918696644318718,0.0008099055257511645
20260926,r14_a047,14,0.5,47,123,sigmoid,pop,True,0,0.15270642548224955,0.00596841799134365,0.49021719377938067,0.030323182352779365
20260926,r14_a047,14,0.5,47,123,sigmoid,ambient,True,0,0.14693324161602486,-0.04191658105410759,0.4527044019235686,-0.11409579911227336
20260926,r14_a047,14,0.5,47,123,sigmoid,rock,True,0,0.10759270935660603,0.010965220976975623,0.3459043186170254,0.031699331994549884
20260926,r14_a047,14,0.5,47,123,temperature,macro,True,0,0.1497149423734987,0.0010540090193001048,0.46432865140229834,0.006338911904538447
20260926,r14_a047,14,0.5,47,123,temperature,electronic,True,0,0.1622184316800202,-0.0002099831961053511,0.492166134102154,0.001106375196033349
20260926,r14_a047,14,0.5,47,123,temperature,pop,True,0,0.15207077834789154,0.005332770856985636,0.4896761754669491,0.02978216404034778
20260926,r14_a047,14,0.5,47,123,temperature,ambient,True,0,0.18790371749820203,-0.000946105171930417,0.5611888031244748,-0.005611397911367111
20260926,r14_a047,14,0.5,47,123,temperature,rock,True,0,0.09666684196788096,3.935358825055135e-05,0.3142834929156153,7.850629313976842e-05
20260926,r14_a071,14,0.75,71,176,sigmoid,macro,True,0,0.14055340794093912,-0.008107525413259452,0.43997047441723813,-0.01801926508052168
20260926,r14_a071,14,0.75,71,176,sigmoid,electronic,True,0,0.16219511845950055,-0.00023329641662500622,0.48937263491366345,-0.0016871239924571846
20260926,r14_a071,14,0.75,71,176,sigmoid,pop,True,0,0.1536612967229186,0.006923289232012686,0.4948992450641688,0.03500523363756752
20260926,r14_a071,14,0.75,71,176,sigmoid,ambient,True,0,0.14554051572256313,-0.04330930694756932,0.4487478896882785,-0.11805231134756344
20260926,r14_a071,14,0.75,71,176,sigmoid,rock,True,0,0.10081670085877424,0.0041892124791438334,0.3268621280028419,0.012657141380366388
20260926,r14_a071,14,0.75,71,176,temperature,macro,True,0,0.14989723482869455,0.001236301474495962,0.46547859341532777,0.007488853917567928
20260926,r14_a071,14,0.75,71,176,temperature,electronic,True,0,0.16217828972354423,-0.0002501251525813264,0.4903321114831958,-0.0007276474229248597
20260926,r14_a071,14,0.75,71,176,temperature,pop,True,0,0.15272931944369156,0.005991311952785655,0.49397997404224253,0.03408596261564123
20260926,r14_a071,14,0.75,71,176,temperature,ambient,True,0,0.1883329594260172,-0.0005168632441152621,0.5637074178879301,-0.0030927831479118373
20260926,r14_a071,14,0.75,71,176,temperature,rock,True,0,0.09634837072152519,-0.0002791176581052185,0.3138948702479427,-0.0003101163745328206
20260926,r15_a024,15,0.25,24,55,sigmoid,macro,True,0,0.14110822941536216,-0.007552703938836409,0.441027706940672,-0.01696203255708785
20260926,r15_a024,15,0.25,24,55,sigmoid,electronic,True,0,0.16865959049138374,0.006231175615258183,0.5191977380678702,0.028137979161749538
20260926,r15_a024,15,0.25,24,55,sigmoid,pop,True,0,0.14969183102220884,0.0029538235313029404,0.4697828505988251,0.009888839172223773
20260926,r15_a024,15,0.25,24,55,sigmoid,ambient,True,0,0.14376260141231337,-0.04508722125781908,0.444216096465659,-0.12258410457018293
20260926,r15_a024,15,0.25,24,55,sigmoid,rock,True,0,0.10231889473554273,0.0056914063559123235,0.33091414263033375,0.016709156007858217
20260926,r15_a024,15,0.25,24,55,temperature,macro,True,0,0.1503694509851707,0.001708517630972111,0.4642793742439798,0.006289634746219963
20260926,r15_a024,15,0.25,24,55,temperature,electronic,True,0,0.16710925877709407,0.004680843900968512,0.5106577781505953,0.019598019244474685
20260926,r15_a024,15,0.25,24,55,temperature,pop,True,0,0.1497348659907664,0.0029968584998605052,0.4698753043014325,0.009981292874831182
20260926,r15_a024,15,0.25,24,55,temperature,ambient,True,0,0.1881447719576199,-0.0007050507125125616,0.5625985375210165,-0.004201663514825427
20260926,r15_a024,15,0.25,24,55,temperature,rock,True,0,0.0964889072152024,-0.0001385811644280116,0.31398587700287495,-0.00021910961960058817
20260926,r15_a047,15,0.5,47,110,sigmoid,macro,True,0,0.1456838784451024,-0.0029770549090961766,0.45115032542554845,-0.006839414072211433
20260926,r15_a047,15,0.5,47,110,sigmoid,electronic,True,0,0.165927252630494,0.0034988377543684335,0.5048537888478847,0.013794029941764041
20260926,r15_a047,15,0.5,47,110,sigmoid,pop,True,0,0.14665643973963827,-8.156775126763605e-05,0.4590815538449658,-0.0008124575816355062
20260926,r15_a047,15,0.5,47,110,sigmoid,ambient,True,0,0.1707593280463813,-0.018090494623751147,0.5172895292893661,-0.04951067174647583
20260926,r15_a047,15,0.5,47,110,sigmoid,rock,True,0,0.09939249336389605,0.0027650049842656427,0.3233764297199771,0.009171443097501564
20260926,r15_a047,15,0.5,47,110,temperature,macro,True,0,0.14895177342388918,0.000290840069690608,0.4595693708636295,0.0015796313658696104
20260926,r15_a047,15,0.5,47,110,temperature,electronic,True,0,0.16380623187714788,0.0013778170010223245,0.49600019001744483,0.004940431111324195
20260926,r15_a047,15,0.5,47,110,temperature,pop,True,0,0.14646826329872206,-0.0002697441921838406,0.45868782850750406,-0.0012061829190972428
20260926,r15_a047,15,0.5,47,110,temperature,ambient,True,0,0.18930235398985057,0.0004525313197181191,0.5695722475428202,0.002772046506978265
20260926,r15_a047,15,0.5,47,110,temperature,rock,True,0,0.09623024452983624,-0.00039724384979417104,0.31401721738674876,-0.00018776923572677573
20260926,r15_a071,15,0.75,71,187,sigmoid,macro,True,0,0.1429384861069831,-0.005722447247215476,0.4422587632041696,-0.015730976293590243
20260926,r15_a071,15,0.75,71,187,sigmoid,electronic,True,0,0.16321721879564957,0.0007888039195240171,0.49074043178410165,-0.0003193271220189864
20260926,r15_a071,15,0.75,71,187,sigmoid,pop,True,0,0.1504427263433147,0.003704718852408806,0.469406407990162,0.009512396563560677
20260926,r15_a071,15,0.75,71,187,sigmoid,ambient,True,0,0.15785693644699395,-0.030992886223138505,0.48183499140292674,-0.0849652096329152
20260926,r15_a071,15,0.75,71,187,sigmoid,rock,True,0,0.10023706284197419,0.0036095744623437787,0.3270532216394881,0.012848235017012544
20260926,r15_a071,15,0.75,71,187,temperature,macro,True,0,0.14870070412103953,3.977076684094638e-05,0.4591763079515381,0.0011865684537781807
20260926,r15_a071,15,0.75,71,187,temperature,electronic,True,0,0.16220998541761555,-0.00021842945850999995,0.49041839716189295,-0.0006413617442276864
20260926,r15_a071,15,0.75,71,187,temperature,pop,True,0,0.14770834865821844,0.0009703411673125384,0.4645744265543761,0.004680415127774784
20260926,r15_a071,15,0.75,71,187,temperature,ambient,True,0,0.18875857227770906,-9.12503924233865e-05,0.5662487252164109,-0.0005514758194310465
20260926,r15_a071,15,0.75,71,187,temperature,rock,True,0,0.09612591013061504,-0.0005015782490153664,0.3154636828734722,0.0012586962509966715
20260926,r16_a024,16,0.25,24,45,sigmoid,macro,True,0,0.1457121280969652,-0.0029488052572333792,0.4617820414508128,0.0037923019530529817
20260926,r16_a024,16,0.25,24,45,sigmoid,electronic,True,0,0.17834407320068785,0.015915658324562293,0.5677082896642296,0.07664853075810896
20260926,r16_a024,16,0.25,24,45,sigmoid,pop,True,0,0.16347668500639084,0.01673867751548494,0.5080371426651891,0.048143131238587766
20260926,r16_a024,16,0.25,24,45,sigmoid,ambient,True,0,0.14361363030796104,-0.04523619236217141,0.4447789934145617,-0.12202120762128027
20260926,r16_a024,16,0.25,24,45,sigmoid,rock,True,0,0.09741412387282107,0.0007866354931906627,0.326603740059271,0.012398753436795473
20260926,r16_a024,16,0.25,24,45,temperature,macro,True,0,0.1521188670383251,0.0034579336841265088,0.4770631518610799,0.019073412363320053
20260926,r16_a024,16,0.25,24,45,temperature,electronic,True,0,0.1737066736499115,0.011278258773785937,0.5474967989627445,0.056437040056623866
20260926,r16_a024,16,0.25,24,45,temperature,pop,True,0,0.15000040620670854,0.003262398715802639,0.4770082537180406,0.01711424229143932
20260926,r16_a024,16,0.25,24,45,temperature,ambient,True,0,0.18718457236123795,-0.0016652503088945003,0.5569764349518196,-0.009823766084022356
20260926,r16_a024,16,0.25,24,45,temperature,rock,True,0,0.09758381593544237,0.0009563275558119588,0.3267711198117149,0.012566133189239381
20260926,r16_a047,16,0.5,47,117,sigmoid,macro,True,0,0.14162668240556203,-0.0070342509486365605,0.44184971453699484,-0.016140024960764998
20260926,r16_a047,16,0.5,47,117,sigmoid,electronic,True,0,0.1641833924154727,0.0017549775393471412,0.4928959779955495,0.001836219089428881
20260926,r16_a047,16,0.5,47,117,sigmoid,pop,True,0,0.15781230433043664,0.011074296839530734,0.4988833449397689,0.03898933351316758
20260926,r16_a047,16,0.5,47,117,sigmoid,ambient,True,0,0.1480397862560434,-0.04081003641408906,0.4560685036598232,-0.11073169737601873
20260926,r16_a047,16,0.5,47,117,sigmoid,rock,True,0,0.09647124662029535,-0.00015624175933505458,0.3195510315528378,0.0053460449303622815
20260926,r16_a047,16,0.5,47,117,temperature,macro,True,0,0.14987241267028012,0.0012114793160815339,0.4662047161456437,0.008214976647883829
20260926,r16_a047,16,0.5,47,117,temperature,electronic,True,0,0.1624746897627918,4.6274886666253234e-05,0.4912038699854877,0.0001441110793670708
20260926,r16_a047,16,0.5,47,117,temperature,pop,True,0,0.15182844294411296,0.0050904354532070595,0.4881256734710179,0.028231662044416572
20260926,r16_a047,16,0.5,47,117,temperature,ambient,True,0,0.1886991854292517,-0.00015063724088074104,0.5658911193286177,-0.0009090817072242574
20260926,r16_a047,16,0.5,47,117,temperature,rock,True,0,0.09648733254496397,-0.0001401558346664361,0.31959820179745146,0.005393215174975929
20260926,r16_a071,16,0.75,71,173,sigmoid,macro,True,0,0.14140453720599022,-0.007256396148208357,0.4387916701322702,-0.019198069365489637
20260926,r16_a071,16,0.75,71,173,sigmoid,electronic,True,0,0.16253552027469925,0.00010710539857369805,0.49098453014240234,-7.522876371829357e-05
20260926,r16_a071,16,0.75,71,173,sigmoid,pop,True,0,0.15639719693458176,0.009659189443675859,0.48601636806993986,0.026122356643338562
20260926,r16_a071,16,0.75,71,173,sigmoid,ambient,True,0,0.14759174489035456,-0.041258077779777885,0.45490188961292866,-0.11189831142291329
20260926,r16_a071,16,0.75,71,173,sigmoid,rock,True,0,0.09909368672432531,0.0024661983446949004,0.32326389270381,0.009058906081334472
20260926,r16_a071,16,0.75,71,173,temperature,macro,True,0,0.1493741281557231,0.0007131948015245103,0.46244959207032765,0.004459852572567868
20260926,r16_a071,16,0.75,71,173,temperature,electronic,True,0,0.16260376244587477,0.0001753475697492124,0.4916176146766163,0.0005578557704956633
20260926,r16_a071,16,0.75,71,173,temperature,pop,True,0,0.14944076730869585,0.002702759817789946,0.4738121308709766,0.013918119444375321
20260926,r16_a071,16,0.75,71,173,temperature,ambient,True,0,0.18932175788879219,0.00047193521865973587,0.5696925292712295,0.0028923282353875424
20260926,r16_a071,16,0.75,71,173,temperature,rock,True,0,0.09613022497952955,-0.000497263400100853,0.3146760934624885,0.000471106840012947
20260926,r17_a024,17,0.25,24,51,sigmoid,macro,True,0,0.14139035039923276,-0.007270582954965823,0.4380628467792847,-0.019926892718475142
20260926,r17_a024,17,0.25,24,51,sigmoid,electronic,True,0,0.1627347448338174,0.0003063299576918366,0.4909521455264226,-0.00010761337969805718
20260926,r17_a024,17,0.25,24,51,sigmoid,pop,True,0,0.1480503406079432,0.0013123331170372954,0.46438447496965474,0.004490463543053436
20260926,r17_a024,17,0.25,24,51,sigmoid,ambient,True,0,0.15716784279004983,-0.03168197988008262,0.4796132166697618,-0.08718698436608013
20260926,r17_a024,17,0.25,24,51,sigmoid,rock,True,0,0.0976084733651206,0.0009809849854901936,0.3173015499512997,0.0030965633288241867
20260926,r17_a024,17,0.25,24,51,temperature,macro,True,0,0.14889264996381635,0.0002317166096177728,0.45900202151702096,0.001012282019261096
20260926,r17_a024,17,0.25,24,51,temperature,electronic,True,0,0.16184455570411574,-0.0005838591720098152,0.49017149746143174,-0.0008882614446888981
20260926,r17_a024,17,0.25,24,51,temperature,pop,True,0,0.14809465835606006,0.0013566508651541576,0.4644839582883064,0.004589946861705108
20260926,r17_a024,17,0.25,24,51,temperature,ambient,True,0,0.18885199720260717,2.1745324747246553e-06,0.566813372803492,1.317176765003314e-05
20260926,r17_a024,17,0.25,24,51,temperature,rock,True,0,0.09677938859248243,0.00015190021285202415,0.3145392575148537,0.0003342708923781412
20260926,r17_a047,17,0.5,47,110,sigmoid,macro,True,0,0.14422557148174053,-0.004435361872458028,0.4473989069856099,-0.010590832512149914
20260926,r17_a047,17,0.5,47,110,sigmoid,electronic,True,0,0.1620656840956523,-0.00036273078047324714,0.48955008083286644,-0.0015096780732541948
20260926,r17_a047,17,0.5,47,110,sigmoid,pop,True,0,0.14814751823860933,0.0014095107477034297,0.4611661918222158,0.0012721803956144973
20260926,r17_a047,17,0.5,47,110,sigmoid,ambient,True,0,0.16465316051886095,-0.024196662151271503,0.5085717258041875,-0.05822847523165442
20260926,r17_a047,17,0.5,47,110,sigmoid,rock,True,0,0.10203592307383962,0.005408434694209208,0.33030762948317,0.01610264286069446
20260926,r17_a047,17,0.5,47,110,temperature,macro,True,0,0.14959725099234705,0.0009363176381484949,0.4644176947770737,0.006427955279313835
20260926,r17_a047,17,0.5,47,110,temperature,electronic,True,0,0.16215559636031826,-0.00027281851580729377,0.49027170188684965,-0.0007880570192709824
20260926,r17_a047,17,0.5,47,110,temperature,pop,True,0,0.1461243865751563,-0.0006136209157495964,0.45719253454656694,-0.002701476880034359
20260926,r17_a047,17,0.5,47,110,temperature,ambient,True,0,0.19298577202171507,0.004135949351582624,0.5946706093815975,0.027870408345755604
20260926,r17_a047,17,0.5,47,110,temperature,rock,True,0,0.09712324901219865,0.0004957606325682457,0.3155359332932806,0.0013309466708050777
20260926,r17_a071,17,0.75,71,165,sigmoid,macro,True,0,0.14070502529380557,-0.007955908060393008,0.4375104792352402,-0.020479260262519644
20260926,r17_a071,17,0.75,71,165,sigmoid,electronic,True,0,0.16334498730998495,0.0009165724338593972,0.4947279927557683,0.0036682338496476508
20260926,r17_a071,17,0.75,71,165,sigmoid,pop,True,0,0.14715815702704071,0.00042014953613481176,0.45920943033987455,-0.0006845810867267543
20260926,r17_a071,17,0.75,71,165,sigmoid,ambient,True,0,0.1551570035187262,-0.03369281915140626,0.47453917531484524,-0.0922610257209967
20260926,r17_a071,17,0.75,71,165,sigmoid,rock,True,0,0.09715995331947043,0.0005324649398400216,0.32156531853047277,0.007360331907997231
20260926,r17_a071,17,0.75,71,165,temperature,macro,True,0,0.14868803744952333,2.7104095324741173e-05,0.4596546078328337,0.0016648683350738158
20260926,r17_a071,17,0.75,71,165,temperature,electronic,True,0,0.1628708748911016,0.0004424600149760538,0.4925188535586351,0.001459094652514481
20260926,r17_a071,17,0.75,71,165,temperature,pop,True,0,0.14613933480301455,-0.0005986726878913495,0.4572546186947167,-0.0026393927318846266
20260926,r17_a071,17,0.75,71,165,temperature,ambient,True,0,0.18926984300433292,0.00042002033420046603,0.5693709831435553,0.002570782107713332
20260926,r17_a071,17,0.75,71,165,temperature,rock,True,0,0.0964720970996442,-0.0001553912799862056,0.3194739759344276,0.005268989311952077
20260926,r18_a024,18,0.25,24,71,sigmoid,macro,True,0,0.14856870150163504,-9.223185256354918e-05,0.4771948000889688,0.019205060591208925
20260926,r18_a024,18,0.25,24,71,sigmoid,electronic,True,0,0.16347713146587314,0.0010487165897475892,0.49462467962863704,0.003564920722516407
20260926,r18_a024,18,0.25,24,71,sigmoid,pop,True,0,0.16234001430364448,0.015602006812738572,0.5687175926947537,0.10882358126815245
20260926,r18_a024,18,0.25,24,71,sigmoid,ambient,True,0,0.16744540405578356,-0.021404418614348886,0.5175935664987313,-0.049206634537110605
20260926,r18_a024,18,0.25,24,71,sigmoid,rock,True,0,0.10101225618123894,0.004384767801608527,0.327843361533753,0.013638374911277451
20260926,r18_a024,18,0.25,24,71,temperature,macro,True,0,0.1537908555543162,0.005129922200117629,0.4937737407991255,0.035784001301365706
20260926,r18_a024,18,0.25,24,71,temperature,electronic,True,0,0.16293196295831094,0.0005035480821853899,0.49511526471528833,0.004055505809167692
20260926,r18_a024,18,0.25,24,71,temperature,pop,True,0,0.1620143623338362,0.015276354842930301,0.5696817399676317,0.10978772854103042
20260926,r18_a024,18,0.25,24,71,temperature,ambient,True,0,0.1929160064386451,0.004066183768512643,0.5941513113148157,0.027351110278973745
20260926,r18_a024,18,0.25,24,71,temperature,rock,True,0,0.09730109048647259,0.0006736021068421832,0.3161466471987665,0.001941660576290971
20260926,r18_a047,18,0.5,47,119,sigmoid,macro,True,0,0.1439544225526984,-0.004706510801500172,0.4456119257656562,-0.012377813732103587
20260926,r18_a047,18,0.5,47,119,sigmoid,electronic,True,0,0.16270339188603639,0.00027497700991083174,0.4901955843080565,-0.0008641745980641491
20260926,r18_a047,18,0.5,47,119,sigmoid,pop,True,0,0.15350786504338218,0.006769857552476277,0.47478031044598545,0.014886299019384153
20260926,r18_a047,18,0.5,47,119,sigmoid,ambient,True,0,0.1533885250560931,-0.03546129761403935,0.47352375607948327,-0.09327644495635867
20260926,r18_a047,18,0.5,47,119,sigmoid,rock,True,0,0.10621790822528196,0.009590419845651552,0.34394805222909985,0.02974306560662432
20260926,r18_a047,18,0.5,47,119,temperature,macro,True,0,0.14935570917691407,0.0006947758227154703,0.464365062718063,0.006375323220303181
20260926,r18_a047,18,0.5,47,119,temperature,electronic,True,0,0.16182218911560017,-0.0006062257605253807,0.48981816079582224,-0.001241598110298392
20260926,r18_a047,18,0.5,47,119,temperature,pop,True,0,0.14753065478090446,0.0007926472899985604,0.4636875962540391,0.0037935848274378015
20260926,r18_a047,18,0.5,47,119,temperature,ambient,True,0,0.19170990335252097,0.0028600806823885216,0.5854473579198805,0.018647156884038507
20260926,r18_a047,18,0.5,47,119,temperature,rock,True,0,0.09636008945863059,-0.0002673989209998201,0.31850713590251034,0.004302149280034806
20260926,r18_a071,18,0.75,71,173,sigmoid,macro,True,0,0.14314794087171354,-0.005512992482485039,0.44233911658032266,-0.0156506229174372
20260926,r18_a071,18,0.75,71,173,sigmoid,electronic,True,0,0.1632609069407459,0.0008324920646203549,0.4911146370262032,5.4878120082590964e-05
20260926,r18_a071,18,0.75,71,173,sigmoid,pop,True,0,0.1506621616909243,0.003924154200018404,0.4694372217991573,0.00954321037255601
20260926,r18_a071,18,0.75,71,173,sigmoid,ambient,True,0,0.15423321070802973,-0.03461661196210272,0.4719562515213169,-0.09484394951452502
20260926,r18_a071,18,0.75,71,173,sigmoid,rock,True,0,0.10443548414715421,0.0078079957675238065,0.33684835597461316,0.02264336935213762
20260926,r18_a071,18,0.75,71,173,temperature,macro,True,0,0.14865795559745246,-2.977756746114918e-06,0.4583492146370332,0.0003594751392733686
20260926,r18_a071,18,0.75,71,173,temperature,electronic,True,0,0.1625307326758324,0.00010231779970684696,0.4913815012749913,0.00032174236887067
20260926,r18_a071,18,0.75,71,173,temperature,pop,True,0,0.14751049951452402,0.000772492023618121,0.46358778949325613,0.0036937780666548292
20260926,r18_a071,18,0.75,71,173,temperature,ambient,True,0,0.18841598250798752,-0.00043384016214492727,0.5641993384206716,-0.0026008626151703407
20260926,r18_a071,18,0.75,71,173,temperature,rock,True,0,0.09617460769146591,-0.00045288068816450033,0.31422822935921385,2.3242736738315894e-05
20260926,r19_a024,19,0.25,24,46,sigmoid,macro,True,0,0.14457379699037815,-0.00408713636382042,0.45778880666752364,-0.00020093283023622788
20260926,r19_a024,19,0.25,24,46,sigmoid,electronic,True,0,0.17364840973237508,0.011219994856249527,0.544042190727202,0.05298243182108131
20260926,r19_a024,19,0.25,24,46,sigmoid,pop,True,0,0.14614709556426034,-0.0005909119266455654,0.45947693144898993,-0.0004170799776113676
20260926,r19_a024,19,0.25,24,46,sigmoid,ambient,True,0,0.15932205636530203,-0.029527766304830422,0.4920082362269179,-0.07479196480892403
20260926,r19_a024,19,0.25,24,46,sigmoid,rock,True,0,0.09917762629957519,0.002550137919944781,0.3356278682669847,0.021422881644509173
20260926,r19_a024,19,0.25,24,46,temperature,macro,True,0,0.15118285234751205,0.002521918993313454,0.4697141424439504,0.011724402946190537
20260926,r19_a024,19,0.25,24,46,temperature,electronic,True,0,0.16903908446233498,0.006610669586209428,0.520472295226384,0.029412536320263416
20260926,r19_a024,19,0.25,24,46,temperature,pop,True,0,0.14744247223804888,0.0007044647471429744,0.46223265470636876,0.0023386432797674606
20260926,r19_a024,19,0.25,24,46,temperature,ambient,True,0,0.1886596075912488,-0.0001902150788836432,0.5591836086047653,-0.0076165924310765964
20260926,r19_a024,19,0.25,24,46,temperature,rock,True,0,0.09959024509841546,0.002962756718785056,0.3369680112382834,0.02276302461580787
20260926,r19_a047,19,0.5,47,98,sigmoid,macro,True,0,0.14221664804665576,-0.006444285307542808,0.44785880427042235,-0.01013093522733749
20260926,r19_a047,19,0.5,47,98,sigmoid,electronic,True,0,0.17502058608832255,0.012592171212196995,0.5515493156491846,0.060489556743064
20260926,r19_a047,19,0.5,47,98,sigmoid,pop,True,0,0.14544458262095591,-0.0012934248699499884,0.4560124170498472,-0.003881594376754116
20260926,r19_a047,19,0.5,47,98,sigmoid,ambient,True,0,0.14496927339529772,-0.04388054927483473,0.4477127223491182,-0.11908747868672376
20260926,r19_a047,19,0.5,47,98,sigmoid,rock,True,0,0.1034321500820469,0.00680466170241649,0.33616076203353945,0.021955775411063916
20260926,r19_a047,19,0.5,47,98,temperature,macro,True,0,0.15019852058713584,0.0015375872329372875,0.46618291845427157,0.008193178956511712
20260926,r19_a047,19,0.5,47,98,temperature,electronic,True,0,0.16976514763623293,0.007336732760107378,0.5243757910000975,0.03331603209397682
20260926,r19_a047,19,0.5,47,98,temperature,pop,True,0,0.1461606674874239,-0.000577340003482002,0.4573436757162131,-0.0025503357103882074
20260926,r19_a047,19,0.5,47,98,temperature,ambient,True,0,0.18857529199883574,-0.0002745306712967077,0.5651483057480402,-0.0016518952878017412
20260926,r19_a047,19,0.5,47,98,temperature,rock,True,0,0.09629297522605089,-0.0003345131535795187,0.3178639013527355,0.0036589147302599767
20260926,r19_a071,19,0.75,71,176,sigmoid,macro,True,0,0.1412447208909998,-0.00741621246319879,0.43738063028892754,-0.02060910920883234
20260926,r19_a071,19,0.75,71,176,sigmoid,electronic,True,0,0.16310750150403094,0.0006790866279053898,0.49224757850645356,0.0011878196003329289
20260926,r19_a071,19,0.75,71,176,sigmoid,pop,True,0,0.14886925253271896,0.002131245041813057,0.46290850700318115,0.0030144955765798453
20260926,r19_a071,19,0.75,71,176,sigmoid,ambient,True,0,0.15226321609127452,-0.03658660657885793,0.46669185216047926,-0.10010834887536268
20260926,r19_a071,19,0.75,71,176,sigmoid,rock,True,0,0.10073891343597473,0.00411142505634432,0.3276745834855961,0.013469596863120548
20260926,r19_a071,19,0.75,71,176,temperature,macro,True,0,0.1483604746242135,-0.0003004587299850689,0.45685034367768207,-0.001139395820077757
20260926,r19_a071,19,0.75,71,176,temperature,electronic,True,0,0.16304483995031885,0.0006164250741932942,0.49313225171338854,0.0020724928072679005
20260926,r19_a071,19,0.75,71,176,temperature,pop,True,0,0.14629757716419675,-0.0004404303267091514,0.4579262063115398,-0.001967805115061505
20260926,r19_a071,19,0.75,71,176,temperature,ambient,True,0,0.1879725318463274,-0.0008772908238050547,0.5615902100489306,-0.005209990986911328
20260926,r19_a071,19,0.75,71,176,temperature,rock,True,0,0.09612694953601104,-0.0005005388436193636,0.31475270663686944,0.0005477200143939043
20260926,r20_a024,20,0.25,24,79,sigmoid,macro,True,0,0.15454349496227382,0.005882561608075255,0.4731089634827449,0.015119223984984997
20260926,r20_a024,20,0.25,24,79,sigmoid,electronic,True,0,0.17157744338066305,0.009149028504537499,0.5116035686571618,0.020543809751041198
20260926,r20_a024,20,0.25,24,79,sigmoid,pop,True,0,0.15592909297639104,0.00919108548548514,0.4787325444560282,0.018838533029426896
20260926,r20_a024,20,0.25,24,79,sigmoid,ambient,True,0,0.1666686868333112,-0.022181135836821242,0.5040895769202959,-0.06271062411554607
20260926,r20_a024,20,0.25,24,79,sigmoid,rock,True,0,0.12399875665873003,0.027371268279099623,0.3980101638974935,0.08380517727501796
20260926,r20_a024,20,0.25,24,79,temperature,macro,True,0,0.14952550797764436,0.0008645746234457775,0.4639655356349143,0.005975796137154446
20260926,r20_a024,20,0.25,24,79,temperature,electronic,True,0,0.162579069705083,0.0001506548289574583,0.4937107883449247,0.0026510294388040756
20260926,r20_a024,20,0.25,24,79,temperature,pop,True,0,0.14593349457081406,-0.0008045129200918433,0.45654664300540787,-0.0033473684211934307
20260926,r20_a024,20,0.25,24,79,temperature,ambient,True,0,0.18699422078866854,-0.0018556018814639141,0.5557598752603017,-0.01104032577554026
20260926,r20_a024,20,0.25,24,79,temperature,rock,True,0,0.10259524684601182,0.005967758466381409,0.34984483592902293,0.0356398493065474
20260926,r20_a047,20,0.5,47,123,sigmoid,macro,True,0,0.14573723148861578,-0.0029237018655827937,0.44929367194783776,-0.008696067549922068
20260926,r20_a047,20,0.5,47,123,sigmoid,electronic,True,0,0.16527253670108655,0.0028441218249609934,0.495457147064047,0.004397388157926341
20260926,r20_a047,20,0.5,47,123,sigmoid,pop,True,0,0.14888871360998074,0.0021507061190748356,0.46244753829009977,0.0025535268634984676
20260926,r20_a047,20,0.5,47,123,sigmoid,ambient,True,0,0.1613823549322438,-0.027467467737888662,0.4909481787988984,-0.07585202223694354
20260926,r20_a047,20,0.5,47,123,sigmoid,rock,True,0,0.10740532071115207,0.010777832331521658,0.348321823638306,0.03411683701583046
20260926,r20_a047,20,0.5,47,123,temperature,macro,True,0,0.148186698198703,-0.0004742351554955643,0.45783192604937706,-0.00015781344838280975
20260926,r20_a047,20,0.5,47,123,temperature,electronic,True,0,0.1618277576629496,-0.0006006572131759536,0.4900034638102829,-0.0010562950958377115
20260926,r20_a047,20,0.5,47,123,temperature,pop,True,0,0.1459158882665863,-0.0008221192243196007,0.4563702126864144,-0.0035237987401868787
20260926,r20_a047,20,0.5,47,123,temperature,ambient,True,0,0.18809288003904634,-0.0007569426310861105,0.562294148036586,-0.004506052999255994
20260926,r20_a047,20,0.5,47,123,temperature,rock,True,0,0.09691026682622982,0.00028277844659940765,0.3226598796642249,0.008454893041749345
20260926,r20_a071,20,0.75,71,179,sigmoid,macro,True,0,0.14289578621622212,-0.005765147137976479,0.44192009822947526,-0.016069641268284585
20260926,r20_a071,20,0.75,71,179,sigmoid,electronic,True,0,0.16460410425690727,0.00217568938078172,0.49425155080108746,0.0031917918949668223
20260926,r20_a071,20,0.75,71,179,sigmoid,pop,True,0,0.15134057525505454,0.004602567764148635,0.4714904324556489,0.011596421029047621
20260926,r20_a071,20,0.75,71,179,sigmoid,ambient,True,0,0.15615591638689227,-0.032693906283240176,0.47687777428764405,-0.08992242674819789
20260926,r20_a071,20,0.75,71,179,sigmoid,rock,True,0,0.09948254896603431,0.002855060586403904,0.32506063537352065,0.01085564875104511
20260926,r20_a071,20,0.75,71,179,temperature,macro,True,0,0.14864406073406716,-1.687262013139526e-05,0.45844826311918574,0.00045852362142587144
20260926,r20_a071,20,0.75,71,179,temperature,electronic,True,0,0.16291142943972958,0.0004830145636040284,0.49266016079163844,0.0016004018855177993
20260926,r20_a071,20,0.75,71,179,temperature,pop,True,0,0.1478195079400633,0.001081500449157391,0.4651353781929078,0.005241366766306488
20260926,r20_a071,20,0.75,71,179,temperature,ambient,True,0,0.18769811689213525,-0.0011517057779971973,0.5599927251463657,-0.006807475889476278
20260926,r20_a071,20,0.75,71,179,temperature,rock,True,0,0.0961471886643406,-0.0004802997152898031,0.316004788345831,0.0017998017233554764
20260926,r21_a024,21,0.25,24,52,sigmoid,macro,True,0,0.1543512315430168,0.005690298188818214,0.4798945824333273,0.02190484293556745
20260926,r21_a024,21,0.25,24,52,sigmoid,electronic,True,0,0.1638442807169965,0.0014158658408709446,0.4962414754061377,0.005181716500017086
20260926,r21_a024,21,0.25,24,52,sigmoid,pop,True,0,0.16424545393952428,0.017507446448618375,0.5064352324372482,0.046541221010646894
20260926,r21_a024,21,0.25,24,52,sigmoid,ambient,True,0,0.18301635937563437,-0.005833463294498076,0.5755104095829382,0.008710208547096254
20260926,r21_a024,21,0.25,24,52,sigmoid,rock,True,0,0.10629883213991202,0.009671343760281614,0.3413912123069851,0.02718622568450957
20260926,r21_a024,21,0.25,24,52,temperature,macro,True,0,0.15138958242899322,0.0027286490747946285,0.47697419283536957,0.018984453337609744
20260926,r21_a024,21,0.25,24,52,temperature,electronic,True,0,0.16186916423366887,-0.0005592506424566823,0.4903578225065531,-0.0007019363995675598
20260926,r21_a024,21,0.25,24,52,temperature,pop,True,0,0.15129586145716992,0.004557853966264014,0.48478098202022024,0.02488697059361894
20260926,r21_a024,21,0.25,24,52,temperature,ambient,True,0,0.19600407361048308,0.007154250940350632,0.6188551138609178,0.052054912825075905
20260926,r21_a024,21,0.25,24,52,temperature,rock,True,0,0.09638923041465096,-0.00023825796497944918,0.3139028529537872,-0.00030213366868830915
20260926,r21_a047,21,0.5,47,114,sigmoid,macro,True,0,0.14502192954146073,-0.003639003812737858,0.4514237766839264,-0.006565962813833412
20260926,r21_a047,21,0.5,47,114,sigmoid,electronic,True,0,0.1703874103113364,0.007958995435210836,0.5196268010071452,0.028567042101024565
20260926,r21_a047,21,0.5,47,114,sigmoid,pop,True,0,0.15191735512805804,0.005179347637152137,0.4763174070745085,0.01642339564790718
20260926,r21_a047,21,0.5,47,114,sigmoid,ambient,True,0,0.157956746621176,-0.03089307604895644,0.4842934578768228,-0.08250674315901912
20260926,r21_a047,21,0.5,47,114,sigmoid,rock,True,0,0.09982620610527244,0.0031987177256420363,0.32545744077722927,0.011252454154753733
20260926,r21_a047,21,0.5,47,114,temperature,macro,True,0,0.1499724938191846,0.0013115604649860148,0.4656121767480256,0.007622437250265721
20260926,r21_a047,21,0.5,47,114,temperature,electronic,True,0,0.16361745678951084,0.0011890419133852859,0.4952649924901032,0.004205233583982559
20260926,r21_a047,21,0.5,47,114,temperature,pop,True,0,0.1490543275411582,0.002316320050252285,0.47166366574059265,0.011769654313991351
20260926,r21_a047,21,0.5,47,114,temperature,ambient,True,0,0.191073339022636,0.002223516352503563,0.5810589646005856,0.014258763564743648
20260926,r21_a047,21,0.5,47,114,temperature,rock,True,0,0.09614485192343333,-0.00048263645619707474,0.31446108416082086,0.00025609753834532345
20260926,r21_a071,21,0.75,71,182,sigmoid,macro,True,0,0.14081502009167962,-0.007845913262518978,0.4367927038627565,-0.021197035635003372
20260926,r21_a071,21,0.75,71,182,sigmoid,electronic,True,0,0.16209706446496044,-0.00033135041116511,0.48912975014392557,-0.001930008762195068
20260926,r21_a071,21,0.75,71,182,sigmoid,pop,True,0,0.14867099712710158,0.0019329896361956755,0.4643179312594916,0.004423919832890311
20260926,r21_a071,21,0.75,71,182,sigmoid,ambient,True,0,0.15402267620283872,-0.034827146467293735,0.4717814929473506,-0.09501870808849133
20260926,r21_a071,21,0.75,71,182,sigmoid,rock,True,0,0.09846934257181766,0.001841854192187256,0.32194164110025814,0.007736654477782601
20260926,r21_a071,21,0.75,71,182,temperature,macro,True,0,0.1485889758879085,-7.195746629007349e-05,0.4586494315869606,0.0006596920892007752
20260926,r21_a071,21,0.75,71,182,temperature,electronic,True,0,0.1620723988748868,-0.0003560160012387459,0.4900619478983662,-0.0009978110077544233
20260926,r21_a071,21,0.75,71,182,temperature,pop,True,0,0.147097711902935,0.00035970441202909376,0.461580606838975,0.0016865954123737037
20260926,r21_a071,21,0.75,71,182,temperature,ambient,True,0,0.18906214762345774,0.00021232495332529355,0.5680930045676326,0.0012928035317906206
20260926,r21_a071,21,0.75,71,182,temperature,rock,True,0,0.09612364515035447,-0.0005038432292759354,0.31486216704286873,0.0006571804203931997
20260926,r22_a024,22,0.25,24,44,sigmoid,macro,True,0,0.14184175007770378,-0.006819183276494813,0.45241680454468897,-0.005572934953070888
20260926,r22_a024,22,0.25,24,44,sigmoid,electronic,True,0,0.16444674319915564,0.0020183283230300886,0.4960127156720688,0.004952956765948147
20260926,r22_a024,22,0.25,24,44,sigmoid,pop,True,0,0.15247013907215265,0.005732131581246747,0.49516123979724486,0.035267228370643555
20260926,r22_a024,22,0.25,24,44,sigmoid,ambient,True,0,0.15419233674001168,-0.034657485930120774,0.5020174488150263,-0.06478275222081564
20260926,r22_a024,22,0.25,24,44,sigmoid,rock,True,0,0.0962577812994951,-0.00036970708013531195,0.3164758138944159,0.00227082727194039
20260926,r22_a024,22,0.25,24,44,temperature,macro,True,0,0.15105141935653751,0.0023904860023389457,0.47254483717920476,0.014555097681444917
20260926,r22_a024,22,0.25,24,44,temperature,electronic,True,0,0.16417769016156514,0.0017492752854395832,0.49748653027110323,0.0064267713649825975
20260926,r22_a024,22,0.25,24,44,temperature,pop,True,0,0.1530268340476105,0.0062888265567045964,0.4959677277271214,0.03607371630052009
20260926,r22_a024,22,0.25,24,44,temperature,ambient,True,0,0.19061603046484638,0.0017662077947139254,0.5779922859504442,0.011192084914602218
20260926,r22_a024,22,0.25,24,44,temperature,rock,True,0,0.09638512275212809,-0.00024236562750232227,0.3187328047681503,0.004527818145674767
20260926,r22_a047,22,0.5,47,100,sigmoid,macro,True,0,0.1430938003791208,-0.005567132975077771,0.4469056930416241,-0.011084046456135782
20260926,r22_a047,22,0.5,47,100,sigmoid,electronic,True,0,0.1645045110117223,0.0020760961355967555,0.49834556575434186,0.007285806848221221
20260926,r22_a047,22,0.5,47,100,sigmoid,pop,True,0,0.15611480625788748,0.009376798766981581,0.48941154549039784,0.029517534063796536
20260926,r22_a047,22,0.5,47,100,sigmoid,ambient,True,0,0.15078178272475715,-0.038068039945375304,0.47051339064848685,-0.09628681038735509
20260926,r22_a047,22,0.5,47,100,sigmoid,rock,True,0,0.10097410152211629,0.004346613142485883,0.32935227027326974,0.015147283650794208
20260926,r22_a047,22,0.5,47,100,temperature,macro,True,0,0.15059728419662985,0.0019363508424312774,0.47126893822561106,0.01327919872785123
20260926,r22_a047,22,0.5,47,100,temperature,electronic,True,0,0.16216277962616993,-0.0002656352499556258,0.490290693063913,-0.0007690658422076502
20260926,r22_a047,22,0.5,47,100,temperature,pop,True,0,0.15071277407870015,0.003974766587794248,0.4812184644486305,0.021324453022029177
20260926,r22_a047,22,0.5,47,100,temperature,ambient,True,0,0.19336404099656593,0.004514218326433478,0.5975167811801233,0.030716580144281358
20260926,r22_a047,22,0.5,47,100,temperature,rock,True,0,0.09614954208508342,-0.0004779462945469909,0.31604981420977757,0.0018448275873020337
20260926,r22_a071,22,0.75,71,177,sigmoid,macro,True,0,0.14016897116859472,-0.00849196218560385,0.4366946483997953,-0.021295091097964555
20260926,r22_a071,22,0.75,71,177,sigmoid,electronic,True,0,0.16282909716216817,0.0004006822860426196,0.49308448178796976,0.002024722881849128
20260926,r22_a071,22,0.75,71,177,sigmoid,pop,True,0,0.15032230311453662,0.0035842956236307177,0.4692415783403934,0.009347566913792071
20260926,r22_a071,22,0.75,71,177,sigmoid,ambient,True,0,0.14950344870825563,-0.03934637396187682,0.4598136842467932,-0.10698651678904875
20260926,r22_a071,22,0.75,71,177,sigmoid,rock,True,0,0.09802103568941849,0.001393547309788079,0.32463884922402486,0.010433862601549326
20260926,r22_a071,22,0.75,71,177,temperature,macro,True,0,0.14893366441026423,0.00027273105606564346,0.46145104947942583,0.0034613099816659526
20260926,r22_a071,22,0.75,71,177,temperature,electronic,True,0,0.16189402591537438,-0.0005343889607511698,0.4897256090115397,-0.001334149894580916
20260926,r22_a071,22,0.75,71,177,temperature,pop,True,0,0.14774757414141493,0.001009566650509025,0.46477183745617334,0.004877826029572041
20260926,r22_a071,22,0.75,71,177,temperature,ambient,True,0,0.18943395063905805,0.0005841279689255963,0.5703903345010516,0.003590133465209644
20260926,r22_a071,22,0.75,71,177,temperature,rock,True,0,0.09665910694520953,3.161856557912235e-05,0.3209164169489386,0.0067114303264630415
20260926,r23_a024,23,0.25,24,62,sigmoid,macro,True,0,0.1477004262624441,-0.0009605070917544888,0.4652866419656954,0.007296902467935504
20260926,r23_a024,23,0.25,24,62,sigmoid,electronic,True,0,0.17191686088804362,0.009488446011918061,0.5198028143805862,0.02874305547446554
20260926,r23_a024,23,0.25,24,62,sigmoid,pop,True,0,0.1500915449478549,0.003353537456948996,0.46561006245556674,0.005716051028965441
20260926,r23_a024,23,0.25,24,62,sigmoid,ambient,True,0,0.16403750600336317,-0.02481231666676928,0.5260130359415093,-0.04078716509433267
20260926,r23_a024,23,0.25,24,62,sigmoid,rock,True,0,0.10475579321051467,0.008128304830884267,0.34972065508511924,0.0355156684626437
20260926,r23_a024,23,0.25,24,62,temperature,macro,True,0,0.15133959035072247,0.0026786569965238996,0.4784845183386268,0.020494778840866992
20260926,r23_a024,23,0.25,24,62,temperature,electronic,True,0,0.16204767910636314,-0.00038073576976241363,0.4900039487737026,-0.0010558101324180114
20260926,r23_a024,23,0.25,24,62,temperature,pop,True,0,0.14640504322209924,-0.0003329642688066625,0.458394574018226,-0.001499437408375326
20260926,r23_a024,23,0.25,24,62,temperature,ambient,True,0,0.1968916155915761,0.008041792921443663,0.6266289056276543,0.05982870459181233
20260926,r23_a024,23,0.25,24,62,temperature,rock,True,0,0.10001402348285142,0.003386535103221011,0.3389106449349245,0.024705658312448975
20260926,r23_a047,23,0.5,47,107,sigmoid,macro,True,0,0.14114217240238885,-0.007518760951809731,0.43866625071245535,-0.019323488785304474
20260926,r23_a047,23,0.5,47,107,sigmoid,electronic,True,0,0.1630048981228101,0.0005764832466845504,0.4938025941494261,0.002742835243305486
20260926,r23_a047,23,0.5,47,107,sigmoid,pop,True,0,0.15255060357841405,0.005812596087508143,0.4716665578665596,0.011772546439958287
20260926,r23_a047,23,0.5,47,107,sigmoid,ambient,True,0,0.14876097219640688,-0.04008885047372557,0.45882150049428694,-0.107978700541555
20260926,r23_a047,23,0.5,47,107,sigmoid,rock,True,0,0.10025221571192436,0.0036247273322939505,0.3303743503395489,0.016169363717073337
20260926,r23_a047,23,0.5,47,107,temperature,macro,True,0,0.14906529194532733,0.00040435859112876796,0.46281526956203134,0.0048255300642714855
20260926,r23_a047,23,0.5,47,107,temperature,electronic,True,0,0.1618667595571238,-0.0005616553190017637,0.4903410119079412,-0.0007187469981794203
20260926,r23_a047,23,0.5,47,107,temperature,pop,True,0,0.14695076842409288,0.00021276093318697842,0.4608840800243279,0.000990068597726601
20260926,r23_a047,23,0.5,47,107,temperature,ambient,True,0,0.1907753777974504,0.0019255551273179572,0.5790527693513464,0.012252568315504475
20260926,r23_a047,23,0.5,47,107,temperature,rock,True,0,0.09666826200264231,4.0773623011899907e-05,0.3209832169645098,0.006778230342034286
20260926,r23_a071,23,0.75,71,176,sigmoid,macro,True,0,0.14189905720070842,-0.006761876153490165,0.4400681961948263,-0.01792154330293355
20260926,r23_a071,23,0.75,71,176,sigmoid,electronic,True,0,0.16174547610646314,-0.0006829387696624112,0.4895046125345893,-0.001555146371531313
20260926,r23_a071,23,0.75,71,176,sigmoid,pop,True,0,0.15118109873278668,0.0044430912418807755,0.4687690428583763,0.008875031431774982
20260926,r23_a071,23,0.75,71,176,sigmoid,ambient,True,0,0.15317379762178815,-0.0356760250483443,0.46958660550220066,-0.09721359553364128
20260926,r23_a071,23,0.75,71,176,sigmoid,rock,True,0,0.10149585634179568,0.0048683679621652765,0.33241252388413894,0.01820753726166341
20260926,r23_a071,23,0.75,71,176,temperature,macro,True,0,0.14852127066064902,-0.00013966269354954985,0.45920217947232955,0.0012124399745697123
20260926,r23_a071,23,0.75,71,176,temperature,electronic,True,0,0.1618216782119978,-0.0006067366641277494,0.4898903820296568,-0.0011693768764638457
20260926,r23_a071,23,0.75,71,176,temperature,pop,True,0,0.14694590004268596,0.0002078925517800534,0.46086117595109727,0.000967164524495967
20260926,r23_a071,23,0.75,71,176,temperature,ambient,True,0,0.18892404101663196,7.421834649951053e-05,0.5672505581133582,0.0004503570775162835
20260926,r23_a071,23,0.75,71,176,temperature,rock,True,0,0.0963934633712804,-0.00023402500835001394,0.318806601795206,0.004601615172730444
20260926,r24_a024,24,0.25,24,77,sigmoid,macro,True,0,0.14815562968284968,-0.0005053036713488952,0.46203750761129475,0.004047768113534855
20260926,r24_a024,24,0.25,24,77,sigmoid,electronic,True,0,0.18636367947911503,0.023935264602989476,0.5765640301768046,0.08550427127068394
20260926,r24_a024,24,0.25,24,77,sigmoid,pop,True,0,0.1526323326865448,0.0058943251956389,0.4724553441340869,0.012561332707485606
20260926,r24_a024,24,0.25,24,77,sigmoid,ambient,True,0,0.1569108067089591,-0.03193901596117335,0.4801688502826235,-0.08663135075321843
20260926,r24_a024,24,0.25,24,77,sigmoid,rock,True,0,0.0967156998567798,8.821147714939415e-05,0.31896180585166384,0.004756819229188303
20260926,r24_a024,24,0.25,24,77,temperature,macro,True,0,0.14920025285674096,0.0005393195025423583,0.46111916619279025,0.003129426695030371
20260926,r24_a024,24,0.25,24,77,temperature,electronic,True,0,0.16473364001013083,0.002305225134005273,0.49979914288381433,0.008739383977693693
20260926,r24_a024,24,0.25,24,77,temperature,pop,True,0,0.14752426799608725,0.000786260505181352,0.4636559520564841,0.0037619406298827762
20260926,r24_a024,24,0.25,24,77,temperature,ambient,True,0,0.18826413736405329,-0.0005856853060791645,0.5633009333392847,-0.0034992676965572844
20260926,r24_a024,24,0.25,24,77,temperature,rock,True,0,0.09627896605669238,-0.00034852232293802743,0.31772063649157783,0.0035156498691022997
20260926,r24_a047,24,0.5,47,138,sigmoid,macro,True,0,0.14111339747656643,-0.007547535877632152,0.4364277084122063,-0.021562031085553574
20260926,r24_a047,24,0.5,47,138,sigmoid,electronic,True,0,0.1661120052603413,0.003683590384215757,0.4997457114570731,0.008685952550952447
20260926,r24_a047,24,0.5,47,138,sigmoid,pop,True,0,0.1557228785997122,0.008984871108806303,0.4809053930418569,0.02101138161525562
20260926,r24_a047,24,0.5,47,138,sigmoid,ambient,True,0,0.1471312514578486,-0.04171857121228384,0.45317547368992617,-0.11362472734591578
20260926,r24_a047,24,0.5,47,138,sigmoid,rock,True,0,0.09548745458836358,-0.0011400337912668285,0.31188425545996895,-0.002320731162506584
20260926,r24_a047,24,0.5,47,138,temperature,macro,True,0,0.14904373069357796,0.00038279733937938293,0.45984775326258137,0.0018580137648215034
20260926,r24_a047,24,0.5,47,138,temperature,electronic,True,0,0.16363459889407594,0.0012061840179503902,0.4953311552419215,0.00427139633580087
20260926,r24_a047,24,0.5,47,138,temperature,pop,True,0,0.14822120909839398,0.0014832016074880772,0.46720062938879303,0.00730661796219173
20260926,r24_a047,24,0.5,47,138,temperature,ambient,True,0,0.18814741083893616,-0.0007024118311962924,0.5626140317701335,-0.004186169265708473
20260926,r24_a047,24,0.5,47,138,temperature,rock,True,0,0.09617170394290576,-0.0004557844367246433,0.3142451966494774,4.0210027001885695e-05
20260926,r24_a071,24,0.75,71,193,sigmoid,macro,True,0,0.14196669242104748,-0.006694240933151092,0.4399692029038309,-0.018020536593928965
20260926,r24_a071,24,0.75,71,193,sigmoid,electronic,True,0,0.1627522067743455,0.0003237918982199328,0.4911576964520787,9.793754595804893e-05
20260926,r24_a071,24,0.75,71,193,sigmoid,pop,True,0,0.15192983608584618,0.005191828594940273,0.47463484902720454,0.01474083760060324
20260926,r24_a071,24,0.75,71,193,sigmoid,ambient,True,0,0.15658220258360195,-0.0322676200865305,0.4787333734206163,-0.08806682761522566
20260926,r24_a071,24,0.75,71,193,sigmoid,rock,True,0,0.09660252424039634,-2.4964139234071037e-05,0.31535089271542405,0.001145906092948512
20260926,r24_a071,24,0.75,71,193,temperature,macro,True,0,0.14914389771305217,0.00048296435885358813,0.46085709018513565,0.0028673506873758137
20260926,r24_a071,24,0.75,71,193,temperature,electronic,True,0,0.162702174205112,0.00027375932898643374,0.49194325218713864,0.0008834932810179996
20260926,r24_a071,24,0.75,71,193,temperature,pop,True,0,0.14852861732445968,0.0017906098335537801,0.46881990863018563,0.008925897203584332
20260926,r24_a071,24,0.75,71,193,temperature,ambient,True,0,0.18914023294521948,0.00029041027508702744,0.5685719034561292,0.0017717024202872356
20260926,r24_a071,24,0.75,71,193,temperature,rock,True,0,0.09620456637741752,-0.0004229220022128888,0.3140932964670892,-0.00011169015538631255
20260926,r25_a024,25,0.25,24,63,sigmoid,macro,True,0,0.14892665830136656,0.0002657249471679883,0.46204969898674575,0.004059959488985937
20260926,r25_a024,25,0.25,24,63,sigmoid,electronic,True,0,0.16223527596545545,-0.00019313891067010425,0.4915806544309037,0.0005208955247830716
20260926,r25_a024,25,0.25,24,63,sigmoid,pop,True,0,0.14411939102572435,-0.0026186164651815502,0.45649056910878055,-0.0034034423178207485
20260926,r25_a024,25,0.25,24,63,sigmoid,ambient,True,0,0.1753092604630831,-0.013540562207049356,0.5299253874439882,-0.03687481359185374
20260926,r25_a024,25,0.25,24,63,sigmoid,rock,True,0,0.11404270575120337,0.017415217371572964,0.3702021849633107,0.055997198340835164
20260926,r25_a024,25,0.25,24,63,temperature,macro,True,0,0.15029387524889487,0.0016329418946962881,0.46801727958991235,0.010027540092152468
20260926,r25_a024,25,0.25,24,63,temperature,electronic,True,0,0.16218965790620934,-0.00023875696991620954,0.49203512073508304,0.0009753618289624066
20260926,r25_a024,25,0.25,24,63,temperature,pop,True,0,0.14606973009560026,-0.0006682773953056442,0.4569680312069443,-0.0029259802196570095
20260926,r25_a024,25,0.25,24,63,temperature,ambient,True,0,0.1891502851907328,0.00030046252060034195,0.5686336909430655,0.00183348990722354
20260926,r25_a024,25,0.25,24,63,temperature,rock,True,0,0.10376582780303707,0.007138339423406664,0.35443227547455647,0.040227288852080934
20260926,r25_a047,25,0.5,47,111,sigmoid,macro,True,0,0.14475417319324668,-0.0039067601609518825,0.4534379532333038,-0.004551786264455987
20260926,r25_a047,25,0.5,47,111,sigmoid,electronic,True,0,0.16485375202667177,0.002425337150546214,0.5007817701921841,0.009722011286063426
20260926,r25_a047,25,0.5,47,111,sigmoid,pop,True,0,0.1440098948168751,-0.002728112674030808,0.45325713712772103,-0.006636874298880269
20260926,r25_a047,25,0.5,47,111,sigmoid,ambient,True,0,0.16931946536718404,-0.019530357302948415,0.5169957785263258,-0.04980442250951611
20260926,r25_a047,25,0.5,47,111,sigmoid,rock,True,0,0.10083358056225589,0.004206092182625479,0.34271712708698454,0.028512140464509006
20260926,r25_a047,25,0.5,47,111,temperature,macro,True,0,0.15099307371643472,0.002332140362236137,0.47161664730949465,0.013626907811734784
20260926,r25_a047,25,0.5,47,111,temperature,electronic,True,0,0.16469069260099445,0.002262277724868894,0.49961699627123546,0.008557237365114823
20260926,r25_a047,25,0.5,47,111,temperature,pop,True,0,0.14593781485890686,-0.0008001926319990416,0.4564500556964993,-0.0034439557301019774
20260926,r25_a047,25,0.5,47,111,temperature,ambient,True,0,0.19136466947104025,0.0025148468009077996,0.5830499654417644,0.016249764405922407
20260926,r25_a047,25,0.5,47,111,temperature,rock,True,0,0.1019791179347973,0.005351629555166895,0.3473495718284794,0.033144585206003885
20260926,r25_a071,25,0.75,71,175,sigmoid,macro,True,0,0.1399474996277038,-0.008713433726494756,0.43488344044857385,-0.023106299049185985
20260926,r25_a071,25,0.75,71,175,sigmoid,electronic,True,0,0.16276494838414243,0.00033653350801687854,0.4910367980379494,-2.2960868171217896e-05
20260926,r25_a071,25,0.75,71,175,sigmoid,pop,True,0,0.14831644196342067,0.001578434472514767,0.462919480477717,0.0030254690511157256
20260926,r25_a071,25,0.75,71,175,sigmoid,ambient,True,0,0.15267045070222668,-0.03617937196790577,0.4678423234122612,-0.09895787762358077
20260926,r25_a071,25,0.75,71,175,sigmoid,rock,True,0,0.09603815746102551,-0.0005893309186048995,0.31773515986636786,0.0035301732438923206
20260926,r25_a071,25,0.75,71,175,temperature,macro,True,0,0.14863515258423968,-2.5780769958905214e-05,0.45916633834248965,0.001176598844729787
20260926,r25_a071,25,0.75,71,175,temperature,electronic,True,0,0.16264669591585373,0.0002182810397281798,0.49175867828025466,0.0006989193741340216
20260926,r25_a071,25,0.75,71,175,temperature,pop,True,0,0.14682347157471973,8.546408381382431e-05,0.46028897749132375,0.0003949660647224462
20260926,r25_a071,25,0.75,71,175,temperature,ambient,True,0,0.18865731067020014,-0.00019251199993230994,0.5656395720672915,-0.0011606289685504034
20260926,r25_a071,25,0.75,71,175,temperature,rock,True,0,0.09641313217618509,-0.00021435620344531503,0.3189781255310886,0.004773138908613084
20260926,r26_a024,26,0.25,24,52,sigmoid,macro,True,0,0.14371294716584565,-0.004947986188352925,0.44566423459449456,-0.012325504903265297
20260926,r26_a024,26,0.25,24,52,sigmoid,electronic,True,0,0.1726979127407183,0.010269497864592747,0.5163147298309226,0.025254970924802
20260926,r26_a024,26,0.25,24,52,sigmoid,pop,True,0,0.14597500953747686,-0.0007629979534290454,0.4580463906285794,-0.0018476207980219206
20260926,r26_a024,26,0.25,24,52,sigmoid,ambient,True,0,0.15350171883809624,-0.03534810383203621,0.4728473296766671,-0.09395287135917485
20260926,r26_a024,26,0.25,24,52,sigmoid,rock,True,0,0.10267714754709122,0.006049659167460808,0.3354484882418091,0.021243501619333582
20260926,r26_a024,26,0.25,24,52,temperature,macro,True,0,0.1495023380809839,0.0008414047267852991,0.46457078296810167,0.006581043470341788
20260926,r26_a024,26,0.25,24,52,temperature,electronic,True,0,0.1628214612230901,0.00039304634696454843,0.4923481565450971,0.0012883976389764795
20260926,r26_a024,26,0.25,24,52,temperature,pop,True,0,0.14673732811005818,-6.793808477179031e-07,0.45969593465772,-0.00019807676888128345
20260926,r26_a024,26,0.25,24,52,temperature,ambient,True,0,0.192223869574701,0.0033740469045685506,0.5890935659269143,0.022293364891072365
20260926,r26_a024,26,0.25,24,52,temperature,rock,True,0,0.09622669341608622,-0.00040079496354418487,0.3171454747426751,0.0029404881201995914
20260926,r26_a047,26,0.5,47,101,sigmoid,macro,True,0,0.14033261656384838,-0.00832831679035019,0.43688817678581326,-0.021101562711946617
20260926,r26_a047,26,0.5,47,101,sigmoid,electronic,True,0,0.1629228909999187,0.0004944761237931361,0.4925156519057208,0.001455892999600139
20260926,r26_a047,26,0.5,47,101,sigmoid,pop,True,0,0.1497568791062834,0.0030188716153775053,0.4666821738627442,0.006788162436142886
20260926,r26_a047,26,0.5,47,101,sigmoid,ambient,True,0,0.15040911656877484,-0.03844070610135761,0.46227442382091294,-0.104525777214929
20260926,r26_a047,26,0.5,47,101,sigmoid,rock,True,0,0.09824157958041661,0.0016140912007862052,0.32608045755387505,0.011875470931399512
20260926,r26_a047,26,0.5,47,101,temperature,macro,True,0,0.14923715385596978,0.0005762205017712033,0.4626540726967435,0.004664333198983656
20260926,r26_a047,26,0.5,47,101,temperature,electronic,True,0,0.16295851027026814,0.0005300953941425879,0.4928255255933877,0.0017657666872670785
20260926,r26_a047,26,0.5,47,101,temperature,pop,True,0,0.14699670135166873,0.0002586938607628264,0.4606442148846783,0.0007502034580770256
20260926,r26_a047,26,0.5,47,101,temperature,ambient,True,0,0.19016567020047312,0.0013158475303406691,0.5750413995802137,0.008241198544371775
20260926,r26_a047,26,0.5,47,101,temperature,rock,True,0,0.09682773360146914,0.00020024522183872961,0.3221051507286943,0.007900164106218743
20260926,r26_a071,26,0.75,71,167,sigmoid,macro,True,0,0.14387772492636,-0.004783208427838574,0.44489401116377963,-0.01309572833398022
20260926,r26_a071,26,0.75,71,167,sigmoid,electronic,True,0,0.16410725831743672,0.0016788434413111675,0.49765429793397037,0.006594539027849733
20260926,r26_a071,26,0.75,71,167,sigmoid,pop,True,0,0.15081465748857417,0.004076649997668269,0.4668010975640617,0.006907086137460383
20260926,r26_a071,26,0.75,71,167,sigmoid,ambient,True,0,0.16468687643363544,-0.024162946236497007,0.4999939834113332,-0.06680621762450872
20260926,r26_a071,26,0.75,71,167,sigmoid,rock,True,0,0.09590210746579368,-0.0007253809138367262,0.31512666574575326,0.0009216791232777299
20260926,r26_a071,26,0.75,71,167,temperature,macro,True,0,0.14874629911084333,8.536575664476465e-05,0.4590142704134666,0.0010245309157067284
20260926,r26_a071,26,0.75,71,167,temperature,electronic,True,0,0.16386631694206927,0.0014379020659437136,0.4962371479809191,0.005177389074798477
20260926,r26_a071,26,0.75,71,167,temperature,pop,True,0,0.14617490444822823,-0.0005631030426776762,0.4574033940274422,-0.002490617399159123
20260926,r26_a071,26,0.75,71,167,temperature,ambient,True,0,0.1888015566448475,-4.8266025284959824e-05,0.5665081990590317,-0.00029200197681023
20260926,r26_a071,26,0.75,71,167,temperature,rock,True,0,0.09614241840822839,-0.000485069971402019,0.3159083405864733,0.001703353963997789
20260926,r27_a024,27,0.25,24,83,sigmoid,macro,True,0,0.14181245078483423,-0.006848482569364361,0.4403466812457669,-0.01764305825199293
20260926,r27_a024,27,0.25,24,83,sigmoid,electronic,True,0,0.17434379804170236,0.011915383165576804,0.5173281699773874,0.026268411071266762
20260926,r27_a024,27,0.25,24,83,sigmoid,pop,True,0,0.14668261491140716,-5.539257949874199e-05,0.4618692252478985,0.0019752138212971726
20260926,r27_a024,27,0.25,24,83,sigmoid,ambient,True,0,0.1485059381984255,-0.04034388447170695,0.46282100960733913,-0.10397919142850282
20260926,r27_a024,27,0.25,24,83,sigmoid,rock,True,0,0.09771745198780185,0.0010899636081714431,0.3193683201504427,0.005163333527967162
20260926,r27_a024,27,0.25,24,83,temperature,macro,True,0,0.14890623142118903,0.0002452980669904424,0.46082236943200516,0.002832629934245323
20260926,r27_a024,27,0.25,24,83,temperature,electronic,True,0,0.1621515921750959,-0.0002768227010296609,0.49185918609421736,0.0007994271880967241
20260926,r27_a024,27,0.25,24,83,temperature,pop,True,0,0.14735145023792784,0.0006134427470219361,0.4628059474303051,0.002911936003703819
20260926,r27_a024,27,0.25,24,83,temperature,ambient,True,0,0.18999269659698426,0.0011428739268518062,0.5739260526418867,0.007125851606044731
20260926,r27_a024,27,0.25,24,83,temperature,rock,True,0,0.0961291866747481,-0.0004983017048823118,0.31469829156161155,0.0004933049391360189
20260926,r27_a047,27,0.5,47,122,sigmoid,macro,True,0,0.1404156693478336,-0.008245264006364984,0.4336147569784642,-0.02437498251929565
20260926,r27_a047,27,0.5,47,122,sigmoid,electronic,True,0,0.16507062889633717,0.002642214020211614,0.49475214164287334,0.0036923827367527084
20260926,r27_a047,27,0.5,47,122,sigmoid,pop,True,0,0.15380466624698846,0.007066658756082561,0.47427019343208116,0.014376182005479854
20260926,r27_a047,27,0.5,47,122,sigmoid,ambient,True,0,0.1444203719537711,-0.04442945071636134,0.44567544065003384,-0.1211247603858081
20260926,r27_a047,27,0.5,47,122,sigmoid,rock,True,0,0.09836701029423764,0.001739521914607231,0.31976125218886847,0.005556265566392937
20260926,r27_a047,27,0.5,47,122,temperature,macro,True,0,0.14853037681942882,-0.00013055653476975668,0.45726011057406596,-0.000729628923693923
20260926,r27_a047,27,0.5,47,122,temperature,electronic,True,0,0.16232451409286022,-0.00010390078326533159,0.49074577239330935,-0.00031398651281128176
20260926,r27_a047,27,0.5,47,122,temperature,pop,True,0,0.147117398078454,0.00037939058754810073,0.46167467008410473,0.001780658657503431
20260926,r27_a047,27,0.5,47,122,temperature,ambient,True,0,0.1881388815857554,-0.0007109410843770536,0.5625639574027105,-0.004236243633131465
20260926,r27_a047,27,0.5,47,122,temperature,rock,True,0,0.09654071352064567,-8.677485898474224e-05,0.31405604241613916,-0.00014894420633637662
20260926,r27_a071,27,0.75,71,175,sigmoid,macro,True,0,0.14046497152523138,-0.008195961828967199,0.43562811088904774,-0.022361628608712103
20260926,r27_a071,27,0.75,71,175,sigmoid,electronic,True,0,0.16233418171608,-9.423316004555926e-05,0.49117914386846645,0.0001193849623458143
20260926,r27_a071,27,0.75,71,175,sigmoid,pop,True,0,0.15337226673872617,0.006634259247820268,0.4741383861235338,0.014244374696932516
20260926,r27_a071,27,0.75,71,175,sigmoid,ambient,True,0,0.14581986594197613,-0.04302995672815632,0.45111863095904087,-0.11568157007680108
20260926,r27_a071,27,0.75,71,175,sigmoid,rock,True,0,0.10033357170414323,0.0037060833245128183,0.32607628260514987,0.011871295982674335
20260926,r27_a071,27,0.75,71,175,temperature,macro,True,0,0.1489029063115856,0.00024197295738702385,0.460304658008641,0.0023149185108811976
20260926,r27_a071,27,0.75,71,175,temperature,electronic,True,0,0.1620969565304102,-0.00033145834571535193,0.4901217138433574,-0.0009380450627632375
20260926,r27_a071,27,0.75,71,175,temperature,pop,True,0,0.14737681619227117,0.0006388087013652621,0.4629299463211167,0.003035934894515424
20260926,r27_a071,27,0.75,71,175,temperature,ambient,True,0,0.18997873396005818,0.0011289112899257325,0.5738364530515537,0.007036252015711786
20260926,r27_a071,27,0.75,71,175,temperature,rock,True,0,0.09615911856360286,-0.00046836981602754735,0.31433051881853635,0.000125532196060818
20260926,r28_a024,28,0.25,24,51,sigmoid,macro,True,0,0.1437733114831821,-0.004887621871016469,0.44992705777429676,-0.008062681723463097
20260926,r28_a024,28,0.25,24,51,sigmoid,electronic,True,0,0.17120178988960658,0.008773375013481022,0.5165893397470935,0.0255295808409729
20260926,r28_a024,28,0.25,24,51,sigmoid,pop,True,0,0.15957774907122046,0.012839741580314562,0.5078721600986793,0.047978148672078
20260926,r28_a024,28,0.25,24,51,sigmoid,ambient,True,0,0.14840498424149073,-0.040444838428641716,0.46440019625081563,-0.10240000478502631
20260926,r28_a024,28,0.25,24,51,sigmoid,rock,True,0,0.09590872273041066,-0.0007187656492197436,0.31084653500059856,-0.003358451621876979
20260926,r28_a024,28,0.25,24,51,temperature,macro,True,0,0.150124342464527,0.0014634091103284223,0.46662034735423336,0.008630607856473488
20260926,r28_a024,28,0.25,24,51,temperature,electronic,True,0,0.16227236468361345,-0.00015605019251210828,0.49059394655734057,-0.0004658123487800703
20260926,r28_a024,28,0.25,24,51,temperature,pop,True,0,0.15458847603546372,0.007850468544557815,0.5068481053408395,0.04695409391423816
20260926,r28_a024,28,0.25,24,51,temperature,ambient,True,0,0.18707839365217846,-0.0017714290179539904,0.5549563289583369,-0.011843872077505035
20260926,r28_a024,28,0.25,24,51,temperature,rock,True,0,0.09655813548685238,-6.935289277802681e-05,0.31408300856041643,-0.00012197806205910267
20260926,r28_a047,28,0.5,47,94,sigmoid,macro,True,0,0.14242663045231313,-0.006234302901885466,0.4425249700523769,-0.015464769445382984
20260926,r28_a047,28,0.5,47,94,sigmoid,electronic,True,0,0.17090688710923532,0.008478472233109768,0.5194866662221145,0.028426907315993843
20260926,r28_a047,28,0.5,47,94,sigmoid,pop,True,0,0.15492400224724304,0.008185994756337134,0.4778987077438531,0.018004696317251823
20260926,r28_a047,28,0.5,47,94,sigmoid,ambient,True,0,0.14513956353642857,-0.04371025913370388,0.44805095021377667,-0.11874925082206528
20260926,r28_a047,28,0.5,47,94,sigmoid,rock,True,0,0.09873606891634552,0.0021085805367151156,0.3246635560297632,0.010458569407287677
20260926,r28_a047,28,0.5,47,94,temperature,macro,True,0,0.14871563606017565,5.470270597708604e-05,0.45918599035587426,0.001196250858114381
20260926,r28_a047,28,0.5,47,94,temperature,electronic,True,0,0.1628656314120676,0.0004372165359420588,0.49250066210858096,0.0014409032024603197
20260926,r28_a047,28,0.5,47,94,temperature,pop,True,0,0.1475347258269529,0.0007967183360469976,0.4637077752699074,0.003813763843306117
20260926,r28_a047,28,0.5,47,94,temperature,ambient,True,0,0.18818534128081044,-0.0006644813893220136,0.5628369070223244,-0.003963294013517582
20260926,r28_a047,28,0.5,47,94,temperature,rock,True,0,0.09627684572087171,-0.0003506426587586986,0.3176986170226842,0.0034936304002086693
20260926,r28_a071,28,0.75,71,174,sigmoid,macro,True,0,0.13947866603887904,-0.009182267315319556,0.4335416089202162,-0.02444813057754361
20260926,r28_a071,28,0.75,71,174,sigmoid,electronic,True,0,0.16192130736897944,-0.0005071075071461095,0.48967729697201123,-0.0013824619341094024
20260926,r28_a071,28,0.75,71,174,sigmoid,pop,True,0,0.14985559852494956,0.0031175910340436597,0.46463361291386773,0.004739601487266432
20260926,r28_a071,28,0.75,71,174,sigmoid,ambient,True,0,0.14620627479500867,-0.04264354787512378,0.4505439017727035,-0.11625629926313846
20260926,r28_a071,28,0.75,71,174,sigmoid,rock,True,0,0.09993148346657842,0.0033039950869480084,0.32931162402228253,0.015106637399807
20260926,r28_a071,28,0.75,71,174,temperature,macro,True,0,0.14827236538935817,-0.00038856796484041875,0.45793179556977437,-5.794392798547099e-05
20260926,r28_a071,28,0.75,71,174,temperature,electronic,True,0,0.1619419600998748,-0.0004864547762507554,0.4897905053032135,-0.0012692536029071388
20260926,r28_a071,28,0.75,71,174,temperature,pop,True,0,0.146121635537306,-0.0006163719535998979,0.45718113868124105,-0.002712872745360251
20260926,r28_a071,28,0.75,71,174,temperature,ambient,True,0,0.18841326527157706,-0.0004365573985553872,0.5641832107286574,-0.0026169903071845413
20260926,r28_a071,28,0.75,71,174,temperature,rock,True,0,0.09661260064867477,-1.4887730955634448e-05,0.3205723275659856,0.006367340943510047
20260926,r29_a024,29,0.25,24,83,sigmoid,macro,True,0,0.14007014147955593,-0.00859079187464265,0.4444701743266708,-0.013519565171089043
20260926,r29_a024,29,0.25,24,83,sigmoid,electronic,True,0,0.16187839960722228,-0.0005500152689032756,0.4898813211458177,-0.0011784377603029084
20260926,r29_a024,29,0.25,24,83,sigmoid,pop,True,0,0.15289037016395207,0.006152362673046169,0.5076007429955872,0.047706731568985916
20260926,r29_a024,29,0.25,24,83,sigmoid,ambient,True,0,0.1502436970405967,-0.03860612562953575,0.4693041707927156,-0.09749603024312636
20260926,r29_a024,29,0.25,24,83,sigmoid,rock,True,0,0.09526809910645266,-0.0013593892731777468,0.3110944623725627,-0.003110524249912816
20260926,r29_a024,29,0.25,24,83,temperature,macro,True,0,0.15005223060210507,0.0013912972479065006,0.4677984400838926,0.009808700586132799
20260926,r29_a024,29,0.25,24,83,temperature,electronic,True,0,0.16194063782928023,-0.00048777704684532797,0.49079700927957004,-0.00026274962655059575
20260926,r29_a024,29,0.25,24,83,temperature,pop,True,0,0.15436751618535074,0.007629508694444842,0.505262672624547,0.04536866119794575
20260926,r29_a024,29,0.25,24,83,temperature,ambient,True,0,0.18777214595805494,-0.0010776767120775077,0.5604229998341648,-0.006377201201677174
20260926,r29_a024,29,0.25,24,83,temperature,rock,True,0,0.0961286224357344,-0.0004988659438960041,0.31471107859728875,0.0005060919748132164
20260926,r29_a047,29,0.5,47,133,sigmoid,macro,True,0,0.14052287807146066,-0.008138055282737918,0.44204444291071854,-0.015945296587041302
20260926,r29_a047,29,0.5,47,133,sigmoid,electronic,True,0,0.1633422105099909,0.0009137956338653441,0.4949520600889446,0.003892301182823965
20260926,r29_a047,29,0.5,47,133,sigmoid,pop,True,0,0.14929193709503957,0.00255392960413367,0.4690958418217473,0.009201830395145993
20260926,r29_a047,29,0.5,47,133,sigmoid,ambient,True,0,0.15330812956939002,-0.03554169310074243,0.4861951493051281,-0.08060505173071386
20260926,r29_a047,29,0.5,47,133,sigmoid,rock,True,0,0.09614923511142215,-0.0004782532682082591,0.31793472042705423,0.0037297338045786943
20260926,r29_a047,29,0.5,47,133,temperature,macro,True,0,0.1492469908414432,0.0005860574872446345,0.4633646808713483,0.005374941373588432
20260926,r29_a047,29,0.5,47,133,temperature,electronic,True,0,0.1618572088917699,-0.0005712059843556438,0.49027177087039986,-0.0007879880357207769
20260926,r29_a047,29,0.5,47,133,temperature,pop,True,0,0.14828627197297264,0.0015482644820667413,0.4675405963316882,0.007646584905086906
20260926,r29_a047,29,0.5,47,133,temperature,ambient,True,0,0.19047786319117593,0.0016280405210434834,0.5770797204649961,0.010279519429154171
20260926,r29_a047,29,0.5,47,133,temperature,rock,True,0,0.09636661930985436,-0.00026086906977604296,0.31856663581830896,0.004361649195833428
20260926,r29_a071,29,0.75,71,193,sigmoid,macro,True,0,0.139661748934772,-0.008999184419426556,0.43325458711744874,-0.02473515238031107
20260926,r29_a071,29,0.75,71,193,sigmoid,electronic,True,0,0.16213664794787366,-0.0002917669282518909,0.4889520942608002,-0.0021076646453204173
20260926,r29_a071,29,0.75,71,193,sigmoid,pop,True,0,0.15024051590847945,0.0035025084175735466,0.4662046477173809,0.006310636290779603
20260926,r29_a071,29,0.75,71,193,sigmoid,ambient,True,0,0.14925275815708713,-0.039597064513045316,0.45870566188989215,-0.1080945391459498
20260926,r29_a071,29,0.75,71,193,sigmoid,rock,True,0,0.09701707372564784,0.0003895853460174348,0.31915594460172186,0.004950957979246329
20260926,r29_a071,29,0.75,71,193,temperature,macro,True,0,0.14820900138363424,-0.0004519319705643503,0.4570855048157198,-0.0009042346820400532
20260926,r29_a071,29,0.75,71,193,temperature,electronic,True,0,0.1618918090905177,-0.0005366057856078521,0.48972348128560905,-0.0013362776205115834
20260926,r29_a071,29,0.75,71,193,temperature,pop,True,0,0.14658766883125252,-0.00015033865965338733,0.4592087860077308,-0.0006852254188705054
20260926,r29_a071,29,0.75,71,193,temperature,ambient,True,0,0.18816649055591525,-0.0006833321142172,0.5627261031186152,-0.004074097917226793
20260926,r29_a071,29,0.75,71,193,temperature,rock,True,0,0.09619003705685145,-0.0004374513227789617,0.3166836488509242,0.0024786622284486692
20260927,r00_a024,0,0.25,24,53,sigmoid,macro,True,0,0.15916347169088318,0.023123888836059373,0.49199510927241685,0.06871396415241143
20260927,r00_a024,0,0.25,24,53,sigmoid,electronic,True,0,0.16533704443728497,1.8042481298469193e-05,0.4961512631753525,-0.0007390478889820473
20260927,r00_a024,0,0.25,24,53,sigmoid,pop,True,0,0.17912070151270404,0.02822942859027966,0.5439213337470239,0.07549857704076879
20260927,r00_a024,0,0.25,24,53,sigmoid,ambient,True,0,0.18227261155708777,0.039755268919926035,0.5663797857187667,0.12595320362397022
20260927,r00_a024,0,0.25,24,53,sigmoid,rock,True,0,0.10992352925645593,0.02449281535273333,0.36152805444852437,0.07414312383388877
20260927,r00_a024,0,0.25,24,53,temperature,macro,True,0,0.14511347900930102,0.009073896154477217,0.4542341446244364,0.030952999504430978
20260927,r00_a024,0,0.25,24,53,temperature,electronic,True,0,0.1653914645931833,7.246263719679069e-05,0.49708999495285555,0.00019968388852098506
20260927,r00_a024,0,0.25,24,53,temperature,pop,True,0,0.17659922446759235,0.025707951545167973,0.5390712712617893,0.07064851455553423
20260927,r00_a024,0,0.25,24,53,temperature,ambient,True,0,0.14345782614739078,0.0009404835102290454,0.4464889404335877,0.006062358338791263
20260927,r00_a024,0,0.25,24,53,temperature,rock,True,0,0.09500540082903766,0.00957468692531506,0.33428637184951304,0.04690144123487744
20260927,r00_a047,0,0.5,47,104,sigmoid,macro,True,0,0.141096529770201,0.005056946915377204,0.4360583876795575,0.012777242559552093
20260927,r00_a047,0,0.5,47,104,sigmoid,electronic,True,0,0.1660534844816385,0.0007344825256520027,0.49940079031057377,0.0025104792462392056
20260927,r00_a047,0,0.5,47,104,sigmoid,pop,True,0,0.15602838295719498,0.005137110034770603,0.48718326303252846,0.018760506326273352
20260927,r00_a047,0,0.5,47,104,sigmoid,ambient,True,0,0.1452753640712498,0.0027580214340880704,0.441575012459403,0.0011484303646065452
20260927,r00_a047,0,0.5,47,104,sigmoid,rock,True,0,0.09702888757072074,0.01159817366699814,0.3160744849157249,0.02868955430108927
20260927,r00_a047,0,0.5,47,104,temperature,macro,True,0,0.13810861984300585,0.002069036988182043,0.430105890615027,0.0068247454950215725
20260927,r00_a047,0,0.5,47,104,temperature,electronic,True,0,0.16649182653278344,0.0011728245767969325,0.5012258197522935,0.0043355086879589555
20260927,r00_a047,0,0.5,47,104,temperature,pop,True,0,0.1579693347774897,0.007078061855065321,0.4909338336982664,0.02251107699201127
20260927,r00_a047,0,0.5,47,104,temperature,ambient,True,0,0.14250562190967123,-1.1720727490505123e-05,0.4403775389542892,-4.9043140507243344e-05
20260927,r00_a047,0,0.5,47,104,temperature,rock,True,0,0.08546769615207903,3.698224835642361e-05,0.2878863700552589,0.000501439440623308
20260927,r00_a071,0,0.75,71,167,sigmoid,macro,True,0,0.1403391052047383,0.0042995223499145,0.43247469211899175,0.009193546998986293
20260927,r00_a071,0,0.75,71,167,sigmoid,electronic,True,0,0.16608308878115682,0.0007640868251703181,0.4995417436569624,0.002651432592627845
20260927,r00_a071,0,0.75,71,167,sigmoid,pop,True,0,0.1547358360454712,0.003844563123046818,0.4801380000831091,0.011715243376853979
20260927,r00_a071,0,0.75,71,167,sigmoid,ambient,True,0,0.15329934637678636,0.010782003739624624,0.46076500704204854,0.020338424947252076
20260927,r00_a071,0,0.75,71,167,sigmoid,rock,True,0,0.08723814961553884,0.001807435711816241,0.2894540176938469,0.0020690870792112737
20260927,r00_a071,0,0.75,71,167,temperature,macro,True,0,0.1369420503343825,0.0009024674795587162,0.4256860440246899,0.002404898904684455
20260927,r00_a071,0,0.75,71,167,temperature,electronic,True,0,0.16607533303906008,0.0007563310830735748,0.49951668452970044,0.002626373465365872
20260927,r00_a071,0,0.75,71,167,temperature,pop,True,0,0.1538714218190962,0.002980148896671808,0.4784348107648321,0.010012054058576969
20260927,r00_a071,0,0.75,71,167,temperature,ambient,True,0,0.1424365912157383,-8.075142142344172e-05,0.44008749534245095,-0.00033908675234550767
20260927,r00_a071,0,0.75,71,167,temperature,rock,True,0,0.08538485526363553,-4.585864008707641e-05,0.2847051854617761,-0.002679745152859514
20260927,r00_a094,,1.0,94,244,sigmoid,macro,True,0,0.1391734885818364,0.0031339057270125988,0.4289732705741055,0.0056921254541000554
20260927,r00_a094,,1.0,94,244,sigmoid,electronic,True,0,0.1656638417972386,0.00034483984125208145,0.4979765497166775,0.001086238652342919
20260927,r00_a094,,1.0,94,244,sigmoid,pop,True,0,0.15509106606445416,0.004199793142029784,0.4785129146641045,0.0100901579578494
20260927,r00_a094,,1.0,94,244,sigmoid,ambient,True,0,0.14224606324339933,-0.00027127939376239696,0.43429242992740485,-0.006134152167391604
20260927,r00_a094,,1.0,94,244,sigmoid,rock,True,0,0.09369298322225353,0.008262269318530926,0.3051111879882351,0.017726257373599508
20260927,r00_a094,,1.0,94,244,temperature,macro,True,0,0.13652372987653208,0.00048414702170827134,0.4236123616138379,0.0003312164938324702
20260927,r00_a094,,1.0,94,244,temperature,electronic,True,0,0.16609930249013616,0.0007803005341496527,0.49961155712704874,0.0027212460627141777
20260927,r00_a094,,1.0,94,244,temperature,pop,True,0,0.15209880266798922,0.0012075297455648448,0.4725430422367698,0.004120285530514689
20260927,r00_a094,,1.0,94,244,temperature,ambient,True,0,0.14202840178130535,-0.000488940855856379,0.43831964959216174,-0.0021069325026347174
20260927,r00_a094,,1.0,94,244,temperature,rock,True,0,0.08586841256669757,0.00043769866297496685,0.28397519749937133,-0.0034097331152642685
20260927,r01_a024,1,0.25,24,60,sigmoid,macro,True,0,0.16958806017896916,0.03354847732414536,0.539114720070101,0.11583357495009564
20260927,r01_a024,1,0.25,24,60,sigmoid,electronic,True,0,0.23245496313231928,0.06713596117633278,0.7951521249203161,0.2982618138559815
20260927,r01_a024,1,0.25,24,60,sigmoid,pop,True,0,0.18674398496286454,0.03585271204044016,0.5501946900942094,0.0817719333879543
20260927,r01_a024,1,0.25,24,60,sigmoid,ambient,True,0,0.138491562813615,-0.004025779823546738,0.4266895615594218,-0.013737020535374678
20260927,r01_a024,1,0.25,24,60,sigmoid,rock,True,0,0.12066172980707783,0.03523101590335523,0.38442250370645703,0.09703757309182143
20260927,r01_a024,1,0.25,24,60,temperature,macro,True,0,0.1390427843888148,0.0030032015339909873,0.4311730494060509,0.007891904286045498
20260927,r01_a024,1,0.25,24,60,temperature,electronic,True,0,0.16645340745278903,0.0011344054968025208,0.5010632024915019,0.004172891427167369
20260927,r01_a024,1,0.25,24,60,temperature,pop,True,0,0.16134441324304466,0.01045314032062028,0.5004757103896773,0.0320529536834222
20260927,r01_a024,1,0.25,24,60,temperature,ambient,True,0,0.14197068131404203,-0.0005466613231197015,0.4380592435039783,-0.0023673385908181688
20260927,r01_a024,1,0.25,24,60,temperature,rock,True,0,0.08640263554538345,0.00097192164166085,0.2850940412390462,-0.002290889375589411
20260927,r01_a047,1,0.5,47,121,sigmoid,macro,True,0,0.14215978134853702,0.006120198493713203,0.4404408525170775,0.017159707397072038
20260927,r01_a047,1,0.5,47,121,sigmoid,electronic,True,0,0.1743337962141861,0.009014794258199593,0.5327346676522432,0.03584435658790863
20260927,r01_a047,1,0.5,47,121,sigmoid,pop,True,0,0.15362294761000228,0.0027316746875779008,0.474019152636875,0.005596395930619891
20260927,r01_a047,1,0.5,47,121,sigmoid,ambient,True,0,0.1367885782268673,-0.005728764410294435,0.422572257456042,-0.01785432463875447
20260927,r01_a047,1,0.5,47,121,sigmoid,rock,True,0,0.10389380334309235,0.01846308943936975,0.3324373323231497,0.0450524017085141
20260927,r01_a047,1,0.5,47,121,temperature,macro,True,0,0.13687150371422066,0.0008319208593968452,0.4269437028420416,0.003662557722036164
20260927,r01_a047,1,0.5,47,121,temperature,electronic,True,0,0.16917260852550306,0.0038536065695165544,0.5143190177119312,0.01742870664759666
20260927,r01_a047,1,0.5,47,121,temperature,pop,True,0,0.15098894033060306,9.766740817868103e-05,0.46864326382188615,0.0002205071156310412
20260927,r01_a047,1,0.5,47,121,temperature,ambient,True,0,0.14191880332384216,-0.0005985393133195738,0.43782169412261707,-0.0026048879721793927
20260927,r01_a047,1,0.5,47,121,temperature,rock,True,0,0.08540566267693432,-2.5051226788280756e-05,0.28699083571173195,-0.00039409490290365223
20260927,r01_a071,1,0.75,71,174,sigmoid,macro,True,0,0.1402886167584469,0.004249033903623089,0.431606752802844,0.008325607682838548
20260927,r01_a071,1,0.75,71,174,sigmoid,electronic,True,0,0.16752043905510208,0.0022014370991155774,0.502081792588069,0.005191481523734387
20260927,r01_a071,1,0.75,71,174,sigmoid,pop,True,0,0.15272401407296818,0.0018327411505437985,0.47224711308112677,0.0038243563748716625
20260927,r01_a071,1,0.75,71,174,sigmoid,ambient,True,0,0.14623091404021452,0.0037135714030527844,0.4434404927612646,0.003013910666468167
20260927,r01_a071,1,0.75,71,174,sigmoid,rock,True,0,0.0946790998655028,0.009248385961780195,0.3086576127809156,0.021272682166279977
20260927,r01_a071,1,0.75,71,174,temperature,macro,True,0,0.13602270339529288,-1.6879459530910745e-05,0.42261509924746943,-0.0006660458725360197
20260927,r01_a071,1,0.75,71,174,temperature,electronic,True,0,0.16588493280436153,0.0005659308483750292,0.4987810438408921,0.0018907327765575466
20260927,r01_a071,1,0.75,71,174,temperature,pop,True,0,0.15090051496514303,9.242042718654586e-06,0.4684803318091062,5.757510285109291e-05
20260927,r01_a071,1,0.75,71,174,temperature,ambient,True,0,0.14194599557850965,-0.000571347058652083,0.4379465774658043,-0.0024800046289921718
20260927,r01_a071,1,0.75,71,174,temperature,rock,True,0,0.08535937023315736,-7.134367056524371e-05,0.28525244387407506,-0.0021324867405605463
20260927,r02_a024,2,0.25,24,64,sigmoid,macro,True,0,0.14585650179020115,0.009816918935377339,0.44816344213657094,0.02488229701656554
20260927,r02_a024,2,0.25,24,64,sigmoid,electronic,True,0,0.16885861318884762,0.0035396112328611173,0.5073645781722983,0.01047426710796373
20260927,r02_a024,2,0.25,24,64,sigmoid,pop,True,0,0.17573564044859283,0.024844367526168448,0.52881296644091,0.06039020973465492
20260927,r02_a024,2,0.25,24,64,sigmoid,ambient,True,0,0.1409324434283334,-0.0015848992088283442,0.43201854004929635,-0.008408042045500108
20260927,r02_a024,2,0.25,24,64,sigmoid,rock,True,0,0.09789931009503074,0.012468596191308134,0.3244576838837792,0.03707275326914361
20260927,r02_a024,2,0.25,24,64,temperature,macro,True,0,0.13923601734088245,0.0031964344860586497,0.43231748827863203,0.009036343158626614
20260927,r02_a024,2,0.25,24,64,temperature,electronic,True,0,0.16735083252098018,0.002031830564993675,0.5050756378007611,0.00818532673642658
20260927,r02_a024,2,0.25,24,64,temperature,pop,True,0,0.16012652354226736,0.009235250619842983,0.49709375976077924,0.028671003054524136
20260927,r02_a024,2,0.25,24,64,temperature,ambient,True,0,0.14193042881593743,-0.0005869138212243052,0.437875085141633,-0.002551496953163479
20260927,r02_a024,2,0.25,24,64,temperature,rock,True,0,0.08753628448434485,0.0021055705806222458,0.2892254704113548,0.0018405397967192205
20260927,r02_a047,2,0.5,47,123,sigmoid,macro,True,0,0.14802838101621388,0.01198879816139007,0.45331383617197063,0.03003269105196517
20260927,r02_a047,2,0.5,47,123,sigmoid,electronic,True,0,0.170172692990148,0.0048536910341615,0.5108453554283512,0.013955044364016622
20260927,r02_a047,2,0.5,47,123,sigmoid,pop,True,0,0.16990766468899035,0.01901639176656597,0.5135929384394431,0.045170181733187986
20260927,r02_a047,2,0.5,47,123,sigmoid,ambient,True,0,0.15257564792744066,0.01005830529027893,0.45841234315747714,0.017985761062680683
20260927,r02_a047,2,0.5,47,123,sigmoid,rock,True,0,0.09945751845827648,0.014026804554553879,0.330404707662611,0.04301977704797538
20260927,r02_a047,2,0.5,47,123,temperature,macro,True,0,0.1386712715593149,0.002631688704491101,0.43124156718849044,0.007960422068485032
20260927,r02_a047,2,0.5,47,123,temperature,electronic,True,0,0.167061739049051,0.0017427370930644948,0.5037376812933325,0.006847370228997951
20260927,r02_a047,2,0.5,47,123,temperature,pop,True,0,0.15673539152370292,0.005844118601278536,0.48729602431997515,0.018873267613720046
20260927,r02_a047,2,0.5,47,123,temperature,ambient,True,0,0.14221075856792667,-0.00030658406923506076,0.4391224122385576,-0.0013041698562388793
20260927,r02_a047,2,0.5,47,123,temperature,rock,True,0,0.08867719709657904,0.0032464831928564336,0.2948101509020966,0.00742522028746101
20260927,r02_a071,2,0.75,71,182,sigmoid,macro,True,0,0.14428834610155522,0.008248763246731426,0.4425649608997287,0.019283815779723282
20260927,r02_a071,2,0.75,71,182,sigmoid,electronic,True,0,0.16785970370115272,0.002540701745166213,0.5072564801257814,0.010366169061446828
20260927,r02_a071,2,0.75,71,182,sigmoid,pop,True,0,0.16145987705150328,0.010568604129078896,0.49456740413904104,0.02614464743278594
20260927,r02_a071,2,0.75,71,182,sigmoid,ambient,True,0,0.15418870030356546,0.011671357666403731,0.4623348392801013,0.021908257185304814
20260927,r02_a071,2,0.75,71,182,sigmoid,rock,True,0,0.09364510334999947,0.008214389446276865,0.30610112005399115,0.018716189439355546
20260927,r02_a071,2,0.75,71,182,temperature,macro,True,0,0.1376801436591641,0.0016405608043402777,0.42894781908182833,0.00566667396182291
20260927,r02_a071,2,0.75,71,182,temperature,electronic,True,0,0.1683049995532163,0.0029859975972297836,0.5097530966707967,0.012862785606462146
20260927,r02_a071,2,0.75,71,182,temperature,pop,True,0,0.15479401349440747,0.0039027405719830877,0.4813636150062727,0.012940858300017621
20260927,r02_a071,2,0.75,71,182,temperature,ambient,True,0,0.1422633880692227,-0.0002539545679390298,0.43934979178221656,-0.0010767903125799005
20260927,r02_a071,2,0.75,71,182,temperature,rock,True,0,0.08535817351980987,-7.254038391273088e-05,0.2853247728680274,-0.0020601577466082266
20260927,r03_a024,3,0.25,24,66,sigmoid,macro,True,0,0.13888815276326122,0.0028485699084374247,0.43342906386663305,0.010147918746627668
20260927,r03_a024,3,0.25,24,66,sigmoid,electronic,True,0,0.16501439048148397,-0.0003046114745025308,0.4956566766198959,-0.0012336344444386915
20260927,r03_a024,3,0.25,24,66,sigmoid,pop,True,0,0.15423943627882397,0.0033481633563995916,0.48473923047841233,0.016316473772157225
20260927,r03_a024,3,0.25,24,66,sigmoid,ambient,True,0,0.14646194110729632,0.0039445984701345915,0.44421959600261485,0.0037930139078183878
20260927,r03_a024,3,0.25,24,66,sigmoid,rock,True,0,0.08983684318544065,0.004406129281718046,0.30910075236560935,0.02171582175097375
20260927,r03_a024,3,0.25,24,66,temperature,macro,True,0,0.13728073562740403,0.0012411527725802313,0.4308962435126389,0.007615098392633496
20260927,r03_a024,3,0.25,24,66,temperature,electronic,True,0,0.165505261278479,0.0001862593224924991,0.49743993183055507,0.0005496207662205044
20260927,r03_a024,3,0.25,24,66,temperature,pop,True,0,0.15349620168341999,0.0026049287609956062,0.48295358318109194,0.014530826474836833
20260927,r03_a024,3,0.25,24,66,temperature,ambient,True,0,0.14216483472328983,-0.00035250791387189673,0.4389225860887094,-0.0015039960060870827
20260927,r03_a024,3,0.25,24,66,temperature,rock,True,0,0.08795664482442732,0.0025259309207047165,0.30426887295019933,0.01688394233556373
20260927,r03_a047,3,0.5,47,128,sigmoid,macro,True,0,0.14127660626019006,0.005237023405366262,0.4361673443423609,0.012886199222355454
20260927,r03_a047,3,0.5,47,128,sigmoid,electronic,True,0,0.16532856827291173,9.566316925224694e-06,0.4966103458802927,-0.00027996518404188597
20260927,r03_a047,3,0.5,47,128,sigmoid,pop,True,0,0.1513540878639925,0.0004628149415681071,0.47084650601163314,0.0024237493053780312
20260927,r03_a047,3,0.5,47,128,sigmoid,ambient,True,0,0.15390106633217693,0.011383723695015197,0.4672848253512027,0.026858243256406233
20260927,r03_a047,3,0.5,47,128,sigmoid,rock,True,0,0.09452270257167912,0.009091988667956519,0.30992770012631504,0.02254276951167944
20260927,r03_a047,3,0.5,47,128,temperature,macro,True,0,0.13615380521111503,0.00011422235629123326,0.42367982492250167,0.000398679802496249
20260927,r03_a047,3,0.5,47,128,temperature,electronic,True,0,0.1657602009487423,0.000441198992755798,0.4983188537392359,0.0014285426749013341
20260927,r03_a047,3,0.5,47,128,temperature,pop,True,0,0.15135258153306938,0.0004613086106450004,0.4708433922986668,0.0024206355924116796
20260927,r03_a047,3,0.5,47,128,temperature,ambient,True,0,0.14210920055489362,-0.0004081420822681092,0.43879018676212383,-0.0016363953326726244
20260927,r03_a047,3,0.5,47,128,temperature,rock,True,0,0.08539323780775485,-3.747609596775614e-05,0.2867668668899802,-0.0006180637246553933
20260927,r03_a071,3,0.75,71,198,sigmoid,macro,True,0,0.1413165905120895,0.005277007657265697,0.43437555381639914,0.01109440869639372
20260927,r03_a071,3,0.75,71,198,sigmoid,electronic,True,0,0.1661694563853946,0.0008504544294080929,0.4994837638368475,0.0025934527725129386
20260927,r03_a071,3,0.75,71,198,sigmoid,pop,True,0,0.15461275906229058,0.003721486139866198,0.47697731622765627,0.008554559521401162
20260927,r03_a071,3,0.75,71,198,sigmoid,ambient,True,0,0.14767782983997202,0.005160487202810288,0.44738897767209507,0.006962395577298608
20260927,r03_a071,3,0.75,71,198,sigmoid,rock,True,0,0.09680631676070081,0.01137560285697821,0.3136521575289978,0.026267226914362174
20260927,r03_a071,3,0.75,71,198,temperature,macro,True,0,0.13634631624608712,0.0003067333912633065,0.4234137544699177,0.00013260934991227158
20260927,r03_a071,3,0.75,71,198,temperature,electronic,True,0,0.16634434722712027,0.0010253452711337652,0.5006067566016897,0.003716445537355173
20260927,r03_a071,3,0.75,71,198,temperature,pop,True,0,0.15166527437643795,0.0007740014540135731,0.47103554488411653,0.002612788177861425
20260927,r03_a071,3,0.75,71,198,temperature,ambient,True,0,0.141918013241061,-0.0005993293961007451,0.4378193400140744,-0.0026072420807220498
20260927,r03_a071,3,0.75,71,198,temperature,rock,True,0,0.08545763013972923,2.6916236006632732e-05,0.28419337637979014,-0.0031915542348454617
20260927,r04_a024,4,0.25,24,64,sigmoid,macro,True,0,0.16112384371870342,0.025084260863879607,0.4968728861729669,0.07359174105296139
20260927,r04_a024,4,0.25,24,64,sigmoid,electronic,True,0,0.16990109606262613,0.004582094106639623,0.5105082338321395,0.013617922767804935
20260927,r04_a024,4,0.25,24,64,sigmoid,pop,True,0,0.19273088665124455,0.04183961372882017,0.5700926452462004,0.1016698885399453
20260927,r04_a024,4,0.25,24,64,sigmoid,ambient,True,0,0.14700969802182934,0.004492355384667607,0.44562917013219205,0.005202588037395595
20260927,r04_a024,4,0.25,24,64,sigmoid,rock,True,0,0.13485369413911363,0.04942298023539103,0.4612614954813353,0.17387656486669972
20260927,r04_a024,4,0.25,24,64,temperature,macro,True,0,0.14268688307684868,0.006647300222024897,0.4414353501592634,0.018154205039257965
20260927,r04_a024,4,0.25,24,64,temperature,electronic,True,0,0.16571690713927723,0.0003979051832907199,0.4997880015175192,0.0028976904531846093
20260927,r04_a024,4,0.25,24,64,temperature,pop,True,0,0.17435288551663855,0.02346161259421417,0.5337119564728149,0.06528919976655978
20260927,r04_a024,4,0.25,24,64,temperature,ambient,True,0,0.14302530639695832,0.0005079637597965869,0.4425041886657307,0.002077606570934254
20260927,r04_a024,4,0.25,24,64,temperature,rock,True,0,0.08765243325452071,0.0022217193507981098,0.2897372539809888,0.002352323366353215
20260927,r04_a047,4,0.5,47,118,sigmoid,macro,True,0,0.14198703980277522,0.005947456947951384,0.4374906264461019,0.014209481326096493
20260927,r04_a047,4,0.5,47,118,sigmoid,electronic,True,0,0.17139342573344468,0.006074423777458177,0.5140851086724009,0.017194797608066303
20260927,r04_a047,4,0.5,47,118,sigmoid,pop,True,0,0.15974170021187808,0.008850427289453705,0.49220166600493365,0.02377890929867854
20260927,r04_a047,4,0.5,47,118,sigmoid,ambient,True,0,0.13932287816957376,-0.0031944644675879763,0.42776449135268885,-0.012662090742107612
20260927,r04_a047,4,0.5,47,118,sigmoid,rock,True,0,0.09749015509620423,0.012059441192481632,0.31591123975438434,0.02852630913974874
20260927,r04_a047,4,0.5,47,118,temperature,macro,True,0,0.13708700268799998,0.0010474198331761643,0.4262873604491335,0.0030062153291281063
20260927,r04_a047,4,0.5,47,118,temperature,electronic,True,0,0.1651875201068229,-0.00013148184916361716,0.49663528746087443,-0.0002550236034601361
20260927,r04_a047,4,0.5,47,118,temperature,pop,True,0,0.15574872142597987,0.004857448503555489,0.48431625953814283,0.01589350283188773
20260927,r04_a047,4,0.5,47,118,temperature,ambient,True,0,0.14205327270764467,-0.00046406992951705806,0.43843074979558155,-0.001995832299214906
20260927,r04_a047,4,0.5,47,118,temperature,rock,True,0,0.08535849651155245,-7.221739217015688e-05,0.28576714500193534,-0.0016177856127002621
20260927,r04_a071,4,0.75,71,175,sigmoid,macro,True,0,0.14205269618185368,0.006013113327029879,0.4373314555814986,0.014050310461493173
20260927,r04_a071,4,0.75,71,175,sigmoid,electronic,True,0,0.17080429584073734,0.00548529388475083,0.5163076403263105,0.019417329261975924
20260927,r04_a071,4,0.75,71,175,sigmoid,pop,True,0,0.16124559404742364,0.01035432112499926,0.49226440661861504,0.02384164991235993
20260927,r04_a071,4,0.75,71,175,sigmoid,ambient,True,0,0.14517320434521247,0.0026558617080507385,0.44119937293973943,0.0007727908449429721
20260927,r04_a071,4,0.75,71,175,sigmoid,rock,True,0,0.09098769049404129,0.005556976590318688,0.29955440244132947,0.012169471826693867
20260927,r04_a071,4,0.75,71,175,temperature,macro,True,0,0.13704698038677648,0.0010073975319526626,0.4265991310847231,0.0033179859647176346
20260927,r04_a071,4,0.75,71,175,temperature,electronic,True,0,0.1671915200587983,0.0018725181028118043,0.5043333925313606,0.0074430814670259915
20260927,r04_a071,4,0.75,71,175,temperature,pop,True,0,0.15311151009437507,0.0022202371719506897,0.47595693918182747,0.00753418247557236
20260927,r04_a071,4,0.75,71,175,temperature,ambient,True,0,0.1425277159946408,1.037335747908208e-05,0.44046993970426795,4.335760947149492e-05
20260927,r04_a071,4,0.75,71,175,temperature,rock,True,0,0.08535717539929168,-7.353850443092558e-05,0.2856362529214363,-0.0017486776931993075
20260927,r05_a024,5,0.25,24,59,sigmoid,macro,True,0,0.14754165575055203,0.01150207289572823,0.45954565100042,0.036264505880414535
20260927,r05_a024,5,0.25,24,59,sigmoid,electronic,True,0,0.16993810439959525,0.004619102443608747,0.5194346243556504,0.022544313291315787
20260927,r05_a024,5,0.25,24,59,sigmoid,pop,True,0,0.16726413869820173,0.016372865775777345,0.514988761358304,0.046566004652048854
20260927,r05_a024,5,0.25,24,59,sigmoid,ambient,True,0,0.14675650269489804,0.0042391600577363076,0.44587214333322617,0.005445561238429708
20260927,r05_a024,5,0.25,24,59,sigmoid,rock,True,0,0.10620787720951312,0.02077716330579052,0.3578870749544994,0.07050214433986379
20260927,r05_a024,5,0.25,24,59,temperature,macro,True,0,0.14155863292587473,0.005519050071050923,0.441103453524182,0.017822308404176576
20260927,r05_a024,5,0.25,24,59,temperature,electronic,True,0,0.17014448166459661,0.004825479708610109,0.5197579972807405,0.02286768621640589
20260927,r05_a024,5,0.25,24,59,temperature,pop,True,0,0.165310003484581,0.014418730562156618,0.5111000133957524,0.04267725668949729
20260927,r05_a024,5,0.25,24,59,temperature,ambient,True,0,0.142190604716403,-0.00032673792075874064,0.4392168704443542,-0.0012097116504422578
20260927,r05_a024,5,0.25,24,59,temperature,rock,True,0,0.08858944183791831,0.003158727934195707,0.294338932975881,0.006954002361245382
20260927,r05_a047,5,0.5,47,120,sigmoid,macro,True,0,0.14294016491419473,0.006900582059370927,0.4461117093357901,0.02283056421578461
20260927,r05_a047,5,0.5,47,120,sigmoid,electronic,True,0,0.17711821164220543,0.01179920968621892,0.5571838948837153,0.06029358381938077
20260927,r05_a047,5,0.5,47,120,sigmoid,pop,True,0,0.1680275975562609,0.01713632463383652,0.5091792578137503,0.04075650110749518
20260927,r05_a047,5,0.5,47,120,sigmoid,ambient,True,0,0.13626659227474913,-0.006250750362412599,0.42206989935843214,-0.018356682736364316
20260927,r05_a047,5,0.5,47,120,sigmoid,rock,True,0,0.09034825818356347,0.004917544279840869,0.2960137852872624,0.008628854672626807
20260927,r05_a047,5,0.5,47,120,temperature,macro,True,0,0.13952785957173008,0.003488276716906262,0.4379753930420839,0.014694247922078532
20260927,r05_a047,5,0.5,47,120,temperature,electronic,True,0,0.1739738167242201,0.008654814768233599,0.5443148304565766,0.047424519392242015
20260927,r05_a047,5,0.5,47,120,temperature,pop,True,0,0.1559892407944959,0.005097967872071507,0.4850489648814035,0.01662620817514837
20260927,r05_a047,5,0.5,47,120,temperature,ambient,True,0,0.14195028142008223,-0.0005670612170795009,0.4379662010795703,-0.002460381015226165
20260927,r05_a047,5,0.5,47,120,temperature,rock,True,0,0.08619809934812205,0.0007673854443994432,0.2845715757507855,-0.0028133548638500927
20260927,r05_a071,5,0.75,71,182,sigmoid,macro,True,0,0.14289678196869454,0.006857199113870723,0.44137675595582665,0.018095610835821188
20260927,r05_a071,5,0.75,71,182,sigmoid,electronic,True,0,0.1722562565513626,0.006937254595376086,0.5259841431948453,0.029093832130510755
20260927,r05_a071,5,0.75,71,182,sigmoid,pop,True,0,0.16002138632210464,0.009130113399680256,0.49129060236504357,0.022867845658788466
20260927,r05_a071,5,0.75,71,182,sigmoid,ambient,True,0,0.14394449789194935,0.001427155254787621,0.4383588226181152,-0.0020677594766812524
20260927,r05_a071,5,0.75,71,182,sigmoid,rock,True,0,0.09536498710936153,0.00993427320563893,0.3098734556453024,0.022488525030666784
20260927,r05_a071,5,0.75,71,182,temperature,macro,True,0,0.1380260305804189,0.001986447725595083,0.42971160020457444,0.0064304550845689645
20260927,r05_a071,5,0.75,71,182,temperature,electronic,True,0,0.16928419479768436,0.003965192841697857,0.5149264559913553,0.01803614492702077
20260927,r05_a071,5,0.75,71,182,temperature,pop,True,0,0.15438257382912446,0.003491300906700079,0.48006738783139474,0.011644631125139637
20260927,r05_a071,5,0.75,71,182,temperature,ambient,True,0,0.14225668954410564,-0.0002606530930560902,0.4393209427495621,-0.0011056393452343327
20260927,r05_a071,5,0.75,71,182,temperature,rock,True,0,0.08618066415076109,0.0007499502470384861,0.2845316142459854,-0.002853316368650216
20260927,r06_a024,6,0.25,24,56,sigmoid,macro,True,0,0.13944950476238535,0.0034099219075615604,0.4389355359821986,0.015654390862193127
20260927,r06_a024,6,0.25,24,56,sigmoid,electronic,True,0,0.1713632366810474,0.006044234725060882,0.5236285357364256,0.026738224672091082
20260927,r06_a024,6,0.25,24,56,sigmoid,pop,True,0,0.14959421423411012,-0.0012970586883142565,0.46627604109657417,-0.002146715609680938
20260927,r06_a024,6,0.25,24,56,sigmoid,ambient,True,0,0.14654569344720214,0.00402835081004041,0.44860524624949477,0.008178664154698312
20260927,r06_a024,6,0.25,24,56,sigmoid,rock,True,0,0.09029487468718181,0.0048641607834592065,0.31723232084629965,0.02984739023166405
20260927,r06_a024,6,0.25,24,56,temperature,macro,True,0,0.13838662432141852,0.002347041466594712,0.4353948571843036,0.012113712064298149
20260927,r06_a024,6,0.25,24,56,temperature,electronic,True,0,0.16934872832884368,0.004029726372857173,0.5152798022301368,0.01838949116580224
20260927,r06_a024,6,0.25,24,56,temperature,pop,True,0,0.1508892388626663,-2.0340597580714714e-06,0.4684091441249003,-1.3612581354793818e-05
20260927,r06_a024,6,0.25,24,56,temperature,ambient,True,0,0.1419605490287635,-0.0005567936083982206,0.4380308491631746,-0.0023957329316218745
20260927,r06_a024,6,0.25,24,56,temperature,rock,True,0,0.09134798106540057,0.0059172671616779665,0.3198596332190026,0.03247470260436702
20260927,r06_a047,6,0.5,47,127,sigmoid,macro,True,0,0.14154155449994388,0.005501971645120087,0.43648943431307946,0.013208289193074069
20260927,r06_a047,6,0.5,47,127,sigmoid,electronic,True,0,0.16788870269565664,0.002569700739670139,0.5050401632479714,0.008149852183636841
20260927,r06_a047,6,0.5,47,127,sigmoid,pop,True,0,0.15228517178644574,0.001393898864021359,0.4741455493378787,0.005722792631623619
20260927,r06_a047,6,0.5,47,127,sigmoid,ambient,True,0,0.15501938211734295,0.01250203948018122,0.46766309831053754,0.02723651621574108
20260927,r06_a047,6,0.5,47,127,sigmoid,rock,True,0,0.09097296140033023,0.00554224749660763,0.29910892635593034,0.011723995741294735
20260927,r06_a047,6,0.5,47,127,temperature,macro,True,0,0.13663360145917236,0.0005940186043485347,0.4245136672658292,0.0012325221458237279
20260927,r06_a047,6,0.5,47,127,temperature,electronic,True,0,0.16595975614325037,0.0006407541872638645,0.4990661393011392,0.0021758282368046222
20260927,r06_a047,6,0.5,47,127,temperature,pop,True,0,0.15300015096024436,0.002108878037819978,0.4755882078115763,0.0071654511053211856
20260927,r06_a047,6,0.5,47,127,temperature,ambient,True,0,0.14216583834106028,-0.0003515042961014514,0.4389269681058086,-0.0014996139889878468
20260927,r06_a047,6,0.5,47,127,temperature,rock,True,0,0.08540866039213435,-2.2053511588251973e-05,0.28447335384479255,-0.0029115767698430495
20260927,r06_a071,6,0.75,71,191,sigmoid,macro,True,0,0.13908450099851266,0.00304491814368886,0.4289662347462719,0.00568508962626646
20260927,r06_a071,6,0.75,71,191,sigmoid,electronic,True,0,0.16808935582311074,0.0027703538671242367,0.5058411805407977,0.008950869476463175
20260927,r06_a071,6,0.75,71,191,sigmoid,pop,True,0,0.15231897561791366,0.0014277026954892802,0.47129582813807763,0.002873071431822527
20260927,r06_a071,6,0.75,71,191,sigmoid,ambient,True,0,0.14445365082486777,0.0019363081877060428,0.4394382078975578,-0.000988374197238684
20260927,r06_a071,6,0.75,71,191,sigmoid,rock,True,0,0.09147602172815848,0.0060453078244358804,0.2992897224086544,0.01190479179401882
20260927,r06_a071,6,0.75,71,191,temperature,macro,True,0,0.13625285161284972,0.0002132687580259085,0.4228210378374439,-0.00046010728256155875
20260927,r06_a071,6,0.75,71,191,temperature,electronic,True,0,0.16620743673487462,0.0008884347788881142,0.500045238256813,0.0031549271924784517
20260927,r06_a071,6,0.75,71,191,temperature,pop,True,0,0.1509586323104428,6.735938801841201e-05,0.46854034974703324,0.00011759304077813004
20260927,r06_a071,6,0.75,71,191,temperature,ambient,True,0,0.142147158604012,-0.0003701840331497286,0.4388452932076056,-0.0015812888871908348
20260927,r06_a071,6,0.75,71,191,temperature,rock,True,0,0.08569817880206944,0.0002674648983468364,0.2838532701383236,-0.003531660476311982
20260927,r07_a024,7,0.25,24,64,sigmoid,macro,True,0,0.14816458557332463,0.012125002718500814,1.1300898214776038,0.7068086763575985
20260927,r07_a024,7,0.25,24,64,sigmoid,electronic,True,0,0.17078800820441634,0.005469006248429831,0.5142759397378119,0.01738562867347737
20260927,r07_a024,7,0.25,24,64,sigmoid,pop,True,0,0.15143644624747,0.0005451733250456114,0.4704917196456908,0.0020689629394357034
20260927,r07_a024,7,0.25,24,64,sigmoid,ambient,True,0,0.14058066070319014,-0.0019366819339715902,0.445793800754729,0.00536721865993256
20260927,r07_a024,7,0.25,24,64,sigmoid,rock,True,0,0.129853227138222,0.0444225132344994,3.089797825772184,2.8024128951575484
20260927,r07_a024,7,0.25,24,64,temperature,macro,True,0,0.14314740217199337,0.007107819317169556,0.6666157091339386,0.24333456401393322
20260927,r07_a024,7,0.25,24,64,temperature,electronic,True,0,0.16624819197131133,0.0009291900153248212,0.5002109916150768,0.0033206805507421944
20260927,r07_a024,7,0.25,24,64,temperature,pop,True,0,0.1511888263621012,0.0002975534396768287,0.46999470884449834,0.0015719521382432378
20260927,r07_a024,7,0.25,24,64,temperature,ambient,True,0,0.1437510723346453,0.0012337296974835599,0.4483080089587113,0.007881426863914853
20260927,r07_a024,7,0.25,24,64,temperature,rock,True,0,0.11140151801991562,0.025970804116193014,1.2479491271174683,0.9605641965028326
20260927,r07_a047,7,0.5,47,123,sigmoid,macro,True,0,0.14008936164031727,0.004049778785493459,0.43570261055524484,0.012421465435239434
20260927,r07_a047,7,0.5,47,123,sigmoid,electronic,True,0,0.17254255573511787,0.007223553779131364,0.5271261905192725,0.030235879454937886
20260927,r07_a047,7,0.5,47,123,sigmoid,pop,True,0,0.15305808141907404,0.002166808496649658,0.4732296188506146,0.004806862144359492
20260927,r07_a047,7,0.5,47,123,sigmoid,ambient,True,0,0.14472946509558451,0.0022121224584227828,0.4473162745911334,0.006889692496336919
20260927,r07_a047,7,0.5,47,123,sigmoid,rock,True,0,0.09002734431149263,0.00459663040777003,0.29513835825995904,0.007753427645323441
20260927,r07_a047,7,0.5,47,123,temperature,macro,True,0,0.13717730832809452,0.00113772547327071,0.42714650670108956,0.003865361581084137
20260927,r07_a047,7,0.5,47,123,temperature,electronic,True,0,0.16929244451441747,0.003973442558430962,0.5149715429762461,0.018081231911911577
20260927,r07_a047,7,0.5,47,123,temperature,pop,True,0,0.1509842520362917,9.297911386732527e-05,0.4689365313098951,0.0005137746036399937
20260927,r07_a047,7,0.5,47,123,temperature,ambient,True,0,0.1424296506740639,-8.769196309782457e-05,0.44050444593116284,7.78638363663764e-05
20260927,r07_a047,7,0.5,47,123,temperature,rock,True,0,0.08600288608760498,0.0005721721838823773,0.2841735065870542,-0.0032114240275814
20260927,r07_a071,7,0.75,71,191,sigmoid,macro,True,0,0.1395987590537008,0.0035591761988770128,0.43198964913306986,0.00870850401306443
20260927,r07_a071,7,0.75,71,191,sigmoid,electronic,True,0,0.1669954463180656,0.001676444362079088,0.5037398966138069,0.006849585549472348
20260927,r07_a071,7,0.75,71,191,sigmoid,pop,True,0,0.1574346601186622,0.006543387196237815,0.485307757753534,0.016885001047278914
20260927,r07_a071,7,0.75,71,191,sigmoid,ambient,True,0,0.13685519243635158,-0.005662150200810151,0.4225967123218354,-0.017829869772961082
20260927,r07_a071,7,0.75,71,191,sigmoid,rock,True,0,0.0971097373417239,0.011679023438001299,0.31631422984310315,0.028929299228467542
20260927,r07_a071,7,0.75,71,191,temperature,macro,True,0,0.13750882712163864,0.0014692442668148217,0.4269827773166116,0.0037016321966062
20260927,r07_a071,7,0.75,71,191,temperature,electronic,True,0,0.16725306437310467,0.0019340624171181597,0.5046187199916047,0.007728408927270114
20260927,r07_a071,7,0.75,71,191,temperature,pop,True,0,0.15382589905593172,0.00293462613350734,0.47828814703056804,0.00986539032431294
20260927,r07_a071,7,0.75,71,191,temperature,ambient,True,0,0.14192624306567264,-0.0005910995714890899,0.43785582005750673,-0.002570762037289731
20260927,r07_a071,7,0.75,71,191,temperature,rock,True,0,0.08703010199184548,0.0015993880881228772,0.2871684221867671,-0.00021650842786852253
20260927,r08_a024,8,0.25,24,58,sigmoid,macro,True,0,0.14712674479258725,0.011087161937763445,0.46353610372102483,0.040254958601019394
20260927,r08_a024,8,0.25,24,58,sigmoid,electronic,True,0,0.17954782432307803,0.014228822367091526,0.5874734472428802,0.09058313617854563
20260927,r08_a024,8,0.25,24,58,sigmoid,pop,True,0,0.15078777982792899,-0.00010349309449539379,0.4684651073732848,4.2350667029678046e-05
20260927,r08_a024,8,0.25,24,58,sigmoid,ambient,True,0,0.16431465727931135,0.021797314642149623,0.4885943542140548,0.04816777211925832
20260927,r08_a024,8,0.25,24,58,sigmoid,rock,True,0,0.09385671774003063,0.008426003836308024,0.30961150605387955,0.022226575439243945
20260927,r08_a024,8,0.25,24,58,temperature,macro,True,0,0.14057774351106153,0.00453816065623772,0.44688585529436553,0.02360471017436011
20260927,r08_a024,8,0.25,24,58,temperature,electronic,True,0,0.1781206427943608,0.01280164083837429,0.5765481344500326,0.07965782338569805
20260927,r08_a024,8,0.25,24,58,temperature,pop,True,0,0.15112593105650426,0.00023465813407988478,0.469124040870384,0.0007012841641289014
20260927,r08_a024,8,0.25,24,58,temperature,ambient,True,0,0.14483912696961349,0.002321784332451754,0.4494162451985257,0.008989663103729228
20260927,r08_a024,8,0.25,24,58,temperature,rock,True,0,0.08822527322376755,0.002794559320044951,0.29245500065851987,0.005070070043884267
20260927,r08_a047,8,0.5,47,114,sigmoid,macro,True,0,0.1452498947910216,0.009210311936197799,0.45145868722162796,0.028177542101622502
20260927,r08_a047,8,0.5,47,114,sigmoid,electronic,True,0,0.17686244212320812,0.011543440167221614,0.550206049824046,0.053315738759711406
20260927,r08_a047,8,0.5,47,114,sigmoid,pop,True,0,0.15018908817719814,-0.0007021847452262364,0.4670420000415942,-0.0013807566646609204
20260927,r08_a047,8,0.5,47,114,sigmoid,ambient,True,0,0.15725215049425048,0.01473480785708875,0.46987167800259494,0.02944509590779848
20260927,r08_a047,8,0.5,47,114,sigmoid,rock,True,0,0.09669589836942967,0.011265184465707068,0.31871502101827665,0.03133009040364104
20260927,r08_a047,8,0.5,47,114,temperature,macro,True,0,0.138564421180685,0.002524838325861173,0.43397940150100334,0.01069825638099789
20260927,r08_a047,8,0.5,47,114,temperature,electronic,True,0,0.17261762008420303,0.0072986181282165274,0.5350558000630189,0.03816548899868433
20260927,r08_a047,8,0.5,47,114,temperature,pop,True,0,0.1509639028488841,7.262992645973299e-05,0.46855804968469095,0.00013529297843584143
20260927,r08_a047,8,0.5,47,114,temperature,ambient,True,0,0.14288773541195265,0.00037039277479092303,0.4419498727141049,0.0015232906193084483
20260927,r08_a047,8,0.5,47,114,temperature,rock,True,0,0.08778842637770011,0.002357712473977508,0.29035388354219854,0.00296895292756294
20260927,r08_a071,8,0.75,71,179,sigmoid,macro,True,0,0.1380546753145041,0.0020150924596803142,0.4285160188212218,0.005234873701216364
20260927,r08_a071,8,0.75,71,179,sigmoid,electronic,True,0,0.16793684074369655,0.0026178387877100473,0.5084385144322404,0.011548203367905852
20260927,r08_a071,8,0.75,71,179,sigmoid,pop,True,0,0.15097351808136572,8.224515894134088e-05,0.4704178685462501,0.001995111839995012
20260927,r08_a071,8,0.75,71,179,sigmoid,ambient,True,0,0.14068365195285298,-0.0018336906843087475,0.43176647564455883,-0.008660106450237626
20260927,r08_a071,8,0.75,71,179,sigmoid,rock,True,0,0.09262469048010122,0.007193976576378616,0.3034412166618378,0.016056286047202217
20260927,r08_a071,8,0.75,71,179,temperature,macro,True,0,0.13743711466712405,0.0013975318123002588,0.42763335820892345,0.004352213088918033
20260927,r08_a071,8,0.75,71,179,temperature,electronic,True,0,0.16829674779918158,0.002977745843195073,0.5097110458040118,0.012820734739677264
20260927,r08_a071,8,0.75,71,179,temperature,pop,True,0,0.15145597939465502,0.0005647064722306416,0.4713838850528976,0.002961128346642472
20260927,r08_a071,8,0.75,71,179,temperature,ambient,True,0,0.14298628683731054,0.0004689442001488131,0.44234753191029474,0.0019209498154982851
20260927,r08_a071,8,0.75,71,179,temperature,rock,True,0,0.08700944463734911,0.0015787307336265072,0.2870909700684897,-0.0002939605461458883
20260927,r09_a024,9,0.25,24,70,sigmoid,macro,True,0,0.16217233911285667,0.02613275625803286,0.5066109361223471,0.08332979100234167
20260927,r09_a024,9,0.25,24,70,sigmoid,electronic,True,0,0.19381308255172247,0.028494080595735966,0.5859578349025621,0.08906752383822758
20260927,r09_a024,9,0.25,24,70,sigmoid,pop,True,0,0.1591588411355559,0.008267568213131515,0.4908290843823736,0.022406327676118498
20260927,r09_a024,9,0.25,24,70,sigmoid,ambient,True,0,0.20044179733589132,0.05792445469872959,0.6133246294363146,0.17289804734151815
20260927,r09_a024,9,0.25,24,70,sigmoid,rock,True,0,0.09527563542825697,0.009844921524534367,0.33633219576813805,0.04894726515350245
20260927,r09_a024,9,0.25,24,70,temperature,macro,True,0,0.14051219672725254,0.004472613872428734,0.44250283125546575,0.019221686135460325
20260927,r09_a024,9,0.25,24,70,temperature,electronic,True,0,0.16802247227435116,0.0027034703183646536,0.5083287018537441,0.011438390789409558
20260927,r09_a024,9,0.25,24,70,temperature,pop,True,0,0.1555933602145337,0.00470208729210933,0.4838406856264755,0.01541792892022037
20260927,r09_a024,9,0.25,24,70,temperature,ambient,True,0,0.14215753818266835,-0.0003598044544933787,0.4388907068396865,-0.001535875255109953
20260927,r09_a024,9,0.25,24,70,temperature,rock,True,0,0.09627541623745693,0.01084470233373433,0.33895123070195693,0.051566300087321326
20260927,r09_a047,9,0.5,47,134,sigmoid,macro,True,0,0.15295983183211648,0.01692024897729266,0.47100177831144907,0.047720633191443665
20260927,r09_a047,9,0.5,47,134,sigmoid,electronic,True,0,0.1701355047759038,0.004816502819917301,0.5204353610275018,0.023545049963167197
20260927,r09_a047,9,0.5,47,134,sigmoid,pop,True,0,0.16645868404530417,0.015567411122879793,0.5079857754312548,0.03956301872499968
20260927,r09_a047,9,0.5,47,134,sigmoid,ambient,True,0,0.1745750214651096,0.032057678827947855,0.5260346482177282,0.0856080661229317
20260927,r09_a047,9,0.5,47,134,sigmoid,rock,True,0,0.10067011704214829,0.015239403138425686,0.3295513285693117,0.04216639795467608
20260927,r09_a047,9,0.5,47,134,temperature,macro,True,0,0.13928852914261314,0.003248946287789326,0.4370897066521732,0.013808561532167835
20260927,r09_a047,9,0.5,47,134,temperature,electronic,True,0,0.17061603115192112,0.0052970291959346105,0.5225154033055212,0.025625092241186587
20260927,r09_a047,9,0.5,47,134,temperature,pop,True,0,0.15784570207694282,0.006954429154518438,0.49057341872816956,0.022150662021914458
20260927,r09_a047,9,0.5,47,134,temperature,ambient,True,0,0.14220252685798004,-0.00031481577918168746,0.43927990939960504,-0.0011466726951914197
20260927,r09_a047,9,0.5,47,134,temperature,rock,True,0,0.08648985648360855,0.0010591425798859438,0.2959900951753973,0.008605164560761713
20260927,r09_a071,9,0.75,71,187,sigmoid,macro,True,0,0.1446170509505235,0.008577468095699665,0.44395328716451565,0.020672142044510206
20260927,r09_a071,9,0.75,71,187,sigmoid,electronic,True,0,0.16768371910484436,0.002364717148857859,0.5072235514841633,0.010333240419828749
20260927,r09_a071,9,0.75,71,187,sigmoid,pop,True,0,0.15357565759368272,0.0026843846712583386,0.47508873760283443,0.006665980896579327
20260927,r09_a071,9,0.75,71,187,sigmoid,ambient,True,0,0.16142445110917789,0.018907108472016154,0.4815729648991271,0.04114638280433064
20260927,r09_a071,9,0.75,71,187,sigmoid,rock,True,0,0.09578437599438891,0.010353662090666307,0.3119278946719377,0.024542964057302108
20260927,r09_a071,9,0.75,71,187,temperature,macro,True,0,0.13681474328098323,0.0007751604261594242,0.42607235680351707,0.002791211683511624
20260927,r09_a071,9,0.75,71,187,temperature,electronic,True,0,0.16817309089188326,0.0028540889358967536,0.5090841044496459,0.012193793385311347
20260927,r09_a071,9,0.75,71,187,temperature,pop,True,0,0.15180738634678898,0.0009161134243645952,0.4715329836027146,0.0031102268964595114
20260927,r09_a071,9,0.75,71,187,temperature,ambient,True,0,0.141918677461547,-0.0005986651756147432,0.43782112372724463,-0.0026054583675518272
20260927,r09_a071,9,0.75,71,187,temperature,rock,True,0,0.0853598184237137,-7.0895480008909e-05,0.28585121543446307,-0.0015337151801725346
20260927,r10_a024,10,0.25,24,58,sigmoid,macro,True,0,0.13775208463094551,0.0017125017761217068,0.42799252681029154,0.004711381690286079
20260927,r10_a024,10,0.25,24,58,sigmoid,electronic,True,0,0.17321264381001086,0.007893641854024358,0.5188594549704767,0.02196914390614213
20260927,r10_a024,10,0.25,24,58,sigmoid,pop,True,0,0.15238854565492557,0.0014972727325011925,0.47714704379309325,0.008724287086838145
20260927,r10_a024,10,0.25,24,58,sigmoid,ambient,True,0,0.14159182560871117,-0.000925517028450562,0.43457708658962146,-0.005849495505174995
20260927,r10_a024,10,0.25,24,58,sigmoid,rock,True,0,0.08381532345013444,-0.0016153904535881614,0.28138652188797464,-0.005998408726660964
20260927,r10_a024,10,0.25,24,58,temperature,macro,True,0,0.13729959696758764,0.001260014112763861,0.4275419146391657,0.004260769519160212
20260927,r10_a024,10,0.25,24,58,temperature,electronic,True,0,0.16553932715432917,0.00022032519834266906,0.4989952361004135,0.002104925036078953
20260927,r10_a024,10,0.25,24,58,temperature,pop,True,0,0.15468644811416768,0.0037951751917432996,0.481026198509433,0.012603441803177906
20260927,r10_a024,10,0.25,24,58,temperature,ambient,True,0,0.1436144357021643,0.00109709306500258,0.4448216960361326,0.004395113941336126
20260927,r10_a024,10,0.25,24,58,temperature,rock,True,0,0.0853581768996895,-7.25370040331047e-05,0.28532452791068347,-0.0020604027039521355
20260927,r10_a047,10,0.5,47,118,sigmoid,macro,True,0,0.13852078165068826,0.002481198795864451,0.429194219079442,0.005913073959436604
20260927,r10_a047,10,0.5,47,118,sigmoid,electronic,True,0,0.1657539315416419,0.00043492958565538586,0.4985730802316119,0.0016827691672773315
20260927,r10_a047,10,0.5,47,118,sigmoid,pop,True,0,0.15392572818416453,0.003034455261740149,0.48268012312632486,0.01425736642006975
20260927,r10_a047,10,0.5,47,118,sigmoid,ambient,True,0,0.1482760370434793,0.005758694406317572,0.45006633695151427,0.009639754856717808
20260927,r10_a047,10,0.5,47,118,sigmoid,rock,True,0,0.0861274298334673,0.0006967159297446984,0.28545733600831713,-0.0019275946063184723
20260927,r10_a047,10,0.5,47,118,temperature,macro,True,0,0.13755252155907324,0.0015129387042494384,0.42711451688999574,0.0038333717699903236
20260927,r10_a047,10,0.5,47,118,temperature,electronic,True,0,0.16516006689909518,-0.00015893505689132392,0.49692089772992787,3.058666559330181e-05
20260927,r10_a047,10,0.5,47,118,temperature,pop,True,0,0.15755785202665695,0.006666579104232573,0.48973087932682335,0.02130812262056825
20260927,r10_a047,10,0.5,47,118,temperature,ambient,True,0,0.14193126546149404,-0.000586077175667693,0.4378789348970432,-0.0025476471977532444
20260927,r10_a047,10,0.5,47,118,temperature,rock,True,0,0.0855609018490468,0.00013018794532419775,0.2839273556061886,-0.0034575750084470114
20260927,r10_a071,10,0.75,71,179,sigmoid,macro,True,0,0.137088324553305,0.001048741698481171,0.42452647959106377,0.0012453344710583597
20260927,r10_a071,10,0.75,71,179,sigmoid,electronic,True,0,0.168837088986148,0.0035180870301614875,0.5072273881372839,0.010337077072949286
20260927,r10_a071,10,0.75,71,179,sigmoid,pop,True,0,0.1536365539284451,0.0027452810060207278,0.4762996071798819,0.007876850473626795
20260927,r10_a071,10,0.75,71,179,sigmoid,ambient,True,0,0.13729454058731247,-0.005222802049849262,0.4234281269981098,-0.016998455096686682
20260927,r10_a071,10,0.75,71,179,sigmoid,rock,True,0,0.08858511471131433,0.0031544008075917312,0.29115079604897964,0.00376586543434404
20260927,r10_a071,10,0.75,71,179,temperature,macro,True,0,0.1365921056665408,0.000552522811716985,0.4236560189428443,0.00037487382283887816
20260927,r10_a071,10,0.75,71,179,temperature,electronic,True,0,0.16553698739245926,0.0002179854364727507,0.49754320235567884,0.0006528912913442708
20260927,r10_a071,10,0.75,71,179,temperature,pop,True,0,0.15262585880717042,0.0017345858847460371,0.4743372909784028,0.00591453427214772
20260927,r10_a071,10,0.75,71,179,temperature,ambient,True,0,0.1419720301256943,-0.000545312511467444,0.43808838717196535,-0.002338194922831105
20260927,r10_a071,10,0.75,71,179,temperature,rock,True,0,0.0862335463408392,0.0008028324371165962,0.28465519526533023,-0.0027297353493053733
20260927,r11_a024,11,0.25,24,64,sigmoid,macro,True,0,0.14678222777379235,0.010742644918968546,0.4694925081339094,0.04621136301390405
20260927,r11_a024,11,0.25,24,64,sigmoid,electronic,True,0,0.1679906641833218,0.002671662227335281,0.508246365233253,0.011356054168918384
20260927,r11_a024,11,0.25,24,64,sigmoid,pop,True,0,0.18253110814217124,0.031639835219746865,0.5520050674459934,0.08358231073973832
20260927,r11_a024,11,0.25,24,64,sigmoid,ambient,True,0,0.1368419054429825,-0.005675437194179234,0.4224029200809812,-0.018023662013815278
20260927,r11_a024,11,0.25,24,64,sigmoid,rock,True,0,0.09976523332669388,0.014334519422971273,0.3953156797754104,0.10793074916077477
20260927,r11_a024,11,0.25,24,64,temperature,macro,True,0,0.1471333097378446,0.011093726883020818,0.47022302606078115,0.0469418809407757
20260927,r11_a024,11,0.25,24,64,temperature,electronic,True,0,0.16805691135143205,0.002737909395445548,0.5085006193578452,0.011610308293510618
20260927,r11_a024,11,0.25,24,64,temperature,pop,True,0,0.18038482732250202,0.029493554400077643,0.5479235629046193,0.0795008061983642
20260927,r11_a024,11,0.25,24,64,temperature,ambient,True,0,0.14205658231386328,-0.00046076032329844807,0.43851816025590995,-0.0019084218388865093
20260927,r11_a024,11,0.25,24,64,temperature,rock,True,0,0.09803491796358113,0.012604204059858529,0.3859497617247501,0.09856483111011449
20260927,r11_a047,11,0.5,47,116,sigmoid,macro,True,0,0.14439478486453342,0.00835520200970961,0.4453131716912383,0.022032026571232904
20260927,r11_a047,11,0.5,47,116,sigmoid,electronic,True,0,0.17008551469019906,0.004766512734212552,0.5175099260672978,0.020619615002963276
20260927,r11_a047,11,0.5,47,116,sigmoid,pop,True,0,0.16347620336460797,0.01258493044218359,0.5042749506297396,0.03585219392348449
20260927,r11_a047,11,0.5,47,116,sigmoid,ambient,True,0,0.15213589569551,0.009618553058348273,0.45732869400299603,0.01690211190819957
20260927,r11_a047,11,0.5,47,116,sigmoid,rock,True,0,0.09188152570781663,0.006450811804094028,0.3021391160649199,0.014754185450284285
20260927,r11_a047,11,0.5,47,116,temperature,macro,True,0,0.14012623404366936,0.004086651188845547,0.43644793760239803,0.013166792482392595
20260927,r11_a047,11,0.5,47,116,temperature,electronic,True,0,0.1699535548896436,0.004634552933657082,0.5186633216265812,0.021773010562246675
20260927,r11_a047,11,0.5,47,116,temperature,pop,True,0,0.16093112233423792,0.010039849411813545,0.4993350936917967,0.030912336985541577
20260927,r11_a047,11,0.5,47,116,temperature,ambient,True,0,0.14209310959375018,-0.0004242330434115482,0.43860752141875314,-0.001819060676043316
20260927,r11_a047,11,0.5,47,116,temperature,rock,True,0,0.08752714935704571,0.002096435453323109,0.28918581367246105,0.001800883057825442
20260927,r11_a071,11,0.75,71,183,sigmoid,macro,True,0,0.13884301359778464,0.002803430742960831,0.42920733099361463,0.005926185873609213
20260927,r11_a071,11,0.75,71,183,sigmoid,electronic,True,0,0.1661281110210589,0.0008091090650723942,0.4990380624397317,0.0021477513753971333
20260927,r11_a071,11,0.75,71,183,sigmoid,pop,True,0,0.15473927530480058,0.0038480023823762033,0.480176119597939,0.011753362891683883
20260927,r11_a071,11,0.75,71,183,sigmoid,ambient,True,0,0.1451468410423247,0.0026294984051629666,0.4412677901505973,0.0008412080558008461
20260927,r11_a071,11,0.75,71,183,sigmoid,rock,True,0,0.08935782702295436,0.003927113119231759,0.2963473517861906,0.00896242117155499
20260927,r11_a071,11,0.75,71,183,temperature,macro,True,0,0.13769688781012024,0.0016573049552964167,0.4278448445466421,0.004563699426636675
20260927,r11_a071,11,0.75,71,183,temperature,electronic,True,0,0.16611840176882411,0.000799399812837609,0.49968748864347823,0.0027971775791436615
20260927,r11_a071,11,0.75,71,183,temperature,pop,True,0,0.15391979144751272,0.0030285185250883417,0.47859041233012267,0.010167655623867566
20260927,r11_a071,11,0.75,71,183,temperature,ambient,True,0,0.14230650874393513,-0.0002108338932265974,0.43953489875987767,-0.0008916833349187914
20260927,r11_a071,11,0.75,71,183,temperature,rock,True,0,0.08844284928020892,0.0030121353764863135,0.29356657845308987,0.006181647838454263
20260927,r12_a024,12,0.25,24,74,sigmoid,macro,True,0,0.14148705459092548,0.0054474717361016715,0.437080854996306,0.01379970987630054
20260927,r12_a024,12,0.25,24,74,sigmoid,electronic,True,0,0.17367442503110803,0.00835542307512152,0.5226541064772431,0.02576379541290852
20260927,r12_a024,12,0.25,24,74,sigmoid,pop,True,0,0.1555889692392482,0.004697696316823818,0.4783424369527459,0.009919680246490814
20260927,r12_a024,12,0.25,24,74,sigmoid,ambient,True,0,0.13773272155105945,-0.004784621086102281,0.42449339522424634,-0.01593318687055012
20260927,r12_a024,12,0.25,24,74,sigmoid,rock,True,0,0.09895210254228623,0.013521388638563628,0.32283348133098855,0.035448550716352945
20260927,r12_a024,12,0.25,24,74,temperature,macro,True,0,0.13650058182977834,0.000460998974954524,0.42331631380730933,3.516868730388256e-05
20260927,r12_a024,12,0.25,24,74,temperature,electronic,True,0,0.16598307606754392,0.0006640741115574167,0.49915608700648606,0.0022657759421514934
20260927,r12_a024,12,0.25,24,74,temperature,pop,True,0,0.15089136706664352,9.414421914266669e-08,0.46842337482792223,6.181216671286016e-07
20260927,r12_a024,12,0.25,24,74,temperature,ambient,True,0,0.14192268536440633,-0.0005946572727554,0.4378394557449636,-0.00258712634983288
20260927,r12_a024,12,0.25,24,74,temperature,rock,True,0,0.08720519882051954,0.0017744849167969368,0.2878463376498654,0.0004614070352297883
20260927,r12_a047,12,0.5,47,135,sigmoid,macro,True,0,0.13892504171966133,0.002885458864837532,0.42946377937635627,0.006182634256350905
20260927,r12_a047,12,0.5,47,135,sigmoid,electronic,True,0,0.16588920811472238,0.0005702061587358753,0.4986844902555245,0.0017941791911899596
20260927,r12_a047,12,0.5,47,135,sigmoid,pop,True,0,0.1547706818275823,0.0038794089051579217,0.47640508780568386,0.007982331099428752
20260927,r12_a047,12,0.5,47,135,sigmoid,ambient,True,0,0.1420766044530022,-0.0004407381841595448,0.4341433715325992,-0.006283210562197272
20260927,r12_a047,12,0.5,47,135,sigmoid,rock,True,0,0.09296367248333848,0.0075329585796158754,0.3086221679116178,0.02123723729698218
20260927,r12_a047,12,0.5,47,135,temperature,macro,True,0,0.13631149632297798,0.0002719134681541842,0.424977938038945,0.0016967929189395797
20260927,r12_a047,12,0.5,47,135,temperature,electronic,True,0,0.16628326615605543,0.0009642642000689261,0.500354602333643,0.0034642912693084726
20260927,r12_a047,12,0.5,47,135,temperature,pop,True,0,0.15094455277736438,5.3279854939997096e-05,0.468493629093699,7.087238744390989e-05
20260927,r12_a047,12,0.5,47,135,temperature,ambient,True,0,0.1419721517994098,-0.0005451908377519243,0.43806592795847843,-0.00236065413631803
20260927,r12_a047,12,0.5,47,135,temperature,rock,True,0,0.08604601455908234,0.0006153006553597379,0.29299759276995957,0.005612662155323966
20260927,r12_a071,12,0.75,71,202,sigmoid,macro,True,0,0.13779939513806533,0.0017598122832415339,0.42535155696897275,0.002070411848967335
20260927,r12_a071,12,0.75,71,202,sigmoid,electronic,True,0,0.1663649230172022,0.0010459210612157044,0.4987404765848504,0.0018501655205158118
20260927,r12_a071,12,0.75,71,202,sigmoid,pop,True,0,0.1519336458174737,0.001042372895049326,0.4705687859755758,0.0021460292693206706
20260927,r12_a071,12,0.75,71,202,sigmoid,ambient,True,0,0.1417931389132906,-0.0007242037238711363,0.4333240178037713,-0.007102564291025182
20260927,r12_a071,12,0.75,71,202,sigmoid,rock,True,0,0.09110587280429484,0.005675158900572241,0.29877294751169364,0.01138801689705804
20260927,r12_a071,12,0.75,71,202,temperature,macro,True,0,0.1359648745983349,-7.470825648888887e-05,0.4220796370148088,-0.0012015081051966886
20260927,r12_a071,12,0.75,71,202,temperature,electronic,True,0,0.16550453349340608,0.00018553153741956985,0.4974375881933137,0.0005472771289791178
20260927,r12_a071,12,0.75,71,202,temperature,pop,True,0,0.150896774311324,5.501388899625814e-06,0.46845763596465173,3.487925839662509e-05
20260927,r12_a071,12,0.75,71,202,temperature,ambient,True,0,0.1420045825892157,-0.000512760047946037,0.43821265503452117,-0.002213927060275289
20260927,r12_a071,12,0.75,71,202,temperature,rock,True,0,0.08545360799939389,2.2894095671285863e-05,0.2842106688667484,-0.003174261747887208
20260927,r13_a024,13,0.25,24,82,sigmoid,macro,True,0,0.14658941850771132,0.010549835652887512,0.45033781369630943,0.027056668576304024
20260927,r13_a024,13,0.25,24,82,sigmoid,electronic,True,0,0.1773393344889682,0.012020332532981681,0.5325475537509162,0.03565724268658166
20260927,r13_a024,13,0.25,24,82,sigmoid,pop,True,0,0.15506596533718872,0.004174692414764342,0.478607058938538,0.010184302232282894
20260927,r13_a024,13,0.25,24,82,sigmoid,ambient,True,0,0.13638336720571378,-0.006133975431447947,0.4223577283282676,-0.018068853766528836
20260927,r13_a024,13,0.25,24,82,sigmoid,rock,True,0,0.11756900699897457,0.03213829309525197,0.367838913767516,0.08045398315288038
20260927,r13_a024,13,0.25,24,82,temperature,macro,True,0,0.13655093165797538,0.0005113488031515886,0.4234360528256633,0.00015490770565788903
20260927,r13_a024,13,0.25,24,82,temperature,electronic,True,0,0.16552034324063358,0.00020134128464707746,0.49748875965682904,0.0005984485924944716
20260927,r13_a024,13,0.25,24,82,temperature,pop,True,0,0.1521193544685874,0.0012280815461630235,0.47261377554009354,0.0041910188338384335
20260927,r13_a024,13,0.25,24,82,temperature,ambient,True,0,0.14191692478554643,-0.000600417851615298,0.43781348896045447,-0.0026130931343419928
20260927,r13_a024,13,0.25,24,82,temperature,rock,True,0,0.08664710413713415,0.0012163902334115517,0.28582818714527625,-0.0015567434693593563
20260927,r13_a047,13,0.5,47,122,sigmoid,macro,True,0,0.14109261990399616,0.00505303704917234,0.43525631034235435,0.011975165222348871
20260927,r13_a047,13,0.5,47,122,sigmoid,electronic,True,0,0.16900087062280017,0.0036818686668136646,0.5100605269235982,0.01317021585926359
20260927,r13_a047,13,0.5,47,122,sigmoid,pop,True,0,0.15706898773714897,0.006177714814724594,0.48277572694832116,0.014352970242066054
20260927,r13_a047,13,0.5,47,122,sigmoid,ambient,True,0,0.13751842548188192,-0.004998917155279808,0.42437774412241674,-0.016048837972379715
20260927,r13_a047,13,0.5,47,122,sigmoid,rock,True,0,0.10078219577415351,0.015351481870430908,0.32381124337508116,0.036426312760445556
20260927,r13_a047,13,0.5,47,122,temperature,macro,True,0,0.13679794857954605,0.0007583657247222514,0.4248056690282761,0.001524523908270653
20260927,r13_a047,13,0.5,47,122,temperature,electronic,True,0,0.1670348357024443,0.0017158337464577844,0.5036152259084277,0.0067249148440930995
20260927,r13_a047,13,0.5,47,122,temperature,pop,True,0,0.15220928545487133,0.001318012532446955,0.4729225349673862,0.004499778261131071
20260927,r13_a047,13,0.5,47,122,temperature,ambient,True,0,0.14212817135090317,-0.0003891712862585661,0.4387620175697256,-0.0016645645250708552
20260927,r13_a047,13,0.5,47,122,temperature,rock,True,0,0.08581950180996543,0.0003887879062428323,0.2839228976675649,-0.0034620329470707034
20260927,r13_a071,13,0.75,71,179,sigmoid,macro,True,0,0.14186116821535671,0.005821585360532889,0.4363790165639259,0.01309787144392048
20260927,r13_a071,13,0.75,71,179,sigmoid,electronic,True,0,0.1668289638913638,0.0015099619353773075,0.5031431072464363,0.0062527961821017275
20260927,r13_a071,13,0.75,71,179,sigmoid,pop,True,0,0.1611595905898031,0.010268317667378707,0.49338690489223613,0.024964148185981028
20260927,r13_a071,13,0.75,71,179,sigmoid,ambient,True,0,0.14261445537223771,9.711273507598261e-05,0.4352230268757192,-0.005203555219077283
20260927,r13_a071,13,0.75,71,179,sigmoid,rock,True,0,0.09684166300802216,0.011410949104299559,0.31376302724131205,0.02637809662667645
20260927,r13_a071,13,0.75,71,179,temperature,macro,True,0,0.1373985922984686,0.0013590094436447958,0.42682505968812046,0.003543914568115064
20260927,r13_a071,13,0.75,71,179,temperature,electronic,True,0,0.16731818892347994,0.0019991869674934326,0.5049225852371583,0.008032274172823706
20260927,r13_a071,13,0.75,71,179,temperature,pop,True,0,0.15413677076822788,0.0032454978458034967,0.47928551117763524,0.010862754471380132
20260927,r13_a071,13,0.75,71,179,temperature,ambient,True,0,0.142180669093311,-0.000336673543850724,0.43899164257964507,-0.00143493951515139
20260927,r13_a071,13,0.75,71,179,temperature,rock,True,0,0.08595874040885558,0.000528026505132978,0.2841004997580434,-0.003284430856592191
20260927,r14_a024,14,0.25,24,57,sigmoid,macro,True,0,0.14861708451954866,0.012577501664724874,0.45384279737911604,0.030561652259110617
20260927,r14_a024,14,0.25,24,57,sigmoid,electronic,True,0,0.17109691920561848,0.005777917249631975,0.5150874143872402,0.018197103322905583
20260927,r14_a024,14,0.25,24,57,sigmoid,pop,True,0,0.1904783536286689,0.03958708070624453,0.5585386287786117,0.0901158720723566
20260927,r14_a024,14,0.25,24,57,sigmoid,ambient,True,0,0.14231919935261306,-0.00019814328454867414,0.43721166839070846,-0.003214913704087996
20260927,r14_a024,14,0.25,24,57,sigmoid,rock,True,0,0.09057386589129426,0.005143151987571662,0.3045334779599039,0.017148547345268272
20260927,r14_a024,14,0.25,24,57,temperature,macro,True,0,0.13936627106638058,0.0033266882115567664,0.434556940341404,0.011275795221398571
20260927,r14_a024,14,0.25,24,57,temperature,electronic,True,0,0.16670400650895356,0.0013850045529670563,0.5037372489558338,0.006846937891499261
20260927,r14_a024,14,0.25,24,57,temperature,pop,True,0,0.15862251625823603,0.007731243335811655,0.49282401108571416,0.02440125437945906
20260927,r14_a024,14,0.25,24,57,temperature,ambient,True,0,0.14210993666074662,-0.000407405976415115,0.4387940143702474,-0.001632567724549061
20260927,r14_a024,14,0.25,24,57,temperature,rock,True,0,0.09002862483758607,0.004597910933863469,0.30287248695382063,0.015487556339185027
20260927,r14_a047,14,0.5,47,118,sigmoid,macro,True,0,0.14802748311551236,0.01198790026068855,0.4521062566742158,0.02882511155421036
20260927,r14_a047,14,0.5,47,118,sigmoid,electronic,True,0,0.1656636981148198,0.0003446961588332853,0.49793640018625596,0.0010460891219213897
20260927,r14_a047,14,0.5,47,118,sigmoid,pop,True,0,0.18649977815724086,0.035608505234816484,0.5532979136928354,0.08487515698658032
20260927,r14_a047,14,0.5,47,118,sigmoid,ambient,True,0,0.14052314005027236,-0.001994202586889371,0.43260307057948605,-0.00782351151531041
20260927,r14_a047,14,0.5,47,118,sigmoid,rock,True,0,0.0994233161397164,0.0139926022359938,0.32458764223828573,0.03720271162365013
20260927,r14_a047,14,0.5,47,118,temperature,macro,True,0,0.1401171025092155,0.004077519654391699,0.4343945714858376,0.011113426365832124
20260927,r14_a047,14,0.5,47,118,temperature,electronic,True,0,0.16526094057967297,-5.806137631353403e-05,0.49675173115868376,-0.00013857990565080414
20260927,r14_a047,14,0.5,47,118,temperature,pop,True,0,0.16540667840575163,0.014515405483327248,0.5113525566517856,0.04292979994553048
20260927,r14_a047,14,0.5,47,118,temperature,ambient,True,0,0.1427126520914142,0.0001953094542524736,0.4420850683337784,0.00165848623898196
20260927,r14_a047,14,0.5,47,118,temperature,rock,True,0,0.08708813896002321,0.001657425056300607,0.28738892979910247,3.999184466862982e-06
20260927,r14_a071,14,0.75,71,181,sigmoid,macro,True,0,0.14249656236944194,0.006456979514618152,0.43713880471025857,0.013857659590253132
20260927,r14_a071,14,0.75,71,181,sigmoid,electronic,True,0,0.16558939079619728,0.00027038884021077236,0.4969801026617735,8.979159743893739e-05
20260927,r14_a071,14,0.75,71,181,sigmoid,pop,True,0,0.1656331982062237,0.014741925283799306,0.5036439261328104,0.03522116942655529
20260927,r14_a071,14,0.75,71,181,sigmoid,ambient,True,0,0.14012065217138162,-0.002396690465780116,0.4296462236815113,-0.010780358413285174
20260927,r14_a071,14,0.75,71,181,sigmoid,rock,True,0,0.09864300830396525,0.013212294400242644,0.3182849663649391,0.03090003575030348
20260927,r14_a071,14,0.75,71,181,temperature,macro,True,0,0.1371454096707396,0.0011058268159157801,0.42575285723918393,0.002471712119178515
20260927,r14_a071,14,0.75,71,181,temperature,electronic,True,0,0.16560714430856174,0.000288142352575238,0.49777850969418547,0.0008881986298509004
20260927,r14_a071,14,0.75,71,181,temperature,pop,True,0,0.15537631881313546,0.004485045890711081,0.48317320124200647,0.014750444535751361
20260927,r14_a071,14,0.75,71,181,temperature,ambient,True,0,0.14199674583044838,-0.0005205968067133471,0.43817731558425255,-0.0022492665105439125
20260927,r14_a071,14,0.75,71,181,temperature,rock,True,0,0.08560142973081275,0.0001707158270901482,0.2838824024362913,-0.0035025281783442885
20260927,r15_a024,15,0.25,24,56,sigmoid,macro,True,0,0.14184184197634592,0.005802259121522092,0.4402888772796105,0.01700773215960509
20260927,r15_a024,15,0.25,24,56,sigmoid,electronic,True,0,0.1793182713848038,0.013999269428817296,0.5491364350083496,0.052246123944015066
20260927,r15_a024,15,0.25,24,56,sigmoid,pop,True,0,0.15025090811760922,-0.0006403648048151633,0.46743858572674357,-0.0009841709795115339
20260927,r15_a024,15,0.25,24,56,sigmoid,ambient,True,0,0.15462773705912447,0.012110394421962739,0.4677689279882663,0.027342345893469844
20260927,r15_a024,15,0.25,24,56,sigmoid,rock,True,0,0.0831704513438461,-0.0022602625598765053,0.2768115603950826,-0.010573370219553013
20260927,r15_a024,15,0.25,24,56,temperature,macro,True,0,0.13679162872300749,0.0007520458681836845,0.42532602729405466,0.002044882174049273
20260927,r15_a024,15,0.25,24,56,temperature,electronic,True,0,0.16776434345699967,0.002445341501013165,0.5070556538974085,0.01016534283307391
20260927,r15_a024,15,0.25,24,56,temperature,pop,True,0,0.15112134103954553,0.00023006811712114605,0.46910775570632446,0.0006849990000693529
20260927,r15_a024,15,0.25,24,56,temperature,ambient,True,0,0.1425706745240066,5.333188684486512e-05,0.44128506280095386,0.0008584807061574051
20260927,r15_a024,15,0.25,24,56,temperature,rock,True,0,0.08571015587147816,0.0002794419677555615,0.283855636771532,-0.003529293843103576
20260927,r15_a047,15,0.5,47,126,sigmoid,macro,True,0,0.13675816110659766,0.0007185782517738458,0.42449095631941475,0.001209811199409258
20260927,r15_a047,15,0.5,47,126,sigmoid,electronic,True,0,0.16582039579740265,0.0005013938414161478,0.49839448088298377,0.0015041698186492036
20260927,r15_a047,15,0.5,47,126,sigmoid,pop,True,0,0.15571540209031146,0.004824129167887076,0.4839073131648051,0.015484556458550014
20260927,r15_a047,15,0.5,47,126,sigmoid,ambient,True,0,0.13620756607027645,-0.006309776566885278,0.42169028907480743,-0.018736293019989025
20260927,r15_a047,15,0.5,47,126,sigmoid,rock,True,0,0.08928928046840004,0.0038585665646774375,0.29397174215506244,0.00658681154042684
20260927,r15_a047,15,0.5,47,126,temperature,macro,True,0,0.1371128764426624,0.0010732935878385828,0.4256573872298943,0.002376242109888904
20260927,r15_a047,15,0.5,47,126,temperature,electronic,True,0,0.1655261711367847,0.00020716918079818902,0.497507757506867,0.0006174464425324211
20260927,r15_a047,15,0.5,47,126,temperature,pop,True,0,0.15544374532467084,0.00455247240224646,0.48338095644998597,0.01495819974373086
20260927,r15_a047,15,0.5,47,126,temperature,ambient,True,0,0.14191785537612164,-0.0005994872610400881,0.43781742387186295,-0.0026091582229335053
20260927,r15_a047,15,0.5,47,126,temperature,rock,True,0,0.08556373393307237,0.0001330200293497702,0.28392341109086144,-0.003461519523774159
20260927,r15_a071,15,0.75,71,180,sigmoid,macro,True,0,0.1369992952607454,0.0009597124059215929,0.4245187953999904,0.0012376502799849448
20260927,r15_a071,15,0.75,71,180,sigmoid,electronic,True,0,0.16664300205069302,0.0013240000947065123,0.5003491253917223,0.0034588143273877048
20260927,r15_a071,15,0.75,71,180,sigmoid,pop,True,0,0.15126674049323174,0.00037546757080736404,0.4715152265795032,0.0030924698732480715
20260927,r15_a071,15,0.75,71,180,sigmoid,ambient,True,0,0.13992929183414354,-0.002588050803018188,0.4307007486814498,-0.009725833413346652
20260927,r15_a071,15,0.75,71,180,sigmoid,rock,True,0,0.09015814666491329,0.0047274327611906836,0.29551008094728626,0.008125150332650655
20260927,r15_a071,15,0.75,71,180,temperature,macro,True,0,0.136797244465361,0.0007576616105371969,0.4245961824276615,0.0013150373076561
20260927,r15_a071,15,0.75,71,180,temperature,electronic,True,0,0.16591115494559702,0.0005921529896105171,0.49888033080869176,0.0019900197443571965
20260927,r15_a071,15,0.75,71,180,temperature,pop,True,0,0.15249391571424634,0.0016026427918219566,0.4738918623330223,0.005469105626767168
20260927,r15_a071,15,0.75,71,180,temperature,ambient,True,0,0.14274759320378083,0.00023025056661910015,0.4413791723812822,0.0009525902864857549
20260927,r15_a071,15,0.75,71,180,temperature,rock,True,0,0.08603631399781982,0.0006056000940972139,0.2842333641876499,-0.003151566426985719
20260927,r16_a024,16,0.25,24,55,sigmoid,macro,True,0,0.14951218944108682,0.01347260658626304,0.4620427129940653,0.03876156787405985
20260927,r16_a024,16,0.25,24,55,sigmoid,electronic,True,0,0.1688606215380694,0.0035416195820829055,0.507148292290571,0.010257981226236446
20260927,r16_a024,16,0.25,24,55,sigmoid,pop,True,0,0.15830184270142997,0.007410569779005588,0.5037470841544113,0.03532432744815617
20260927,r16_a024,16,0.25,24,55,sigmoid,ambient,True,0,0.14381208595526143,0.0012947433180997003,0.4387380481919963,-0.00168853390280016
20260927,r16_a024,16,0.25,24,55,sigmoid,rock,True,0,0.12707420756958657,0.041643493665863965,0.39853742733928255,0.11115249672464694
20260927,r16_a024,16,0.25,24,55,temperature,macro,True,0,0.1400464625351404,0.004006879680316582,0.44377858462957437,0.02049743950956895
20260927,r16_a024,16,0.25,24,55,temperature,electronic,True,0,0.1652642080911515,-5.479386483500659e-05,0.49675881043995035,-0.0001315006243842176
20260927,r16_a024,16,0.25,24,55,temperature,pop,True,0,0.1556907132380947,0.004799440315670311,0.49726405901937815,0.02884130231312304
20260927,r16_a024,16,0.25,24,55,temperature,ambient,True,0,0.14276960088344645,0.00025225824628472004,0.441469220315969,0.0010426382211725649
20260927,r16_a024,16,0.25,24,55,temperature,rock,True,0,0.0964613279278689,0.011030614024146304,0.339622248743,0.05223731812836441
20260927,r16_a047,16,0.5,47,118,sigmoid,macro,True,0,0.13937807256679305,0.003338489711969237,0.43047217826004636,0.0071910331400409505
20260927,r16_a047,16,0.5,47,118,sigmoid,electronic,True,0,0.166202858436827,0.0008838564808404947,0.5003591936029533,0.003468882538618767
20260927,r16_a047,16,0.5,47,118,sigmoid,pop,True,0,0.1594791528795481,0.008587879957123706,0.4866244965411128,0.018201739834857678
20260927,r16_a047,16,0.5,47,118,sigmoid,ambient,True,0,0.14090116372310652,-0.0016161789140552163,0.43154384720879607,-0.008882734886000387
20260927,r16_a047,16,0.5,47,118,sigmoid,rock,True,0,0.09092911522769057,0.0054984013239679635,0.30336117568732335,0.015976245072687745
20260927,r16_a047,16,0.5,47,118,temperature,macro,True,0,0.13647314322729023,0.00043356037246643567,0.4256233448076693,0.0023421996876638457
20260927,r16_a047,16,0.5,47,118,temperature,electronic,True,0,0.16674689738764217,0.001427895431655668,0.5023279319069948,0.005437620842660196
20260927,r16_a047,16,0.5,47,118,temperature,pop,True,0,0.15101208769391375,0.00012081477148936925,0.46872323033662927,0.0003004736303741651
20260927,r16_a047,16,0.5,47,118,temperature,ambient,True,0,0.14213525827061024,-0.00038208436655148836,0.4387931308087384,-0.001633451286058074
20260927,r16_a047,16,0.5,47,118,temperature,rock,True,0,0.0859983295569948,0.0005676156532721938,0.2926490861783147,0.005264155563679096
20260927,r16_a071,16,0.75,71,190,sigmoid,macro,True,0,0.13917891062668253,0.0031393277718587444,0.42898434913291106,0.005703204012905597
20260927,r16_a071,16,0.75,71,190,sigmoid,electronic,True,0,0.1656186845928856,0.0002996826368990846,0.4979543515013348,0.0010640404370002576
20260927,r16_a071,16,0.75,71,190,sigmoid,pop,True,0,0.1585621136095718,0.007670840687147407,0.4857043234234609,0.01728156671720582
20260927,r16_a071,16,0.75,71,190,sigmoid,ambient,True,0,0.14135496300832587,-0.0011623796288358634,0.43227026778123734,-0.008156314313559121
20260927,r16_a071,16,0.75,71,190,sigmoid,rock,True,0,0.09117988129594695,0.00574916739222435,0.30000845382561103,0.01262352321097543
20260927,r16_a071,16,0.75,71,190,temperature,macro,True,0,0.13635153372067163,0.0003119508658478362,0.4238453666158022,0.0005642214957967545
20260927,r16_a071,16,0.75,71,190,temperature,electronic,True,0,0.1659877444845835,0.0006687425285969995,0.4991741536510703,0.0022838425867357515
20260927,r16_a071,16,0.75,71,190,temperature,pop,True,0,0.15207583709854489,0.0011845641761205061,0.4724639246469432,0.004041167940688095
20260927,r16_a071,16,0.75,71,190,temperature,ambient,True,0,0.14198549232315352,-0.0005318503140082087,0.43812644156565966,-0.002300140529136796
20260927,r16_a071,16,0.75,71,190,temperature,rock,True,0,0.08535706097640465,-7.365292731795203e-05,0.28561694659953557,-0.0017679840151000326
20260927,r17_a024,17,0.25,24,73,sigmoid,macro,True,0,0.14410679409932087,0.00806721124449706,0.44544364559560357,0.022162500475598118
20260927,r17_a024,17,0.25,24,73,sigmoid,electronic,True,0,0.1649843966934504,-0.0003346052625360918,0.4967067970950815,-0.00018351396925309071
20260927,r17_a024,17,0.25,24,73,sigmoid,pop,True,0,0.17760300614508936,0.026711733222664985,0.5337944435114792,0.0653716868052241
20260927,r17_a024,17,0.25,24,73,sigmoid,ambient,True,0,0.1400349473944799,-0.002482395242681845,0.43781553235090426,-0.002611049743892202
20260927,r17_a024,17,0.25,24,73,sigmoid,rock,True,0,0.09380482616426379,0.008374112260541189,0.3134578094249493,0.02607287881031367
20260927,r17_a024,17,0.25,24,73,temperature,macro,True,0,0.1409178975591816,0.004878314704357827,0.440091155755119,0.016810010635113573
20260927,r17_a024,17,0.25,24,73,temperature,electronic,True,0,0.16524081403863217,-7.818791735433872e-05,0.49748882746431283,0.0005985163999782661
20260927,r17_a024,17,0.25,24,73,temperature,pop,True,0,0.16403867944554448,0.013147406523120103,0.5077521962614822,0.03932943955522705
20260927,r17_a024,17,0.25,24,73,temperature,ambient,True,0,0.14435739196002387,0.0018400493228621362,0.4522114911033711,0.011784909008574651
20260927,r17_a024,17,0.25,24,73,temperature,rock,True,0,0.09003470479252601,0.004603990888803408,0.3029121081913099,0.015527177576674323
20260927,r17_a047,17,0.5,47,137,sigmoid,macro,True,0,0.14397282405810746,0.007933241203283658,0.44921688948298216,0.02593574436297673
20260927,r17_a047,17,0.5,47,137,sigmoid,electronic,True,0,0.16599098630274756,0.0006719843467610509,0.49798559901272615,0.0010952879483915878
20260927,r17_a047,17,0.5,47,137,sigmoid,pop,True,0,0.1663772279231901,0.015485955000765717,0.5057325952864793,0.037309838580224186
20260927,r17_a047,17,0.5,47,137,sigmoid,ambient,True,0,0.1387423839003873,-0.003774958736774442,0.4290317510688402,-0.011394831025956287
20260927,r17_a047,17,0.5,47,137,sigmoid,rock,True,0,0.10478069810610491,0.019349984202382306,0.36411761256388303,0.07673268194924743
20260927,r17_a047,17,0.5,47,137,temperature,macro,True,0,0.13905927570988005,0.0030196928550562697,0.4360176354519759,0.012736490331970496
20260927,r17_a047,17,0.5,47,137,temperature,electronic,True,0,0.16542514071728912,0.00010613876130260991,0.49718970862193407,0.00029939755759950115
20260927,r17_a047,17,0.5,47,137,temperature,pop,True,0,0.15611371192976686,0.005222439007342483,0.485426497759755,0.017003741053499888
20260927,r17_a047,17,0.5,47,137,temperature,ambient,True,0,0.14199488016416364,-0.0005224624729980865,0.43820353095816983,-0.0022230511366266303
20260927,r17_a047,17,0.5,47,137,temperature,rock,True,0,0.09270337002830067,0.007272656124578072,0.32325080446804483,0.035865873853409225
20260927,r17_a071,17,0.75,71,192,sigmoid,macro,True,0,0.14015195620651544,0.0041123733516916505,0.43166109021176596,0.00837994509176053
20260927,r17_a071,17,0.75,71,192,sigmoid,electronic,True,0,0.1647759655312623,-0.000543036424724197,0.4952482071644121,-0.0016421038999224757
20260927,r17_a071,17,0.75,71,192,sigmoid,pop,True,0,0.15985981446478847,0.008968541542364095,0.4895624516308455,0.02113969492459039
20260927,r17_a071,17,0.75,71,192,sigmoid,ambient,True,0,0.13776652359285252,-0.004750819044309212,0.424748600191919,-0.015677981902877447
20260927,r17_a071,17,0.75,71,192,sigmoid,rock,True,0,0.09820552123715852,0.012774807333435917,0.31708510185988725,0.02970017124525165
20260927,r17_a071,17,0.75,71,192,temperature,macro,True,0,0.136521902615717,0.0004823197608932045,0.4238382802900386,0.0005571351700331961
20260927,r17_a071,17,0.75,71,192,temperature,electronic,True,0,0.16522088769467114,-9.811426131536849e-05,0.49667531168955065,-0.00021499937478391962
20260927,r17_a071,17,0.75,71,192,temperature,pop,True,0,0.15323675147975718,0.002345478557332803,0.47636984025171997,0.007947083545464861
20260927,r17_a071,17,0.75,71,192,temperature,ambient,True,0,0.1420479464121987,-0.00046939622496303124,0.4384070071035526,-0.0020195749912438332
20260927,r17_a071,17,0.75,71,192,temperature,rock,True,0,0.08558202487624102,0.00015131097251841474,0.2839009621153313,-0.003483968499304324
20260927,r18_a024,18,0.25,24,69,sigmoid,macro,True,0,0.14702146005402092,0.010981877199197118,0.4509009679911227,0.02761982287111729
20260927,r18_a024,18,0.25,24,69,sigmoid,electronic,True,0,0.16844176735872277,0.0031227654027362606,0.5083871354702103,0.011496824405875739
20260927,r18_a024,18,0.25,24,69,sigmoid,pop,True,0,0.16109524828247365,0.010203975360049272,0.49267393408001153,0.024251177373756427
20260927,r18_a024,18,0.25,24,69,sigmoid,ambient,True,0,0.14981931400761148,0.007301971370449745,0.45842798737010865,0.018001405275312188
20260927,r18_a024,18,0.25,24,69,sigmoid,rock,True,0,0.1087295105672758,0.023298796663553195,0.3441148150441604,0.05672988442952481
20260927,r18_a024,18,0.25,24,69,temperature,macro,True,0,0.1365591130552989,0.000519530200475099,0.42557428287590016,0.0022931377558946947
20260927,r18_a024,18,0.25,24,69,temperature,electronic,True,0,0.1675261631896023,0.0022071612336158064,0.5059059766173611,0.009015665553026575
20260927,r18_a024,18,0.25,24,69,temperature,pop,True,0,0.15119596559298934,0.00030469267056495997,0.47003156372492605,0.0016088070186709436
20260927,r18_a024,18,0.25,24,69,temperature,ambient,True,0,0.14204580970591554,-0.000471532931246188,0.43846287060770733,-0.001963711487089126
20260927,r18_a024,18,0.25,24,69,temperature,rock,True,0,0.08546851373268842,3.779982896581768e-05,0.287896720553606,0.0005117899389703862
20260927,r18_a047,18,0.5,47,115,sigmoid,macro,True,0,0.14446245932678062,0.008422876471956803,0.4431620816402859,0.019880936520280446
20260927,r18_a047,18,0.5,47,115,sigmoid,electronic,True,0,0.16904162332573167,0.0037226213697451604,0.5107986432315789,0.013908332167244297
20260927,r18_a047,18,0.5,47,115,sigmoid,pop,True,0,0.16169880226617517,0.010807529343750788,0.49156157026409814,0.02313881355784303
20260927,r18_a047,18,0.5,47,115,sigmoid,ambient,True,0,0.1477645326111758,0.005247189974014077,0.4495498097592853,0.009123227664488864
20260927,r18_a047,18,0.5,47,115,sigmoid,rock,True,0,0.09934487910403979,0.013914165200317186,0.3207383033061812,0.03335337269154559
20260927,r18_a047,18,0.5,47,115,temperature,macro,True,0,0.13659121546600383,0.0005516326111800196,0.42524057043737773,0.001959425317372296
20260927,r18_a047,18,0.5,47,115,temperature,electronic,True,0,0.1679398712198745,0.0026208692638879927,0.5079183316196041,0.011028020555269524
20260927,r18_a047,18,0.5,47,115,temperature,pop,True,0,0.15110772875958756,0.0002164558371631764,0.4690594962077574,0.0006367395015022814
20260927,r18_a047,18,0.5,47,115,temperature,ambient,True,0,0.14195468653338145,-0.0005626561037802846,0.4380015553838586,-0.002425026710937861
20260927,r18_a047,18,0.5,47,115,temperature,rock,True,0,0.0853625753511718,-6.813855255080603e-05,0.28598289853829084,-0.0014020320763447613
20260927,r18_a071,18,0.75,71,199,sigmoid,macro,True,0,0.14031097055347447,0.004271387698650677,0.4319878414505725,0.008706696330567032
20260927,r18_a071,18,0.75,71,199,sigmoid,electronic,True,0,0.16592807608991206,0.0006090741339255523,0.49888684737201355,0.0019965363076789866
20260927,r18_a071,18,0.75,71,199,sigmoid,pop,True,0,0.15955392371057397,0.008662650788149595,0.4900335562510527,0.02161079954479761
20260927,r18_a071,18,0.75,71,199,sigmoid,ambient,True,0,0.14323455806222327,0.0007172154250615348,0.4370414456715882,-0.003385136423208257
20260927,r18_a071,18,0.75,71,199,sigmoid,rock,True,0,0.09252732435118863,0.007096610447466026,0.3019895165076354,0.014604585892999788
20260927,r18_a071,18,0.75,71,199,temperature,macro,True,0,0.1370132026524858,0.0009736197976619801,0.42524343529794784,0.001962290177942458
20260927,r18_a071,18,0.75,71,199,temperature,electronic,True,0,0.166200009385855,0.0008810074298684911,0.5000151630581313,0.003124851993796751
20260927,r18_a071,18,0.75,71,199,temperature,pop,True,0,0.1541083087863297,0.0032170358639053154,0.47919459931663383,0.010771842610378723
20260927,r18_a071,18,0.75,71,199,temperature,ambient,True,0,0.14192253013316053,-0.000594812504001202,0.43783874256467403,-0.0025878395301224266
20260927,r18_a071,18,0.75,71,199,temperature,rock,True,0,0.08582196230459792,0.00039124840087531587,0.2839252362523524,-0.0034596943622832166
20260927,r19_a024,19,0.25,24,57,sigmoid,macro,True,0,0.15135456337789094,0.015314980523067147,0.4620157704475846,0.03873462532757914
20260927,r19_a024,19,0.25,24,57,sigmoid,electronic,True,0,0.16632212547364705,0.001003123517660548,0.49956015913505747,0.002669848070722902
20260927,r19_a024,19,0.25,24,57,sigmoid,pop,True,0,0.17352254502369288,0.0226312721012685,0.527185165717948,0.05876240901169294
20260927,r19_a024,19,0.25,24,57,sigmoid,ambient,True,0,0.15371644558071973,0.011199102943557998,0.46287560689657636,0.022449024801779904
20260927,r19_a024,19,0.25,24,57,sigmoid,rock,True,0,0.11185713743350414,0.026426423529781543,0.3584421500407564,0.07105721942612081
20260927,r19_a024,19,0.25,24,57,temperature,macro,True,0,0.13952812190191502,0.003488539047091215,0.4330421585855328,0.009761013465527366
20260927,r19_a024,19,0.25,24,57,temperature,electronic,True,0,0.16644020548177801,0.0011212035257915087,0.5010075375436879,0.004117226479353309
20260927,r19_a024,19,0.25,24,57,temperature,pop,True,0,0.1642389460699605,0.013347673147536127,0.5082829538866422,0.039860197180387136
20260927,r19_a024,19,0.25,24,57,temperature,ambient,True,0,0.14203262005638329,-0.0004847225807784461,0.4383385357891439,-0.002088046305652569
20260927,r19_a024,19,0.25,24,57,temperature,rock,True,0,0.08540071599953827,-2.999790418432846e-05,0.2845396071226572,-0.002845323491978413
20260927,r19_a047,19,0.5,47,112,sigmoid,macro,True,0,0.1382676191918936,0.0022280363370697845,0.4289661050097169,0.005684959889711405
20260927,r19_a047,19,0.5,47,112,sigmoid,electronic,True,0,0.16484755727761607,-0.0004714446783704307,0.49617178704512616,-0.0007185240192084108
20260927,r19_a047,19,0.5,47,112,sigmoid,pop,True,0,0.1578203917147312,0.006929118792306815,0.49224764333620963,0.023824886629954523
20260927,r19_a047,19,0.5,47,112,sigmoid,ambient,True,0,0.13757420900480868,-0.004943133632353047,0.42453258122397525,-0.015894000870821212
20260927,r19_a047,19,0.5,47,112,sigmoid,rock,True,0,0.0928283187704184,0.0073976048666958005,0.3029124084335563,0.01552747781892072
20260927,r19_a047,19,0.5,47,112,temperature,macro,True,0,0.13817610104136893,0.0021365181865451374,0.42922344159057996,0.005942296470574537
20260927,r19_a047,19,0.5,47,112,temperature,electronic,True,0,0.16529759548946474,-2.1406466521767253e-05,0.4978080559280578,0.0009177448637232577
20260927,r19_a047,19,0.5,47,112,temperature,pop,True,0,0.15973757366500502,0.008846300742580637,0.4959999514226815,0.02757719471642639
20260927,r19_a047,19,0.5,47,112,temperature,ambient,True,0,0.1421822416391572,-0.00033510099800454496,0.43899849152644277,-0.0014280905683536904
20260927,r19_a047,19,0.5,47,112,temperature,rock,True,0,0.08548699337184883,5.627946812622464e-05,0.2840872674851378,-0.0032976631294978076
20260927,r19_a071,19,0.75,71,186,sigmoid,macro,True,0,0.14076295217199655,0.0047233693171727514,0.43288978106117426,0.009608635941168814
20260927,r19_a071,19,0.75,71,186,sigmoid,electronic,True,0,0.16550034594614443,0.00018134399015792835,0.4967421389846325,-0.00014817207970208024
20260927,r19_a071,19,0.75,71,186,sigmoid,pop,True,0,0.15871996524006354,0.007828692317639163,0.48843930870837754,0.020016552002122434
20260927,r19_a071,19,0.75,71,186,sigmoid,ambient,True,0,0.1443342022193286,0.0018168595821668743,0.4390911375725788,-0.001335444522217677
20260927,r19_a071,19,0.75,71,186,sigmoid,rock,True,0,0.09449729528244964,0.00906658137872704,0.3072865389791082,0.01990160836447258
20260927,r19_a071,19,0.75,71,186,temperature,macro,True,0,0.1368884570173946,0.0008488741625707896,0.42485355278575165,0.0015724076657462338
20260927,r19_a071,19,0.75,71,186,temperature,electronic,True,0,0.16563393694723394,0.0003149349912474342,0.49787061986038583,0.0009803087960512658
20260927,r19_a071,19,0.75,71,186,temperature,pop,True,0,0.1540578564418553,0.0031665835194309155,0.479033250690077,0.010610493983821911
20260927,r19_a071,19,0.75,71,186,temperature,ambient,True,0,0.14209851419288935,-0.00041882844427237886,0.438631399715717,-0.0017951823790794408
20260927,r19_a071,19,0.75,71,186,temperature,rock,True,0,0.08576352048759979,0.00033280658387718765,0.2838789408768268,-0.003505989737808801
20260927,r20_a024,20,0.25,24,49,sigmoid,macro,True,0,0.17010877206071398,0.034069189205890166,1.3116010167293783,0.8883198716093731
20260927,r20_a024,20,0.25,24,49,sigmoid,electronic,True,0,0.1756710009981735,0.010351999042187005,0.5583831976967403,0.06149288663240571
20260927,r20_a024,20,0.25,24,49,sigmoid,pop,True,0,0.18362230397727425,0.03273103105484987,0.9109034213420643,0.44248066463580915
20260927,r20_a024,20,0.25,24,49,sigmoid,ambient,True,0,0.19114594536808438,0.04862860273092265,0.7009917620907493,0.26056517999595286
20260927,r20_a024,20,0.25,24,49,sigmoid,rock,True,0,0.12999583789932376,0.044565123995601155,3.07612568578796,2.7887407551733245
20260927,r20_a024,20,0.25,24,49,temperature,macro,True,0,0.14993503579242937,0.013895452937605551,0.6670272714833704,0.243746126363365
20260927,r20_a024,20,0.25,24,49,temperature,electronic,True,0,0.1753154025749565,0.009996400618970003,0.5540855890976298,0.05719527803329527
20260927,r20_a024,20,0.25,24,49,temperature,pop,True,0,0.17238505120169675,0.021493778279272374,0.6814957287382345,0.2130729720319794
20260927,r20_a024,20,0.25,24,49,temperature,ambient,True,0,0.1419176209142505,-0.0005997217229112284,0.43781734048911003,-0.00260924160568643
20260927,r20_a024,20,0.25,24,49,temperature,rock,True,0,0.11012206847881366,0.024691354575091057,0.9947104276085074,0.7073254969938718
20260927,r20_a047,20,0.5,47,108,sigmoid,macro,True,0,0.14110098363082527,0.0050614007760014686,0.4400118097566671,0.01673066463666159
20260927,r20_a047,20,0.5,47,108,sigmoid,electronic,True,0,0.16912553730289456,0.0038065353469080576,0.5139309667144567,0.01704065565012214
20260927,r20_a047,20,0.5,47,108,sigmoid,pop,True,0,0.15639235292268266,0.005501080000258285,0.48776842189420033,0.019345665187945227
20260927,r20_a047,20,0.5,47,108,sigmoid,ambient,True,0,0.14591819745491075,0.003400854817749016,0.443356079820659,0.00292949772586254
20260927,r20_a047,20,0.5,47,108,sigmoid,rock,True,0,0.09296784684281312,0.007537132939090516,0.31499177059735206,0.027606839982716458
20260927,r20_a047,20,0.5,47,108,temperature,macro,True,0,0.13882498873970492,0.0027854058848810967,0.43562856250903487,0.012347417389029433
20260927,r20_a047,20,0.5,47,108,temperature,electronic,True,0,0.16905359386650565,0.0037345919105191416,0.5136761173713813,0.016785806307046736
20260927,r20_a047,20,0.5,47,108,temperature,pop,True,0,0.15321330069308536,0.0023220277706609838,0.48124741975740437,0.012824663051149265
20260927,r20_a047,20,0.5,47,108,temperature,ambient,True,0,0.14215012522179313,-0.00036721741536860364,0.43885828080368,-0.0015683012911164584
20260927,r20_a047,20,0.5,47,108,temperature,rock,True,0,0.09088293517743547,0.005452221273712865,0.3087324321036738,0.02134750148903819
20260927,r20_a071,20,0.75,71,164,sigmoid,macro,True,0,0.13890488699331624,0.002865304138492411,0.42871298722411033,0.0054318421041048975
20260927,r20_a071,20,0.75,71,164,sigmoid,electronic,True,0,0.16628519627064034,0.0009661943146538343,0.4994495927406068,0.0025592816762722292
20260927,r20_a071,20,0.75,71,164,sigmoid,pop,True,0,0.15291640208603047,0.0020251291636060875,0.4746314097973727,0.006208653091117622
20260927,r20_a071,20,0.75,71,164,sigmoid,ambient,True,0,0.14941007679770432,0.006892734160542591,0.453948520460488,0.013521938365691544
20260927,r20_a071,20,0.75,71,164,sigmoid,rock,True,0,0.08700787281888973,0.0015771589151671317,0.2868224258979738,-0.0005625047166618047
20260927,r20_a071,20,0.75,71,164,temperature,macro,True,0,0.13657264677478542,0.0005330639199616072,0.4238584040230057,0.0005772589030002134
20260927,r20_a071,20,0.75,71,164,temperature,electronic,True,0,0.1662374542416918,0.0009184522857053068,0.5001672028621849,0.00327689179785029
20260927,r20_a071,20,0.75,71,164,temperature,pop,True,0,0.15152121780918565,0.0006299448867612689,0.4717270347417798,0.003304278035524688
20260927,r20_a071,20,0.75,71,164,temperature,ambient,True,0,0.14191692435974176,-0.0006004182774199673,0.4378135827249644,-0.0026129993698320586
20260927,r20_a071,20,0.75,71,164,temperature,rock,True,0,0.08661499068852242,0.0011842767847998203,0.28572579576309354,-0.0016591348515420656
20260927,r21_a024,21,0.25,24,61,sigmoid,macro,True,0,0.15102801848625244,0.014988435631428623,0.4720986988708538,0.04881755375084838
20260927,r21_a024,21,0.25,24,61,sigmoid,electronic,True,0,0.1909442370733255,0.025625235117338996,0.5982777342022028,0.1013874231378682
20260927,r21_a024,21,0.25,24,61,sigmoid,pop,True,0,0.16984226060047547,0.01895098767805109,0.5204892082319658,0.052066451525710655
20260927,r21_a024,21,0.25,24,61,sigmoid,ambient,True,0,0.15260377183481308,0.010086429197651348,0.45845236486645197,0.018025782771655507
20260927,r21_a024,21,0.25,24,61,sigmoid,rock,True,0,0.09072180443639566,0.005291090532673057,0.3111754881827948,0.023790557568159176
20260927,r21_a024,21,0.25,24,61,temperature,macro,True,0,0.14066480756090838,0.004625224706084553,0.4395140762512755,0.01623293113127003
20260927,r21_a024,21,0.25,24,61,temperature,electronic,True,0,0.16669995396655748,0.0013809520105709794,0.5021222779256457,0.00523196686131111
20260927,r21_a024,21,0.25,24,61,temperature,pop,True,0,0.1657516314631348,0.014860358540710411,0.5122514227625351,0.04382866605628
20260927,r21_a024,21,0.25,24,61,temperature,ambient,True,0,0.14209579677177578,-0.00042154586538595273,0.43861939673490064,-0.0018071853598958243
20260927,r21_a024,21,0.25,24,61,temperature,rock,True,0,0.08811184804216537,0.002681134138442773,0.30506320758202043,0.01767827696738483
20260927,r21_a047,21,0.5,47,112,sigmoid,macro,True,0,0.1414616612828504,0.005422078428026583,0.43568442086029097,0.012403275740285546
20260927,r21_a047,21,0.5,47,112,sigmoid,electronic,True,0,0.16465758484699722,-0.0006614171089892873,0.49517599684799685,-0.00171431421633772
20260927,r21_a047,21,0.5,47,112,sigmoid,pop,True,0,0.17777765260308645,0.02688637968066207,0.5325178307424533,0.06409507403619819
20260927,r21_a047,21,0.5,47,112,sigmoid,ambient,True,0,0.13779964408022724,-0.004717698556934491,0.4257064510671349,-0.014720131027661565
20260927,r21_a047,21,0.5,47,112,sigmoid,rock,True,0,0.08561176360109064,0.00018104969736804088,0.2893374047835789,0.0019524741689432856
20260927,r21_a047,21,0.5,47,112,temperature,macro,True,0,0.13842973991933905,0.0023901570645152373,0.4314048788548617,0.008123733734856198
20260927,r21_a047,21,0.5,47,112,temperature,electronic,True,0,0.16514934644188853,-0.0001696555140979772,0.4967491376603034,-0.00014117340403119183
20260927,r21_a047,21,0.5,47,112,temperature,pop,True,0,0.16025485029349515,0.00936357737107077,0.4974531337701441,0.029030377063889
20260927,r21_a047,21,0.5,47,112,temperature,ambient,True,0,0.14271879270369578,0.00020145006653404796,0.44211997407676795,0.0016933919819714927
20260927,r21_a047,21,0.5,47,112,temperature,rock,True,0,0.08559597023827671,0.00016525633455410915,0.2892972699122311,0.001912339297595489
20260927,r21_a071,21,0.75,71,188,sigmoid,macro,True,0,0.13951840392799725,0.0034788210731734326,0.4303083013930855,0.007027156273080079
20260927,r21_a071,21,0.75,71,188,sigmoid,electronic,True,0,0.164962994003115,-0.00035600795287149545,0.49568355806430864,-0.0012067530000259286
20260927,r21_a071,21,0.75,71,188,sigmoid,pop,True,0,0.16073885426662265,0.009847581344198275,0.4921449321719112,0.02372217546565608
20260927,r21_a071,21,0.75,71,188,sigmoid,ambient,True,0,0.13698200543436187,-0.0055353372027998615,0.42369781835349946,-0.016728763741297004
20260927,r21_a071,21,0.75,71,188,sigmoid,rock,True,0,0.09538976200788941,0.009959048104166812,0.30970689698262277,0.022321966367987167
20260927,r21_a071,21,0.75,71,188,temperature,macro,True,0,0.13680068595978992,0.0007611031049660974,0.42508521839744157,0.0018040732774361606
20260927,r21_a071,21,0.75,71,188,temperature,electronic,True,0,0.1654405022327029,0.0001215002767163964,0.49723636475825467,0.0003460536939201009
20260927,r21_a071,21,0.75,71,188,temperature,pop,True,0,0.15386261041302457,0.00297133749060019,0.47840643920613796,0.009983682499882851
20260927,r21_a071,21,0.75,71,188,temperature,ambient,True,0,0.14243492113519987,-8.242150196186016e-05,0.44053335570423524,0.00010677360943878167
20260927,r21_a071,21,0.75,71,188,temperature,rock,True,0,0.08546471005823227,3.399615450966342e-05,0.2841647139211385,-0.003220216693497091
20260927,r22_a024,22,0.25,24,59,sigmoid,macro,True,0,0.1440613125191158,0.008021729664292009,0.45230788429671664,0.02902673917671121
20260927,r22_a024,22,0.25,24,59,sigmoid,electronic,True,0,0.18078726012892216,0.01546825817293565,0.5541479112913039,0.05725760022696935
20260927,r22_a024,22,0.25,24,59,sigmoid,pop,True,0,0.16030365790284273,0.009412384980418353,0.49680565327820847,0.028382896571953364
20260927,r22_a024,22,0.25,24,59,sigmoid,ambient,True,0,0.14512640204300684,0.0026090594058451044,0.4581178573769108,0.017691275282114338
20260927,r22_a024,22,0.25,24,59,sigmoid,rock,True,0,0.09002793000169153,0.004597216097968926,0.3001601152404434,0.01277518462580779
20260927,r22_a024,22,0.25,24,59,temperature,macro,True,0,0.13736305107074148,0.0013234682159176704,0.43037220428997214,0.0070910591699666625
20260927,r22_a024,22,0.25,24,59,temperature,electronic,True,0,0.16803710208172548,0.002718100125738976,0.508401674107091,0.011511363042756462
20260927,r22_a024,22,0.25,24,59,temperature,pop,True,0,0.15236057852164123,0.0014693055992168469,0.47630074132033673,0.007877984614081623
20260927,r22_a024,22,0.25,24,59,temperature,ambient,True,0,0.14301233410466116,0.0004949914674994282,0.44381651605818745,0.0033899339633909897
20260927,r22_a024,22,0.25,24,59,temperature,rock,True,0,0.08604218957493803,0.0006114756712154307,0.2929698856742732,0.005584955059637575
20260927,r22_a047,22,0.5,47,104,sigmoid,macro,True,0,0.1470251632415815,0.01098558038675768,0.45689306369325794,0.03361191857325249
20260927,r22_a047,22,0.5,47,104,sigmoid,electronic,True,0,0.18602343909543134,0.020704437139444837,0.566520048397226,0.06962973733289146
20260927,r22_a047,22,0.5,47,104,sigmoid,pop,True,0,0.16063349220857398,0.0097422192861496,0.49494867215520494,0.026525915448949833
20260927,r22_a047,22,0.5,47,104,sigmoid,ambient,True,0,0.15152009049794415,0.009002747860782423,0.4617302304014305,0.02130364830663406
20260927,r22_a047,22,0.5,47,104,sigmoid,rock,True,0,0.08992363116437646,0.004492917260653859,0.3043733038191702,0.016988373204534613
20260927,r22_a047,22,0.5,47,104,temperature,macro,True,0,0.137841540902752,0.0018019580479281885,0.4305403258709155,0.007259180750910088
20260927,r22_a047,22,0.5,47,104,temperature,electronic,True,0,0.16577733286983623,0.0004583309138497249,0.49838128309221147,0.0014909720278769023
20260927,r22_a047,22,0.5,47,104,temperature,pop,True,0,0.15674632116529344,0.00585504824286906,0.4873286604124395,0.01890590370618439
20260927,r22_a047,22,0.5,47,104,temperature,ambient,True,0,0.14191721585476966,-0.0006001267823920742,0.4378152354327541,-0.0026113466620423798
20260927,r22_a047,22,0.5,47,104,temperature,rock,True,0,0.08692529372110865,0.0014945798173860436,0.29863612454625704,0.01125119393162144
20260927,r22_a071,22,0.75,71,188,sigmoid,macro,True,0,0.1380062689324409,0.001966686077617099,0.4272150628842274,0.003933917764221959
20260927,r22_a071,22,0.75,71,188,sigmoid,electronic,True,0,0.16877481363463417,0.003455811678647669,0.5074677956567936,0.010577484592458997
20260927,r22_a071,22,0.75,71,188,sigmoid,pop,True,0,0.15340312370089754,0.002511850778473157,0.476976333551422,0.008553576845166888
20260927,r22_a071,22,0.75,71,188,sigmoid,ambient,True,0,0.13925002204666392,-0.0032673205904978075,0.4276454866596014,-0.012781095435195067
20260927,r22_a071,22,0.75,71,188,sigmoid,rock,True,0,0.09059711634756798,0.005166402443845378,0.2967706356690926,0.009385705054457016
20260927,r22_a071,22,0.75,71,188,temperature,macro,True,0,0.1367569729414242,0.0007173900866003918,0.42433935524502614,0.0010582101250206921
20260927,r22_a071,22,0.75,71,188,temperature,electronic,True,0,0.16581866867809608,0.0004996667221095763,0.4985333373321297,0.0016430262677951113
20260927,r22_a071,22,0.75,71,188,temperature,pop,True,0,0.15344825350295013,0.002556980580525753,0.47706295300926754,0.008640196303012437
20260927,r22_a071,22,0.75,71,188,temperature,ambient,True,0,0.14191692115143942,-0.0006004214857223134,0.437813485166699,-0.002613096928097469
20260927,r22_a071,22,0.75,71,188,temperature,rock,True,0,0.08584404843321115,0.00041333452948855154,0.2839476454720083,-0.003437285142627311
20260927,r23_a024,23,0.25,24,67,sigmoid,macro,True,0,0.1410510996569658,0.005011516802141996,0.45179096443985733,0.028509819319851887
20260927,r23_a024,23,0.25,24,67,sigmoid,electronic,True,0,0.1681839200459733,0.00286491808998679,0.5067919270383405,0.009901615974005962
20260927,r23_a024,23,0.25,24,67,sigmoid,pop,True,0,0.15282340198082053,0.0019321290583961537,0.47401934073786917,0.00559658403161406
20260927,r23_a024,23,0.25,24,67,sigmoid,ambient,True,0,0.13753771809633325,-0.004979624540828481,0.42585920370740055,-0.014567378387395913
20260927,r23_a024,23,0.25,24,67,sigmoid,rock,True,0,0.10565935850473612,0.02022864460101352,0.40049338627581904,0.11310845566118344
20260927,r23_a024,23,0.25,24,67,temperature,macro,True,0,0.13879246375349608,0.0027528808986722712,0.4391923099241739,0.01591116480416843
20260927,r23_a024,23,0.25,24,67,temperature,electronic,True,0,0.16679756928016096,0.0014785673241744512,0.5025512862766311,0.005660975212296582
20260927,r23_a024,23,0.25,24,67,temperature,pop,True,0,0.15131519051361825,0.0004239175911938675,0.470648892089779,0.0022261353835238973
20260927,r23_a024,23,0.25,24,67,temperature,ambient,True,0,0.14222161528763907,-0.00029572734952265645,0.439381117261423,-0.0010454648333734773
20260927,r23_a024,23,0.25,24,67,temperature,rock,True,0,0.09483547993256602,0.009404766028843423,0.34418794406886233,0.056803013454226725
20260927,r23_a047,23,0.5,47,129,sigmoid,macro,True,0,0.14291561438588357,0.006876031531059788,0.44969849340957824,0.026417348289572817
20260927,r23_a047,23,0.5,47,129,sigmoid,electronic,True,0,0.1675671624371572,0.0022481604811706857,0.5058893716396207,0.0089990605752861
20260927,r23_a047,23,0.5,47,129,sigmoid,pop,True,0,0.1539564380881034,0.003065165165679007,0.47860956842386215,0.010186811717607047
20260927,r23_a047,23,0.5,47,129,sigmoid,ambient,True,0,0.1378764945438302,-0.00464084809333154,0.42504461777161545,-0.015381964323181008
20260927,r23_a047,23,0.5,47,129,sigmoid,rock,True,0,0.1122623624744436,0.026831648570720998,0.38925041580321473,0.10186548518857913
20260927,r23_a047,23,0.5,47,129,temperature,macro,True,0,0.13812650236854412,0.0020869195137203124,0.4299480525285544,0.006666907408548972
20260927,r23_a047,23,0.5,47,129,temperature,electronic,True,0,0.16741090847253934,0.0020919065165528328,0.5053585859444052,0.008468274880070625
20260927,r23_a047,23,0.5,47,129,temperature,pop,True,0,0.15387718784984195,0.0029859149274175656,0.4784533722845317,0.010030615578276614
20260927,r23_a047,23,0.5,47,129,temperature,ambient,True,0,0.1421712611423567,-0.00034608149480502837,0.4391148793585361,-0.0013117027362603562
20260927,r23_a047,23,0.5,47,129,temperature,rock,True,0,0.08904665200943848,0.0036159381057158796,0.2968653725267446,0.009480441912109006
20260927,r23_a071,23,0.75,71,193,sigmoid,macro,True,0,0.14263458202454193,0.006594999169718136,0.4453364153516055,0.022055270231600074
20260927,r23_a071,23,0.75,71,193,sigmoid,electronic,True,0,0.1674364475108642,0.002117445554877695,0.5046669802634045,0.007776669199069941
20260927,r23_a071,23,0.75,71,193,sigmoid,pop,True,0,0.1559532840641223,0.0050620111416979086,0.4804583442087958,0.01203558750254069
20260927,r23_a071,23,0.75,71,193,sigmoid,ambient,True,0,0.14120129156362132,-0.0013160510735404085,0.4321208717808998,-0.008305710313896653
20260927,r23_a071,23,0.75,71,193,sigmoid,rock,True,0,0.10594730495955995,0.02051659105583735,0.3640994651533219,0.07671453453868632
20260927,r23_a071,23,0.75,71,193,temperature,macro,True,0,0.1379218678851045,0.0018822850302806816,0.4300553353694513,0.0067741902494458245
20260927,r23_a071,23,0.75,71,193,temperature,electronic,True,0,0.16702920952162878,0.0017102075656422744,0.5035896629680409,0.0066993519037062965
20260927,r23_a071,23,0.75,71,193,temperature,pop,True,0,0.15231039394832085,0.0014191210258964748,0.4732682205459243,0.004845463839669217
20260927,r23_a071,23,0.75,71,193,temperature,ambient,True,0,0.14192051400227032,-0.0005968286348914109,0.4378294948417382,-0.002597087253058239
20260927,r23_a071,23,0.75,71,193,temperature,rock,True,0,0.09042735406819799,0.004996640164475388,0.3055339631221016,0.018149032507466023
20260927,r24_a024,24,0.25,24,60,sigmoid,macro,True,0,0.15228834053757545,0.01624875768275166,0.5043878378938974,0.08110669277389192
20260927,r24_a024,24,0.25,24,60,sigmoid,electronic,True,0,0.20221035752640282,0.03689135557041631,0.6863782307240888,0.1894879196597542
20260927,r24_a024,24,0.25,24,60,sigmoid,pop,True,0,0.17139400476104533,0.020502731838620947,0.5197581416084176,0.051335384902162495
20260927,r24_a024,24,0.25,24,60,sigmoid,ambient,True,0,0.1382283078891355,-0.004289034748026221,0.42608100484640504,-0.014345577248391417
20260927,r24_a024,24,0.25,24,60,sigmoid,rock,True,0,0.0973206919737182,0.011889978069995602,0.385333974396678,0.09794904378204239
20260927,r24_a024,24,0.25,24,60,temperature,macro,True,0,0.14334276209145386,0.007303179236630063,0.463879074342495,0.04059792922248956
20260927,r24_a024,24,0.25,24,60,temperature,electronic,True,0,0.17203373388840734,0.0067147319324208365,0.5312589716347411,0.03436866057040655
20260927,r24_a024,24,0.25,24,60,temperature,pop,True,0,0.16134823865319226,0.010456965730767875,0.5004862352831332,0.03206347857687808
20260927,r24_a024,24,0.25,24,60,temperature,ambient,True,0,0.14196902901651945,-0.0005483136206422823,0.43805172910823004,-0.0023748529865664225
20260927,r24_a024,24,0.25,24,60,temperature,rock,True,0,0.09802004680769642,0.012589332903973821,0.38571936134387563,0.09833443072924003
20260927,r24_a047,24,0.5,47,114,sigmoid,macro,True,0,0.13990784738040232,0.0038682645255785075,0.43445917712483756,0.011178032004832125
20260927,r24_a047,24,0.5,47,114,sigmoid,electronic,True,0,0.1738818216524391,0.00856281969645259,0.5267839226292481,0.029893611564913547
20260927,r24_a047,24,0.5,47,114,sigmoid,pop,True,0,0.15048956504362224,-0.0004017078788021433,0.4703532597726464,0.0019305030663913092
20260927,r24_a047,24,0.5,47,114,sigmoid,ambient,True,0,0.14353229197829104,0.0010149493411293065,0.4383953104631363,-0.0020312716316601698
20260927,r24_a047,24,0.5,47,114,sigmoid,rock,True,0,0.09172771084725688,0.006296996943534278,0.3023042156343194,0.014919285019683814
20260927,r24_a047,24,0.5,47,114,temperature,macro,True,0,0.13710770278502366,0.0010681199301998436,0.4274605147602215,0.004179369640216105
20260927,r24_a047,24,0.5,47,114,temperature,electronic,True,0,0.16799838270450054,0.0026793807485140375,0.5082087346681533,0.011318423603818739
20260927,r24_a047,24,0.5,47,114,temperature,pop,True,0,0.15249812851136474,0.001606855588940359,0.47390612180358066,0.005483365097325554
20260927,r24_a047,24,0.5,47,114,temperature,ambient,True,0,0.14250612253869788,-1.1220098463854411e-05,0.44037963491865156,-4.694717614489585e-05
20260927,r24_a047,24,0.5,47,114,temperature,rock,True,0,0.08542817738553143,-2.536518191167958e-06,0.2873475676505006,-3.7362964134979304e-05
20260927,r24_a071,24,0.75,71,180,sigmoid,macro,True,0,0.14027441861574647,0.004234835760922661,0.4334834900232149,0.01020234490320944
20260927,r24_a071,24,0.75,71,180,sigmoid,electronic,True,0,0.1682816367895714,0.0029626348335848873,0.5075842768920453,0.01069396582771076
20260927,r24_a071,24,0.75,71,180,sigmoid,pop,True,0,0.15687368113100283,0.005982408208578455,0.4846432129611786,0.01622045625492352
20260927,r24_a071,24,0.75,71,180,sigmoid,ambient,True,0,0.14226285256661453,-0.0002544900705472031,0.43452632725605994,-0.005900254838736518
20260927,r24_a071,24,0.75,71,180,sigmoid,rock,True,0,0.09367950397579711,0.008248790072074505,0.3071801429835756,0.019795212368939996
20260927,r24_a071,24,0.75,71,180,temperature,macro,True,0,0.13724256177008762,0.0012029789152637957,0.42736865164104243,0.004087506521036996
20260927,r24_a071,24,0.75,71,180,temperature,electronic,True,0,0.16746329420253123,0.002144292246544721,0.5056066496650746,0.008716338600740059
20260927,r24_a071,24,0.75,71,180,temperature,pop,True,0,0.1540710056546283,0.003179732732203927,0.47907532667906094,0.010652569972805837
20260927,r24_a071,24,0.75,71,180,temperature,ambient,True,0,0.14206296327052478,-0.0004543793666369478,0.4384738794030161,-0.0019527026917803836
20260927,r24_a071,24,0.75,71,180,temperature,rock,True,0,0.08537298395266608,-5.772995105651768e-05,0.2863187508170181,-0.001066179797617528
20260927,r25_a024,25,0.25,24,60,sigmoid,macro,True,0,0.1445739966951424,0.00853441384031859,0.45054039928971845,0.027259254169713046
20260927,r25_a024,25,0.25,24,60,sigmoid,electronic,True,0,0.1665452579819446,0.0012262560259581057,0.5020869169751218,0.005196605910787189
20260927,r25_a024,25,0.25,24,60,sigmoid,pop,True,0,0.16606562965281468,0.015174356730390304,0.5089508061288467,0.04052804942259158
20260927,r25_a024,25,0.25,24,60,sigmoid,ambient,True,0,0.15870757219548612,0.016190229558324387,0.5023089886941524,0.061882406599355955
20260927,r25_a024,25,0.25,24,60,sigmoid,rock,True,0,0.08697752695032417,0.001546813046601564,0.28881488536075306,0.0014299547461174567
20260927,r25_a024,25,0.25,24,60,temperature,macro,True,0,0.13850750936599182,0.002467926511167999,0.4304701879484488,0.007189042828443362
20260927,r25_a024,25,0.25,24,60,temperature,electronic,True,0,0.1657743144087484,0.0004553124527618968,0.5000359118198268,0.003145600755492195
20260927,r25_a024,25,0.25,24,60,temperature,pop,True,0,0.1609401428536822,0.010048869931257809,0.4993600643271081,0.030937307620853005
20260927,r25_a024,25,0.25,24,60,temperature,ambient,True,0,0.1419247173376095,-0.0005926252995522296,0.437848799104668,-0.002577782990128452
20260927,r25_a024,25,0.25,24,60,temperature,rock,True,0,0.08539086286392712,-3.985103979547988e-05,0.2846359765421923,-0.0027489540724432993
20260927,r25_a047,25,0.5,47,119,sigmoid,macro,True,0,0.14818413904233663,0.012144556187512826,0.4548168591774549,0.03153571405744948
20260927,r25_a047,25,0.5,47,119,sigmoid,electronic,True,0,0.16544448348162402,0.00012548152563751636,0.49724847505422193,0.0003581639898873612
20260927,r25_a047,25,0.5,47,119,sigmoid,pop,True,0,0.17715310923858624,0.026261836316161857,0.5364044457749222,0.06798168906866708
20260927,r25_a047,25,0.5,47,119,sigmoid,ambient,True,0,0.15962136389365292,0.017104021256491186,0.4883239565858824,0.04789737449108594
20260927,r25_a047,25,0.5,47,119,sigmoid,rock,True,0,0.09051759955548334,0.005086885651760742,0.29729055929479314,0.009905628680157541
20260927,r25_a047,25,0.5,47,119,temperature,macro,True,0,0.14083136636463386,0.004791783509810042,0.43571540438371714,0.012434259263711764
20260927,r25_a047,25,0.5,47,119,temperature,electronic,True,0,0.16543119921711638,0.00011219726112987605,0.4972080271295554,0.00031771606522085216
20260927,r25_a047,25,0.5,47,119,temperature,pop,True,0,0.16883583981841915,0.017944566895994774,0.520143055062595,0.051720298356339844
20260927,r25_a047,25,0.5,47,119,temperature,ambient,True,0,0.14200439541498264,-0.0005129472221790943,0.4382517118894232,-0.0021748702053732694
20260927,r25_a047,25,0.5,47,119,temperature,rock,True,0,0.08705403100801722,0.0016233171042946137,0.28725882345329523,-0.00012610716134037192
20260927,r25_a071,25,0.75,71,179,sigmoid,macro,True,0,0.14136966435534343,0.0053300815005196435,0.4381001047832765,0.014818959663271056
20260927,r25_a071,25,0.75,71,179,sigmoid,electronic,True,0,0.16543698074184535,0.00011797878585884103,0.4972916752271859,0.0004013641628513587
20260927,r25_a071,25,0.75,71,179,sigmoid,pop,True,0,0.155082558382497,0.004191285460072608,0.4832081508889833,0.014785394182728173
20260927,r25_a071,25,0.75,71,179,sigmoid,ambient,True,0,0.15281264503949785,0.010295302402336115,0.4709215278726482,0.030494945777851723
20260927,r25_a071,25,0.75,71,179,sigmoid,rock,True,0,0.09214647325753361,0.00671575935381101,0.30097906514428857,0.013594134529652968
20260927,r25_a071,25,0.75,71,179,temperature,macro,True,0,0.13763774017059283,0.0015981573157690214,0.42730102023186706,0.004019875111861623
20260927,r25_a071,25,0.75,71,179,temperature,electronic,True,0,0.16581606259471324,0.0004970606387267318,0.4985236929989044,0.0016333819345698553
20260927,r25_a071,25,0.75,71,179,temperature,pop,True,0,0.15589797946953649,0.005006706547112105,0.4847714508959098,0.016348694189654678
20260927,r25_a071,25,0.75,71,179,temperature,ambient,True,0,0.14253422842572996,1.688578856823275e-05,0.4410819411138033,0.0006553590190068181
20260927,r25_a071,25,0.75,71,179,temperature,rock,True,0,0.08630269019239162,0.0008719762886690158,0.28482699591885074,-0.002557934695784858
20260927,r26_a024,26,0.25,24,55,sigmoid,macro,True,0,0.14528018258593783,0.009240599731114022,0.4629045968453035,0.039623451725298076
20260927,r26_a024,26,0.25,24,55,sigmoid,electronic,True,0,0.18069261044409657,0.015373608488110063,0.5903095096213976,0.09341919855706304
20260927,r26_a024,26,0.25,24,55,sigmoid,pop,True,0,0.15646602716735558,0.0055747542449312015,0.5004179872864211,0.031995230580165956
20260927,r26_a024,26,0.25,24,55,sigmoid,ambient,True,0,0.15031571542577013,0.007798372788608399,0.45566005571214696,0.015233473617350501
20260927,r26_a024,26,0.25,24,55,sigmoid,rock,True,0,0.09364637730652903,0.008215663402806425,0.3052308347612484,0.0178459041466128
20260927,r26_a024,26,0.25,24,55,temperature,macro,True,0,0.14049895811096247,0.004459375256138671,0.45100227174667684,0.027721126626671436
20260927,r26_a024,26,0.25,24,55,temperature,electronic,True,0,0.17863215534603244,0.013313153390045934,0.5809519413165393,0.0840616302522047
20260927,r26_a024,26,0.25,24,55,temperature,pop,True,0,0.15603051505372942,0.0051392421313050385,0.4996498662261697,0.031227109519914586
20260927,r26_a024,26,0.25,24,55,temperature,ambient,True,0,0.14197503600578865,-0.0005423066313730851,0.43807903047602376,-0.002347551618772703
20260927,r26_a024,26,0.25,24,55,temperature,rock,True,0,0.0853581260382994,-7.258786542320428e-05,0.28532824896797476,-0.0020566816466608406
20260927,r26_a047,26,0.5,47,115,sigmoid,macro,True,0,0.14143387581329617,0.005394292958472373,0.43916557166972475,0.01588442654971932
20260927,r26_a047,26,0.5,47,115,sigmoid,electronic,True,0,0.17106600816130982,0.005747006205323313,0.51945776534862,0.022567454284285415
20260927,r26_a047,26,0.5,47,115,sigmoid,pop,True,0,0.15932382049530247,0.00843254757287809,0.4919973118450404,0.023574555138785314
20260927,r26_a047,26,0.5,47,115,sigmoid,ambient,True,0,0.14275514819024107,0.00023780555307933993,0.43553588223932593,-0.004890699855470526
20260927,r26_a047,26,0.5,47,115,sigmoid,rock,True,0,0.09259052640633135,0.007159812502608748,0.3096713272459127,0.022286396631277072
20260927,r26_a047,26,0.5,47,115,temperature,macro,True,0,0.13829698908560267,0.0022574062307788717,0.4325143336079473,0.009233188487941787
20260927,r26_a047,26,0.5,47,115,temperature,electronic,True,0,0.16863620818598615,0.0033172062299996474,0.5114626968501259,0.014572385785791342
20260927,r26_a047,26,0.5,47,115,temperature,pop,True,0,0.15634676046307858,0.005455487540654197,0.48613041555996767,0.01770765885371256
20260927,r26_a047,26,0.5,47,115,temperature,ambient,True,0,0.14193252027274147,-0.0005848223644202566,0.4378913350449781,-0.0025352470498183344
20260927,r26_a047,26,0.5,47,115,temperature,rock,True,0,0.0862724674206045,0.000841753516881899,0.2945728869767172,0.007187956362081582
20260927,r26_a071,26,0.75,71,186,sigmoid,macro,True,0,0.13872952374928657,0.002689940894462766,0.4285451294448529,0.0052639843248474955
20260927,r26_a071,26,0.75,71,186,sigmoid,electronic,True,0,0.16667808267553996,0.001359080719553457,0.5018730866743472,0.004982775610012591
20260927,r26_a071,26,0.75,71,186,sigmoid,pop,True,0,0.1562357559511094,0.00534448302868501,0.4831190165408223,0.014696259834567182
20260927,r26_a071,26,0.75,71,186,sigmoid,ambient,True,0,0.14314117469668364,0.000623832059521906,0.4365685438970182,-0.0038580381977782463
20260927,r26_a071,26,0.75,71,186,sigmoid,rock,True,0,0.0888630816738133,0.0034323677700906913,0.29261987066722406,0.005234940052588455
20260927,r26_a071,26,0.75,71,186,temperature,macro,True,0,0.13713718862215135,0.0010976057673275329,0.4260375757907202,0.0027564306707147795
20260927,r26_a071,26,0.75,71,186,temperature,electronic,True,0,0.16655316341421444,0.0012341614582279392,0.5014873364236315,0.004597025359296958
20260927,r26_a071,26,0.75,71,186,temperature,pop,True,0,0.15400239594839243,0.0031111230259680545,0.4788555937762935,0.010432837070038392
20260927,r26_a071,26,0.75,71,186,temperature,ambient,True,0,0.14239705480050227,-0.00012028783665946063,0.4399204129858924,-0.0005061691089040532
20260927,r26_a071,26,0.75,71,186,temperature,rock,True,0,0.0855961403254962,0.00016542642177359845,0.2838869599770634,-0.0034979706375721786
20260927,r27_a024,27,0.25,24,51,sigmoid,macro,True,0,0.152133226968083,0.01609364411325919,0.45909393195563797,0.035812786835632535
20260927,r27_a024,27,0.25,24,51,sigmoid,electronic,True,0,0.17062949127860033,0.005310489322613826,0.5088323513294075,0.01194204026507295
20260927,r27_a024,27,0.25,24,51,sigmoid,pop,True,0,0.2155578343235975,0.06466656140117313,0.6177342778777,0.14931152117144486
20260927,r27_a024,27,0.25,24,51,sigmoid,ambient,True,0,0.13693785815618958,-0.005579484480972147,0.42547496834885007,-0.01495161374594639
20260927,r27_a024,27,0.25,24,51,sigmoid,rock,True,0,0.08540772411394455,-2.2989789778049552e-05,0.2843341302665943,-0.0030508003480412826
20260927,r27_a024,27,0.25,24,51,temperature,macro,True,0,0.14165838270184314,0.0056187998470193234,0.438576199085053,0.015295053965047573
20260927,r27_a024,27,0.25,24,51,temperature,electronic,True,0,0.1654584510923039,0.00013944913631738776,0.49861685256444715,0.0017265415001125883
20260927,r27_a024,27,0.25,24,51,temperature,pop,True,0,0.17330693145626808,0.022415658533843696,0.531186317859434,0.06276356115317894
20260927,r27_a024,27,0.25,24,51,temperature,ambient,True,0,0.14244568314981979,-7.165948734194627e-05,0.44012581670193196,-0.0003007653928644993
20260927,r27_a024,27,0.25,24,51,temperature,rock,True,0,0.08542246510898076,-8.248794741844145e-06,0.28437580921439887,-0.003009121400236736
20260927,r27_a047,27,0.5,47,114,sigmoid,macro,True,0,0.1459991101239969,0.009959527269173114,0.4454738212024947,0.02219267608248922
20260927,r27_a047,27,0.5,47,114,sigmoid,electronic,True,0,0.17036955036734172,0.005050548411355216,0.5089929960135886,0.012102684949254039
20260927,r27_a047,27,0.5,47,114,sigmoid,pop,True,0,0.1699111251337261,0.01901985221130173,0.5105926136510905,0.04216985694483544
20260927,r27_a047,27,0.5,47,114,sigmoid,ambient,True,0,0.15049809506833076,0.007980752431169025,0.45467712070855637,0.014250538613759911
20260927,r27_a047,27,0.5,47,114,sigmoid,rock,True,0,0.09321766992658909,0.007786956022866484,0.3076325544367431,0.020247623822107486
20260927,r27_a047,27,0.5,47,114,temperature,macro,True,0,0.13645141252301263,0.00041182966818882616,0.42464635746614415,0.0013652123461387194
20260927,r27_a047,27,0.5,47,114,temperature,electronic,True,0,0.16551105427771015,0.00019205232172364584,0.4974586283033348,0.0005683172390002489
20260927,r27_a047,27,0.5,47,114,temperature,pop,True,0,0.15289323113191683,0.0020019582094924493,0.4752327224330847,0.00680996572682957
20260927,r27_a047,27,0.5,47,114,temperature,ambient,True,0,0.14191879534560115,-0.0005985472915605861,0.4378232808935163,-0.0026033012012801615
20260927,r27_a047,27,0.5,47,114,temperature,rock,True,0,0.0854825693368224,5.185543309979557e-05,0.2880707982346408,0.0006858676200052205
20260927,r27_a071,27,0.75,71,184,sigmoid,macro,True,0,0.1405784520694482,0.004538869214624368,0.43298727327017206,0.009706128150166637
20260927,r27_a071,27,0.75,71,184,sigmoid,electronic,True,0,0.1657530898635045,0.00043408790751800486,0.4984369202769295,0.0015466092125949182
20260927,r27_a071,27,0.75,71,184,sigmoid,pop,True,0,0.15877254687202638,0.007881273949602002,0.48795807206878355,0.01953531536252845
20260927,r27_a071,27,0.75,71,184,sigmoid,ambient,True,0,0.14216256855234863,-0.00035477408481310313,0.4345794729789762,-0.005847109115820259
20260927,r27_a071,27,0.75,71,184,sigmoid,rock,True,0,0.09562560298991317,0.010194889086190567,0.31097462775599904,0.02358969714136344
20260927,r27_a071,27,0.75,71,184,temperature,macro,True,0,0.13689125784093728,0.0008516749861134723,0.4254197603928228,0.0021386152728173763
20260927,r27_a071,27,0.75,71,184,temperature,electronic,True,0,0.1662060439429357,0.0008870419869491941,0.5000395953561828,0.003149284291848242
20260927,r27_a071,27,0.75,71,184,temperature,pop,True,0,0.15378642616948507,0.002895153247060689,0.4781608000932898,0.009738043387034712
20260927,r27_a071,27,0.75,71,184,temperature,ambient,True,0,0.14217077305268075,-0.0003465695844809824,0.4389485041119225,-0.001478077982873971
20260927,r27_a071,27,0.75,71,184,temperature,rock,True,0,0.08540178819864759,-2.8925705075011354e-05,0.2845301420098961,-0.0028547886047394777
20260927,r28_a024,28,0.25,24,64,sigmoid,macro,True,0,0.1487926251064171,0.012753042251593297,0.46038518781501026,0.03710404269500485
20260927,r28_a024,28,0.25,24,64,sigmoid,electronic,True,0,0.16511589516370082,-0.00020310679228568995,0.49585772678759,-0.0010325842767445748
20260927,r28_a024,28,0.25,24,64,sigmoid,pop,True,0,0.15391357953984705,0.003022306617422671,0.474841702879338,0.006418946173082918
20260927,r28_a024,28,0.25,24,64,sigmoid,ambient,True,0,0.1413069063069093,-0.001210436330252418,0.43658048504747193,-0.003846097047324526
20260927,r28_a024,28,0.25,24,64,sigmoid,rock,True,0,0.13483411941521123,0.04940340551148863,0.4342608365456412,0.14687590593100558
20260927,r28_a024,28,0.25,24,64,temperature,macro,True,0,0.13707683828191344,0.0010372554270896388,0.4257775287134805,0.0024963835934750933
20260927,r28_a024,28,0.25,24,64,temperature,electronic,True,0,0.16532187069277304,2.868736786537651e-06,0.4968977417941755,7.430729840940398e-06
20260927,r28_a024,28,0.25,24,64,temperature,pop,True,0,0.1508916524099416,3.794875172158374e-07,0.4684252426700152,2.485963760068266e-06
20260927,r28_a024,28,0.25,24,64,temperature,ambient,True,0,0.1443197262067198,0.0018023835695580581,0.44749905556781344,0.0070724734730169825
20260927,r28_a024,28,0.25,24,64,temperature,rock,True,0,0.08777410381821935,0.0023433899144967435,0.290288074821918,0.002903144207282382
20260927,r28_a047,28,0.5,47,110,sigmoid,macro,True,0,0.14011638183238548,0.0040767989775616735,0.43186336207893833,0.008582216958932895
20260927,r28_a047,28,0.5,47,110,sigmoid,electronic,True,0,0.16463643011657714,-0.0006825718394093683,0.49500047159212734,-0.001889839472207222
20260927,r28_a047,28,0.5,47,110,sigmoid,pop,True,0,0.1593218796004283,0.00843060667800391,0.4866595797007848,0.018236822994529667
20260927,r28_a047,28,0.5,47,110,sigmoid,ambient,True,0,0.14415702784621012,0.0016396852090483915,0.4387020895993938,-0.0017244924954026852
20260927,r28_a047,28,0.5,47,110,sigmoid,rock,True,0,0.09235018976632636,0.006919475862603761,0.3070913074234474,0.01970637680881182
20260927,r28_a047,28,0.5,47,110,temperature,macro,True,0,0.13594958223708611,-9.00006177376976e-05,0.4234950497778833,0.0002139046578778503
20260927,r28_a047,28,0.5,47,110,temperature,electronic,True,0,0.16515231116657955,-0.0001666907894069536,0.4966811326918902,-0.0002091783724443852
20260927,r28_a047,28,0.5,47,110,temperature,pop,True,0,0.15088145680090362,-9.8161215207615e-06,0.4683346102183033,-8.814648795180124e-05
20260927,r28_a047,28,0.5,47,110,temperature,ambient,True,0,0.14201176511668623,-0.0005055775204755031,0.4382449831501622,-0.0021815989446342665
20260927,r28_a047,28,0.5,47,110,temperature,rock,True,0,0.08575279586417503,0.00032208196045242776,0.29071947305117746,0.003334542436541854
20260927,r28_a071,28,0.75,71,185,sigmoid,macro,True,0,0.13832123896441617,0.0022816561095923664,0.42659097267914664,0.003309827559141207
20260927,r28_a071,28,0.75,71,185,sigmoid,electronic,True,0,0.16710337516780877,0.00178437321182226,0.5006960451943097,0.0038057341299750913
20260927,r28_a071,28,0.75,71,185,sigmoid,pop,True,0,0.151730967020815,0.0008396940983906309,0.47017207792288174,0.0017493212166266314
20260927,r28_a071,28,0.75,71,185,sigmoid,ambient,True,0,0.14382257764260434,0.0013052350054426065,0.4379655522347378,-0.002461029860058639
20260927,r28_a071,28,0.75,71,185,sigmoid,rock,True,0,0.09062803602643657,0.005197322122713968,0.29753021536465735,0.010145284750021744
20260927,r28_a071,28,0.75,71,185,temperature,macro,True,0,0.1359703986110624,-6.918424376141721e-05,0.42204574977724907,-0.0012353953427563097
20260927,r28_a071,28,0.75,71,185,temperature,electronic,True,0,0.16551796403576077,0.0001989620797742675,0.4974810244532254,0.0005907133888908289
20260927,r28_a071,28,0.75,71,185,temperature,pop,True,0,0.1508985927688098,7.319846385411832e-06,0.46846874795322235,4.5991246967247434e-05
20260927,r28_a071,28,0.75,71,185,temperature,ambient,True,0,0.14198493138207663,-0.0005324112550851023,0.43812390166033954,-0.0023026804344569163
20260927,r28_a071,28,0.75,71,185,temperature,rock,True,0,0.08548010625760236,4.939235387975416e-05,0.2841093250422092,-0.003275605572426399
20260927,r29_a024,29,0.25,24,48,sigmoid,macro,True,0,0.14760555232017286,0.01156596946534905,0.452723517107233,0.029442371987227572
20260927,r29_a024,29,0.25,24,48,sigmoid,electronic,True,0,0.17264707624895484,0.007328074292968334,0.5149207176287256,0.018030406564391033
20260927,r29_a024,29,0.25,24,48,sigmoid,pop,True,0,0.1682228452728784,0.017331572350454016,0.5151252479181663,0.04670249121191117
20260927,r29_a024,29,0.25,24,48,sigmoid,ambient,True,0,0.14752810570207456,0.0050107630649128265,0.4536506171282082,0.01322403503341174
20260927,r29_a024,29,0.25,24,48,sigmoid,rock,True,0,0.10202418205678362,0.016593468153061022,0.32719748575383195,0.03981255513919635
20260927,r29_a024,29,0.25,24,48,temperature,macro,True,0,0.13989352075717956,0.0038539379023557543,0.4344756959083488,0.011194550788343333
20260927,r29_a024,29,0.25,24,48,temperature,electronic,True,0,0.16556218679061435,0.00024318483462784646,0.49762667986702147,0.0007363688026869042
20260927,r29_a024,29,0.25,24,48,temperature,pop,True,0,0.16374807927439486,0.012856806351970479,0.5069796929036876,0.0385569361974325
20260927,r29_a024,29,0.25,24,48,temperature,ambient,True,0,0.14477986723785977,0.002262524600698035,0.4491995871315598,0.008773005036763315
20260927,r29_a024,29,0.25,24,48,temperature,rock,True,0,0.08548394972584926,5.323582212665712e-05,0.2840968237311262,-0.0032881068835093896
20260927,r29_a047,29,0.5,47,129,sigmoid,macro,True,0,0.1360077258315922,-3.185702323161774e-05,0.4217593121576917,-0.0015218329623137156
20260927,r29_a047,29,0.5,47,129,sigmoid,electronic,True,0,0.16670418569874687,0.0013851837427603653,0.4998354825854173,0.0029451715210827567
20260927,r29_a047,29,0.5,47,129,sigmoid,pop,True,0,0.14983296034081517,-0.001058312581609211,0.46707692102298326,-0.0013458356832718454
20260927,r29_a047,29,0.5,47,129,sigmoid,ambient,True,0,0.1363959882801511,-0.006121354357010639,0.4219918735548295,-0.018434708539966982
20260927,r29_a047,29,0.5,47,129,sigmoid,rock,True,0,0.09109776900665562,0.0056670551029330135,0.2981329714675368,0.010748040852901208
20260927,r29_a047,29,0.5,47,129,temperature,macro,True,0,0.1362841457477345,0.0002445628929106866,0.4225570662479145,-0.000724078872090958
20260927,r29_a047,29,0.5,47,129,temperature,electronic,True,0,0.16559974172575295,0.0002807397697664471,0.497753268004185,0.0008629569398504455
20260927,r29_a047,29,0.5,47,129,temperature,pop,True,0,0.1513038729586651,0.00041260003624071784,0.46975714376251154,0.0013343870562564364
20260927,r29_a047,29,0.5,47,129,temperature,ambient,True,0,0.14193833928703756,-0.0005790033501241743,0.437911454979732,-0.002515127115064464
20260927,r29_a047,29,0.5,47,129,temperature,rock,True,0,0.08629462901948236,0.0008639151157597558,0.28480639824522935,-0.00257853236940625
20260927,r29_a071,29,0.75,71,191,sigmoid,macro,True,0,0.13840982437160868,0.00237024151678486,0.42769682866700337,0.004415683546997923
20260927,r29_a071,29,0.75,71,191,sigmoid,electronic,True,0,0.1653715453201202,5.2543364133683657e-05,0.49703385708000436,0.0001435460156697932
20260927,r29_a071,29,0.75,71,191,sigmoid,pop,True,0,0.15578574256700253,0.004894469644578153,0.48151569875978495,0.013092942053529844
20260927,r29_a071,29,0.75,71,191,sigmoid,ambient,True,0,0.1387047671948698,-0.003812575442291938,0.4268048299948706,-0.013621752099925832
20260927,r29_a071,29,0.75,71,191,sigmoid,rock,True,0,0.09377724240444214,0.008346528500719541,0.3054329288333535,0.018047998218717887
20260927,r29_a071,29,0.75,71,191,temperature,macro,True,0,0.13677690699751419,0.0007373241426903814,0.42433950980698454,0.0010583646869791324
20260927,r29_a071,29,0.75,71,191,temperature,electronic,True,0,0.16557464147862017,0.0002556395226336605,0.49766838192830626,0.0007780708639716916
20260927,r29_a071,29,0.75,71,191,temperature,pop,True,0,0.1533845067789691,0.0024932338565447076,0.4768545899293334,0.008431833223078278
20260927,r29_a071,29,0.75,71,191,temperature,ambient,True,0,0.14207641909837662,-0.0004409235387851096,0.4385336272394149,-0.0018929548553815456
20260927,r29_a071,29,0.75,71,191,temperature,rock,True,0,0.08607206063409087,0.0006413467303682668,0.2843014401308837,-0.003083490483751894
20260928,r00_a024,0,0.25,24,50,sigmoid,macro,True,0,0.15373879971595827,0.004750781346082252,0.48521025197477624,0.022034801893205253
20260928,r00_a024,0,0.25,24,50,sigmoid,electronic,True,0,0.16496505840029788,0.022703262944906016,0.5069567967758035,0.05388113163145736
20260928,r00_a024,0,0.25,24,50,sigmoid,pop,True,0,0.18739646753899825,0.015077141669630895,0.5730676268543268,0.05565246937735713
20260928,r00_a024,0,0.25,24,50,sigmoid,ambient,True,0,0.15341268261937338,-0.02891655445911906,0.4644464464845006,-0.07800021393071666
20260928,r00_a024,0,0.25,24,50,sigmoid,rock,True,0,0.10918099030516364,0.010139275228911157,0.3963701377844739,0.05660582049472318
20260928,r00_a024,0,0.25,24,50,temperature,macro,True,0,0.1556154306986129,0.00662741232873686,0.49026860264401984,0.027093152562448958
20260928,r00_a024,0,0.25,24,50,temperature,electronic,True,0,0.16135481604224294,0.019093020586851084,0.5017943275813528,0.04871866243700662
20260928,r00_a024,0,0.25,24,50,temperature,pop,True,0,0.180741647335754,0.008422321466386662,0.5548472573487467,0.03743209987177709
20260928,r00_a024,0,0.25,24,50,temperature,ambient,True,0,0.1807974939555673,-0.0015317431229251444,0.5358279995257834,-0.006618660889433858
20260928,r00_a024,0,0.25,24,50,temperature,rock,True,0,0.09956776546088732,0.000526050384634838,0.3686048261201967,0.028840508830445977
20260928,r00_a047,0,0.5,47,106,sigmoid,macro,True,0,0.14351172148059924,-0.005476296889276814,0.4494528508885095,-0.013722599193061444
20260928,r00_a047,0,0.5,47,106,sigmoid,electronic,True,0,0.1471933335178048,0.004931538062412949,0.462646175381973,0.00957051023762684
20260928,r00_a047,0,0.5,47,106,sigmoid,pop,True,0,0.16924011584948814,-0.0030792100198792083,0.50838422366752,-0.009030933809449637
20260928,r00_a047,0,0.5,47,106,sigmoid,ambient,True,0,0.15964022806101877,-0.02268900901747367,0.4901610730821714,-0.05228558733304589
20260928,r00_a047,0,0.5,47,106,sigmoid,rock,True,0,0.09797320849408515,-0.001068506582167325,0.3366199314223736,-0.0031443858673770864
20260928,r00_a047,0,0.5,47,106,temperature,macro,True,0,0.149301006628977,0.00031298825910095265,0.46340708144009446,0.00023163135852345695
20260928,r00_a047,0,0.5,47,106,temperature,electronic,True,0,0.1463511956652675,0.004089400209875638,0.46182196723508323,0.008746302090737068
20260928,r00_a047,0,0.5,47,106,temperature,pop,True,0,0.16935227342851886,-0.0029670524408484944,0.5088695756101685,-0.0085455818668011
20260928,r00_a047,0,0.5,47,106,temperature,ambient,True,0,0.18246980566080026,0.00014056858230782066,0.5430989554580398,0.0006522950428224927
20260928,r00_a047,0,0.5,47,106,temperature,rock,True,0,0.09903075176132133,-1.0963314931153323e-05,0.3398378274570861,7.351016733536664e-05
20260928,r00_a071,0,0.75,71,168,sigmoid,macro,True,0,0.1418469004519728,-0.007141117917903235,0.44465964271776826,-0.01851580736380269
20260928,r00_a071,0,0.75,71,168,sigmoid,electronic,True,0,0.1447879815255004,0.0025261860701085437,0.4576509279022801,0.004575262757933962
20260928,r00_a071,0,0.75,71,168,sigmoid,pop,True,0,0.17285013436105115,0.0005308084916837985,0.519373506362628,0.0019583488856583786
20260928,r00_a071,0,0.75,71,168,sigmoid,ambient,True,0,0.15190350752821824,-0.0304257295502742,0.45907926140002836,-0.08336739901518891
20260928,r00_a071,0,0.75,71,168,sigmoid,rock,True,0,0.0978459783931214,-0.0011957366831310823,0.3425348752061365,0.0027705579163858074
20260928,r00_a071,0,0.75,71,168,temperature,macro,True,0,0.14938421939688862,0.0003962010270125646,0.4648196280331427,0.0016441779515717486
20260928,r00_a071,0,0.75,71,168,temperature,electronic,True,0,0.14477538835528012,0.002513592899888256,0.4578917033354851,0.0048160381911389605
20260928,r00_a071,0,0.75,71,168,temperature,pop,True,0,0.17295159482896036,0.0006322689595930076,0.5196701659020322,0.0022550084250625435
20260928,r00_a071,0,0.75,71,168,temperature,ambient,True,0,0.180934961567531,-0.0013942755109614402,0.5363774611557625,-0.006069199259454816
20260928,r00_a071,0,0.75,71,168,temperature,rock,True,0,0.09887493283578291,-0.00016678224046956514,0.345339181739291,0.005574864449540307
20260928,r00_a094,,1.0,94,238,sigmoid,macro,True,0,0.14251481882688666,-0.006473199542989392,0.4489982867375776,-0.014177163343993354
20260928,r00_a094,,1.0,94,238,sigmoid,electronic,True,0,0.14452717559548184,0.0022653801400899787,0.4572471732740169,0.0041715081296707646
20260928,r00_a094,,1.0,94,238,sigmoid,pop,True,0,0.17769737271882502,0.005378046849457668,0.5376671101869535,0.02025195270998381
20260928,r00_a094,,1.0,94,238,sigmoid,ambient,True,0,0.15007067214451278,-0.03225856493397966,0.4536386982894291,-0.08880796212578818
20260928,r00_a094,,1.0,94,238,sigmoid,rock,True,0,0.09776405484872693,-0.0012776602275255539,0.3474401651999109,0.007675847910160183
20260928,r00_a094,,1.0,94,238,temperature,macro,True,0,0.15044382098016168,0.0014558026102856267,0.4704657713193674,0.007290321237796382
20260928,r00_a094,,1.0,94,238,temperature,electronic,True,0,0.14455062898948695,0.0022888335340950916,0.45736323537604034,0.004287570231694182
20260928,r00_a094,,1.0,94,238,temperature,pop,True,0,0.1768715416548948,0.004552215785527447,0.5357526037830096,0.01833744630603995
20260928,r00_a094,,1.0,94,238,temperature,ambient,True,0,0.18137411013569632,-0.0009551269427961195,0.5382010029825587,-0.004245657432658589
20260928,r00_a094,,1.0,94,238,temperature,rock,True,0,0.09897900314056857,-6.271193568391231e-05,0.3505462431358607,0.010781925846109985
20260928,r01_a024,1,0.25,24,63,sigmoid,macro,True,0,0.14421140169140353,-0.004776616678472498,0.46345413274222147,0.00027868266065050884
20260928,r01_a024,1,0.25,24,63,sigmoid,electronic,True,0,0.14205106573378481,-0.00021072972160704473,0.46127280869182624,0.008197143547480079
20260928,r01_a024,1,0.25,24,63,sigmoid,pop,True,0,0.18808089127416405,0.0157615654047967,0.5998489455684981,0.08243378809152846
20260928,r01_a024,1,0.25,24,63,sigmoid,ambient,True,0,0.1491581102986667,-0.03317112677982573,0.4520849337973371,-0.09036172661788017
20260928,r01_a024,1,0.25,24,63,sigmoid,rock,True,0,0.09755553945899856,-0.0014861756172539209,0.34060984291122437,0.000845525621473664
20260928,r01_a024,1,0.25,24,63,temperature,macro,True,0,0.1517252297755708,0.0027372114056947693,0.4816819771994968,0.018506527117925803
20260928,r01_a024,1,0.25,24,63,temperature,electronic,True,0,0.14063363569627724,-0.0016281597591146224,0.45569714936859446,0.002621484224248294
20260928,r01_a024,1,0.25,24,63,temperature,pop,True,0,0.18656604467339605,0.014246718804028696,0.5898237088152539,0.07240855133828428
20260928,r01_a024,1,0.25,24,63,temperature,ambient,True,0,0.1808270814470766,-0.0015021556314158413,0.5359452712937288,-0.0065013891214884545
20260928,r01_a024,1,0.25,24,63,temperature,rock,True,0,0.09887415728553332,-0.00016755779071915555,0.3452617793204098,0.005497462030659095
20260928,r01_a047,1,0.5,47,123,sigmoid,macro,True,0,0.1457514653908749,-0.0032365529790010956,0.4725856093334486,0.0094101592518777
20260928,r01_a047,1,0.5,47,123,sigmoid,electronic,True,0,0.14289078591606258,0.0006289904606707197,0.4585874405736041,0.005511775429257959
20260928,r01_a047,1,0.5,47,123,sigmoid,pop,True,0,0.19187671674752912,0.019557390878161773,0.6251576731658288,0.10774251568885918
20260928,r01_a047,1,0.5,47,123,sigmoid,ambient,True,0,0.15033772482731025,-0.031991512251182186,0.4557841115633834,-0.08666254885183389
20260928,r01_a047,1,0.5,47,123,sigmoid,rock,True,0,0.09790063407259779,-0.0011410810036546898,0.35081321203097826,0.011048894741227555
20260928,r01_a047,1,0.5,47,123,temperature,macro,True,0,0.15303034816547464,0.004042329795598609,0.4921154075679064,0.02893995748633542
20260928,r01_a047,1,0.5,47,123,temperature,electronic,True,0,0.1410384457034971,-0.0012233497518947534,0.45339234467782635,0.00031667953348019084
20260928,r01_a047,1,0.5,47,123,temperature,pop,True,0,0.19151800597099303,0.019198680101625676,0.6264277407740295,0.10901258329705987
20260928,r01_a047,1,0.5,47,123,temperature,ambient,True,0,0.18048639026836438,-0.001842846810128057,0.5346344224602199,-0.007812237954997414
20260928,r01_a047,1,0.5,47,123,temperature,rock,True,0,0.09907855071904405,3.683564279156892e-05,0.35400712235954973,0.014242805069799025
20260928,r01_a071,1,0.75,71,186,sigmoid,macro,True,0,0.14369141335342853,-0.005296605016447509,0.45335817182521787,-0.009817278256353049
20260928,r01_a071,1,0.75,71,186,sigmoid,electronic,True,0,0.14360668285200823,0.0013448873966163677,0.45506625895384384,0.001990593809497676
20260928,r01_a071,1,0.75,71,186,sigmoid,pop,True,0,0.18281974823773436,0.010500422368367013,0.5643038825546947,0.04688872507772501
20260928,r01_a071,1,0.75,71,186,sigmoid,ambient,True,0,0.15080154877087637,-0.03152768830761607,0.45599296217710666,-0.08645369823811061
20260928,r01_a071,1,0.75,71,186,sigmoid,rock,True,0,0.09753767355309513,-0.0015040415231573484,0.33806958361522643,-0.0016947336745242736
20260928,r01_a071,1,0.75,71,186,temperature,macro,True,0,0.15152850423620431,0.0025404858663282646,0.47478061896939955,0.011605168887828601
20260928,r01_a071,1,0.75,71,186,temperature,electronic,True,0,0.14352340176570613,0.0012616063103142727,0.4551211357992013,0.0020454706548551638
20260928,r01_a071,1,0.75,71,186,temperature,pop,True,0,0.1824033520812032,0.01008402621183585,0.5640287913843601,0.046613633907390484
20260928,r01_a071,1,0.75,71,186,temperature,ambient,True,0,0.18130105192043067,-0.001028185158061773,0.537891189058684,-0.004555471356533225
20260928,r01_a071,1,0.75,71,186,temperature,rock,True,0,0.09888621117747719,-0.00015550389877529158,0.3420813596353527,0.002317042345601983
20260928,r02_a024,2,0.25,24,66,sigmoid,macro,True,0,0.14603148426322882,-0.002956534106647205,0.4538641472419064,-0.009311302839664595
20260928,r02_a024,2,0.25,24,66,sigmoid,electronic,True,0,0.1632436214081561,0.020981825952764238,0.506591643125205,0.05351597798085883
20260928,r02_a024,2,0.25,24,66,sigmoid,pop,True,0,0.17003974107217512,-0.00227958479719223,0.5132184201641719,-0.004196737312797794
20260928,r02_a024,2,0.25,24,66,sigmoid,ambient,True,0,0.1510290814114856,-0.031300155667006835,0.45711758867919333,-0.08532907173602394
20260928,r02_a024,2,0.25,24,66,sigmoid,rock,True,0,0.09981349316109848,0.000771778084846006,0.33852893699905523,-0.0012353802906954758
20260928,r02_a024,2,0.25,24,66,temperature,macro,True,0,0.15297067180131615,0.003982653431440126,0.4722498341934689,0.009074384111897899
20260928,r02_a024,2,0.25,24,66,temperature,electronic,True,0,0.16274526251007523,0.020483467054683374,0.505353832713631,0.05227816756928483
20260928,r02_a024,2,0.25,24,66,temperature,pop,True,0,0.16904143363101856,-0.0032778922383487896,0.5099415919846787,-0.007473565492290946
20260928,r02_a024,2,0.25,24,66,temperature,ambient,True,0,0.1802556775215425,-0.002073559556949933,0.534237960991042,-0.008208699424175236
20260928,r02_a024,2,0.25,24,66,temperature,rock,True,0,0.09984031354262833,0.0007985984663758522,0.33946595108452365,-0.00029836620522705193
20260928,r02_a047,2,0.5,47,124,sigmoid,macro,True,0,0.14172304310295422,-0.007264975266921797,0.44511988046483764,-0.01805556961673334
20260928,r02_a047,2,0.5,47,124,sigmoid,electronic,True,0,0.1472365322982677,0.004974736842875832,0.4642596054766432,0.011183940332297027
20260928,r02_a047,2,0.5,47,124,sigmoid,pop,True,0,0.16939821077206213,-0.0029211150973052213,0.5080452929321551,-0.009369864544814588
20260928,r02_a047,2,0.5,47,124,sigmoid,ambient,True,0,0.15251121705476214,-0.029818020023730296,0.46090686922256313,-0.08153979119265414
20260928,r02_a047,2,0.5,47,124,sigmoid,rock,True,0,0.09774621228672498,-0.0012955027895275029,0.34726775422798906,0.00750343693823835
20260928,r02_a047,2,0.5,47,124,temperature,macro,True,0,0.14891424361593383,-7.377475394219207e-05,0.4639749898609783,0.0007995397794072906
20260928,r02_a047,2,0.5,47,124,temperature,electronic,True,0,0.1460394305245001,0.0037776350691082483,0.4610206117244784,0.007944946580132228
20260928,r02_a047,2,0.5,47,124,temperature,pop,True,0,0.16943660627084434,-0.0028827195985230147,0.5090194502463735,-0.008395707230596128
20260928,r02_a047,2,0.5,47,124,temperature,ambient,True,0,0.18125991028523586,-0.0010693267932565809,0.5377177865946545,-0.004728873820562751
20260928,r02_a047,2,0.5,47,124,temperature,rock,True,0,0.09892102738315506,-0.000120687693097421,0.3481421108784065,0.008377793588655813
20260928,r02_a071,2,0.75,71,186,sigmoid,macro,True,0,0.14240464555675605,-0.006583372813119985,0.44722586995726404,-0.015949580124306903
20260928,r02_a071,2,0.75,71,186,sigmoid,electronic,True,0,0.14585266350603437,0.003590868050642515,0.4607733939782299,0.007697728833883755
20260928,r02_a071,2,0.75,71,186,sigmoid,pop,True,0,0.17390268421235328,0.0015833583429859244,0.5234414220989241,0.006026264621954436
20260928,r02_a071,2,0.75,71,186,sigmoid,ambient,True,0,0.15216183573150555,-0.030167401346986894,0.4599746739180875,-0.08247198649712978
20260928,r02_a071,2,0.75,71,186,sigmoid,rock,True,0,0.097701398777131,-0.0013403162991214856,0.3447139898338147,0.004949672544063977
20260928,r02_a071,2,0.75,71,186,temperature,macro,True,0,0.15030358251386391,0.0013155641439878546,0.4688842995022203,0.005708849420649309
20260928,r02_a071,2,0.75,71,186,temperature,electronic,True,0,0.14533128414237081,0.003069488686978955,0.4592394518225868,0.006163786678240635
20260928,r02_a071,2,0.75,71,186,temperature,pop,True,0,0.17403654775262334,0.0017172218832559871,0.5237747424930477,0.006359585016078029
20260928,r02_a071,2,0.75,71,186,temperature,ambient,True,0,0.18294474636437713,0.0006155092858846911,0.5453497955404422,0.002903135125224887
20260928,r02_a071,2,0.75,71,186,temperature,rock,True,0,0.09890175179608426,-0.0001399632801682149,0.3471732081528044,0.007408890863053685
20260928,r03_a024,3,0.25,24,69,sigmoid,macro,True,0,0.14557562642754254,-0.0034123919423335106,0.47243026131569676,0.009254811234125818
20260928,r03_a024,3,0.25,24,69,sigmoid,electronic,True,0,0.1408846658535252,-0.0013771296018666723,0.48015809103161605,0.02708242588726989
20260928,r03_a024,3,0.25,24,69,sigmoid,pop,True,0,0.17910171082224058,0.006782384952873227,0.5344808849000945,0.017065727423124843
20260928,r03_a024,3,0.25,24,69,sigmoid,ambient,True,0,0.15133666645032093,-0.030992570628171512,0.4573867094217945,-0.08505995099342278
20260928,r03_a024,3,0.25,24,69,sigmoid,rock,True,0,0.1109794625840834,0.011937747507830915,0.417695359909282,0.07793104261953132
20260928,r03_a024,3,0.25,24,69,temperature,macro,True,0,0.147851599599693,-0.001136418770183039,0.4748042638619826,0.011628813780411668
20260928,r03_a024,3,0.25,24,69,temperature,electronic,True,0,0.141029905711042,-0.0012318897443498733,0.48160150046878447,0.02852583532443831
20260928,r03_a024,3,0.25,24,69,temperature,pop,True,0,0.17007500998273686,-0.002244315886630488,0.5104717245446372,-0.006943432932332461
20260928,r03_a024,3,0.25,24,69,temperature,ambient,True,0,0.18061613132315527,-0.0017131057553371742,0.5351225122318183,-0.007324148183398993
20260928,r03_a024,3,0.25,24,69,temperature,rock,True,0,0.09968535138183786,0.0006436363055853794,0.3720213182026905,0.032257000912939815
20260928,r03_a047,3,0.5,47,124,sigmoid,macro,True,0,0.1440576928136622,-0.004930325556213814,0.4546047971734161,-0.008570652908154855
20260928,r03_a047,3,0.5,47,124,sigmoid,electronic,True,0,0.14655417370576615,0.00429237825037429,0.46252058674165214,0.009444921597305977
20260928,r03_a047,3,0.5,47,124,sigmoid,pop,True,0,0.17660618307030176,0.004286857200934413,0.5312038358953259,0.013788678418356293
20260928,r03_a047,3,0.5,47,124,sigmoid,ambient,True,0,0.15419689584370824,-0.028132341234784197,0.4677178053592812,-0.07472885505593607
20260928,r03_a047,3,0.5,47,124,sigmoid,rock,True,0,0.09887351863487272,-0.00016819644137976153,0.3569769606974051,0.017212643407654382
20260928,r03_a047,3,0.5,47,124,temperature,macro,True,0,0.15091867249451668,0.0019306541246406385,0.4735491180885202,0.010373668006949208
20260928,r03_a047,3,0.5,47,124,temperature,electronic,True,0,0.1462525980516176,0.003990802596225751,0.4615675730211925,0.008491907876846339
20260928,r03_a047,3,0.5,47,124,temperature,pop,True,0,0.17447824213048393,0.0021589162611165835,0.5255250914165148,0.008109933939545177
20260928,r03_a047,3,0.5,47,124,temperature,ambient,True,0,0.18374389082777617,0.001414653749283734,0.5492910677634539,0.0068444073482366585
20260928,r03_a047,3,0.5,47,124,temperature,rock,True,0,0.09919995896818896,0.00015824389193648536,0.35781274015291936,0.018048422863168656
20260928,r03_a071,3,0.75,71,178,sigmoid,macro,True,0,0.14374472200728328,-0.005243296362592763,0.4556139302434059,-0.007561519838165082
20260928,r03_a071,3,0.75,71,178,sigmoid,electronic,True,0,0.14558817069499158,0.0033263752395997215,0.46004311365809525,0.006967448513749086
20260928,r03_a071,3,0.75,71,178,sigmoid,pop,True,0,0.17904848517116617,0.0067291593017988205,0.5413896976084878,0.02397454013151812
20260928,r03_a071,3,0.75,71,178,sigmoid,ambient,True,0,0.15092165684296213,-0.03140758023553031,0.45611898478263596,-0.08632767563258131
20260928,r03_a071,3,0.75,71,178,sigmoid,rock,True,0,0.0994205753200132,0.0003788602437607147,0.3649039249244045,0.025139607634653782
20260928,r03_a071,3,0.75,71,178,temperature,macro,True,0,0.15078876990392942,0.0018007515340533985,0.4744460372487217,0.011270587167150695
20260928,r03_a071,3,0.75,71,178,temperature,electronic,True,0,0.14539353795822474,0.0031317425028328794,0.4593934676252528,0.006317802480906631
20260928,r03_a071,3,0.75,71,178,temperature,pop,True,0,0.17702089471346477,0.00470156884409742,0.5364312206255324,0.019016063148562745
20260928,r03_a071,3,0.75,71,178,temperature,ambient,True,0,0.18133400438400293,-0.0009952326944895062,0.5380306328440219,-0.004416027571195413
20260928,r03_a071,3,0.75,71,178,temperature,rock,True,0,0.09940664256002528,0.0003649274837728006,0.3639288279000795,0.024164510610328815
20260928,r04_a024,4,0.25,24,63,sigmoid,macro,True,0,0.15175729600864535,0.002769277638769326,0.4757902391303798,0.012614789048808861
20260928,r04_a024,4,0.25,24,63,sigmoid,electronic,True,0,0.15684964741107743,0.014587851955685571,0.4819983731980713,0.028922708053725155
20260928,r04_a024,4,0.25,24,63,sigmoid,pop,True,0,0.18165504028684076,0.009335714417473412,0.5552051055405898,0.03778994806362013
20260928,r04_a024,4,0.25,24,63,sigmoid,ambient,True,0,0.16818990547240187,-0.014139331606090572,0.5034690064287063,-0.038977653986510985
20260928,r04_a024,4,0.25,24,63,sigmoid,rock,True,0,0.10033459086426137,0.0012928757880088931,0.36248847135415185,0.022724154064401147
20260928,r04_a024,4,0.25,24,63,temperature,macro,True,0,0.1520811784466041,0.003093160076728059,0.479556000927596,0.016380550846025077
20260928,r04_a024,4,0.25,24,63,temperature,electronic,True,0,0.1453154708508078,0.003053675395415928,0.45920041917293114,0.006124754028584978
20260928,r04_a024,4,0.25,24,63,temperature,pop,True,0,0.18039958243801552,0.008080256568648164,0.5530319082517825,0.035616750774812855
20260928,r04_a024,4,0.25,24,63,temperature,ambient,True,0,0.18338761786762756,0.001058380789135116,0.5475108900685988,0.005064229653381491
20260928,r04_a024,4,0.25,24,63,temperature,rock,True,0,0.0992220426299655,0.00018032755371302778,0.3584807862170717,0.018716468927320984
20260928,r04_a047,4,0.5,47,112,sigmoid,macro,True,0,0.14958375315413752,0.0005957347842614966,0.4728956534461968,0.009720203364625854
20260928,r04_a047,4,0.5,47,112,sigmoid,electronic,True,0,0.153558246682882,0.01129645122749015,0.47887488329699296,0.025799218152646797
20260928,r04_a047,4,0.5,47,112,sigmoid,pop,True,0,0.1813488537224359,0.009029527853068542,0.5584115600536584,0.040996402576688795
20260928,r04_a047,4,0.5,47,112,sigmoid,ambient,True,0,0.16139867715064804,-0.0209305599278444,0.48402245982272063,-0.058424200592496645
20260928,r04_a047,4,0.5,47,112,sigmoid,rock,True,0,0.10202923506058417,0.0029875199843316935,0.3702737106114152,0.03050939332166447
20260928,r04_a047,4,0.5,47,112,temperature,macro,True,0,0.15098488877190613,0.0019968704020300876,0.477579531113291,0.014404081031720056
20260928,r04_a047,4,0.5,47,112,temperature,electronic,True,0,0.14223668326421998,-2.5112191171877685e-05,0.45304891227754723,-2.6752866798929187e-05
20260928,r04_a047,4,0.5,47,112,temperature,pop,True,0,0.18138019613682957,0.009060870267462218,0.5583037707979752,0.040888613321005574
20260928,r04_a047,4,0.5,47,112,temperature,ambient,True,0,0.18096631588882514,-0.0013629211896672988,0.5365043587106131,-0.0059423017046041915
20260928,r04_a047,4,0.5,47,112,temperature,rock,True,0,0.09935635979774979,0.00031464472149730915,0.3624610826670285,0.022696765377277772
20260928,r04_a071,4,0.75,71,172,sigmoid,macro,True,0,0.1466048565741679,-0.0023831617957081296,0.4689086105550037,0.005733160473432794
20260928,r04_a071,4,0.75,71,172,sigmoid,electronic,True,0,0.14784071044019367,0.005578914984801814,0.46313540108606654,0.010059735941720382
20260928,r04_a071,4,0.75,71,172,sigmoid,pop,True,0,0.18948069536413584,0.017161369494768486,0.5986672190271101,0.08125206155014042
20260928,r04_a071,4,0.75,71,172,sigmoid,ambient,True,0,0.15090695494017864,-0.0314222821383138,0.45603329355839767,-0.0864133668568196
20260928,r04_a071,4,0.75,71,172,sigmoid,rock,True,0,0.09819106555216346,-0.0008506495240890172,0.3577985285484407,0.01803421125868998
20260928,r04_a071,4,0.75,71,172,temperature,macro,True,0,0.15304363170299853,0.0040556133331224944,0.48765423697607235,0.02447878689450142
20260928,r04_a071,4,0.75,71,172,temperature,electronic,True,0,0.1442933667029158,0.002031571247523928,0.4567724704568871,0.003696805312540963
20260928,r04_a071,4,0.75,71,172,temperature,pop,True,0,0.18785932459984359,0.015539998730476234,0.598717427378596,0.08130226990162637
20260928,r04_a071,4,0.75,71,172,temperature,ambient,True,0,0.18076872439122843,-0.0015605126872640096,0.5357145203511248,-0.006732140064092507
20260928,r04_a071,4,0.75,71,172,temperature,rock,True,0,0.0992531111180063,0.0002113960417538252,0.35941252971768156,0.019648212427930856
20260928,r05_a024,5,0.25,24,64,sigmoid,macro,True,0,0.14893315146205205,-5.486690782396941e-05,0.4786541249200573,0.015478674838486334
20260928,r05_a024,5,0.25,24,64,sigmoid,electronic,True,0,0.1590195253388711,0.016757729883479233,0.4921196883847198,0.03904402324037365
20260928,r05_a024,5,0.25,24,64,sigmoid,pop,True,0,0.18746414629050392,0.015144820421136573,0.589940675762428,0.07252551828545839
20260928,r05_a024,5,0.25,24,64,sigmoid,ambient,True,0,0.14956661281655392,-0.03276262426193852,0.453152085026887,-0.0892945753883303
20260928,r05_a024,5,0.25,24,64,sigmoid,rock,True,0,0.09968232140227931,0.0006406063260268324,0.3794040505061943,0.039639733216443596
20260928,r05_a024,5,0.25,24,64,temperature,macro,True,0,0.15321000437853607,0.004221986008660063,0.4912391352298818,0.028063685148310827
20260928,r05_a024,5,0.25,24,64,temperature,electronic,True,0,0.14551149080955336,0.0032496953541615026,0.4596867689252776,0.006611103780931438
20260928,r05_a024,5,0.25,24,64,temperature,pop,True,0,0.1868038322905909,0.014484506421223536,0.5914259268729379,0.07401076939596829
20260928,r05_a024,5,0.25,24,64,temperature,ambient,True,0,0.1806108209912565,-0.001718416087235941,0.5351022355190083,-0.007344424896209012
20260928,r05_a024,5,0.25,24,64,temperature,rock,True,0,0.09991387342274363,0.0008721583464911531,0.3787416096023033,0.03897729231255259
20260928,r05_a047,5,0.5,47,130,sigmoid,macro,True,0,0.14502415542961758,-0.0039638629402584565,0.45318820694690465,-0.00998724313466634
20260928,r05_a047,5,0.5,47,130,sigmoid,electronic,True,0,0.15531284065668438,0.013051045201292522,0.48367775987079714,0.03060209472645098
20260928,r05_a047,5,0.5,47,130,sigmoid,pop,True,0,0.1735186167620842,0.0011992908927168366,0.5207834732480104,0.0033683157710407974
20260928,r05_a047,5,0.5,47,130,sigmoid,ambient,True,0,0.14975003063495984,-0.0325792064435326,0.453204114408386,-0.08924254600683129
20260928,r05_a047,5,0.5,47,130,sigmoid,rock,True,0,0.1015151336647419,0.002473418588489415,0.35508748026042486,0.015323162970674153
20260928,r05_a047,5,0.5,47,130,temperature,macro,True,0,0.15007178090996748,0.0010837625400914354,0.46684453920970953,0.003669089128138528
20260928,r05_a047,5,0.5,47,130,temperature,electronic,True,0,0.1479784255049547,0.005716630049562854,0.4661134233846453,0.013037758240299124
20260928,r05_a047,5,0.5,47,130,temperature,pop,True,0,0.17233272828301396,1.3402413646612654e-05,0.5174618336335182,4.667615654851964e-05
20260928,r05_a047,5,0.5,47,130,temperature,ambient,True,0,0.18108025664194588,-0.0012489804365465595,0.5369700516537496,-0.005476608761467716
20260928,r05_a047,5,0.5,47,130,temperature,rock,True,0,0.09889571320995531,-0.00014600186629716572,0.3468328481669249,0.007068530877174184
20260928,r05_a071,5,0.75,71,185,sigmoid,macro,True,0,0.14328096414993308,-0.005707054219942942,0.45117071352463384,-0.012004736556937082
20260928,r05_a071,5,0.75,71,185,sigmoid,electronic,True,0,0.15023028554109255,0.007968490085700691,0.47147605654568564,0.018400391401339478
20260928,r05_a071,5,0.75,71,185,sigmoid,pop,True,0,0.17406542397159364,0.0017460981022262845,0.5231135668685899,0.005698409391620252
20260928,r05_a071,5,0.75,71,185,sigmoid,ambient,True,0,0.1507000136234992,-0.03162922345499325,0.4554472684761912,-0.08699939193902606
20260928,r05_a071,5,0.75,71,185,sigmoid,rock,True,0,0.09812813346354698,-0.0009135816127054941,0.3546459622080687,0.014881644918318004
20260928,r05_a071,5,0.75,71,185,temperature,macro,True,0,0.15005700380543674,0.0010689854355607174,0.4692551405565508,0.006079690474979846
20260928,r05_a071,5,0.75,71,185,temperature,electronic,True,0,0.14639053862009685,0.00412874316470499,0.4619237101381682,0.008848044993822024
20260928,r05_a071,5,0.75,71,185,temperature,pop,True,0,0.1733522251416224,0.0010328992722550556,0.5211525460407954,0.003737388563825772
20260928,r05_a071,5,0.75,71,185,temperature,ambient,True,0,0.18134900020341121,-0.0009802368750812251,0.5380942517461383,-0.004352408669078933
20260928,r05_a071,5,0.75,71,185,temperature,rock,True,0,0.09913625125661653,9.453618036404932e-05,0.3558500543011012,0.01608573701135052
20260928,r06_a024,6,0.25,24,61,sigmoid,macro,True,0,0.14845093459315845,-0.0005370837767175937,0.5232186212673985,0.06004317118582754
20260928,r06_a024,6,0.25,24,61,sigmoid,electronic,True,0,0.14516181204324954,0.0029000165878576845,0.46174879654975404,0.008673131405407875
20260928,r06_a024,6,0.25,24,61,sigmoid,pop,True,0,0.19110333926628212,0.018784013396914767,0.6268103262081037,0.10939516873113408
20260928,r06_a024,6,0.25,24,61,sigmoid,ambient,True,0,0.15443693246864357,-0.027892304609848872,0.4689855207030575,-0.07346113971215978
20260928,r06_a024,6,0.25,24,61,sigmoid,rock,True,0,0.10310165459445852,0.004059939518206046,0.5353298416086787,0.19556552431892799
20260928,r06_a024,6,0.25,24,61,temperature,macro,True,0,0.1546344955929242,0.005646477223048171,0.5330539906556463,0.06987854057407537
20260928,r06_a024,6,0.25,24,61,temperature,electronic,True,0,0.141234499762392,-0.0010272956929998633,0.45297936393858107,-9.630120576509249e-05
20260928,r06_a024,6,0.25,24,61,temperature,pop,True,0,0.19091340957009895,0.018594083700731595,0.6215715314322922,0.10415637395532251
20260928,r06_a024,6,0.25,24,61,temperature,ambient,True,0,0.18321457651652617,0.0008853394380337332,0.5466595485342879,0.0042128881190706124
20260928,r06_a024,6,0.25,24,61,temperature,rock,True,0,0.1031754965226797,0.004133781446427218,0.5110055187174242,0.17124120142767346
20260928,r06_a047,6,0.5,47,119,sigmoid,macro,True,0,0.1428188174486248,-0.006169200921251242,0.49018245745590416,0.027007007374333175
20260928,r06_a047,6,0.5,47,119,sigmoid,electronic,True,0,0.1451921834860202,0.002930388030628339,0.4579217341288607,0.004846068984514562
20260928,r06_a047,6,0.5,47,119,sigmoid,pop,True,0,0.17302815071971905,0.0007088248503517025,0.5200377752544896,0.002622617777519931
20260928,r06_a047,6,0.5,47,119,sigmoid,ambient,True,0,0.14881735561861903,-0.03351188145987341,0.4536229632565561,-0.08882369715866117
20260928,r06_a047,6,0.5,47,119,sigmoid,rock,True,0,0.10423757997014088,0.005195864893888402,0.5291473571837101,0.18938303989395938
20260928,r06_a047,6,0.5,47,119,temperature,macro,True,0,0.14993103958625092,0.0009430212163748924,0.494460777259361,0.03128532717779002
20260928,r06_a047,6,0.5,47,119,temperature,electronic,True,0,0.14406742821261687,0.0018056327572250064,0.4562679348315967,0.0031922696872505596
20260928,r06_a047,6,0.5,47,119,temperature,pop,True,0,0.17325501460040516,0.0009356887310378037,0.5207891840526737,0.00337402657570407
20260928,r06_a047,6,0.5,47,119,temperature,ambient,True,0,0.1800807443012104,-0.002248492777282035,0.5333613090218244,-0.009085351393392838
20260928,r06_a047,6,0.5,47,119,temperature,rock,True,0,0.10232097123077127,0.003279256154518795,0.467424681131349,0.1276603638415983
20260928,r06_a071,6,0.75,71,173,sigmoid,macro,True,0,0.1434564113365613,-0.005531607033314723,0.45823557333610043,-0.004939876745470528
20260928,r06_a071,6,0.75,71,173,sigmoid,electronic,True,0,0.1473145215982337,0.005052726142841829,0.4634598538306568,0.010384188686310636
20260928,r06_a071,6,0.75,71,173,sigmoid,pop,True,0,0.17651789425639927,0.00419856838703192,0.5317358914458038,0.014320733968834154
20260928,r06_a071,6,0.75,71,173,sigmoid,ambient,True,0,0.15069011339900823,-0.03163912367948421,0.4554166107703151,-0.08703004964490219
20260928,r06_a071,6,0.75,71,173,sigmoid,rock,True,0,0.09930311609260405,0.0002614010163515673,0.382329937297626,0.04256562000787528
20260928,r06_a071,6,0.75,71,173,temperature,macro,True,0,0.1507902462584478,0.0018022278885717613,0.4763097692895245,0.013134319207953507
20260928,r06_a071,6,0.75,71,173,temperature,electronic,True,0,0.14697573063532823,0.004713935179936374,0.4634509115611011,0.010375246416754913
20260928,r06_a071,6,0.75,71,173,temperature,pop,True,0,0.17514011528753723,0.002820789418169878,0.5282298102775425,0.01081465280057281
20260928,r06_a071,6,0.75,71,173,temperature,ambient,True,0,0.18122424892652295,-0.0011049881519694937,0.5375681184560981,-0.004878541959119187
20260928,r06_a071,6,0.75,71,173,temperature,rock,True,0,0.09982089018440277,0.0007791751081502873,0.3759902368633562,0.03622591957360549
20260928,r07_a024,7,0.25,24,58,sigmoid,macro,True,0,0.14326474401641828,-0.005723274353457746,0.45832448060111325,-0.004850969480457726
20260928,r07_a024,7,0.25,24,58,sigmoid,electronic,True,0,0.1437504711005107,0.001488675645118842,0.491765229300841,0.03868956415649483
20260928,r07_a024,7,0.25,24,58,sigmoid,pop,True,0,0.17519318030804454,0.002873854438677187,0.5219986006988107,0.00458344322184101
20260928,r07_a024,7,0.25,24,58,sigmoid,ambient,True,0,0.15025245683685992,-0.03207678024163252,0.45468212756326704,-0.08776453285195024
20260928,r07_a024,7,0.25,24,58,sigmoid,rock,True,0,0.10386286782025798,0.004821152744005505,0.3648519648415342,0.0250876475517835
20260928,r07_a024,7,0.25,24,58,temperature,macro,True,0,0.14755709118158108,-0.001430927188294951,0.4667586180177862,0.0035831679362152563
20260928,r07_a024,7,0.25,24,58,temperature,electronic,True,0,0.14067382220075408,-0.0015879732546377756,0.47224275276600514,0.019167087621658974
20260928,r07_a024,7,0.25,24,58,temperature,pop,True,0,0.17050205107021638,-0.0018172747991509752,0.5116268640720322,-0.005788293404937472
20260928,r07_a024,7,0.25,24,58,temperature,ambient,True,0,0.18009244987706102,-0.002236787201431417,0.5333527113633018,-0.009093949051915518
20260928,r07_a024,7,0.25,24,58,temperature,rock,True,0,0.09896004157829284,-8.167349795963619e-05,0.34981214386980575,0.010047826580055041
20260928,r07_a047,7,0.5,47,115,sigmoid,macro,True,0,0.14530256231862818,-0.003685456051247836,0.4649091748029228,0.0017337247213519008
20260928,r07_a047,7,0.5,47,115,sigmoid,electronic,True,0,0.15516574932091184,0.012903953865519985,0.495842801835692,0.04276713669134585
20260928,r07_a047,7,0.5,47,115,sigmoid,pop,True,0,0.17601958297529435,0.0037002571059270017,0.5321599067147165,0.014744749237746824
20260928,r07_a047,7,0.5,47,115,sigmoid,ambient,True,0,0.1508511442996965,-0.03147809277879593,0.4584402994544407,-0.08400636096077657
20260928,r07_a047,7,0.5,47,115,sigmoid,rock,True,0,0.09917377267861008,0.00013205760235759922,0.3731936912068422,0.0334293739170915
20260928,r07_a047,7,0.5,47,115,temperature,macro,True,0,0.1491571226309417,0.00016910426106566886,0.4742346511149962,0.011059201033425226
20260928,r07_a047,7,0.5,47,115,temperature,electronic,True,0,0.1406275934003226,-0.001634202055069256,0.4557646011840797,0.002688936039733525
20260928,r07_a047,7,0.5,47,115,temperature,pop,True,0,0.17607691446063614,0.00375758859126879,0.532220916237403,0.01480575876043333
20260928,r07_a047,7,0.5,47,115,temperature,ambient,True,0,0.18011805310563592,-0.002211183972856523,0.5334031461559101,-0.009043514259307162
20260928,r07_a047,7,0.5,47,115,temperature,rock,True,0,0.09980592955717214,0.0007642144809196644,0.3755499408825919,0.03578562359284121
20260928,r07_a071,7,0.75,71,178,sigmoid,macro,True,0,0.14667580781742,-0.0023122105524560344,0.46104243331580275,-0.0021330167657681864
20260928,r07_a071,7,0.75,71,178,sigmoid,electronic,True,0,0.1538816378125646,0.011619842357172727,0.47670141270931926,0.0236257475649731
20260928,r07_a071,7,0.75,71,178,sigmoid,pop,True,0,0.18297390753237797,0.010654581663010615,0.5646210185365534,0.0472058610595838
20260928,r07_a071,7,0.75,71,178,sigmoid,ambient,True,0,0.152203642885762,-0.030125594192730448,0.45920703258427154,-0.08323962783094574
20260928,r07_a071,7,0.75,71,178,sigmoid,rock,True,0,0.09764404303897545,-0.0013976720372770313,0.3436402694330668,0.003875952143316097
20260928,r07_a071,7,0.75,71,178,temperature,macro,True,0,0.15155088147134887,0.0025628631014728495,0.4763059739570611,0.013130523875490144
20260928,r07_a071,7,0.75,71,178,temperature,electronic,True,0,0.14314038537408522,0.0008785899186933566,0.45438824522716215,0.001312580082815984
20260928,r07_a071,7,0.75,71,178,temperature,pop,True,0,0.18242735803087257,0.010108032161505215,0.5641659123345801,0.04675075485761049
20260928,r07_a071,7,0.75,71,178,temperature,ambient,True,0,0.1817391379148733,-0.0005900991636191288,0.5397828096281287,-0.0026638507870885286
20260928,r07_a071,7,0.75,71,178,temperature,rock,True,0,0.09889664456556443,-0.00014507051068804455,0.34688692863837334,0.007122611348622632
20260928,r08_a024,8,0.25,24,67,sigmoid,macro,True,0,0.1485970691279241,-0.00039094924195193226,0.49880695680247156,0.035631506720900624
20260928,r08_a024,8,0.25,24,67,sigmoid,electronic,True,0,0.14392160849381785,0.0016598130384259946,0.46801745803779327,0.014941792893447103
20260928,r08_a024,8,0.25,24,67,sigmoid,pop,True,0,0.19598771094656353,0.02366838507719618,0.6625837532174286,0.14516859574045893
20260928,r08_a024,8,0.25,24,67,sigmoid,ambient,True,0,0.15326645157274604,-0.029062785505746397,0.4636700768599861,-0.07877658355523115
20260928,r08_a024,8,0.25,24,67,sigmoid,rock,True,0,0.10121250549856897,0.002170790422316493,0.4009565390946783,0.061192221804927616
20260928,r08_a024,8,0.25,24,67,temperature,macro,True,0,0.15345159884450082,0.00446358047462481,0.5087003423207446,0.04552489223917357
20260928,r08_a024,8,0.25,24,67,temperature,electronic,True,0,0.1405456148657133,-0.0017161805896785676,0.45693846184085524,0.0038627966965090743
20260928,r08_a024,8,0.25,24,67,temperature,pop,True,0,0.19184181630065145,0.019522490431284095,0.6290766238340025,0.11166146635703289
20260928,r08_a024,8,0.25,24,67,temperature,ambient,True,0,0.18040096389663632,-0.0019282731818561216,0.5343227190176201,-0.0081239413975972
20260928,r08_a024,8,0.25,24,67,temperature,rock,True,0,0.10101800031500231,0.0019762852387498336,0.4144635645905002,0.0746992473007495
20260928,r08_a047,8,0.5,47,118,sigmoid,macro,True,0,0.1444987425346953,-0.004489275835180721,0.46871106303520116,0.005535612953630184
20260928,r08_a047,8,0.5,47,118,sigmoid,electronic,True,0,0.14270263642825814,0.00044084097286628543,0.46494232561382476,0.011866660469478596
20260928,r08_a047,8,0.5,47,118,sigmoid,pop,True,0,0.18649158103944705,0.014172255170079695,0.5919099925260062,0.07449483504903653
20260928,r08_a047,8,0.5,47,118,sigmoid,ambient,True,0,0.14958514291493838,-0.03274409416355406,0.45264407044463184,-0.08980258997058543
20260928,r08_a047,8,0.5,47,118,sigmoid,rock,True,0,0.09921560975613768,0.00017389467988519758,0.36534786355634175,0.02558354626659104
20260928,r08_a047,8,0.5,47,118,temperature,macro,True,0,0.1516361966702746,0.0026481783003985404,0.48652679495676543,0.023351344875194552
20260928,r08_a047,8,0.5,47,118,temperature,electronic,True,0,0.14048073647108567,-0.0017810589843061941,0.45860607307697476,0.0055304079326286
20260928,r08_a047,8,0.5,47,118,temperature,pop,True,0,0.18613011759107237,0.013810791721705018,0.5869241864502631,0.06950902897329347
20260928,r08_a047,8,0.5,47,118,temperature,ambient,True,0,0.1804538639750439,-0.001875373103448541,0.5345147148555892,-0.007931945559628062
20260928,r08_a047,8,0.5,47,118,temperature,rock,True,0,0.09948006864389636,0.0004383535676438788,0.3660622054442349,0.026297888154484195
20260928,r08_a071,8,0.75,71,186,sigmoid,macro,True,0,0.142054073901484,-0.0069339444683920205,0.44681612481602107,-0.01635932526554988
20260928,r08_a071,8,0.75,71,186,sigmoid,electronic,True,0,0.14438319174262912,0.0021213962872372594,0.45736437532922797,0.0042887101848818054
20260928,r08_a071,8,0.75,71,186,sigmoid,pop,True,0,0.1769390918933915,0.004619766024024141,0.5365575120608875,0.019142354583917887
20260928,r08_a071,8,0.75,71,186,sigmoid,ambient,True,0,0.1490401137877111,-0.03328912329078135,0.4521641134281986,-0.09028254698701865
20260928,r08_a071,8,0.75,71,186,sigmoid,rock,True,0,0.09785389818220434,-0.0011878168940481354,0.34117849844577014,0.001414181156019434
20260928,r08_a071,8,0.75,71,186,temperature,macro,True,0,0.15002744992674372,0.0010394315568676635,0.46753198438823607,0.004356534306665147
20260928,r08_a071,8,0.75,71,186,temperature,electronic,True,0,0.14389303142319337,0.0016312359678015143,0.45588894105542976,0.0028132759110836014
20260928,r08_a071,8,0.75,71,186,temperature,pop,True,0,0.17706924108404434,0.004749915214676992,0.5366518937363823,0.01923673625941269
20260928,r08_a071,8,0.75,71,186,temperature,ambient,True,0,0.18028031215350368,-0.0020489249249887598,0.5339005499884425,-0.008546110426774778
20260928,r08_a071,8,0.75,71,186,temperature,rock,True,0,0.09886721504623339,-0.00017450003001909242,0.3436865527726898,0.003922235482939074
20260928,r09_a024,9,0.25,24,54,sigmoid,macro,True,0,0.14686809519258615,-0.0021199231772899077,0.4784751608482934,0.015299710766722471
20260928,r09_a024,9,0.25,24,54,sigmoid,electronic,True,0,0.14135379967815542,-0.0009079957772364367,0.46216094319333584,0.009085278048989676
20260928,r09_a024,9,0.25,24,54,sigmoid,pop,True,0,0.19276260573254042,0.02044327986317307,0.6168575036813723,0.09944234620440262
20260928,r09_a024,9,0.25,24,54,sigmoid,ambient,True,0,0.15451654286564231,-0.027812694212850125,0.4666821874046775,-0.07576447301053979
20260928,r09_a024,9,0.25,24,54,sigmoid,rock,True,0,0.09883943249400634,-0.00020228258224613826,0.3682000091137881,0.02843569182403738
20260928,r09_a024,9,0.25,24,54,temperature,macro,True,0,0.1523103134897205,0.0033222951198444463,0.4929742935953468,0.029798843513775847
20260928,r09_a024,9,0.25,24,54,temperature,electronic,True,0,0.1404480134137489,-0.0018137820416429529,0.46149347163179755,0.008417806487451385
20260928,r09_a024,9,0.25,24,54,temperature,pop,True,0,0.1886383251607073,0.016318999291339953,0.6042922689897854,0.08687711151281574
20260928,r09_a024,9,0.25,24,54,temperature,ambient,True,0,0.180509501797682,-0.0018197352808104472,0.5352524701173039,-0.00719419029791335
20260928,r09_a024,9,0.25,24,54,temperature,rock,True,0,0.09964541358674371,0.0006036985104912324,0.3708589636425003,0.03109464635274961
20260928,r09_a047,9,0.5,47,117,sigmoid,macro,True,0,0.14504623044136178,-0.003941787928514268,0.4576473199566965,-0.005528130124874506
20260928,r09_a047,9,0.5,47,117,sigmoid,electronic,True,0,0.14254272386605557,0.0002809284106637111,0.45519227194678036,0.0021166068024341955
20260928,r09_a047,9,0.5,47,117,sigmoid,pop,True,0,0.18223574537749046,0.009916419508123109,0.5596238183796326,0.04220866090266295
20260928,r09_a047,9,0.5,47,117,sigmoid,ambient,True,0,0.1537995709232547,-0.02852966615523775,0.4655445830824344,-0.07690207733278287
20260928,r09_a047,9,0.5,47,117,sigmoid,rock,True,0,0.10160688159864634,0.002565166522393858,0.3502286064179384,0.010464289128187698
20260928,r09_a047,9,0.5,47,117,temperature,macro,True,0,0.15097523324102302,0.001987214871147003,0.47361188062090986,0.010436430539338945
20260928,r09_a047,9,0.5,47,117,temperature,electronic,True,0,0.14166844932203873,-0.0005933461333531287,0.4527043541542973,-0.0003713109900488898
20260928,r09_a047,9,0.5,47,117,temperature,pop,True,0,0.18145696984067755,0.0091376439713102,0.5587253358785952,0.04131017840162554
20260928,r09_a047,9,0.5,47,117,temperature,ambient,True,0,0.18189833142769188,-0.00043090565080056153,0.5404890967984061,-0.0019575636168112087
20260928,r09_a047,9,0.5,47,117,temperature,rock,True,0,0.09887718237368398,-0.0001645327025684984,0.34252873565234104,0.0027644183625903374
20260928,r09_a071,9,0.75,71,192,sigmoid,macro,True,0,0.14236224345142828,-0.00662577491844776,0.4474364681109689,-0.015738981970602056
20260928,r09_a071,9,0.75,71,192,sigmoid,electronic,True,0,0.1433721493215301,0.0011103538661382528,0.4555854867364391,0.0025098215920929534
20260928,r09_a071,9,0.75,71,192,sigmoid,pop,True,0,0.17677653804151955,0.004457212172152197,0.5331123293437814,0.015697171866811743
20260928,r09_a071,9,0.75,71,192,sigmoid,ambient,True,0,0.15152713296271073,-0.030802104115781714,0.45796857333008717,-0.0844780870851301
20260928,r09_a071,9,0.75,71,192,sigmoid,rock,True,0,0.0977731534799527,-0.0012685615962997748,0.3430794830335679,0.0033151657438171833
20260928,r09_a071,9,0.75,71,192,temperature,macro,True,0,0.1498205553668446,0.0008325369969685928,0.4677881204399309,0.004612670358359966
20260928,r09_a071,9,0.75,71,192,temperature,electronic,True,0,0.1427651625487962,0.0005033670934043444,0.45375154226302145,0.0006758771186752832
20260928,r09_a071,9,0.75,71,192,temperature,pop,True,0,0.17567431888358814,0.0033549930142207918,0.5304826345388496,0.01306747706187994
20260928,r09_a071,9,0.75,71,192,temperature,ambient,True,0,0.1819575894347974,-0.00037164764369504444,0.5407544059689748,-0.001692254446242436
20260928,r09_a071,9,0.75,71,192,temperature,rock,True,0,0.09888515060019676,-0.00015656447605572055,0.3461638989888778,0.006399581699127077
20260928,r10_a024,10,0.25,24,62,sigmoid,macro,True,0,0.14737980179238322,-0.00160821657749282,0.4692160783063324,0.006040628224761466
20260928,r10_a024,10,0.25,24,62,sigmoid,electronic,True,0,0.15584973027512294,0.013587934819731085,0.48537679299744085,0.03230112785309469
20260928,r10_a024,10,0.25,24,62,sigmoid,pop,True,0,0.17018393586771563,-0.0021353900016517213,0.510845118143056,-0.0065700393339136465
20260928,r10_a024,10,0.25,24,62,sigmoid,ambient,True,0,0.16564173638327506,-0.016687500695217378,0.535093175662868,-0.007353484752349315
20260928,r10_a024,10,0.25,24,62,sigmoid,rock,True,0,0.09784380464341921,-0.0011979104328332657,0.34554922642196484,0.005784909132214133
20260928,r10_a024,10,0.25,24,62,temperature,macro,True,0,0.15269698321775105,0.003708964847875012,0.47655980326753783,0.013384353185966882
20260928,r10_a024,10,0.25,24,62,temperature,electronic,True,0,0.1551756901669549,0.01291389471156304,0.48556984416251403,0.03249417901816787
20260928,r10_a024,10,0.25,24,62,temperature,pop,True,0,0.17006527666822932,-0.002254049201138031,0.5104467336372107,-0.00696842383975893
20260928,r10_a024,10,0.25,24,62,temperature,ambient,True,0,0.18667537913034846,0.004346142051856017,0.5652481816727788,0.02280152125756152
20260928,r10_a024,10,0.25,24,62,temperature,rock,True,0,0.0988715869054715,-0.0001701281707809782,0.3449744535976478,0.005210136307897073
20260928,r10_a047,10,0.5,47,121,sigmoid,macro,True,0,0.14193470644142364,-0.007053311928452367,0.44803113884824397,-0.01514431123332692
20260928,r10_a047,10,0.5,47,121,sigmoid,electronic,True,0,0.14427024963594745,0.002008454180555591,0.4562062766402199,0.0031306114958737363
20260928,r10_a047,10,0.5,47,121,sigmoid,pop,True,0,0.16940314331131473,-0.0029161825580526213,0.508390279817141,-0.009024877659828623
20260928,r10_a047,10,0.5,47,121,sigmoid,ambient,True,0,0.1560229844879039,-0.026306252590588552,0.4762531875553925,-0.0661934728598248
20260928,r10_a047,10,0.5,47,121,sigmoid,rock,True,0,0.0980424483305286,-0.000999266745723884,0.3512748113802227,0.011510494090472001
20260928,r10_a047,10,0.5,47,121,temperature,macro,True,0,0.14956674752812382,0.0005787291582477656,0.4692359510421058,0.006060500960534815
20260928,r10_a047,10,0.5,47,121,temperature,electronic,True,0,0.14327782805709086,0.0010160326016989962,0.45464279679469316,0.0015671316503469979
20260928,r10_a047,10,0.5,47,121,temperature,pop,True,0,0.16957276681507039,-0.0027465590542969653,0.5092889677434989,-0.00812618973347079
20260928,r10_a047,10,0.5,47,121,temperature,ambient,True,0,0.1864782894628025,0.00414905238431007,0.5641048050223091,0.02165814460709181
20260928,r10_a047,10,0.5,47,121,temperature,rock,True,0,0.09893810577753144,-0.00010360929872103852,0.34890723460792195,0.00914291731817124
20260928,r10_a071,10,0.75,71,179,sigmoid,macro,True,0,0.14190907607461345,-0.0070789422952625795,0.4501849221302836,-0.012990527951287398
20260928,r10_a071,10,0.75,71,179,sigmoid,electronic,True,0,0.14404679660761097,0.0017850011522191067,0.45625639075672164,0.003180725612375479
20260928,r10_a071,10,0.75,71,179,sigmoid,pop,True,0,0.17432960353431942,0.0020102776649520704,0.5243849360939288,0.0069697786169591325
20260928,r10_a071,10,0.75,71,179,sigmoid,ambient,True,0,0.15045086570451288,-0.03187837137397956,0.45467912656508547,-0.08776753385013181
20260928,r10_a071,10,0.75,71,179,sigmoid,rock,True,0,0.09880903845201054,-0.00023267662424193702,0.3654192351053983,0.025654917815647604
20260928,r10_a071,10,0.75,71,179,temperature,macro,True,0,0.14967000917348103,0.000681990803604985,0.46965842509694494,0.0064829750153740096
20260928,r10_a071,10,0.75,71,179,temperature,electronic,True,0,0.14402919956846677,0.0017674041130749107,0.45618403570676674,0.0031083705624205815
20260928,r10_a071,10,0.75,71,179,temperature,pop,True,0,0.17388052635412604,0.0015612004847586902,0.5231671679811633,0.005752010504193605
20260928,r10_a071,10,0.75,71,179,temperature,ambient,True,0,0.18147563790920646,-0.0008535991692859846,0.5386354315930859,-0.003811228822131363
20260928,r10_a071,10,0.75,71,179,temperature,rock,True,0,0.0992946728621248,0.00025295778587232365,0.3606470651067639,0.020882747817013214
20260928,r11_a024,11,0.25,24,54,sigmoid,macro,True,0,0.14658168901880403,-0.0024063293510719896,0.4554684343415829,-0.007707015739988013
20260928,r11_a024,11,0.25,24,54,sigmoid,electronic,True,0,0.1618783225958603,0.019616527140468437,0.5028884993630955,0.04981283421874938
20260928,r11_a024,11,0.25,24,54,sigmoid,pop,True,0,0.1727948386397193,0.00047551277035196016,0.518496792002727,0.00108163452575738
20260928,r11_a024,11,0.25,24,54,sigmoid,ambient,True,0,0.15350610837312811,-0.028823128705364326,0.46486237963774146,-0.07758428077747581
20260928,r11_a024,11,0.25,24,54,sigmoid,rock,True,0,0.09814748646650845,-0.00089422860974403,0.3356260663627677,-0.004138250926983
20260928,r11_a024,11,0.25,24,54,temperature,macro,True,0,0.15313133955535363,0.004143321185477604,0.47333630236503016,0.010160852283459226
20260928,r11_a024,11,0.25,24,54,temperature,electronic,True,0,0.16169195398904512,0.019430158533653263,0.5026604901203519,0.04958482497600569
20260928,r11_a024,11,0.25,24,54,temperature,pop,True,0,0.16923903967877008,-0.0030802861905972756,0.5086966997826445,-0.00871845769432511
20260928,r11_a024,11,0.25,24,54,temperature,ambient,True,0,0.1824082711163697,7.903403787726249e-05,0.5428126074582619,0.000365947043044601
20260928,r11_a024,11,0.25,24,54,temperature,rock,True,0,0.09918609343722964,0.0001443783609771654,0.3391754120988624,-0.0005889051908882781
20260928,r11_a047,11,0.5,47,134,sigmoid,macro,True,0,0.14372064000292195,-0.005267378366954071,0.44872352787512687,-0.01445192220644409
20260928,r11_a047,11,0.5,47,134,sigmoid,electronic,True,0,0.14528550654764474,0.0030237110922528843,0.45955532497515483,0.006479659830808671
20260928,r11_a047,11,0.5,47,134,sigmoid,pop,True,0,0.17568966755780246,0.0033703416884351134,0.5295732686325648,0.012158111155595175
20260928,r11_a047,11,0.5,47,134,sigmoid,ambient,True,0,0.1536573086332222,-0.02867192844527025,0.46408191606995114,-0.07836474434526614
20260928,r11_a047,11,0.5,47,134,sigmoid,rock,True,0,0.10025007727301845,0.0012083621967659691,0.34168360182283664,0.0019192845330859298
20260928,r11_a047,11,0.5,47,134,temperature,macro,True,0,0.1498208111621086,0.000832792792232584,0.46481432017340074,0.0016388700918297944
20260928,r11_a047,11,0.5,47,134,temperature,electronic,True,0,0.1442673588851201,0.002005563429728241,0.45671367340822955,0.0036380082638833855
20260928,r11_a047,11,0.5,47,134,temperature,pop,True,0,0.17516435486329443,0.002845028993927079,0.5283306937620769,0.010915536285107219
20260928,r11_a047,11,0.5,47,134,temperature,ambient,True,0,0.18061839782047964,-0.0017108392580127973,0.5351311736886745,-0.007315486726542808
20260928,r11_a047,11,0.5,47,134,temperature,rock,True,0,0.09923313307954029,0.00019141800328781322,0.3390817398346221,-0.000682577455128619
20260928,r11_a071,11,0.75,71,187,sigmoid,macro,True,0,0.14395076389862935,-0.005037254471246696,0.45410991873496764,-0.009065531346603303
20260928,r11_a071,11,0.75,71,187,sigmoid,electronic,True,0,0.14501859653729912,0.002756801081907262,0.4587295585202915,0.005653893375945351
20260928,r11_a071,11,0.75,71,187,sigmoid,pop,True,0,0.1818296342413121,0.009510308371944748,0.5596916884868774,0.0422765310099078
20260928,r11_a071,11,0.75,71,187,sigmoid,ambient,True,0,0.15030776257898193,-0.03202147449951051,0.4544252727275501,-0.08802138768766715
20260928,r11_a071,11,0.75,71,187,sigmoid,rock,True,0,0.0986470622369242,-0.00039465283932828277,0.3435931552051515,0.0038288379154007846
20260928,r11_a071,11,0.75,71,187,temperature,macro,True,0,0.1516418608454118,0.002653842475535781,0.4749685238611768,0.011793073779605798
20260928,r11_a071,11,0.75,71,187,temperature,electronic,True,0,0.14461660071131513,0.00235480525592327,0.4575172326353471,0.004441567491000942
20260928,r11_a071,11,0.75,71,187,temperature,pop,True,0,0.18160752731754148,0.009288201448174133,0.55955580136494,0.04214064388797034
20260928,r11_a071,11,0.75,71,187,temperature,ambient,True,0,0.18147601369200883,-0.0008532233864836092,0.5386370477195181,-0.003809612695699127
20260928,r11_a071,11,0.75,71,187,temperature,rock,True,0,0.09886730166078181,-0.00017441341547067002,0.34416401372490174,0.004399696435151035
20260928,r12_a024,12,0.25,24,63,sigmoid,macro,True,0,0.15449946051809385,0.005511442148217808,0.5009580757398292,0.037782625658258254
20260928,r12_a024,12,0.25,24,63,sigmoid,electronic,True,0,0.15734517178843516,0.015083376333043297,0.48917984934773406,0.0361041842033879
20260928,r12_a024,12,0.25,24,63,sigmoid,pop,True,0,0.19844368847601815,0.026124362606650797,0.6865341728868974,0.1691190154099278
20260928,r12_a024,12,0.25,24,63,sigmoid,ambient,True,0,0.16049401292575552,-0.02183522415273692,0.4848823420163655,-0.05756431839885179
20260928,r12_a024,12,0.25,24,63,sigmoid,rock,True,0,0.10171496888216654,0.002673253805914058,0.3432359387083198,0.003471621418569104
20260928,r12_a024,12,0.25,24,63,temperature,macro,True,0,0.15874809776099755,0.009760079391121522,0.5132480795127463,0.05007262943117535
20260928,r12_a024,12,0.25,24,63,temperature,electronic,True,0,0.15712670273208448,0.014864907276692624,0.49076254735949376,0.0376868822151476
20260928,r12_a024,12,0.25,24,63,temperature,pop,True,0,0.1982603230064161,0.025940997137048755,0.6894515789061035,0.1720364214291339
20260928,r12_a024,12,0.25,24,63,temperature,ambient,True,0,0.18015684853785274,-0.002172388540639697,0.5338050296599559,-0.008641630755261365
20260928,r12_a024,12,0.25,24,63,temperature,rock,True,0,0.09944851676763689,0.00040680169138440636,0.338973162125432,-0.0007911551643187131
20260928,r12_a047,12,0.5,47,122,sigmoid,macro,True,0,0.14462494469807113,-0.0043630736718048985,0.4546363761680119,-0.008539073913559056
20260928,r12_a047,12,0.5,47,122,sigmoid,electronic,True,0,0.14796801866392925,0.005706223208537392,0.4649769394233085,0.011901274278962315
20260928,r12_a047,12,0.5,47,122,sigmoid,pop,True,0,0.18235222573242418,0.010032899863056832,0.5601710845436799,0.042755927066710275
20260928,r12_a047,12,0.5,47,122,sigmoid,ambient,True,0,0.14885799334352526,-0.03347124373496718,0.45237207020274117,-0.0900745902124761
20260928,r12_a047,12,0.5,47,122,sigmoid,rock,True,0,0.09932154105240584,0.0002798259761533639,0.341025410502318,0.001261093212567288
20260928,r12_a047,12,0.5,47,122,temperature,macro,True,0,0.15215012630598457,0.0031621079361085526,0.4747186747348667,0.011543224653295756
20260928,r12_a047,12,0.5,47,122,temperature,electronic,True,0,0.14784315178920127,0.005581356333809406,0.4657516609182775,0.012675995773931359
20260928,r12_a047,12,0.5,47,122,temperature,pop,True,0,0.18154409304025468,0.009224767170887327,0.5592052951328965,0.04179013765592687
20260928,r12_a047,12,0.5,47,122,temperature,ambient,True,0,0.18022594662304253,-0.0021032904554499077,0.5337203732376605,-0.008726287177556746
20260928,r12_a047,12,0.5,47,122,temperature,rock,True,0,0.09898731377143986,-5.440130481261518e-05,0.34019736965063224,0.0004330523608815362
20260928,r12_a071,12,0.75,71,173,sigmoid,macro,True,0,0.14612870120775917,-0.0028593171621168513,0.4630364061842827,-0.00013904389728823519
20260928,r12_a071,12,0.75,71,173,sigmoid,electronic,True,0,0.1478934760615175,0.00563168060612565,0.46396038020651137,0.010884715062165207
20260928,r12_a071,12,0.75,71,173,sigmoid,pop,True,0,0.18597789975701004,0.013658573887642689,0.5859037310464966,0.06848857356952698
20260928,r12_a071,12,0.75,71,173,sigmoid,ambient,True,0,0.1522600926247658,-0.03006914445372663,0.45927375845266005,-0.08317290196255722
20260928,r12_a071,12,0.75,71,173,sigmoid,rock,True,0,0.09838333638774337,-0.000658378688509112,0.3430077550314628,0.0032434377417120963
20260928,r12_a071,12,0.75,71,173,temperature,macro,True,0,0.15344770060556176,0.0044596822356857205,0.48371531137055906,0.020539861288988145
20260928,r12_a071,12,0.75,71,173,temperature,electronic,True,0,0.14667690700567246,0.004415111550280598,0.4626679953669763,0.009592330222630119
20260928,r12_a071,12,0.75,71,173,temperature,pop,True,0,0.1859759975939286,0.013656671724561253,0.5859106436314608,0.06849548615449119
20260928,r12_a071,12,0.75,71,173,temperature,ambient,True,0,0.18227071361060285,-5.852346788959295e-05,0.5421770271163229,-0.0002696332988944006
20260928,r12_a071,12,0.75,71,173,temperature,rock,True,0,0.0988671842120431,-0.0001745308642093768,0.3441055793674764,0.004341262077725672
20260928,r13_a024,13,0.25,24,55,sigmoid,macro,True,0,0.1494509113572072,0.0004628929873311573,0.46469055140683385,0.0015151013252629048
20260928,r13_a024,13,0.25,24,55,sigmoid,electronic,True,0,0.15662519559678803,0.014363400141396171,0.4894547724790838,0.03637910733473765
20260928,r13_a024,13,0.25,24,55,sigmoid,pop,True,0,0.17515569720315566,0.0028363713337883067,0.5260478379997158,0.008632680522746128
20260928,r13_a024,13,0.25,24,55,sigmoid,ambient,True,0,0.1550778692365163,-0.027251367841976126,0.46762450732766514,-0.07482215308755213
20260928,r13_a024,13,0.25,24,55,sigmoid,rock,True,0,0.11094488339236876,0.011903168316116278,0.3756350878208707,0.03587077053111998
20260928,r13_a024,13,0.25,24,55,temperature,macro,True,0,0.15263755613374197,0.0036495377638659267,0.47301136736480076,0.009835917283229786
20260928,r13_a024,13,0.25,24,55,temperature,electronic,True,0,0.15646370416507538,0.01420190870968352,0.4890048107469865,0.03592914560264032
20260928,r13_a024,13,0.25,24,55,temperature,pop,True,0,0.17435943578821056,0.002040109918843208,0.5250499253391204,0.007634767862150782
20260928,r13_a024,13,0.25,24,55,temperature,ambient,True,0,0.18083880078788395,-0.0014904362906084934,0.535991876493418,-0.006454783921799323
20260928,r13_a024,13,0.25,24,55,temperature,rock,True,0,0.09888828379379795,-0.00015343128245452753,0.34199885687967807,0.0022345395899273646
20260928,r13_a047,13,0.5,47,128,sigmoid,macro,True,0,0.1467713250420465,-0.0022166933278295192,0.4680440939827668,0.00486864390119586
20260928,r13_a047,13,0.5,47,128,sigmoid,electronic,True,0,0.14695237700741914,0.004690581552027284,0.46355846130589506,0.010482796161548902
20260928,r13_a047,13,0.5,47,128,sigmoid,pop,True,0,0.18332549341992613,0.011006167550558776,0.5687921844478652,0.05137702697089552
20260928,r13_a047,13,0.5,47,128,sigmoid,ambient,True,0,0.1563451471923417,-0.025984089886150752,0.4706554250931146,-0.07179123532210269
20260928,r13_a047,13,0.5,47,128,sigmoid,rock,True,0,0.1004622825484991,0.0014205674722466144,0.3691703050841924,0.0294059877944417
20260928,r13_a047,13,0.5,47,128,temperature,macro,True,0,0.15305837657181945,0.00407035820194342,0.484811991316757,0.021636541235186033
20260928,r13_a047,13,0.5,47,128,temperature,electronic,True,0,0.14584879868237513,0.003587003226983271,0.4605353181050403,0.007459652960694119
20260928,r13_a047,13,0.5,47,128,temperature,pop,True,0,0.18319137254067636,0.010872046671309005,0.5685979993560598,0.05118284187909017
20260928,r13_a047,13,0.5,47,128,temperature,ambient,True,0,0.18392343167238215,0.0015941945938897084,0.5502018660893793,0.007755205674161991
20260928,r13_a047,13,0.5,47,128,temperature,rock,True,0,0.09926990339184417,0.00022818831559169583,0.35991278171654856,0.020148464426797852
20260928,r13_a071,13,0.75,71,175,sigmoid,macro,True,0,0.14366491057723685,-0.00532310779263916,0.45272350147824103,-0.010451948603329958
20260928,r13_a071,13,0.75,71,175,sigmoid,electronic,True,0,0.1450493756541785,0.0027875801987866378,0.4586843195563189,0.005608654411972724
20260928,r13_a071,13,0.75,71,175,sigmoid,pop,True,0,0.18041342533301624,0.00809409946364889,0.5519219635795162,0.03450680610254653
20260928,r13_a071,13,0.75,71,175,sigmoid,ambient,True,0,0.1513274212984013,-0.031001815780091146,0.45710314503786437,-0.08534351537735291
20260928,r13_a071,13,0.75,71,175,sigmoid,rock,True,0,0.09786942002335146,-0.0011722950529010207,0.34318457773926453,0.0034202604495138234
20260928,r13_a071,13,0.75,71,175,temperature,macro,True,0,0.1515161549855612,0.0025281366156851837,0.47415490188444925,0.010979451802878279
20260928,r13_a071,13,0.75,71,175,temperature,electronic,True,0,0.14489221180362274,0.002630416348230885,0.458170434218435,0.005094769074088845
20260928,r13_a071,13,0.75,71,175,temperature,pop,True,0,0.18001567508204372,0.007696349212676368,0.5510243754961818,0.03360921801921213
20260928,r13_a071,13,0.75,71,175,temperature,ambient,True,0,0.18228326369765543,-4.597338083700553e-05,0.5422347516083921,-0.00021190880682520064
20260928,r13_a071,13,0.75,71,175,temperature,rock,True,0,0.09887346935892297,-0.00016824571732951266,0.34519004621478805,0.005425728925037343
20260928,r14_a024,14,0.25,24,58,sigmoid,macro,True,0,0.14381024672536652,-0.005177771644509509,0.46365627674068716,0.00048082665911625133
20260928,r14_a024,14,0.25,24,58,sigmoid,electronic,True,0,0.1410648842862934,-0.0011969111690984524,0.4583295705350033,0.005253905390657121
20260928,r14_a024,14,0.25,24,58,sigmoid,pop,True,0,0.17028713039831994,-0.00203219547104741,0.510236596674805,-0.007178560802164613
20260928,r14_a024,14,0.25,24,58,sigmoid,ambient,True,0,0.1659442253799822,-0.016385011698510227,0.5351068235215021,-0.007339836893715201
20260928,r14_a024,14,0.25,24,58,sigmoid,rock,True,0,0.09794474683687053,-0.0010969682393819485,0.3509521162314384,0.011187798941687699
20260928,r14_a024,14,0.25,24,58,temperature,macro,True,0,0.15143466346737564,0.002446645097499603,0.48918529077245415,0.026009840690883176
20260928,r14_a024,14,0.25,24,58,temperature,electronic,True,0,0.14057434077264097,-0.0016874546827508885,0.45645988263763665,0.0033842174932904867
20260928,r14_a024,14,0.25,24,58,temperature,pop,True,0,0.1702053052144524,-0.00211402065491495,0.5108124718657474,-0.0066026856112222365
20260928,r14_a024,14,0.25,24,58,temperature,ambient,True,0,0.1956314239401017,0.01330218686160925,0.6278516871103751,0.08540502669515782
20260928,r14_a024,14,0.25,24,58,temperature,rock,True,0,0.09932758394230748,0.00028586886605500017,0.36161712147605735,0.02185280418630664
20260928,r14_a047,14,0.5,47,120,sigmoid,macro,True,0,0.14205401857555108,-0.006933999794324925,0.446879539197149,-0.01629591088442192
20260928,r14_a047,14,0.5,47,120,sigmoid,electronic,True,0,0.14309987610192215,0.0008380806465302926,0.46405050243355483,0.010974837289208672
20260928,r14_a047,14,0.5,47,120,sigmoid,pop,True,0,0.1754828287593134,0.003163502889946046,0.5251065539199726,0.007691396443002985
20260928,r14_a047,14,0.5,47,120,sigmoid,ambient,True,0,0.1502028434736822,-0.03212639360481023,0.4560855343808426,-0.08636112603437468
20260928,r14_a047,14,0.5,47,120,sigmoid,rock,True,0,0.09943052596728667,0.0003888108910341942,0.34227556605422604,0.002511248764475338
20260928,r14_a047,14,0.5,47,120,temperature,macro,True,0,0.14744976340695318,-0.0015382549629228554,0.46019096263788273,-0.002984487443688205
20260928,r14_a047,14,0.5,47,120,temperature,electronic,True,0,0.1406184630835292,-0.0016433323718626491,0.4558703489490418,0.0027946838046956635
20260928,r14_a047,14,0.5,47,120,temperature,pop,True,0,0.1701347159159215,-0.002184609953445854,0.5106264632933621,-0.006788694183607502
20260928,r14_a047,14,0.5,47,120,temperature,ambient,True,0,0.1801119376559727,-0.0022172994225197473,0.5333888950564829,-0.009057765358734371
20260928,r14_a047,14,0.5,47,120,temperature,rock,True,0,0.09893393697238931,-0.00010777810386317088,0.3408781432526441,0.0011138259628933889
20260928,r14_a071,14,0.75,71,174,sigmoid,macro,True,0,0.1423110574746518,-0.006676960895224231,0.44510908649424863,-0.018066363587322373
20260928,r14_a071,14,0.75,71,174,sigmoid,electronic,True,0,0.14680137818238945,0.0045395827269975875,0.461120988944237,0.008045323799890813
20260928,r14_a071,14,0.75,71,174,sigmoid,pop,True,0,0.17355656436653202,0.0012372384971646722,0.5216458246632608,0.0042306671862911704
20260928,r14_a071,14,0.75,71,174,sigmoid,ambient,True,0,0.15116262967199662,-0.031166607406495822,0.4572078606644713,-0.085238799750746
20260928,r14_a071,14,0.75,71,174,sigmoid,rock,True,0,0.09772365767768912,-0.0013180573985633603,0.3404616717050252,0.0006973544152745204
20260928,r14_a071,14,0.75,71,174,temperature,macro,True,0,0.14960754117119673,0.0006195228013206981,0.4650362110732175,0.0018607609916465595
20260928,r14_a071,14,0.75,71,174,temperature,electronic,True,0,0.14507147069351148,0.002809675238119619,0.4586030117200961,0.005527346575749936
20260928,r14_a071,14,0.75,71,174,temperature,pop,True,0,0.17329808206267014,0.0009787561933027877,0.5209498786665159,0.0035347211895462305
20260928,r14_a071,14,0.75,71,174,temperature,ambient,True,0,0.18119091957873262,-0.0011383174997598167,0.5374287822040412,-0.005017878211176052
20260928,r14_a071,14,0.75,71,174,temperature,rock,True,0,0.09886969234987268,-0.00017202272637979743,0.34316317170221683,0.0033988544124661235
20260928,r15_a024,15,0.25,24,51,sigmoid,macro,True,0,0.15668486831065406,0.007696849940778013,0.9518419548582434,0.4886665047766725
20260928,r15_a024,15,0.25,24,51,sigmoid,electronic,True,0,0.14115319098458304,-0.0011086044708088216,0.46196276042058504,0.008887095276238877
20260928,r15_a024,15,0.25,24,51,sigmoid,pop,True,0,0.21456959386091518,0.042250267991547824,0.946937259940027,0.42952210246305733
20260928,r15_a024,15,0.25,24,51,sigmoid,ambient,True,0,0.15526156187920423,-0.02706767519928821,0.47310223527870826,-0.06934442513650901
20260928,r15_a024,15,0.25,24,51,sigmoid,rock,True,0,0.11575512651791374,0.01671341144166126,1.9253655637936535,1.5856012465039029
20260928,r15_a024,15,0.25,24,51,temperature,macro,True,0,0.15922016589739596,0.010232147527519893,0.6250896807953468,0.16191423071377586
20260928,r15_a024,15,0.25,24,51,temperature,electronic,True,0,0.14046971285443027,-0.0017920826009615864,0.459083004038236,0.006007338893889824
20260928,r15_a024,15,0.25,24,51,temperature,pop,True,0,0.2078715586255663,0.035552232756198954,0.8192530539604412,0.3018378964834716
20260928,r15_a024,15,0.25,24,51,temperature,ambient,True,0,0.18311342910931977,0.0007841920308273298,0.5461660177665486,0.0037193573513313316
20260928,r15_a024,15,0.25,24,51,temperature,rock,True,0,0.10542596300026735,0.006384247924014874,0.6758566474161614,0.33609233012641065
20260928,r15_a047,15,0.5,47,117,sigmoid,macro,True,0,0.14799352569071622,-0.0009944926791598217,0.4916963946786802,0.028520944597109313
20260928,r15_a047,15,0.5,47,117,sigmoid,electronic,True,0,0.14517762556120387,0.002915830105812006,0.4600824010355861,0.007006735891239957
20260928,r15_a047,15,0.5,47,117,sigmoid,pop,True,0,0.19673904159963512,0.02441971573026777,0.6710304095638783,0.15361525208690863
20260928,r15_a047,15,0.5,47,117,sigmoid,ambient,True,0,0.15110323024329195,-0.031226006835200493,0.45682703393384216,-0.08561962648137511
20260928,r15_a047,15,0.5,47,117,sigmoid,rock,True,0,0.09895420535873391,-8.750971751857184e-05,0.3788457341814145,0.03908141689166378
20260928,r15_a047,15,0.5,47,117,temperature,macro,True,0,0.15488966648823338,0.005901648118357354,0.5087400721407958,0.045564622059224805
20260928,r15_a047,15,0.5,47,117,temperature,electronic,True,0,0.1427397332900859,0.0004779378346940477,0.4537119420026753,0.0006362768583291212
20260928,r15_a047,15,0.5,47,117,temperature,pop,True,0,0.19657361826556347,0.024254292396196114,0.6719967454267461,0.1545815879497765
20260928,r15_a047,15,0.5,47,117,temperature,ambient,True,0,0.18046895287260084,-0.0018602842058915992,0.534570099541436,-0.007876560873781302
20260928,r15_a047,15,0.5,47,117,temperature,rock,True,0,0.09977636152468333,0.0007346464484308535,0.3746815015923256,0.0349171843025749
20260928,r15_a071,15,0.75,71,175,sigmoid,macro,True,0,0.14370283710742476,-0.005285181262451255,0.4555101483229146,-0.007665301758656373
20260928,r15_a071,15,0.75,71,175,sigmoid,electronic,True,0,0.14512839280200043,0.0028665973466085737,0.4587678760460436,0.005692210901697414
20260928,r15_a071,15,0.75,71,175,sigmoid,pop,True,0,0.18003193795195305,0.007712612082585696,0.5519611051901225,0.03454594771315289
20260928,r15_a071,15,0.75,71,175,sigmoid,ambient,True,0,0.15152255990909796,-0.030806677169394475,0.45781341092546823,-0.08463324948974904
20260928,r15_a071,15,0.75,71,175,sigmoid,rock,True,0,0.09812845776664766,-0.0009132573096048147,0.35349820113002395,0.013733883840273242
20260928,r15_a071,15,0.75,71,175,temperature,macro,True,0,0.15160689508030514,0.0026188767104290897,0.477027334101051,0.01385188401948012
20260928,r15_a071,15,0.75,71,175,temperature,electronic,True,0,0.1451137228842481,0.0028519274288562324,0.45870578047378546,0.0056301153294393
20260928,r15_a071,15,0.75,71,175,temperature,pop,True,0,0.18021467407151656,0.00789534820214921,0.5520610513163563,0.034645893839386654
20260928,r15_a071,15,0.75,71,175,temperature,ambient,True,0,0.18193608460729954,-0.000393152471192898,0.5406579768309261,-0.0017886835842911841
20260928,r15_a071,15,0.75,71,175,temperature,rock,True,0,0.09916309875815629,0.00012138368190381388,0.3566845277831364,0.016920210493385712
20260928,r16_a024,16,0.25,24,69,sigmoid,macro,True,0,0.15547558676842985,0.006487568398553838,0.6565327048739324,0.19335725479236143
20260928,r16_a024,16,0.25,24,69,sigmoid,electronic,True,0,0.1467425471488048,0.004480751693412943,0.4639030531260576,0.010827387981711456
20260928,r16_a024,16,0.25,24,69,sigmoid,pop,True,0,0.22083692715045541,0.04851760128108806,1.1199277103811187,0.6025125529041491
20260928,r16_a024,16,0.25,24,69,sigmoid,ambient,True,0,0.14891225337560782,-0.03341698370288462,0.45215061204034135,-0.09029604837487593
20260928,r16_a024,16,0.25,24,69,sigmoid,rock,True,0,0.10541061939885145,0.00636890432259897,0.5901494439482118,0.2503851266584611
20260928,r16_a024,16,0.25,24,69,temperature,macro,True,0,0.15933933553989793,0.010351317170021877,0.6026086419635258,0.13943319188195485
20260928,r16_a024,16,0.25,24,69,temperature,electronic,True,0,0.1423621449737536,0.000100349518361742,0.45319004450511835,0.00011437936077218769
20260928,r16_a024,16,0.25,24,69,temperature,pop,True,0,0.21108540301097972,0.03876607714161237,0.8788838243471755,0.36146866687020585
20260928,r16_a024,16,0.25,24,69,temperature,ambient,True,0,0.18016764489060694,-0.0021615921878855027,0.5335388330081533,-0.008907827407063973
20260928,r16_a024,16,0.25,24,69,temperature,rock,True,0,0.10374214928425138,0.004700434207998899,0.544821865993656,0.2050575487039053
20260928,r16_a047,16,0.5,47,119,sigmoid,macro,True,0,0.15410818028421702,0.0051201619143409795,0.5943194694894515,0.1311440194078805
20260928,r16_a047,16,0.5,47,119,sigmoid,electronic,True,0,0.1466774523760905,0.004415656920698646,0.4628639783129445,0.00978831316859835
20260928,r16_a047,16,0.5,47,119,sigmoid,pop,True,0,0.21843161152684795,0.0461122856574806,1.0538688447022113,0.5364536872252417
20260928,r16_a047,16,0.5,47,119,sigmoid,ambient,True,0,0.15157181831324051,-0.030757418765251926,0.45952897160026757,-0.08291768881494971
20260928,r16_a047,16,0.5,47,119,sigmoid,rock,True,0,0.09975183892068908,0.000710123844436597,0.4010160833423824,0.06125176605263172
20260928,r16_a047,16,0.5,47,119,temperature,macro,True,0,0.15971400660810825,0.010725988238232217,0.5746014427149386,0.11142599263336762
20260928,r16_a047,16,0.5,47,119,temperature,electronic,True,0,0.14564768641544654,0.003385890960054677,0.4600277199634535,0.006952054819107323
20260928,r16_a047,16,0.5,47,119,temperature,pop,True,0,0.21222780750974307,0.03990848164037572,0.9028393630371117,0.385424205560142
20260928,r16_a047,16,0.5,47,119,temperature,ambient,True,0,0.18034217245095344,-0.0019870646275390036,0.5341138746714602,-0.008332785743757065
20260928,r16_a047,16,0.5,47,119,temperature,rock,True,0,0.10063836005628995,0.001596644980037476,0.40142481318772893,0.06166049589797823
20260928,r16_a071,16,0.75,71,176,sigmoid,macro,True,0,0.1450216472800003,-0.003966371089875728,0.4651417782634089,0.0019663281818379647
20260928,r16_a071,16,0.75,71,176,sigmoid,electronic,True,0,0.14705223714621546,0.004790441690823599,0.463612319513218,0.010536654368871856
20260928,r16_a071,16,0.75,71,176,sigmoid,pop,True,0,0.18484207386791504,0.01252274799854769,0.5784249816009058,0.061009824123936185
20260928,r16_a071,16,0.75,71,176,sigmoid,ambient,True,0,0.14977903299225834,-0.0325502040862341,0.45350628373894014,-0.08894037667627713
20260928,r16_a071,16,0.75,71,176,sigmoid,rock,True,0,0.09841324511361238,-0.0006284699626400991,0.36502352820057166,0.02525921091082095
20260928,r16_a071,16,0.75,71,176,temperature,macro,True,0,0.15308865779842196,0.004100639428545938,0.486405170281013,0.023229720199442055
20260928,r16_a071,16,0.75,71,176,temperature,electronic,True,0,0.14708275418054448,0.004820958725152619,0.46373268666758555,0.010657021523239385
20260928,r16_a071,16,0.75,71,176,temperature,pop,True,0,0.1848159800912326,0.012496654221865244,0.5784717909629086,0.06105663348593893
20260928,r16_a071,16,0.75,71,176,temperature,ambient,True,0,0.1809433161056472,-0.0013859209728452337,0.5364112190245095,-0.006035441390707774
20260928,r16_a071,16,0.75,71,176,temperature,rock,True,0,0.0995125808162636,0.0004708657400111227,0.3670049844690484,0.027240667179297684
20260928,r17_a024,17,0.25,24,70,sigmoid,macro,True,0,0.144521548220978,-0.004466470148898009,0.4561587145675747,-0.007016735513996286
20260928,r17_a024,17,0.25,24,70,sigmoid,electronic,True,0,0.149455185355241,0.007193389899849134,0.4854576071285917,0.032381941984245544
20260928,r17_a024,17,0.25,24,70,sigmoid,pop,True,0,0.17031019111337647,-0.0020091347559908768,0.513357376857639,-0.004057780619330598
20260928,r17_a024,17,0.25,24,70,sigmoid,ambient,True,0,0.15579303379951254,-0.026536203278979903,0.4704642706295004,-0.07198238978571686
20260928,r17_a024,17,0.25,24,70,sigmoid,rock,True,0,0.10252778261578209,0.003486067539529611,0.3553556036545675,0.01559128636481677
20260928,r17_a024,17,0.25,24,70,temperature,macro,True,0,0.14710539077809526,-0.001882627591780775,0.4616540593136484,-0.001521390767922598
20260928,r17_a024,17,0.25,24,70,temperature,electronic,True,0,0.1404631138638359,-0.0017986815915559673,0.45944323580850455,0.006367570664158384
20260928,r17_a024,17,0.25,24,70,temperature,pop,True,0,0.1689381481584074,-0.003381177710959943,0.5089942221032704,-0.008420935373699256
20260928,r17_a024,17,0.25,24,70,temperature,ambient,True,0,0.18015075349726611,-0.002178483581226326,0.5334897949678309,-0.008956865447386386
20260928,r17_a024,17,0.25,24,70,temperature,rock,True,0,0.09886954759287161,-0.00017216748338086396,0.3446889843749876,0.004924667085236867
20260928,r17_a047,17,0.5,47,128,sigmoid,macro,True,0,0.14320527247721343,-0.005782745892662592,0.44830892799549854,-0.014866522086072392
20260928,r17_a047,17,0.5,47,128,sigmoid,electronic,True,0,0.1440288179098116,0.001767022454419731,0.45646166911271613,0.003386003968369966
20260928,r17_a047,17,0.5,47,128,sigmoid,pop,True,0,0.1791984797016332,0.0068791538322658385,0.5399987780183761,0.0225836205414065
20260928,r17_a047,17,0.5,47,128,sigmoid,ambient,True,0,0.15137041536979035,-0.030958821708702094,0.45745824519199807,-0.0849884152232192
20260928,r17_a047,17,0.5,47,128,sigmoid,rock,True,0,0.09822337692761864,-0.0008183381486338431,0.3393170196589039,-0.0004472976308468324
20260928,r17_a047,17,0.5,47,128,temperature,macro,True,0,0.14989504850333557,0.0009070301334595417,0.46633436247137783,0.003158912389806895
20260928,r17_a047,17,0.5,47,128,temperature,electronic,True,0,0.14370307441738212,0.0014412789619902555,0.4554878520373004,0.002412186892954249
20260928,r17_a047,17,0.5,47,128,temperature,pop,True,0,0.17627166559374083,0.003952339724373477,0.5330741544457255,0.015658996968755834
20260928,r17_a047,17,0.5,47,128,temperature,ambient,True,0,0.18069527358356466,-0.0016339634949277815,0.5354273894261413,-0.007019270989075954
20260928,r17_a047,17,0.5,47,128,temperature,rock,True,0,0.0989101804186547,-0.00013153465759778438,0.34134805397634416,0.001583736686593451
20260928,r17_a071,17,0.75,71,184,sigmoid,macro,True,0,0.14217793562916162,-0.006810082740714422,0.4466992785478519,-0.016476171533719067
20260928,r17_a071,17,0.75,71,184,sigmoid,electronic,True,0,0.14312502346960537,0.0008632280142135129,0.4543349045314096,0.00125923938706346
20260928,r17_a071,17,0.75,71,184,sigmoid,pop,True,0,0.17691941660385002,0.00460009073448267,0.531328433620751,0.01391327614378135
20260928,r17_a071,17,0.75,71,184,sigmoid,ambient,True,0,0.15019542598248548,-0.032133811096006965,0.45400084653510175,-0.08844581388011552
20260928,r17_a071,17,0.75,71,184,sigmoid,rock,True,0,0.09847187646070557,-0.0005698386155469082,0.34713292950414515,0.007368612214394443
20260928,r17_a071,17,0.75,71,184,temperature,macro,True,0,0.14915726470393978,0.0001692463340637572,0.4655960741261126,0.0024206240445416444
20260928,r17_a071,17,0.75,71,184,temperature,electronic,True,0,0.14268210913949889,0.0004203136841070265,0.45362409210449356,0.0005484269601473968
20260928,r17_a071,17,0.75,71,184,temperature,pop,True,0,0.17422282077300388,0.0019034949036365323,0.5245074839664093,0.007092326489439693
20260928,r17_a071,17,0.75,71,184,temperature,ambient,True,0,0.18079691595723535,-0.0015323211212570909,0.5358257142562078,-0.006620946159009433
20260928,r17_a071,17,0.75,71,184,temperature,rock,True,0,0.09892721294602104,-0.00011450213023143918,0.3484270061773396,0.00866268888758892
20260928,r18_a024,18,0.25,24,52,sigmoid,macro,True,0,0.1501938900114423,0.0012058716415662488,0.4749852103499591,0.011809760268388134
20260928,r18_a024,18,0.25,24,52,sigmoid,electronic,True,0,0.15174940048349825,0.009487605028106388,0.483940915475713,0.030865250331366834
20260928,r18_a024,18,0.25,24,52,sigmoid,pop,True,0,0.17092774634086874,-0.0013915795284986099,0.5117014950889955,-0.0057136623879741055
20260928,r18_a024,18,0.25,24,52,sigmoid,ambient,True,0,0.17940035712767094,-0.0029288799508215,0.5513665513671211,0.00891989095190382
20260928,r18_a024,18,0.25,24,52,sigmoid,rock,True,0,0.0986980560937312,-0.00034365898252128324,0.3529318794680067,0.013167562178255987
20260928,r18_a024,18,0.25,24,52,temperature,macro,True,0,0.15028129087824188,0.0012932725083658406,0.47758310282245886,0.014407652740887844
20260928,r18_a024,18,0.25,24,52,temperature,electronic,True,0,0.14072449077651128,-0.00153730467888058,0.45487027986714207,0.0017946147227959064
20260928,r18_a024,18,0.25,24,52,temperature,pop,True,0,0.17080418330256505,-0.0015151425668022966,0.5125024594374382,-0.004912698039531427
20260928,r18_a024,18,0.25,24,52,temperature,ambient,True,0,0.19053977753530035,0.008210540456807913,0.5896735613257155,0.04722690091049819
20260928,r18_a024,18,0.25,24,52,temperature,rock,True,0,0.0990567118985908,1.4996822338325666e-05,0.3532861106595394,0.013521793369788704
20260928,r18_a047,18,0.5,47,114,sigmoid,macro,True,0,0.14180054581406085,-0.007187472555815203,0.4546823892088495,-0.008493060872721461
20260928,r18_a047,18,0.5,47,114,sigmoid,electronic,True,0,0.14053452146072185,-0.0017272739946700144,0.46566368950441955,0.012588024360073391
20260928,r18_a047,18,0.5,47,114,sigmoid,pop,True,0,0.17605801020154951,0.003738684332182163,0.5288554310513615,0.011440273574391813
20260928,r18_a047,18,0.5,47,114,sigmoid,ambient,True,0,0.15201888562768165,-0.03031035145081079,0.45901176606151534,-0.08343489435370194
20260928,r18_a047,18,0.5,47,114,sigmoid,rock,True,0,0.09859076596629031,-0.0004509491099621704,0.3651986702181016,0.02543435292835089
20260928,r18_a047,18,0.5,47,114,temperature,macro,True,0,0.14880991561901621,-0.00017810275085982166,0.4731974388797733,0.010021988798202333
20260928,r18_a047,18,0.5,47,114,temperature,electronic,True,0,0.14049033903841562,-0.001771456416976236,0.465472375988027,0.012396710843680825
20260928,r18_a047,18,0.5,47,114,temperature,pop,True,0,0.1735072760955662,0.0011879502261988584,0.5217368846181415,0.004321727141171849
20260928,r18_a047,18,0.5,47,114,temperature,ambient,True,0,0.18177682917940416,-0.0005524078990882808,0.5399491690260654,-0.0024974913891518957
20260928,r18_a047,18,0.5,47,114,temperature,rock,True,0,0.09946521816267885,0.0004235030864263717,0.36563132588685926,0.025867008597108554
20260928,r18_a071,18,0.75,71,166,sigmoid,macro,True,0,0.1409143492252074,-0.008073669144668644,0.4477074326753407,-0.015468017406230258
20260928,r18_a071,18,0.75,71,166,sigmoid,electronic,True,0,0.14069735193606456,-0.001564443519327302,0.45632988223359816,0.0032542170892519984
20260928,r18_a071,18,0.75,71,166,sigmoid,pop,True,0,0.1744482110745847,0.00212888520521734,0.5238809875345157,0.006465830057546085
20260928,r18_a071,18,0.75,71,166,sigmoid,ambient,True,0,0.14975169274198705,-0.03257754433650539,0.4548091111976514,-0.08763754921756589
20260928,r18_a071,18,0.75,71,166,sigmoid,rock,True,0,0.09876014114819326,-0.00028157392805922,0.3558097497355975,0.016045432445846775
20260928,r18_a071,18,0.75,71,166,temperature,macro,True,0,0.1482359942207237,-0.0007520241491523229,0.4665461603121211,0.0033707102305501613
20260928,r18_a071,18,0.75,71,166,temperature,electronic,True,0,0.14061593789111437,-0.0016458575642774864,0.455900451234233,0.0028247860898868438
20260928,r18_a071,18,0.75,71,166,temperature,pop,True,0,0.17301048068672514,0.0006911548173577919,0.5198855230819561,0.0024703656049864797
20260928,r18_a071,18,0.75,71,166,temperature,ambient,True,0,0.18014681725199033,-0.0021824198265021078,0.5334787003862115,-0.008967960029005795
20260928,r18_a071,18,0.75,71,166,temperature,rock,True,0,0.09917074105306499,0.0001290259768125107,0.3569199665460838,0.017155649256333116
20260928,r19_a024,19,0.25,24,52,sigmoid,macro,True,0,0.1438922547176497,-0.005095763652226356,0.47839130636153937,0.015215856279968437
20260928,r19_a024,19,0.25,24,52,sigmoid,electronic,True,0,0.14328970666553292,0.0010279112101410637,0.5348766108614063,0.08180094571706009
20260928,r19_a024,19,0.25,24,52,sigmoid,pop,True,0,0.17018969237017617,-0.0021296334991911803,0.5104957891902729,-0.006919368286696703
20260928,r19_a024,19,0.25,24,52,sigmoid,ambient,True,0,0.1529933123957921,-0.029335924682700326,0.4655245352514344,-0.07692212516378288
20260928,r19_a024,19,0.25,24,52,sigmoid,rock,True,0,0.1090963074390975,0.010054592362845019,0.40266829014304395,0.06290397285329324
20260928,r19_a024,19,0.25,24,52,temperature,macro,True,0,0.14810183925869375,-0.0008861791111822656,0.4884819883446101,0.025306538263039177
20260928,r19_a024,19,0.25,24,52,temperature,electronic,True,0,0.14383755866681364,0.0015757632114217768,0.5438080141146702,0.090732348970324
20260928,r19_a024,19,0.25,24,52,temperature,pop,True,0,0.16896263571879497,-0.0033566901505723834,0.5093465988188561,-0.008068558658113512
20260928,r19_a024,19,0.25,24,52,temperature,ambient,True,0,0.18008061624739738,-0.0022486208310950606,0.5333635052843364,-0.009083155130880871
20260928,r19_a024,19,0.25,24,52,temperature,rock,True,0,0.09952654640176908,0.0004848313255166048,0.3674098351605778,0.027645517870827085
20260928,r19_a047,19,0.5,47,114,sigmoid,macro,True,0,0.14162628916161046,-0.007361729208265569,0.4486391762915045,-0.014536273790066445
20260928,r19_a047,19,0.5,47,114,sigmoid,electronic,True,0,0.14556160181447825,0.003299806359086388,0.4600334938151158,0.006957828670769661
20260928,r19_a047,19,0.5,47,114,sigmoid,pop,True,0,0.16892561516887958,-0.003393710700487773,0.507845631034406,-0.009569526442563592
20260928,r19_a047,19,0.5,47,114,sigmoid,ambient,True,0,0.15052689041073397,-0.03180234666775847,0.4565963357271766,-0.08585032468804066
20260928,r19_a047,19,0.5,47,114,sigmoid,rock,True,0,0.10149104925235006,0.0024493341760975784,0.3700812445893195,0.030316927299568808
20260928,r19_a047,19,0.5,47,114,temperature,macro,True,0,0.14831151163852144,-0.0006765067313545918,0.46406553288066565,0.0008900827990947074
20260928,r19_a047,19,0.5,47,114,temperature,electronic,True,0,0.14509150081110783,0.0028297053557159724,0.45865169334832623,0.005576028203980066
20260928,r19_a047,19,0.5,47,114,temperature,pop,True,0,0.16894793582425466,-0.0033713900451126932,0.5087223287884706,-0.008692828688499077
20260928,r19_a047,19,0.5,47,114,temperature,ambient,True,0,0.18008068038947453,-0.002248556689017911,0.53336228960662,-0.009084370808597253
20260928,r19_a047,19,0.5,47,114,temperature,rock,True,0,0.09912592952924874,8.421445299626462e-05,0.3555258197792458,0.015761502489495094
20260928,r19_a071,19,0.75,71,180,sigmoid,macro,True,0,0.14200107582540933,-0.006986942544466693,0.4508178280824485,-0.012357621999122423
20260928,r19_a071,19,0.75,71,180,sigmoid,electronic,True,0,0.1435238376199604,0.0012620421645685442,0.45513037241828064,0.002054707273934475
20260928,r19_a071,19,0.75,71,180,sigmoid,pop,True,0,0.17353553329451957,0.001216207425152216,0.520566392766264,0.0031512352892943962
20260928,r19_a071,19,0.75,71,180,sigmoid,ambient,True,0,0.15152165000367648,-0.030807587074815956,0.458061795649071,-0.08438486476614626
20260928,r19_a071,19,0.75,71,180,sigmoid,rock,True,0,0.0994232823834809,0.0003815673072284226,0.3695127514961784,0.0297484342064277
20260928,r19_a071,19,0.75,71,180,temperature,macro,True,0,0.14874143666408635,-0.00024658170578967936,0.467906993668366,0.004731543586795117
20260928,r19_a071,19,0.75,71,180,temperature,electronic,True,0,0.14269230147831716,0.0004305060229252977,0.45363943610225244,0.0005637709579062733
20260928,r19_a071,19,0.75,71,180,temperature,pop,True,0,0.17198881540306182,-0.00033051046630552805,0.5162803429391448,-0.0011348145378248242
20260928,r19_a071,19,0.75,71,180,temperature,ambient,True,0,0.18081294307400403,-0.001516294004488411,0.5358891625003643,-0.006557497914852939
20260928,r19_a071,19,0.75,71,180,temperature,rock,True,0,0.0994716867009624,0.0004299716247099239,0.36581903313170266,0.02605471584195196
20260928,r20_a024,20,0.25,24,63,sigmoid,macro,True,0,0.14411464964990245,-0.004873368719973601,0.45719889540467695,-0.0059765546768939665
20260928,r20_a024,20,0.25,24,63,sigmoid,electronic,True,0,0.1478039320531669,0.005542136597775027,0.46606095710605316,0.012985291961707002
20260928,r20_a024,20,0.25,24,63,sigmoid,pop,True,0,0.1700538450997072,-0.0022654807696601553,0.5119328653715249,-0.005482292105444708
20260928,r20_a024,20,0.25,24,63,sigmoid,ambient,True,0,0.15994836184061675,-0.022380875237875686,0.4800209378721599,-0.062425722543057394
20260928,r20_a024,20,0.25,24,63,sigmoid,rock,True,0,0.09865245960611889,-0.00038925547013358985,0.37078082126896994,0.031016503979219234
20260928,r20_a024,20,0.25,24,63,temperature,macro,True,0,0.14878365155550524,-0.00020436681437079052,0.4698279967862475,0.006652546704676507
20260928,r20_a024,20,0.25,24,63,temperature,electronic,True,0,0.14350785596538443,0.0012460605099925692,0.4550900362527232,0.0020143711083770444
20260928,r20_a024,20,0.25,24,63,temperature,pop,True,0,0.1689851576150109,-0.003334168254356451,0.5085885279682496,-0.00882662950872004
20260928,r20_a024,20,0.25,24,63,temperature,ambient,True,0,0.18303017443241318,0.0007009373539207386,0.5457620896925891,0.0033154292773718286
20260928,r20_a024,20,0.25,24,63,temperature,rock,True,0,0.09961141820921246,0.0005697031329599811,0.3698713332314279,0.030107015941677195
20260928,r20_a047,20,0.5,47,110,sigmoid,macro,True,0,0.14071303027445992,-0.008274988095416099,0.4474751521722819,-0.01570029790928905
20260928,r20_a047,20,0.5,47,110,sigmoid,electronic,True,0,0.14562838358785546,0.0033665881324635993,0.46046143582070787,0.007385770676361703
20260928,r20_a047,20,0.5,47,110,sigmoid,pop,True,0,0.16941257823907246,-0.002906747630294887,0.5079695401232039,-0.0094456173537657
20260928,r20_a047,20,0.5,47,110,sigmoid,ambient,True,0,0.14920178441403895,-0.033127452664453494,0.45211791354569236,-0.09032874686952491
20260928,r20_a047,20,0.5,47,110,sigmoid,rock,True,0,0.09860937485687286,-0.000432340219379615,0.3693517191995234,0.029587401909772715
20260928,r20_a047,20,0.5,47,110,temperature,macro,True,0,0.14845820725631326,-0.0005298111135627892,0.4680467260479086,0.004871275966337629
20260928,r20_a047,20,0.5,47,110,temperature,electronic,True,0,0.144186990026589,0.0019251945711971363,0.456533134687869,0.0034574695435228286
20260928,r20_a047,20,0.5,47,110,temperature,pop,True,0,0.1693645701045221,-0.002954755764845246,0.5088904573228843,-0.008524700154085352
20260928,r20_a047,20,0.5,47,110,temperature,ambient,True,0,0.18060790347573882,-0.0017213336027536164,0.5350911055053243,-0.007355554909892925
20260928,r20_a047,20,0.5,47,110,temperature,rock,True,0,0.09967336541840305,0.0006316503421505693,0.37167220667555667,0.031907889385805965
20260928,r20_a071,20,0.75,71,167,sigmoid,macro,True,0,0.14322864006942138,-0.00575937830045465,0.456934296483619,-0.006241153597951896
20260928,r20_a071,20,0.75,71,167,sigmoid,electronic,True,0,0.1480163655414228,0.005754570086030947,0.46625235599794895,0.01317669085360279
20260928,r20_a071,20,0.75,71,167,sigmoid,pop,True,0,0.17337576010841996,0.001056434239052606,0.5202024785285136,0.0027873210515440006
20260928,r20_a071,20,0.75,71,167,sigmoid,ambient,True,0,0.15244300150508422,-0.02988623557340822,0.4605851441320604,-0.08186151628315685
20260928,r20_a071,20,0.75,71,167,sigmoid,rock,True,0,0.09907943312275855,3.7718046506068914e-05,0.3806972072759532,0.04093288998620248
20260928,r20_a071,20,0.75,71,167,temperature,macro,True,0,0.149831729803951,0.0008437114340749882,0.47312849800210977,0.009953047920538846
20260928,r20_a071,20,0.75,71,167,temperature,electronic,True,0,0.14676655718731577,0.004504761731923906,0.4629022511335711,0.009826585989224923
20260928,r20_a071,20,0.75,71,167,temperature,pop,True,0,0.17199666493823831,-0.0003226609311290374,0.5163069247755795,-0.001108232701390155
20260928,r20_a071,20,0.75,71,167,temperature,ambient,True,0,0.1806764732543587,-0.001652763824133735,0.5353545246731687,-0.007092135742048589
20260928,r20_a071,20,0.75,71,167,temperature,rock,True,0,0.0998872238358913,0.0008455087596388189,0.3779502914261199,0.038185974136369205
20260928,r21_a024,21,0.25,24,56,sigmoid,macro,True,0,0.15457356276218426,0.005585544392308239,0.5412362846627738,0.07806083458120294
20260928,r21_a024,21,0.25,24,56,sigmoid,electronic,True,0,0.15344449856981915,0.01118270311442729,0.4789999790808552,0.025924313936509014
20260928,r21_a024,21,0.25,24,56,sigmoid,pop,True,0,0.21405010266139124,0.04173077679202389,0.883285221681694,0.36587006420472434
20260928,r21_a024,21,0.25,24,56,sigmoid,ambient,True,0,0.1518792597756698,-0.030449977302822645,0.4593675593772193,-0.08307910103799798
20260928,r21_a024,21,0.25,24,56,sigmoid,rock,True,0,0.0989203900418569,-0.00012132503439557518,0.3432923785113271,0.003528061221576395
20260928,r21_a024,21,0.25,24,56,temperature,macro,True,0,0.1593577947548682,0.010369776384992153,0.5546417132615357,0.09146626317996467
20260928,r21_a024,21,0.25,24,56,temperature,electronic,True,0,0.1473641994709086,0.005102404015516732,0.46447674267555483,0.01140107753120867
20260928,r21_a024,21,0.25,24,56,temperature,pop,True,0,0.21108874382137752,0.038769417952010166,0.8789515784809747,0.36153642100400507
20260928,r21_a024,21,0.25,24,56,temperature,ambient,True,0,0.1800824096636527,-0.0022468274148397527,0.533401417801925,-0.009045242613292315
20260928,r21_a024,21,0.25,24,56,temperature,rock,True,0,0.09889582606353395,-0.00014588901271853083,0.341737114087688,0.0019727967979372707
20260928,r21_a047,21,0.5,47,117,sigmoid,macro,True,0,0.14780994311408938,-0.0011780752557866633,0.4739744181923724,0.010798968110801471
20260928,r21_a047,21,0.5,47,117,sigmoid,electronic,True,0,0.14581680545125927,0.003555009995867414,0.4604450014096803,0.007369336265334148
20260928,r21_a047,21,0.5,47,117,sigmoid,pop,True,0,0.1936136762925171,0.021294350423149755,0.6120774891695607,0.09466233169259108
20260928,r21_a047,21,0.5,47,117,sigmoid,ambient,True,0,0.15290460413690266,-0.029424632941589784,0.4610002172205758,-0.08144644319464145
20260928,r21_a047,21,0.5,47,117,sigmoid,rock,True,0,0.09890468657567844,-0.00013702850057403793,0.3623749649696728,0.022610647679922102
20260928,r21_a047,21,0.5,47,117,temperature,macro,True,0,0.15392477854228503,0.004936760172409006,0.4900636768514618,0.02688822676989089
20260928,r21_a047,21,0.5,47,117,temperature,electronic,True,0,0.14581818615789308,0.0035563907025012165,0.46045775226953506,0.007382087125188896
20260928,r21_a047,21,0.5,47,117,temperature,pop,True,0,0.18838270394787107,0.01606337807850372,0.6024444346161577,0.08502927713918806
20260928,r21_a047,21,0.5,47,117,temperature,ambient,True,0,0.18240240261871493,7.316554022249178e-05,0.5427853637124858,0.00033870329726848336
20260928,r21_a047,21,0.5,47,117,temperature,rock,True,0,0.09909582144466107,5.410636840859351e-05,0.3545671568076688,0.01480283951791811
20260928,r21_a071,21,0.75,71,185,sigmoid,macro,True,0,0.14285787107079817,-0.006130147299077848,0.45187238915327793,-0.011303060928293043
20260928,r21_a071,21,0.75,71,185,sigmoid,electronic,True,0,0.14387854126864114,0.0016167458132492762,0.4556127034156784,0.002537038271332226
20260928,r21_a071,21,0.75,71,185,sigmoid,pop,True,0,0.17842430098292733,0.0061049751135599795,0.5393547058388775,0.021939548361907812
20260928,r21_a071,21,0.75,71,185,sigmoid,ambient,True,0,0.15047430563882147,-0.03185493143967097,0.4546641273865615,-0.0877825330286558
20260928,r21_a071,21,0.75,71,185,sigmoid,rock,True,0,0.0986543363928028,-0.0003873786834496795,0.3578580199719943,0.018093702682243584
20260928,r21_a071,21,0.75,71,185,temperature,macro,True,0,0.1503780390022012,0.0013900206323251875,0.4717633660134699,0.008587915931898948
20260928,r21_a071,21,0.75,71,185,temperature,electronic,True,0,0.14389418248670086,0.001632387031308996,0.4558914101199267,0.002815744975580514
20260928,r21_a071,21,0.75,71,185,temperature,pop,True,0,0.17683618705799894,0.0045168611886315935,0.5355926473310968,0.01817748985412715
20260928,r21_a071,21,0.75,71,185,temperature,ambient,True,0,0.18163259118828695,-0.0006966458902054884,0.5393155165982525,-0.0031311438169647765
20260928,r21_a071,21,0.75,71,185,temperature,rock,True,0,0.09914919527581813,0.0001074801995656488,0.3562538900046036,0.016489572714852907
20260928,r22_a024,22,0.25,24,53,sigmoid,macro,True,0,0.1599318559329291,0.010943837563053085,0.5470179482510521,0.08384249816948118
20260928,r22_a024,22,0.25,24,53,sigmoid,electronic,True,0,0.1763699410991956,0.03410814564380374,0.556764828436958,0.1036891632926118
20260928,r22_a024,22,0.25,24,53,sigmoid,pop,True,0,0.2052698750619059,0.032950549192538536,0.7636434807297765,0.24622832325280686
20260928,r22_a024,22,0.25,24,53,sigmoid,ambient,True,0,0.1582913479523058,-0.02403788912618665,0.47576705754291787,-0.0666796028722994
20260928,r22_a024,22,0.25,24,53,sigmoid,rock,True,0,0.0997962596183092,0.0007545445420567148,0.3918964262945562,0.05213210900480547
20260928,r22_a024,22,0.25,24,53,temperature,macro,True,0,0.1548381131634399,0.0058500947935638745,0.512732723017795,0.049557272936224014
20260928,r22_a024,22,0.25,24,53,temperature,electronic,True,0,0.14073265327096585,-0.0015291421844260134,0.4548095466339945,0.0017338814896483146
20260928,r22_a024,22,0.25,24,53,temperature,pop,True,0,0.19468287718598767,0.022363551316620323,0.6538472311977239,0.13643207372075428
20260928,r22_a024,22,0.25,24,53,temperature,ambient,True,0,0.1835241183849403,0.001194881306447848,0.5481886239895032,0.005741963574285913
20260928,r22_a024,22,0.25,24,53,temperature,rock,True,0,0.10041280381186582,0.0013710887356133405,0.39408549024995826,0.05432117296020755
20260928,r22_a047,22,0.5,47,124,sigmoid,macro,True,0,0.14495350346853686,-0.004034514901339176,0.46200389069712844,-0.0011715593844424943
20260928,r22_a047,22,0.5,47,124,sigmoid,electronic,True,0,0.14681386867174925,0.004552073216357394,0.46323701281782886,0.010161347673482701
20260928,r22_a047,22,0.5,47,124,sigmoid,pop,True,0,0.17676542728532826,0.0044461014159609125,0.53488425225746,0.017469094780490302
20260928,r22_a047,22,0.5,47,124,sigmoid,ambient,True,0,0.15370481427527202,-0.028624422803220417,0.46565442273200724,-0.07679223768321003
20260928,r22_a047,22,0.5,47,124,sigmoid,rock,True,0,0.10252990364179788,0.0034881885655454054,0.38423987498121775,0.04447555769146705
20260928,r22_a047,22,0.5,47,124,temperature,macro,True,0,0.1507450208678365,0.001757002497960479,0.47592652796035345,0.012751077878782532
20260928,r22_a047,22,0.5,47,124,temperature,electronic,True,0,0.14484784687672872,0.00258605142133686,0.4580642751701394,0.004988610025793261
20260928,r22_a047,22,0.5,47,124,temperature,pop,True,0,0.17660113669771663,0.004281810828349275,0.53453587012256,0.01712071264559034
20260928,r22_a047,22,0.5,47,124,temperature,ambient,True,0,0.18189323123260845,-0.00043600584588399105,0.5404663223309074,-0.001980338084309863
20260928,r22_a047,22,0.5,47,124,temperature,rock,True,0,0.09963786866429225,0.0005961535880397717,0.3706396442178071,0.03087532692805639
20260928,r22_a071,22,0.75,71,175,sigmoid,macro,True,0,0.1436049828042964,-0.005383035565579657,0.45541258721175515,-0.007762862869815798
20260928,r22_a071,22,0.75,71,175,sigmoid,electronic,True,0,0.14455492568068487,0.002293130225293011,0.45716625613556205,0.004090590991215892
20260928,r22_a071,22,0.75,71,175,sigmoid,pop,True,0,0.18090849694776895,0.008589171078401597,0.5505702846791811,0.033155127202211476
20260928,r22_a071,22,0.75,71,175,sigmoid,ambient,True,0,0.15081344340709688,-0.031515793671395564,0.45587174605114655,-0.08657491436407072
20260928,r22_a071,22,0.75,71,175,sigmoid,rock,True,0,0.0981430651816348,-0.000898649894617673,0.35804206198113087,0.01827774469138016
20260928,r22_a071,22,0.75,71,175,temperature,macro,True,0,0.1509889297585679,0.0020009113886918645,0.475543591842564,0.012368141760993129
20260928,r22_a071,22,0.75,71,175,temperature,electronic,True,0,0.14452147326633352,0.0022596778109416626,0.4572954885375996,0.004219823393253441
20260928,r22_a071,22,0.75,71,175,temperature,pop,True,0,0.1791284411858481,0.006809115316480735,0.5465046735473575,0.0290895160703879
20260928,r22_a071,22,0.75,71,175,temperature,ambient,True,0,0.18097014556527183,-0.0013590915132206116,0.5365198963065515,-0.005926764108665772
20260928,r22_a071,22,0.75,71,175,temperature,rock,True,0,0.09933565901681815,0.00029394394056567186,0.36185430897874765,0.022089991688996946
20260928,r23_a024,23,0.25,24,66,sigmoid,macro,True,0,0.14882118182270584,-0.00016683654717020158,0.5252351086866096,0.06205965860503866
20260928,r23_a024,23,0.25,24,66,sigmoid,electronic,True,0,0.1416464441683327,-0.0006153512870591682,0.4962240354319702,0.04314837028762403
20260928,r23_a024,23,0.25,24,66,sigmoid,pop,True,0,0.20207887179591774,0.02975954592655039,0.7338551318066213,0.21643997432965167
20260928,r23_a024,23,0.25,24,66,sigmoid,ambient,True,0,0.15083698189500763,-0.03149225518348481,0.4559587369934617,-0.0864879234217556
20260928,r23_a024,23,0.25,24,66,sigmoid,rock,True,0,0.10072242943156526,0.001680714355312779,0.41490253051438525,0.07513821322463454
20260928,r23_a024,23,0.25,24,66,temperature,macro,True,0,0.1564489880159914,0.007460969646115378,0.5425528644676341,0.0793774143860631
20260928,r23_a024,23,0.25,24,66,temperature,electronic,True,0,0.14168755216148446,-0.0005742432939074005,0.4965390718752046,0.04346340673085841
20260928,r23_a024,23,0.25,24,66,temperature,pop,True,0,0.20208973829247157,0.029770412423104214,0.7342201823255798,0.2168050248486102
20260928,r23_a024,23,0.25,24,66,temperature,ambient,True,0,0.18138722251554038,-0.0009420145629520649,0.5382568588417768,-0.00418980157344051
20260928,r23_a024,23,0.25,24,66,temperature,rock,True,0,0.10063143909446924,0.0015897240182167621,0.40119534482797503,0.061431027538224325
20260928,r23_a047,23,0.5,47,123,sigmoid,macro,True,0,0.14822494123769642,-0.0007630771321796154,0.4858666698518552,0.022691219770284293
20260928,r23_a047,23,0.5,47,123,sigmoid,electronic,True,0,0.14529294767573145,0.003031152220339589,0.45963306844349733,0.0065574032991511655
20260928,r23_a047,23,0.5,47,123,sigmoid,pop,True,0,0.19574475901900407,0.023425433149636715,0.6550750626501176,0.13765990517314797
20260928,r23_a047,23,0.5,47,123,sigmoid,ambient,True,0,0.15264661762108833,-0.029682619457404108,0.46028973746055013,-0.08215692295466714
20260928,r23_a047,23,0.5,47,123,sigmoid,rock,True,0,0.09921544063496182,0.00017372555870934225,0.3684688108532559,0.028704493563505185
20260928,r23_a047,23,0.5,47,123,temperature,macro,True,0,0.1554017097208285,0.006413691350952478,0.5069814295866454,0.04380597950507448
20260928,r23_a047,23,0.5,47,123,temperature,electronic,True,0,0.1440371310134225,0.0017753355580306385,0.45620140578329227,0.003125740638946106
20260928,r23_a047,23,0.5,47,123,temperature,pop,True,0,0.19514110452370254,0.022821778654335184,0.6581163308681692,0.14070117339119959
20260928,r23_a047,23,0.5,47,123,temperature,ambient,True,0,0.18285851869853575,0.0005292816200433148,0.5449359022475192,0.002489241832301925
20260928,r23_a047,23,0.5,47,123,temperature,rock,True,0,0.09957008464765325,0.0005283695714007747,0.368672079447601,0.028907762157850292
20260928,r23_a071,23,0.75,71,184,sigmoid,macro,True,0,0.14577907945482405,-0.0032089389150519905,0.4611465209407013,-0.002028929140869676
20260928,r23_a071,23,0.75,71,184,sigmoid,electronic,True,0,0.14795863431234255,0.005696838856950687,0.46544669416396356,0.012371029019617397
20260928,r23_a071,23,0.75,71,184,sigmoid,pop,True,0,0.1857982894451275,0.013478963575760144,0.5788618887736336,0.061446731296664
20260928,r23_a071,23,0.75,71,184,sigmoid,ambient,True,0,0.15122633987611964,-0.031102897202372803,0.456559204482461,-0.08588745593275626
20260928,r23_a071,23,0.75,71,184,sigmoid,rock,True,0,0.09813305418570649,-0.0009086608905459898,0.34371829634274687,0.003953979052996159
20260928,r23_a071,23,0.75,71,184,temperature,macro,True,0,0.15329822212242697,0.00431020375255094,0.48240171882097915,0.019226268739408192
20260928,r23_a071,23,0.75,71,184,temperature,electronic,True,0,0.14794308825579208,0.005681292800400223,0.46601885733667464,0.012943192192328479
20260928,r23_a071,23,0.75,71,184,temperature,pop,True,0,0.18476338224027744,0.01244405637091009,0.5781423079410123,0.060727150464042645
20260928,r23_a071,23,0.75,71,184,temperature,ambient,True,0,0.18159966168759356,-0.0007295753908988789,0.5391720007717724,-0.003274659643444866
20260928,r23_a071,23,0.75,71,184,temperature,rock,True,0,0.0988867563060448,-0.00015495877020767213,0.3462737092344572,0.006509391944706511
20260928,r24_a024,24,0.25,24,50,sigmoid,macro,True,0,0.14976451413402525,0.0007764957641492355,0.481282246458378,0.018106796376807094
20260928,r24_a024,24,0.25,24,50,sigmoid,electronic,True,0,0.15394541692507877,0.011683621469686906,0.4818284714640866,0.02875280631974042
20260928,r24_a024,24,0.25,24,50,sigmoid,pop,True,0,0.17413693088496024,0.001817605015592888,0.5257350642606448,0.008319906783675113
20260928,r24_a024,24,0.25,24,50,sigmoid,ambient,True,0,0.16297493046610456,-0.019354306612387878,0.4952664958221123,-0.04718016459310498
20260928,r24_a024,24,0.25,24,50,sigmoid,rock,True,0,0.1080007782599575,0.008959063183705027,0.4222989542866685,0.08253463699691782
20260928,r24_a024,24,0.25,24,50,temperature,macro,True,0,0.15040458105868104,0.0014165626888050058,0.4692100607594011,0.006034610677830121
20260928,r24_a024,24,0.25,24,50,temperature,electronic,True,0,0.15183762337411696,0.009575827918725105,0.4765639272108863,0.023488262066540144
20260928,r24_a024,24,0.25,24,50,temperature,pop,True,0,0.17008725853642914,-0.002232067332938209,0.5145556735685672,-0.002859483908402405
20260928,r24_a024,24,0.25,24,50,temperature,ambient,True,0,0.18072397998807596,-0.0016052570904164787,0.5355391511379982,-0.006907509277219059
20260928,r24_a024,24,0.25,24,50,temperature,rock,True,0,0.09896946233610208,-7.225274015039418e-05,0.3501814911201525,0.010417173830401805
20260928,r24_a047,24,0.5,47,101,sigmoid,macro,True,0,0.1419971089091897,-0.00699090946068635,0.44413687830659426,-0.019038571774976656
20260928,r24_a047,24,0.5,47,101,sigmoid,electronic,True,0,0.15138454525080014,0.00912274979540828,0.47506438387464794,0.02198871873030178
20260928,r24_a047,24,0.5,47,101,sigmoid,pop,True,0,0.16885502132463723,-0.0034643045447301235,0.5082635415765188,-0.009151615900450882
20260928,r24_a047,24,0.5,47,101,sigmoid,ambient,True,0,0.15021634284987948,-0.032112894228612965,0.45411844851193484,-0.08832821190328244
20260928,r24_a047,24,0.5,47,101,sigmoid,rock,True,0,0.09753252621144189,-0.0015091888648105928,0.3391011392632756,-0.0006631780264750864
20260928,r24_a047,24,0.5,47,101,temperature,macro,True,0,0.15004219953032621,0.0010541811604501718,0.4657563890973166,0.002580939015745645
20260928,r24_a047,24,0.5,47,101,temperature,electronic,True,0,0.15138508602047973,0.009123290565087872,0.4753351750610612,0.022259509916715048
20260928,r24_a047,24,0.5,47,101,temperature,pop,True,0,0.16894594229745952,-0.0033733835719078342,0.5087380285445552,-0.008677128932414457
20260928,r24_a047,24,0.5,47,101,temperature,ambient,True,0,0.1809596827919665,-0.001369554286525937,0.5364774666867763,-0.005969193728440958
20260928,r24_a047,24,0.5,47,101,temperature,rock,True,0,0.09887808701139907,-0.0001636280648534133,0.34247488609687365,0.0027105688071229483
20260928,r24_a071,24,0.75,71,171,sigmoid,macro,True,0,0.14182045167015372,-0.007167566699722301,0.4460191822667557,-0.017156267814815232
20260928,r24_a071,24,0.75,71,171,sigmoid,electronic,True,0,0.14736271080366375,0.005100915348271895,0.4645770282536923,0.01150136310934613
20260928,r24_a071,24,0.75,71,171,sigmoid,pop,True,0,0.17187573753524987,-0.00044358833411747844,0.5158226910439306,-0.0015924664330390081
20260928,r24_a071,24,0.75,71,171,sigmoid,ambient,True,0,0.15013290176767968,-0.03219633531081276,0.4537853249500305,-0.08866133546518679
20260928,r24_a071,24,0.75,71,171,sigmoid,rock,True,0,0.09791045657402161,-0.001131258502230864,0.34989168481936944,0.010127367529618736
20260928,r24_a071,24,0.75,71,171,temperature,macro,True,0,0.14977318344679996,0.000785165076923916,0.46696486770953355,0.003789417627962574
20260928,r24_a071,24,0.75,71,171,temperature,electronic,True,0,0.14723891515313164,0.004977119697739785,0.46414500746544035,0.011069342321094189
20260928,r24_a071,24,0.75,71,171,temperature,pop,True,0,0.17157183682280022,-0.0007474890465671291,0.5148955440623769,-0.002519613414592725
20260928,r24_a071,24,0.75,71,171,temperature,ambient,True,0,0.1812916957038655,-0.0010375413746269435,0.5378516864821719,-0.004594973933045421
20260928,r24_a071,24,0.75,71,171,temperature,rock,True,0,0.09899028610740243,-5.1428968850047996e-05,0.35096723282814496,0.011202915538394254
20260928,r25_a024,25,0.25,24,72,sigmoid,macro,True,0,0.14838568156471474,-0.0006023368051612868,0.4708628274996862,0.007687377418115343
20260928,r25_a024,25,0.25,24,72,sigmoid,electronic,True,0,0.15119140592621588,0.008929610470824023,0.47663297933566484,0.02355731419131868
20260928,r25_a024,25,0.25,24,72,sigmoid,pop,True,0,0.18872618341561148,0.01640685754624413,0.6037883003209037,0.08637314284393405
20260928,r25_a024,25,0.25,24,72,sigmoid,ambient,True,0,0.1527188818926875,-0.029610355185804932,0.4610797993347225,-0.08136686108049479
20260928,r25_a024,25,0.25,24,72,sigmoid,rock,True,0,0.10090625502434411,0.0018645399480916314,0.34195023100745414,0.002185913717703436
20260928,r25_a024,25,0.25,24,72,temperature,macro,True,0,0.15337891348415905,0.004390895114283019,0.4837394201570913,0.02056397007552041
20260928,r25_a024,25,0.25,24,72,temperature,electronic,True,0,0.142278640372854,1.684491746214989e-05,0.453094041979177,1.8376834830857725e-05
20260928,r25_a024,25,0.25,24,72,temperature,pop,True,0,0.18425786258320603,0.011938536713838682,0.5750095075502311,0.05759435007326141
20260928,r25_a024,25,0.25,24,72,temperature,ambient,True,0,0.18698608014508308,0.0046568430665906435,0.5670708714827835,0.024624211067566182
20260928,r25_a024,25,0.25,24,72,temperature,rock,True,0,0.09999307083549308,0.0009513557592406019,0.3397832596161739,1.894232642318805e-05
20260928,r25_a047,25,0.5,47,122,sigmoid,macro,True,0,0.1496472891629242,0.0006592707930481619,0.47070841925722484,0.00753296917565395
20260928,r25_a047,25,0.5,47,122,sigmoid,electronic,True,0,0.15301908677716686,0.010757291321774998,0.4757336656421255,0.02265800049777933
20260928,r25_a047,25,0.5,47,122,sigmoid,pop,True,0,0.185786873874998,0.013467548005630658,0.5837346617050098,0.06631950422804012
20260928,r25_a047,25,0.5,47,122,sigmoid,ambient,True,0,0.16125459392369926,-0.021074643154793182,0.4844306344576105,-0.0580160259576068
20260928,r25_a047,25,0.5,47,122,sigmoid,rock,True,0,0.09852860207583265,-0.0005131130004198264,0.33893471522415386,-0.0008296020655968461
20260928,r25_a047,25,0.5,47,122,temperature,macro,True,0,0.15318042713237778,0.004192408762501775,0.4829874005682693,0.019811950486698413
20260928,r25_a047,25,0.5,47,122,temperature,electronic,True,0,0.1437221062499461,0.0014603107945542482,0.455527444348081,0.0024517792037348496
20260928,r25_a047,25,0.5,47,122,temperature,pop,True,0,0.1856978916560468,0.013378565786679453,0.5840968565145569,0.06668169903758725
20260928,r25_a047,25,0.5,47,122,temperature,ambient,True,0,0.18430841469892023,0.001979177620427791,0.5521851434288704,0.009738483013653099
20260928,r25_a047,25,0.5,47,122,temperature,rock,True,0,0.09899329592459809,-4.841915165439137e-05,0.34014015798156916,0.00037584069181845203
20260928,r25_a071,25,0.75,71,182,sigmoid,macro,True,0,0.14243809115009826,-0.006549927219777787,0.4458379695738607,-0.017337480507710223
20260928,r25_a071,25,0.75,71,182,sigmoid,electronic,True,0,0.1449062774879994,0.0026444820326075313,0.4574783996328817,0.004402734488535565
20260928,r25_a071,25,0.75,71,182,sigmoid,pop,True,0,0.1738291345194101,0.0015098086500427432,0.5228638803963861,0.005448722919416449
20260928,r25_a071,25,0.75,71,182,sigmoid,ambient,True,0,0.15154789886889797,-0.030781338209594472,0.45739414826939784,-0.08505251214581944
20260928,r25_a071,25,0.75,71,182,sigmoid,rock,True,0,0.09946905372408553,0.0004273386478330504,0.34561544999677724,0.0058511327070265295
20260928,r25_a071,25,0.75,71,182,temperature,macro,True,0,0.149502571306583,0.0005145529367069877,0.4657041085066833,0.0025286584251124206
20260928,r25_a071,25,0.75,71,182,temperature,electronic,True,0,0.14329197110051373,0.0010301756451218669,0.4546695566622541,0.0015938915179079527
20260928,r25_a071,25,0.75,71,182,temperature,pop,True,0,0.17374105386127908,0.001421727991911731,0.5226288517153883,0.005213694238418665
20260928,r25_a071,25,0.75,71,182,temperature,ambient,True,0,0.1821101263641129,-0.0002191107143795501,0.5414431490695985,-0.0010035113456188238
20260928,r25_a071,25,0.75,71,182,temperature,rock,True,0,0.09886713390042638,-0.00017458117582609678,0.3440748765794926,0.004310559289741889
20260928,r26_a024,26,0.25,24,62,sigmoid,macro,True,0,0.14954940683401746,0.0005613884641414088,0.4758437259772597,0.012668275895688752
20260928,r26_a024,26,0.25,24,62,sigmoid,electronic,True,0,0.14346920352731515,0.0012074080719232938,0.4603215659454033,0.007245900801057137
20260928,r26_a024,26,0.25,24,62,sigmoid,pop,True,0,0.18755821237455716,0.015238886505189814,0.5797161307877986,0.062300973310828955
20260928,r26_a024,26,0.25,24,62,sigmoid,ambient,True,0,0.16653323487211744,-0.015796002206375004,0.5109737006220076,-0.03147295979320963
20260928,r26_a024,26,0.25,24,62,sigmoid,rock,True,0,0.10063697656208001,0.0015952614858275316,0.35236350655382925,0.012599189264078547
20260928,r26_a024,26,0.25,24,62,temperature,macro,True,0,0.1539144001081896,0.0049263817383135775,0.4927874773078059,0.029612027226235016
20260928,r26_a024,26,0.25,24,62,temperature,electronic,True,0,0.14113812329139777,-0.0011236721639940883,0.4531509229175636,7.525777321742977e-05
20260928,r26_a024,26,0.25,24,62,temperature,pop,True,0,0.18475825537753757,0.012438929508170216,0.5781102280208806,0.06069507054391099
20260928,r26_a024,26,0.25,24,62,temperature,ambient,True,0,0.19083986092592625,0.008510623847433813,0.5917310293011818,0.04928436888596455
20260928,r26_a024,26,0.25,24,62,temperature,rock,True,0,0.09892136083789685,-0.00012035423835562997,0.3481577289915978,0.008393411701847098
20260928,r26_a047,26,0.5,47,137,sigmoid,macro,True,0,0.1464517923408263,-0.002536226029049706,0.46658855903537827,0.0034131089538073367
20260928,r26_a047,26,0.5,47,137,sigmoid,electronic,True,0,0.14606266776822482,0.0038008723128329647,0.462612405489124,0.009536740344777861
20260928,r26_a047,26,0.5,47,137,sigmoid,pop,True,0,0.18695847523265222,0.014639149363284865,0.5907556224468625,0.07334046496989288
20260928,r26_a047,26,0.5,47,137,sigmoid,ambient,True,0,0.15493807369114845,-0.027391163387343986,0.4690467956619619,-0.07339986475325538
20260928,r26_a047,26,0.5,47,137,sigmoid,rock,True,0,0.09784795267127981,-0.0011937624049726675,0.3439394125435647,0.004175095253813987
20260928,r26_a047,26,0.5,47,137,temperature,macro,True,0,0.15359589370703566,0.004607875337159645,0.4880513328059644,0.024875882724393464
20260928,r26_a047,26,0.5,47,137,temperature,electronic,True,0,0.14278723254327474,0.0005254370878828851,0.4537863123404346,0.000710647196088432
20260928,r26_a047,26,0.5,47,137,temperature,pop,True,0,0.18677819922491484,0.014458873355547491,0.5912525055840822,0.07383734810711251
20260928,r26_a047,26,0.5,47,137,temperature,ambient,True,0,0.1859328491027188,0.003603612024226349,0.560992660210344,0.018545999795126722
20260928,r26_a047,26,0.5,47,137,temperature,rock,True,0,0.09888529395723433,-0.00015642111901814637,0.3461738530889969,0.006409535799246191
20260928,r26_a071,26,0.75,71,185,sigmoid,macro,True,0,0.14393899835293533,-0.00504902001694069,0.4585955318515028,-0.0045799182300681335
20260928,r26_a071,26,0.75,71,185,sigmoid,electronic,True,0,0.14346754896508684,0.0012057535096949845,0.4557889078669968,0.0027132427226506106
20260928,r26_a071,26,0.75,71,185,sigmoid,pop,True,0,0.18377245287289867,0.011453127003531322,0.5720537847857996,0.05463862730882996
20260928,r26_a071,26,0.75,71,185,sigmoid,ambient,True,0,0.15015879497234955,-0.032170442106142894,0.45481566440516624,-0.08763099601005103
20260928,r26_a071,26,0.75,71,185,sigmoid,rock,True,0,0.09835719660140631,-0.0006845184748461713,0.35172377034804864,0.01195945305829793
20260928,r26_a071,26,0.75,71,185,temperature,macro,True,0,0.15157652161461274,0.002588503244736695,0.47869328537988165,0.015517835298310703
20260928,r26_a071,26,0.75,71,185,temperature,electronic,True,0,0.14277848588756503,0.0005166904321731725,0.4537724883541248,0.000696823209778652
20260928,r26_a071,26,0.75,71,185,temperature,pop,True,0,0.183771787293107,0.011452461423739652,0.5720544059542219,0.05463924847725221
20260928,r26_a071,26,0.75,71,185,temperature,ambient,True,0,0.18069168301764896,-0.0016375540608434824,0.5354134529422502,-0.007033207472967096
20260928,r26_a071,26,0.75,71,185,temperature,rock,True,0,0.09906413026012992,2.2415183877438905e-05,0.35353279426892975,0.013768476979179045
20260928,r27_a024,27,0.25,24,64,sigmoid,macro,True,0,0.16200360913915524,0.01301559076927921,0.5363195935755515,0.07314414349398055
20260928,r27_a024,27,0.25,24,64,sigmoid,electronic,True,0,0.17362179320271087,0.03135999774731901,0.5269917047295566,0.07391603958521042
20260928,r27_a024,27,0.25,24,64,sigmoid,pop,True,0,0.18574418769145687,0.013424861822089518,0.5550638326404587,0.03764867516348902
20260928,r27_a024,27,0.25,24,64,sigmoid,ambient,True,0,0.18440419706869854,0.002074959990206099,0.7097405848981799,0.16729392448296265
20260928,r27_a024,27,0.25,24,64,sigmoid,rock,True,0,0.10424425859375469,0.005202543517502212,0.3534822520340108,0.013717934744260085
20260928,r27_a024,27,0.25,24,64,temperature,macro,True,0,0.15990102788043983,0.010913009510563797,0.5372052874143787,0.07402983733280774
20260928,r27_a024,27,0.25,24,64,temperature,electronic,True,0,0.15993093398880953,0.017669138533417672,0.49811412635834307,0.045038461213996905
20260928,r27_a024,27,0.25,24,64,temperature,pop,True,0,0.1689516613641172,-0.0033676645052501397,0.5092274733677213,-0.008187684109248305
20260928,r27_a024,27,0.25,24,64,temperature,ambient,True,0,0.21166054271709078,0.029331305638598343,0.8018312131693979,0.2593845527541806
20260928,r27_a024,27,0.25,24,64,temperature,rock,True,0,0.0990609734517418,1.9258375489314417e-05,0.33964833676205247,-0.00011598052769823397
20260928,r27_a047,27,0.5,47,118,sigmoid,macro,True,0,0.14559612716901843,-0.0033918912008576163,0.45490633022248944,-0.00826911985908152
20260928,r27_a047,27,0.5,47,118,sigmoid,electronic,True,0,0.1529181104498258,0.010656314994433952,0.4792859289997574,0.026210263855411253
20260928,r27_a047,27,0.5,47,118,sigmoid,pop,True,0,0.1720836261390531,-0.0002356997303142594,0.516578422808299,-0.0008367346686706245
20260928,r27_a047,27,0.5,47,118,sigmoid,ambient,True,0,0.1590559043136389,-0.02327333276485355,0.48260963301431775,-0.05983702740089952
20260928,r27_a047,27,0.5,47,118,sigmoid,rock,True,0,0.09832686777355587,-0.0007148473026966085,0.3411513360675835,0.0013870187778328158
20260928,r27_a047,27,0.5,47,118,temperature,macro,True,0,0.15096532496622553,0.00197730659634952,0.46844182081137326,0.005266370729802336
20260928,r27_a047,27,0.5,47,118,temperature,electronic,True,0,0.15136614275826188,0.00910434730287002,0.4752837206669838,0.02220805552263766
20260928,r27_a047,27,0.5,47,118,temperature,pop,True,0,0.17199886404265458,-0.0003204618267127757,0.5163143751650655,-0.001100782311904136
20260928,r27_a047,27,0.5,47,118,temperature,ambient,True,0,0.18162405787939062,-0.0007051791991018186,0.5392782844753609,-0.003168375939856416
20260928,r27_a047,27,0.5,47,118,temperature,rock,True,0,0.09887223518459513,-0.00016947989165734534,0.34289090293808294,0.0031265856483322363
20260928,r27_a071,27,0.75,71,179,sigmoid,macro,True,0,0.1429051405850848,-0.006082877784791246,0.44752967845884417,-0.01564577162272679
20260928,r27_a071,27,0.75,71,179,sigmoid,electronic,True,0,0.1488577851187855,0.006595989663393642,0.46820080696475913,0.015125141820412968
20260928,r27_a071,27,0.75,71,179,sigmoid,pop,True,0,0.17523045957977393,0.002911133710406577,0.5284064759643251,0.010991318487355461
20260928,r27_a071,27,0.75,71,179,sigmoid,ambient,True,0,0.1499913222995279,-0.03233791477896453,0.45396938347011817,-0.0884772769450991
20260928,r27_a071,27,0.75,71,179,sigmoid,rock,True,0,0.0975409953422518,-0.0015007197340006773,0.3395420474361742,-0.00022226985357648443
20260928,r27_a071,27,0.75,71,179,temperature,macro,True,0,0.15088861649386975,0.0019005981239937145,0.46880011757010925,0.005624667488538279
20260928,r27_a071,27,0.75,71,179,temperature,electronic,True,0,0.14898570049588453,0.006723905040492667,0.4688241203447842,0.01574845520043805
20260928,r27_a071,27,0.75,71,179,temperature,pop,True,0,0.17511025631733235,0.0027909304479649955,0.5281057153628264,0.01069055788585671
20260928,r27_a071,27,0.75,71,179,temperature,ambient,True,0,0.18058943532755042,-0.001739801750942016,0.5350208199000961,-0.007425840515121185
20260928,r27_a071,27,0.75,71,179,temperature,rock,True,0,0.09886907383471169,-0.00017264124154078853,0.34324981467273025,0.003485497382979541
20260928,r28_a024,28,0.25,24,58,sigmoid,macro,True,0,0.14938541634700897,0.00039739797713295166,0.49938001630407564,0.03620456622250465
20260928,r28_a024,28,0.25,24,58,sigmoid,electronic,True,0,0.15578989009010574,0.013528094634713883,0.47975990068786434,0.026684235543518176
20260928,r28_a024,28,0.25,24,58,sigmoid,pop,True,0,0.1847784576022786,0.012459131732911244,0.5802165399163552,0.0628013824393856
20260928,r28_a024,28,0.25,24,58,sigmoid,ambient,True,0,0.15550036986198795,-0.026828867216504487,0.4686282967453058,-0.07381836366991146
20260928,r28_a024,28,0.25,24,58,sigmoid,rock,True,0,0.10147294783366365,0.002431232757411167,0.468915327866777,0.12915101057702627
20260928,r28_a024,28,0.25,24,58,temperature,macro,True,0,0.1525339104074361,0.003545892037560068,0.5090174240084295,0.0458419739268586
20260928,r28_a024,28,0.25,24,58,temperature,electronic,True,0,0.14308991333533455,0.0008281178799426914,0.4542974015485014,0.001221736404155238
20260928,r28_a024,28,0.25,24,58,temperature,pop,True,0,0.18320035323130604,0.010881027361938689,0.568650887588198,0.051235730111228395
20260928,r28_a024,28,0.25,24,58,temperature,ambient,True,0,0.18136479561312094,-0.0009644414653715017,0.5381613710991713,-0.004285289316045993
20260928,r28_a024,28,0.25,24,58,temperature,rock,True,0,0.10248057944998287,0.0034388643737303937,0.47496003579784746,0.13519571850809675
20260928,r28_a047,28,0.5,47,107,sigmoid,macro,True,0,0.14733714729919334,-0.0016508710706827079,0.4897998802440702,0.026624430162499213
20260928,r28_a047,28,0.5,47,107,sigmoid,electronic,True,0,0.14523525503069573,0.0029734595753038717,0.46214455985471037,0.009068894710364206
20260928,r28_a047,28,0.5,47,107,sigmoid,pop,True,0,0.1880071137166353,0.01568778784726796,0.6025500901406975,0.08513493266372785
20260928,r28_a047,28,0.5,47,107,sigmoid,ambient,True,0,0.15436030999329262,-0.027968927085199824,0.4651701694858961,-0.07727649092932115
20260928,r28_a047,28,0.5,47,107,sigmoid,rock,True,0,0.10174591045614964,0.002704195379897162,0.42933470149497666,0.08957038420522595
20260928,r28_a047,28,0.5,47,107,temperature,macro,True,0,0.15305966563969264,0.004071647269816618,0.5004703853547836,0.03729493527321262
20260928,r28_a047,28,0.5,47,107,temperature,electronic,True,0,0.14146591057893926,-0.0007958848764526016,0.4527506581083797,-0.0003250070359664403
20260928,r28_a047,28,0.5,47,107,temperature,pop,True,0,0.1877901498370524,0.015470823967685038,0.5982304331945847,0.08081527571761504
20260928,r28_a047,28,0.5,47,107,temperature,ambient,True,0,0.1821068036210769,-0.000222433457415544,0.5414280583759072,-0.0010186020393100348
20260928,r28_a047,28,0.5,47,107,temperature,rock,True,0,0.10087579852170206,0.0018340834454495802,0.4094723917402626,0.06970807445051191
20260928,r28_a071,28,0.75,71,173,sigmoid,macro,True,0,0.1448785354130548,-0.004109482956821238,0.4651531636280438,0.0019777135464729007
20260928,r28_a071,28,0.75,71,173,sigmoid,electronic,True,0,0.14431551106376694,0.002053715608375084,0.4594820491851245,0.006406384040778312
20260928,r28_a071,28,0.75,71,173,sigmoid,pop,True,0,0.18747332639806571,0.015154000528698364,0.5979931844061284,0.08057802692915872
20260928,r28_a071,28,0.75,71,173,sigmoid,ambient,True,0,0.14966365092130468,-0.03266558615718776,0.45278063204542074,-0.08966602836979654
20260928,r28_a071,28,0.75,71,173,sigmoid,rock,True,0,0.09806165326908184,-0.0009800618071706402,0.3503567888755018,0.010592471585751106
20260928,r28_a071,28,0.75,71,173,temperature,macro,True,0,0.15237756434400115,0.0033895459741251424,0.4848689536449574,0.021693503563386438
20260928,r28_a071,28,0.75,71,173,temperature,electronic,True,0,0.14155470293127345,-0.0007070925241184078,0.45271568849910854,-0.0003599766452376252
20260928,r28_a071,28,0.75,71,173,temperature,pop,True,0,0.18740430067551797,0.01508497480615062,0.5955377053706656,0.07812254789369599
20260928,r28_a071,28,0.75,71,173,temperature,ambient,True,0,0.18152091926292674,-0.0008083178155657011,0.5388305987966852,-0.003616061618532118
20260928,r28_a071,28,0.75,71,173,temperature,rock,True,0,0.09903033450628654,-1.1380569965940834e-05,0.3523918219133702,0.012627504623619501
20260928,r29_a024,29,0.25,24,57,sigmoid,macro,True,0,0.1574330927706254,0.008445074400749354,0.49866499316710744,0.03548954308553651
20260928,r29_a024,29,0.25,24,57,sigmoid,electronic,True,0,0.16021233067033377,0.017950535214941915,0.5109334911997633,0.057857826055417116
20260928,r29_a024,29,0.25,24,57,sigmoid,pop,True,0,0.18788541451054516,0.015566088641177811,0.5808101326230808,0.06339497514611114
20260928,r29_a024,29,0.25,24,57,sigmoid,ambient,True,0,0.1717628153974505,-0.010566421681041938,0.5208662290012446,-0.0215804314139727
20260928,r29_a024,29,0.25,24,57,sigmoid,rock,True,0,0.10987181050417211,0.010830095427919628,0.3820501198443412,0.04228580255459047
20260928,r29_a024,29,0.25,24,57,temperature,macro,True,0,0.15294905351651528,0.003961035146639223,0.48803372660973127,0.02485827652816036
20260928,r29_a024,29,0.25,24,57,temperature,electronic,True,0,0.14061349412222665,-0.0016483013331652085,0.45592995100464184,0.00285428586029568
20260928,r29_a024,29,0.25,24,57,temperature,pop,True,0,0.18399368651644854,0.011674360647081189,0.5733965470851643,0.055981389608194654
20260928,r29_a024,29,0.25,24,57,temperature,ambient,True,0,0.18827249694639245,0.005943259867900008,0.5748798316534982,0.03243317123828093
20260928,r29_a024,29,0.25,24,57,temperature,rock,True,0,0.09891653648099338,-0.00012517859525909558,0.3479285766956209,0.008164259405870178
20260928,r29_a047,29,0.5,47,126,sigmoid,macro,True,0,0.14244661284311216,-0.006541405526763855,0.44693736218558233,-0.016238087895988643
20260928,r29_a047,29,0.5,47,126,sigmoid,electronic,True,0,0.14378958517295137,0.0015277897175595134,0.457885970152418,0.004810305008071836
20260928,r29_a047,29,0.5,47,126,sigmoid,pop,True,0,0.17311434248125712,0.0007950166118897706,0.5201065657907193,0.002691408313749699
20260928,r29_a047,29,0.5,47,126,sigmoid,ambient,True,0,0.15355400024565274,-0.028775236832839696,0.4642506080441324,-0.0781960523710849
20260928,r29_a047,29,0.5,47,126,sigmoid,rock,True,0,0.09932852347258747,0.0002868083963349921,0.3455063047550595,0.0057419874653087954
20260928,r29_a047,29,0.5,47,126,temperature,macro,True,0,0.14961073443565695,0.0006227160657809178,0.46793754677655464,0.004762096694983703
20260928,r29_a047,29,0.5,47,126,temperature,electronic,True,0,0.14178133630625114,-0.0004804591491407162,0.4527249032552916,-0.00035076188905458494
20260928,r29_a047,29,0.5,47,126,temperature,pop,True,0,0.17294095779287288,0.0006216319235055334,0.5196313585241941,0.00221620104722442
20260928,r29_a047,29,0.5,47,126,temperature,ambient,True,0,0.1848528395349367,0.002523602456444257,0.5550588712829259,0.012612210867708584
20260928,r29_a047,29,0.5,47,126,temperature,rock,True,0,0.09886780410856708,-0.00017391096768540337,0.3443350540438071,0.004570736754056393
20260928,r29_a071,29,0.75,71,183,sigmoid,macro,True,0,0.14293248706200495,-0.006055531307871061,0.4519347051378202,-0.011240744943750755
20260928,r29_a071,29,0.75,71,183,sigmoid,electronic,True,0,0.14431437819987222,0.0020525827444803635,0.45690058566797914,0.0038249205236329797
20260928,r29_a071,29,0.75,71,183,sigmoid,pop,True,0,0.17826029297609605,0.005940967106728701,0.5411388389351233,0.023723681458153623
20260928,r29_a071,29,0.75,71,183,sigmoid,ambient,True,0,0.15106930894882944,-0.031259928129662995,0.4563424251048704,-0.08610423531034689
20260928,r29_a071,29,0.75,71,183,sigmoid,rock,True,0,0.09808596812322216,-0.0009557469530303148,0.35335697084330797,0.013592653553557266
20260928,r29_a071,29,0.75,71,183,temperature,macro,True,0,0.15075792006719102,0.0017699016973149809,0.4733248485937938,0.010149398512222893
20260928,r29_a071,29,0.75,71,183,temperature,electronic,True,0,0.14426415768365855,0.002002362228266691,0.4567064487414479,0.0036307835971017277
20260928,r29_a071,29,0.75,71,183,temperature,pop,True,0,0.17788045379690207,0.005561127927534715,0.5404275134226526,0.02301235594568296
20260928,r29_a071,29,0.75,71,183,temperature,ambient,True,0,0.18173283195993825,-0.0005964051185541885,0.5397550299682705,-0.002691630446946758
20260928,r29_a071,29,0.75,71,183,temperature,rock,True,0,0.09915423682826519,0.00011252175201270642,0.35641040224280435,0.01664608495305364
20260929,r00_a024,0,0.25,24,55,sigmoid,macro,True,0,0.1524486124344082,0.005174988653246032,0.47288967212822686,0.019153209498144266
20260929,r00_a024,0,0.25,24,55,sigmoid,electronic,True,0,0.17380080385852084,0.02641727821135398,0.5258632879140938,0.07139248879801058
20260929,r00_a024,0,0.25,24,55,sigmoid,pop,True,0,0.169709811142508,-0.01001077212627055,0.5149841443194355,-0.031140432506186033
20260929,r00_a024,0,0.25,24,55,sigmoid,ambient,True,0,0.1592549571730229,-0.02572316159249155,0.487668684856632,-0.058749508507513204
20260929,r00_a024,0,0.25,24,55,sigmoid,rock,True,0,0.10702887756358088,0.03001661012039225,0.363042571422746,0.09511029020826572
20260929,r00_a024,0,0.25,24,55,temperature,macro,True,0,0.15121077551767606,0.003937151736513933,0.468989149376082,0.015252686745999444
20260929,r00_a024,0,0.25,24,55,temperature,electronic,True,0,0.14742200623631416,3.848058914729391e-05,0.454283193435209,-0.00018760568087416996
20260929,r00_a024,0,0.25,24,55,temperature,pop,True,0,0.17632760649509147,-0.0033929767736870786,0.5313892846346554,-0.014735292190966143
20260929,r00_a024,0,0.25,24,55,temperature,ambient,True,0,0.18622987636533384,0.0012517575998193808,0.5511482707401663,0.004730077376021047
20260929,r00_a024,0,0.25,24,55,temperature,rock,True,0,0.09486361297396477,0.017851345530776136,0.3391358486942973,0.07120356747981704
20260929,r00_a047,0,0.5,47,104,sigmoid,macro,True,0,0.14641889761886642,-0.0008547261622956909,0.45636090956570374,0.0026244469356211386
20260929,r00_a047,0,0.5,47,104,sigmoid,electronic,True,0,0.1553412497296599,0.00795772408249304,0.4708574167993289,0.01638661768324573
20260929,r00_a047,0,0.5,47,104,sigmoid,pop,True,0,0.1776150750228936,-0.0021055082458849572,0.5327002372903243,-0.013424339535297203
20260929,r00_a047,0,0.5,47,104,sigmoid,ambient,True,0,0.14986898694666104,-0.03510913181885342,0.47811339228313904,-0.06830480108100617
20260929,r00_a047,0,0.5,47,104,sigmoid,rock,True,0,0.1028502787762512,0.02583801133306257,0.34377259189002246,0.0758403106755422
20260929,r00_a047,0,0.5,47,104,temperature,macro,True,0,0.148737952386774,0.0014643286056118948,0.4606990996431219,0.006962637013039327
20260929,r00_a047,0,0.5,47,104,temperature,electronic,True,0,0.1473765397711026,-6.9858760642638185e-06,0.45436229931826516,-0.000108499797818018
20260929,r00_a047,0,0.5,47,104,temperature,pop,True,0,0.17418718647570758,-0.005533396793070966,0.5244879938621723,-0.02163658296344928
20260929,r00_a047,0,0.5,47,104,temperature,ambient,True,0,0.18835327860948184,0.0033751598439673847,0.559964216714548,0.01354602335040278
20260929,r00_a047,0,0.5,47,104,temperature,rock,True,0,0.08503480469080406,0.008022537247615424,0.3039818886775021,0.03604960746302183
20260929,r00_a071,0,0.75,71,173,sigmoid,macro,True,0,0.13997633145541,-0.007297292325752127,0.44007987980668234,-0.013656582823400223
20260929,r00_a071,0,0.75,71,173,sigmoid,electronic,True,0,0.14816514041767873,0.0007816147705118626,0.45561810075502185,0.0011473016389386692
20260929,r00_a071,0,0.75,71,173,sigmoid,pop,True,0,0.17402308880392076,-0.0056974944648577885,0.5250024725557193,-0.021122104269902242
20260929,r00_a071,0,0.75,71,173,sigmoid,ambient,True,0,0.15013633022913883,-0.03484178853637562,0.47912363574995787,-0.06729455761418734
20260929,r00_a071,0,0.75,71,173,sigmoid,rock,True,0,0.08758076637090167,0.010568498927713041,0.3005753101660303,0.032643028951550024
20260929,r00_a071,0,0.75,71,173,temperature,macro,True,0,0.1485766665989485,0.0013030428177863845,0.45967046449596044,0.005934001865877905
20260929,r00_a071,0,0.75,71,173,temperature,electronic,True,0,0.14743099869617973,4.747304901286942e-05,0.45429864397286035,-0.00017215514322282965
20260929,r00_a071,0,0.75,71,173,temperature,pop,True,0,0.17595447936285155,-0.003766103905926993,0.5299856552078518,-0.016138921617769753
20260929,r00_a071,0,0.75,71,173,temperature,ambient,True,0,0.19050030477969015,0.005522186014175701,0.5697695924519317,0.023351399087786495
20260929,r00_a071,0,0.75,71,173,temperature,rock,True,0,0.0804208835570726,0.003408616113883961,0.28462796635119797,0.01669568513671771
20260929,r00_a094,,1.0,94,248,sigmoid,macro,True,0,0.13921799376784008,-0.008055630013322036,0.4364896591744388,-0.01724680345564371
20260929,r00_a094,,1.0,94,248,sigmoid,electronic,True,0,0.14854018185529347,0.0011566562081266052,0.4564572419318808,0.001986442815797629
20260929,r00_a094,,1.0,94,248,sigmoid,pop,True,0,0.17805754510643904,-0.0016630381623395085,0.5402339578874996,-0.005890618938121928
20260929,r00_a094,,1.0,94,248,sigmoid,ambient,True,0,0.14792964921624724,-0.037048469549267216,0.46668430520064796,-0.07973388816349725
20260929,r00_a094,,1.0,94,248,sigmoid,rock,True,0,0.08234459889338061,0.005332331450191977,0.282583131677727,0.014650850463246712
20260929,r00_a094,,1.0,94,248,temperature,macro,True,0,0.14743763019445355,0.0001640064132914336,0.45432656128197824,0.0005900986518956597
20260929,r00_a094,,1.0,94,248,temperature,electronic,True,0,0.14754871713010034,0.00016519148293347996,0.4546075082348167,0.00013670911873353564
20260929,r00_a094,,1.0,94,248,temperature,pop,True,0,0.1791686669668392,-0.000551916301939348,0.5435079725084923,-0.0026166043171292896
20260929,r00_a094,,1.0,94,248,temperature,ambient,True,0,0.18539699235297463,0.0004188735874601779,0.5479578784697811,0.0015396851056358463
20260929,r00_a094,,1.0,94,248,temperature,rock,True,0,0.07763614432790006,0.0006238768847114246,0.2712328859148228,0.0033006047003425465
20260929,r01_a024,1,0.25,24,56,sigmoid,macro,True,0,0.15557297628087985,0.008299352499717711,0.4852460144532746,0.03150955182319205
20260929,r01_a024,1,0.25,24,56,sigmoid,electronic,True,0,0.15310687360344813,0.005723347956281266,0.4701794916421487,0.015708692526065493
20260929,r01_a024,1,0.25,24,56,sigmoid,pop,True,0,0.18061741322877065,0.0008968299599921015,0.5404449619669689,-0.0056796148586526485
20260929,r01_a024,1,0.25,24,56,sigmoid,ambient,True,0,0.15465695219790176,-0.03032116656761269,0.500916193524716,-0.045501999839429264
20260929,r01_a024,1,0.25,24,56,sigmoid,rock,True,0,0.1339106660933988,0.056898398650210166,0.4294434106792649,0.16151112946478463
20260929,r01_a024,1,0.25,24,56,temperature,macro,True,0,0.15194893937388498,0.004675315592722846,0.4722793423226123,0.018542879692529782
20260929,r01_a024,1,0.25,24,56,temperature,electronic,True,0,0.1486448532545111,0.001261327607344237,0.45913423794631353,0.004663438830230349
20260929,r01_a024,1,0.25,24,56,temperature,pop,True,0,0.17460677317774034,-0.005113810091038201,0.5266550049416115,-0.019469571884009995
20260929,r01_a024,1,0.25,24,56,temperature,ambient,True,0,0.18825451011952196,0.0032763913540075074,0.5595340277552795,0.013115834391134285
20260929,r01_a024,1,0.25,24,56,temperature,rock,True,0,0.09628962094376647,0.01927735350057784,0.34379409864724475,0.07586181743276449
20260929,r01_a047,1,0.5,47,108,sigmoid,macro,True,0,0.14639448210700295,-0.0008791416741591625,0.4598458975689349,0.006109434938852326
20260929,r01_a047,1,0.5,47,108,sigmoid,electronic,True,0,0.14596802432183056,-0.0014155013253362991,0.4530255731854119,-0.0014452259306712567
20260929,r01_a047,1,0.5,47,108,sigmoid,pop,True,0,0.17376682021763085,-0.005953763051147698,0.5233945670096716,-0.02273000981594997
20260929,r01_a047,1,0.5,47,108,sigmoid,ambient,True,0,0.1507094261858674,-0.03426869257964704,0.48466713583484966,-0.06175105752929555
20260929,r01_a047,1,0.5,47,108,sigmoid,rock,True,0,0.11513365770268302,0.03812139025949439,0.37829631424580634,0.11036403303132608
20260929,r01_a047,1,0.5,47,108,temperature,macro,True,0,0.14981450953240363,0.002540885751241527,0.4644989955197316,0.010762532889649054
20260929,r01_a047,1,0.5,47,108,temperature,electronic,True,0,0.14759734168594782,0.00021381603878095623,0.45476315903157477,0.00029235991549159124
20260929,r01_a047,1,0.5,47,108,temperature,pop,True,0,0.17440493832358175,-0.00531564494519679,0.5249149971671571,-0.021209579658464484
20260929,r01_a047,1,0.5,47,108,temperature,ambient,True,0,0.1880618511527499,0.003083732387235444,0.5587003438148259,0.012282150450680707
20260929,r01_a047,1,0.5,47,108,temperature,rock,True,0,0.08919390696733513,0.012181639524146498,0.31961748206536866,0.0516852008508884
20260929,r01_a071,1,0.75,71,187,sigmoid,macro,True,0,0.14088221072835957,-0.006391413052802539,0.4403941635796083,-0.013342299050474196
20260929,r01_a071,1,0.75,71,187,sigmoid,electronic,True,0,0.14667048931344287,-0.0007130363337239931,0.4538356557025326,-0.0006351434135505873
20260929,r01_a071,1,0.75,71,187,sigmoid,pop,True,0,0.18007432223432535,0.0003537389655468015,0.5413995052409809,-0.004725071584640639
20260929,r01_a071,1,0.75,71,187,sigmoid,ambient,True,0,0.1470996043130859,-0.03787851445242854,0.4609722920729914,-0.08544590129115381
20260929,r01_a071,1,0.75,71,187,sigmoid,rock,True,0,0.08968442705258421,0.012672159609395578,0.3053692013019285,0.037436920087448256
20260929,r01_a071,1,0.75,71,187,temperature,macro,True,0,0.1470228061524853,-0.0002508176286767985,0.4533606467603578,-0.000375815869724766
20260929,r01_a071,1,0.75,71,187,temperature,electronic,True,0,0.14743336551068248,4.983986351561609e-05,0.45485457073426705,0.0003837716181838702
20260929,r01_a071,1,0.75,71,187,temperature,pop,True,0,0.17608162395470436,-0.0036389593140741805,0.5304581666779716,-0.015666410147649912
20260929,r01_a071,1,0.75,71,187,temperature,ambient,True,0,0.18418709310289128,-0.0007910256626231793,0.5436453081377715,-0.002772885226373756
20260929,r01_a071,1,0.75,71,187,temperature,rock,True,0,0.08038914204166318,0.0033768745984745496,0.284484541491421,0.016552260276940733
20260929,r02_a024,2,0.25,24,62,sigmoid,macro,True,1,0.15681173439042176,0.009538110609259621,1.054747703464062,0.6010112408339794
20260929,r02_a024,2,0.25,24,62,sigmoid,electronic,True,0,0.1542875099578782,0.0069039843107113474,0.4685736668284223,0.014102867712339096
20260929,r02_a024,2,0.25,24,62,sigmoid,pop,True,0,0.21645477192853985,0.0367341886597613,1.1237188886405176,0.5775943118148961
20260929,r02_a024,2,0.25,24,62,sigmoid,ambient,True,0,0.15127537497705767,-0.03370274378845678,0.49062539576708186,-0.05579279759706335
20260929,r02_a024,2,0.25,24,62,sigmoid,rock,True,1,0.10522928069821125,0.028217013255022613,2.136072862620226,1.8681405814057457
20260929,r02_a024,2,0.25,24,62,temperature,macro,True,0,0.15852122353070902,0.0112475997495469,0.6261850393394413,0.17244857670935876
20260929,r02_a024,2,0.25,24,62,temperature,electronic,True,0,0.1476669704800749,0.0002834448329080419,0.4561219453919695,0.001651146275886306
20260929,r02_a024,2,0.25,24,62,temperature,pop,True,0,0.2196753545397925,0.03995477127101396,1.1595007878409267,0.6133762110153052
20260929,r02_a024,2,0.25,24,62,temperature,ambient,True,0,0.18261379976619843,-0.002364318999316023,0.5388796940307478,-0.007538499333397453
20260929,r02_a024,2,0.25,24,62,temperature,rock,True,0,0.08412876933677026,0.007116501893581623,0.3502377300941213,0.08230544887964103
20260929,r02_a047,2,0.5,47,131,sigmoid,macro,True,0,0.14392041485402057,-0.003353208927141558,0.4804893156576636,0.02675285302758107
20260929,r02_a047,2,0.5,47,131,sigmoid,electronic,True,0,0.14683063981262875,-0.0005528858345381082,0.4535474806608521,-0.0009233184552310814
20260929,r02_a047,2,0.5,47,131,sigmoid,pop,True,0,0.1998772794119277,0.02015669614314916,0.7144555106835637,0.16833093385794218
20260929,r02_a047,2,0.5,47,131,sigmoid,ambient,True,0,0.1512016678744035,-0.03377645089111095,0.4898597711792165,-0.056558422184928736
20260929,r02_a047,2,0.5,47,131,sigmoid,rock,True,0,0.0777720723171223,0.0007598048739336644,0.2640945001070222,-0.0038377811074580825
20260929,r02_a047,2,0.5,47,131,temperature,macro,True,0,0.153276580594338,0.006002956813175864,0.49932416442995653,0.04558770179987394
20260929,r02_a047,2,0.5,47,131,temperature,electronic,True,0,0.1476089936741926,0.0002254680270257492,0.4548018848283835,0.00033108571230033856
20260929,r02_a047,2,0.5,47,131,temperature,pop,True,0,0.2008599257762482,0.021139342507469655,0.7207455530974379,0.17462097627181639
20260929,r02_a047,2,0.5,47,131,temperature,ambient,True,0,0.18949960918264092,0.004521490417126461,0.5650928814829307,0.018674688118785476
20260929,r02_a047,2,0.5,47,131,temperature,rock,True,0,0.07513779374427022,-0.0018744736989184108,0.2566563383110738,-0.011275942903406444
20260929,r02_a071,2,0.75,71,202,sigmoid,macro,True,0,0.13915984496235084,-0.00811377881881126,0.4392019983848604,-0.014534464245222145
20260929,r02_a071,2,0.75,71,202,sigmoid,electronic,True,0,0.14821539112437393,0.0008318654772070666,0.45571166344821806,0.0012408643321348833
20260929,r02_a071,2,0.75,71,202,sigmoid,pop,True,0,0.17900976439903676,-0.0007108188697417805,0.5483353585728065,0.00221078174718492
20260929,r02_a071,2,0.75,71,202,sigmoid,ambient,True,0,0.15021418779309761,-0.03476393097241684,0.47896681699633853,-0.06745137636780668
20260929,r02_a071,2,0.75,71,202,sigmoid,rock,True,0,0.07920003653289515,0.002187769089706512,0.27379415452207856,0.005861873307598298
20260929,r02_a071,2,0.75,71,202,temperature,macro,True,0,0.14873752601489887,0.0014639022337367552,0.4602656526236677,0.0065291899935851355
20260929,r02_a071,2,0.75,71,202,temperature,electronic,True,0,0.14740512902702654,2.1603379859680416e-05,0.45426202643561137,-0.00020877268047181374
20260929,r02_a071,2,0.75,71,202,temperature,pop,True,0,0.18209254766791905,0.0023719643991405026,0.5582925331598759,0.012167956334254382
20260929,r02_a071,2,0.75,71,202,temperature,ambient,True,0,0.18820993687199686,0.0032318181064824036,0.5593405061953547,0.012922312831209481
20260929,r02_a071,2,0.75,71,202,temperature,rock,True,0,0.07724249049265307,0.00023022304946443417,0.26916754470382875,0.0012352634893484926
20260929,r03_a024,3,0.25,24,59,sigmoid,macro,True,0,0.14948763008608754,0.002214006304925395,0.4738574685844788,0.020121005954396226
20260929,r03_a024,3,0.25,24,59,sigmoid,electronic,True,0,0.16336980499790288,0.015986279350736016,0.48845745949930536,0.03398666038322218
20260929,r03_a024,3,0.25,24,59,sigmoid,pop,True,0,0.19625179743346602,0.016531214164687474,0.6536111793810322,0.10748660255541065
20260929,r03_a024,3,0.25,24,59,sigmoid,ambient,True,0,0.159858721629143,-0.025119397136371457,0.4882979896402874,-0.05812020372385779
20260929,r03_a024,3,0.25,24,59,sigmoid,rock,True,0,0.07847019628383818,0.0014579288406495472,0.2650632458172901,-0.002869035397190134
20260929,r03_a024,3,0.25,24,59,temperature,macro,True,0,0.15088775764650844,0.0036141338653463174,0.4760998288780355,0.022363366247952945
20260929,r03_a024,3,0.25,24,59,temperature,electronic,True,0,0.14797184468889907,0.0005883190417322048,0.4575408932249936,0.003070094108910404
20260929,r03_a024,3,0.25,24,59,temperature,pop,True,0,0.19305156775699334,0.013330984488214792,0.6360543744991548,0.08992979767353326
20260929,r03_a024,3,0.25,24,59,temperature,ambient,True,0,0.18784443364684267,0.0028663148813282135,0.5577682461103635,0.011350052746218253
20260929,r03_a024,3,0.25,24,59,temperature,rock,True,0,0.0746831844932987,-0.0023290829498899407,0.2530358016776301,-0.014896479536850138
20260929,r03_a047,3,0.5,47,123,sigmoid,macro,True,0,0.13967880560233345,-0.007594818178828677,0.4372672812169487,-0.016469181413133888
20260929,r03_a047,3,0.5,47,123,sigmoid,electronic,True,0,0.15411068973946704,0.006727164092300175,0.46893581851325467,0.014465019397171486
20260929,r03_a047,3,0.5,47,123,sigmoid,pop,True,0,0.17701323004637115,-0.0027073532224073937,0.5370182531095257,-0.009106323716095877
20260929,r03_a047,3,0.5,47,123,sigmoid,ambient,True,0,0.14910219898801874,-0.03587591977749571,0.4780378652352381,-0.0683803281289071
20260929,r03_a047,3,0.5,47,123,sigmoid,rock,True,0,0.07848910363547686,0.0014768361922882223,0.2650771880097762,-0.0028550932047040622
20260929,r03_a047,3,0.5,47,123,temperature,macro,True,0,0.14709826083668778,-0.0001753629444743339,0.4514558824248231,-0.0022805802052594804
20260929,r03_a047,3,0.5,47,123,temperature,electronic,True,0,0.1478854501420234,0.0005019244948565316,0.45715197036021765,0.0026811712441344726
20260929,r03_a047,3,0.5,47,123,temperature,pop,True,0,0.1791290051346573,-0.0005915781341212512,0.5433230854076405,-0.002801491417981028
20260929,r03_a047,3,0.5,47,123,temperature,ambient,True,0,0.18677847215418147,0.0018003533886670198,0.553336064828965,0.006917871464819814
20260929,r03_a047,3,0.5,47,123,temperature,rock,True,0,0.074600115915889,-0.0024121515272996358,0.2520124091024691,-0.01591987211201118
20260929,r03_a071,3,0.75,71,195,sigmoid,macro,True,0,0.14021706748135457,-0.007056556299807577,0.4432854175111274,-0.010451045118955102
20260929,r03_a071,3,0.75,71,195,sigmoid,electronic,True,0,0.14704770512059123,-0.0003358205265756309,0.45387634504873065,-0.0005944540673525345
20260929,r03_a071,3,0.75,71,195,sigmoid,pop,True,0,0.18505375760358536,0.005333174334806817,0.5751206232894731,0.028996046463851566
20260929,r03_a071,3,0.75,71,195,sigmoid,ambient,True,0,0.1486689680515106,-0.03630915071400384,0.47353262216054165,-0.07288557120360356
20260929,r03_a071,3,0.75,71,195,sigmoid,rock,True,0,0.08009783914973098,0.0030855717065423477,0.2706120795457644,0.0026797983312841223
20260929,r03_a071,3,0.75,71,195,temperature,macro,True,0,0.14834511053451635,0.0010714867533542158,0.4585527748067284,0.004816312176645812
20260929,r03_a071,3,0.75,71,195,temperature,electronic,True,0,0.14761628120633344,0.0002327555591665753,0.4548263508943541,0.0003555517782709017
20260929,r03_a071,3,0.75,71,195,temperature,pop,True,0,0.18485630521095278,0.005135721942174237,0.5743910407049291,0.028266463879307535
20260929,r03_a071,3,0.75,71,195,temperature,ambient,True,0,0.18605436763746955,0.0010762488719550933,0.5504624524601142,0.0040442590959689495
20260929,r03_a071,3,0.75,71,195,temperature,rock,True,0,0.07485348808330959,-0.002158779359879043,0.2545312551675161,-0.013401026046964137
20260929,r04_a024,4,0.25,24,71,sigmoid,macro,True,0,0.1515418721341109,0.004268248352948784,0.5073560851538393,0.053619622523756766
20260929,r04_a024,4,0.25,24,71,sigmoid,electronic,True,0,0.16065749403035678,0.013273968383189921,0.49525708678662866,0.040786287670545485
20260929,r04_a024,4,0.25,24,71,sigmoid,pop,True,0,0.20734461946640156,0.02762403619762302,0.7671115788922461,0.22098700206662458
20260929,r04_a024,4,0.25,24,71,sigmoid,ambient,True,0,0.14893801701527942,-0.03604010175023503,0.4643047801930225,-0.0821134131711227
20260929,r04_a024,4,0.25,24,71,sigmoid,rock,True,0,0.08922735802440586,0.012215090581217225,0.30275089474345995,0.03481861352897969
20260929,r04_a024,4,0.25,24,71,temperature,macro,True,0,0.15353073465262582,0.006257110871463672,0.5045021308594736,0.0507656682293911
20260929,r04_a024,4,0.25,24,71,temperature,electronic,True,0,0.15026376551359816,0.0028802398664312945,0.4674965930481097,0.01302579393202652
20260929,r04_a024,4,0.25,24,71,temperature,pop,True,0,0.20177499897355602,0.02205441570477748,0.7329043188386279,0.1867797420130064
20260929,r04_a024,4,0.25,24,71,temperature,ambient,True,0,0.18339130173261728,-0.0015868170328971754,0.5410729020477717,-0.005345291316373513
20260929,r04_a024,4,0.25,24,71,temperature,rock,True,0,0.07869287239073172,0.0016806049475430879,0.27653470950338527,0.008602428288905006
20260929,r04_a047,4,0.5,47,142,sigmoid,macro,True,0,0.14823121569201636,0.0009575919108542538,0.4721852617854896,0.018448799155407078
20260929,r04_a047,4,0.5,47,142,sigmoid,electronic,True,0,0.16416714632424706,0.016783620677080197,0.5094125230553297,0.05494172393924651
20260929,r04_a047,4,0.5,47,142,sigmoid,pop,True,0,0.1899548483662169,0.010234265097438355,0.6052650931520187,0.05914051632639716
20260929,r04_a047,4,0.5,47,142,sigmoid,ambient,True,0,0.15410771342781593,-0.030870405337698525,0.4797560940544322,-0.06666209930971301
20260929,r04_a047,4,0.5,47,142,sigmoid,rock,True,0,0.08469515464978562,0.007682887206596989,0.2943073368801779,0.026375055665697644
20260929,r04_a047,4,0.5,47,142,temperature,macro,True,0,0.15225446140863294,0.004980837627470827,0.479769560698059,0.02603309806797645
20260929,r04_a047,4,0.5,47,142,temperature,electronic,True,0,0.15125889234445408,0.003875366697287219,0.4732992649987464,0.018828465882663237
20260929,r04_a047,4,0.5,47,142,temperature,pop,True,0,0.18850669186249885,0.00878610859372031,0.5990696088515793,0.052945032025957794
20260929,r04_a047,4,0.5,47,142,temperature,ambient,True,0,0.18869354279543293,0.0037154240299184793,0.5614606059412349,0.015042412577089714
20260929,r04_a047,4,0.5,47,142,temperature,rock,True,0,0.08055871863214593,0.0035464511889573003,0.2852487630006753,0.017316481786195048
20260929,r04_a071,4,0.75,71,198,sigmoid,macro,True,0,0.14200824354009303,-0.005265380241069092,0.4468998815218592,-0.006836581108223341
20260929,r04_a071,4,0.75,71,198,sigmoid,electronic,True,0,0.1554079616722044,0.008024436025037524,0.47860468739217443,0.024133888276091253
20260929,r04_a071,4,0.75,71,198,sigmoid,pop,True,0,0.17978793449816102,6.73512293824785e-05,0.5492674970361864,0.003142920210564837
20260929,r04_a071,4,0.75,71,198,sigmoid,ambient,True,0,0.14852307151965613,-0.036455047245858324,0.4702054311661983,-0.07621276219794693
20260929,r04_a071,4,0.75,71,198,sigmoid,rock,True,0,0.08431400647035059,0.007301739027161955,0.28952191049287773,0.02158962927839747
20260929,r04_a071,4,0.75,71,198,temperature,macro,True,0,0.1490627582031625,0.0017891344220003734,0.4618474960827263,0.008111033452643732
20260929,r04_a071,4,0.75,71,198,temperature,electronic,True,0,0.14976622316426483,0.0023826975170979647,0.46477489008977513,0.010304090973691948
20260929,r04_a071,4,0.75,71,198,temperature,pop,True,0,0.18129263319715508,0.0015720499283765343,0.5540217871077818,0.007897210282160283
20260929,r04_a071,4,0.75,71,198,temperature,ambient,True,0,0.18667479090162079,0.0016966721361063308,0.5529175706369795,0.006499377272834339
20260929,r04_a071,4,0.75,71,198,temperature,rock,True,0,0.0785173855496093,0.0015051181064206637,0.2756757364963686,0.007743455281888356
20260929,r05_a024,5,0.25,24,84,sigmoid,macro,True,0,0.15630869261866265,0.00903506883750052,0.4886656774994622,0.034929214869379596
20260929,r05_a024,5,0.25,24,84,sigmoid,electronic,True,0,0.16364483883816994,0.016261313191003074,0.49323030313762956,0.038759504021546376
20260929,r05_a024,5,0.25,24,84,sigmoid,pop,True,0,0.18425989548052904,0.004539312211750496,0.5664024243144926,0.02027784748887107
20260929,r05_a024,5,0.25,24,84,sigmoid,ambient,True,0,0.15459565749193901,-0.03038246127357544,0.48095290630022347,-0.06546528706392174
20260929,r05_a024,5,0.25,24,84,sigmoid,rock,True,0,0.12273437866401259,0.04572211122082395,0.41407707624550294,0.14614479503102268
20260929,r05_a024,5,0.25,24,84,temperature,macro,True,0,0.1497321866484568,0.002458562867294671,0.46488864288364534,0.01115218025356278
20260929,r05_a024,5,0.25,24,84,temperature,electronic,True,0,0.14903882957232395,0.0016553039251570867,0.46103096777922337,0.006560168663140187
20260929,r05_a024,5,0.25,24,84,temperature,pop,True,0,0.18242101301384347,0.0027004297450649306,0.5600959267820732,0.013971349956451662
20260929,r05_a024,5,0.25,24,84,temperature,ambient,True,0,0.1886191595353834,0.0036410407698689584,0.5611315973676023,0.014713404003457109
20260929,r05_a024,5,0.25,24,84,temperature,rock,True,0,0.07884974447227634,0.0018374770290877085,0.2772960796056824,0.00936379839120216
20260929,r05_a047,5,0.5,47,128,sigmoid,macro,True,0,0.14396596389770028,-0.0033076598834618463,0.4524479862605824,-0.001288476369500191
20260929,r05_a047,5,0.5,47,128,sigmoid,electronic,True,0,0.15182468653280018,0.004441160885633316,0.4630771415930262,0.00860634247694303
20260929,r05_a047,5,0.5,47,128,sigmoid,pop,True,0,0.1896046974137482,0.009884114144969647,0.5859469246380812,0.039822347812459635
20260929,r05_a047,5,0.5,47,128,sigmoid,ambient,True,0,0.1529224855375461,-0.032055633227968366,0.48397989598713254,-0.062438297377012675
20260929,r05_a047,5,0.5,47,128,sigmoid,rock,True,0,0.08151198610670665,0.004499718663518018,0.2767879828240895,0.008855701609609246
20260929,r05_a047,5,0.5,47,128,temperature,macro,True,0,0.1491019030889711,0.0018282793078089922,0.46178691419030626,0.008050451560223715
20260929,r05_a047,5,0.5,47,128,temperature,electronic,True,0,0.1473762154705807,-7.310176586172723e-06,0.45434237762548574,-0.00012842149059744123
20260929,r05_a047,5,0.5,47,128,temperature,pop,True,0,0.1827052482918997,0.002984665023121169,0.5616800208279843,0.01555544400236275
20260929,r05_a047,5,0.5,47,128,temperature,ambient,True,0,0.19033438078489665,0.005356262019382191,0.5689814948882779,0.022563301524132662
20260929,r05_a047,5,0.5,47,128,temperature,rock,True,0,0.07599176780850742,-0.0010204996346812184,0.26214376341947715,-0.005788517795003112
20260929,r05_a071,5,0.75,71,181,sigmoid,macro,True,0,0.14176486531819765,-0.005508758462964482,0.44222920030717644,-0.011507262322906081
20260929,r05_a071,5,0.75,71,181,sigmoid,electronic,True,0,0.154084890062521,0.006701364415354127,0.46824325139490164,0.013772452278818459
20260929,r05_a071,5,0.75,71,181,sigmoid,pop,True,0,0.1776609022921728,-0.002059680976605749,0.5396507891512413,-0.006473787674380227
20260929,r05_a071,5,0.75,71,181,sigmoid,ambient,True,0,0.15586723967270932,-0.02911087909280513,0.48701104054619765,-0.05940715281794756
20260929,r05_a071,5,0.75,71,181,sigmoid,rock,True,0,0.07944642924538746,0.0024341618021988254,0.27401172013636527,0.006079438921885005
20260929,r05_a071,5,0.75,71,181,temperature,macro,True,0,0.14853336711440993,0.0012597433332477911,0.4590841520631867,0.005347689433104166
20260929,r05_a071,5,0.75,71,181,temperature,electronic,True,0,0.14751077456627823,0.00012724891911136682,0.4553129484144244,0.0008421492983411993
20260929,r05_a071,5,0.75,71,181,temperature,pop,True,0,0.1795145929927332,-0.00020599027604534248,0.5451384539962943,-0.0009861228293271962
20260929,r05_a071,5,0.75,71,181,temperature,ambient,True,0,0.18996028951155952,0.004982170746045067,0.5672230599129298,0.02080486654878455
20260929,r05_a071,5,0.75,71,181,temperature,rock,True,0,0.07714781138706871,0.00013554394388007318,0.2686621459290984,0.0007298647146181114
20260929,r06_a024,6,0.25,24,60,sigmoid,macro,True,0,0.14444648186744083,-0.0028271419137213087,0.45498505581926324,0.0012485931891806634
20260929,r06_a024,6,0.25,24,60,sigmoid,electronic,True,0,0.15302501356314702,0.005641487915980153,0.47400908064682973,0.01953828153074655
20260929,r06_a024,6,0.25,24,60,sigmoid,pop,True,0,0.17543154944767145,-0.004289033821107097,0.5419725780210534,-0.00415199880456818
20260929,r06_a024,6,0.25,24,60,sigmoid,ambient,True,0,0.1606915174049714,-0.02428660136054306,0.4886721630170807,-0.05774603034706449
20260929,r06_a024,6,0.25,24,60,sigmoid,rock,True,0,0.0886378470539734,0.011625579610784767,0.31528640159208904,0.04735412037760878
20260929,r06_a024,6,0.25,24,60,temperature,macro,True,0,0.15243281275663634,0.005159188975474217,0.4766211352756097,0.02288467264552714
20260929,r06_a024,6,0.25,24,60,temperature,electronic,True,0,0.15222945051061534,0.004845924863448481,0.4732399242110767,0.01876912509499351
20260929,r06_a024,6,0.25,24,60,temperature,pop,True,0,0.18418650527404754,0.004465922005268991,0.5702941170403742,0.024169540214752705
20260929,r06_a024,6,0.25,24,60,temperature,ambient,True,0,0.18581728966395938,0.0008391708984449298,0.5495473009052402,0.0031291075410949665
20260929,r06_a024,6,0.25,24,60,temperature,rock,True,0,0.0874980055779231,0.010485738134734468,0.31340319894574764,0.04547091773126738
20260929,r06_a047,6,0.5,47,110,sigmoid,macro,True,0,0.1372996795149442,-0.009973944266217932,0.4340632507921914,-0.019673211837891183
20260929,r06_a047,6,0.5,47,110,sigmoid,electronic,True,0,0.15111148656371653,0.003727960916549672,0.4716136284796504,0.017142829363567202
20260929,r06_a047,6,0.5,47,110,sigmoid,pop,True,0,0.1707933043250883,-0.008927278943690248,0.5207099665661152,-0.02541461025950631
20260929,r06_a047,6,0.5,47,110,sigmoid,ambient,True,0,0.14786957924314892,-0.037108539522365536,0.464912392562567,-0.08150580080157821
20260929,r06_a047,6,0.5,47,110,sigmoid,rock,True,0,0.07942434792782302,0.002412080484634385,0.27901701556043285,0.011084734345952585
20260929,r06_a047,6,0.5,47,110,temperature,macro,True,0,0.14828041759846206,0.0010067938172999454,0.4585314428860381,0.004794980255955539
20260929,r06_a047,6,0.5,47,110,temperature,electronic,True,0,0.1506448398361015,0.003261314188934633,0.4678406648063538,0.0133698656902706
20260929,r06_a047,6,0.5,47,110,temperature,pop,True,0,0.1796156770854705,-0.00010490618330805113,0.5456209515320606,-0.0005036252935609609
20260929,r06_a047,6,0.5,47,110,temperature,ambient,True,0,0.1838073191336358,-0.0011707996318786607,0.5423863123141068,-0.004031881050038377
20260929,r06_a047,6,0.5,47,110,temperature,rock,True,0,0.0790538343386405,0.00204156689545186,0.27827784289163116,0.010345561677150894
20260929,r06_a071,6,0.75,71,170,sigmoid,macro,True,0,0.13772614113503606,-0.009547482646126072,0.4345937251904315,-0.0191427374396511
20260929,r06_a071,6,0.75,71,170,sigmoid,electronic,True,0,0.14677004305053484,-0.0006134825966320201,0.4558457097568652,0.0013749106407820455
20260929,r06_a071,6,0.75,71,170,sigmoid,pop,True,0,0.17387618556564377,-0.005844397703134774,0.5249003545695992,-0.021224222256022385
20260929,r06_a071,6,0.75,71,170,sigmoid,ambient,True,0,0.14828091089515633,-0.03669720787035813,0.4715627112821253,-0.07485548208201992
20260929,r06_a071,6,0.75,71,170,sigmoid,rock,True,0,0.08197742502880927,0.004965157585620633,0.2860661251531361,0.018133843938655858
20260929,r06_a071,6,0.75,71,170,temperature,macro,True,0,0.14712471655354212,-0.0001489072276199925,0.45365187271675594,-8.458991332659094e-05
20260929,r06_a071,6,0.75,71,170,temperature,electronic,True,0,0.14771898279080772,0.00033545714364086043,0.4563748294038589,0.0019040302877756932
20260929,r06_a071,6,0.75,71,170,temperature,pop,True,0,0.17624794660958945,-0.0034726366591890934,0.5310853629157953,-0.01503921390982621
20260929,r06_a071,6,0.75,71,170,temperature,ambient,True,0,0.18489767285146988,-8.044591404457457e-05,0.5461278455787716,-0.0002903477853736236
20260929,r06_a071,6,0.75,71,170,temperature,rock,True,0,0.07963426396230147,0.0026219965191128375,0.28101945296859804,0.013087171754117777
20260929,r07_a024,7,0.25,24,60,sigmoid,macro,True,0,0.14487502135611224,-0.002398602425049884,0.45967886495895893,0.0059424023288764255
20260929,r07_a024,7,0.25,24,60,sigmoid,electronic,True,0,0.1563022266298705,0.008918700982703642,0.4729214351358678,0.01845063601978464
20260929,r07_a024,7,0.25,24,60,sigmoid,pop,True,0,0.18740638708073012,0.00768580381195158,0.5638098254259511,0.017685248600329606
20260929,r07_a024,7,0.25,24,60,sigmoid,ambient,True,0,0.15910450682755828,-0.025873611937956176,0.533511372213889,-0.012906821150256209
20260929,r07_a024,7,0.25,24,60,sigmoid,rock,True,0,0.07668696488629005,-0.00032530255689858234,0.2684728270601279,0.0005405458456476664
20260929,r07_a024,7,0.25,24,60,temperature,macro,True,0,0.1534205076901973,0.006146883909035179,0.47517490251004063,0.021438439879958054
20260929,r07_a024,7,0.25,24,60,temperature,electronic,True,0,0.14744775810635244,6.423245918557585e-05,0.4543325098495741,-0.00013828926650910622
20260929,r07_a024,7,0.25,24,60,temperature,pop,True,0,0.1918276155417031,0.012107032272924562,0.572077453871233,0.025952877045611444
20260929,r07_a024,7,0.25,24,60,temperature,ambient,True,0,0.19660700175917192,0.011628882993657469,0.6022146599497115,0.05579646658556625
20260929,r07_a024,7,0.25,24,60,temperature,rock,True,0,0.07779965535356174,0.0007873879103731107,0.2720749863696439,0.0041427051551636285
20260929,r07_a047,7,0.5,47,114,sigmoid,macro,True,0,0.14092737996432875,-0.0063462438168333975,0.4498050595147453,-0.0039314031153372675
20260929,r07_a047,7,0.5,47,114,sigmoid,electronic,True,0,0.15750823403851139,0.010124708391344522,0.4860673411275844,0.031596542011501194
20260929,r07_a047,7,0.5,47,114,sigmoid,pop,True,0,0.16856966361028294,-0.0111509196584956,0.5130402004470258,-0.03308437637859574
20260929,r07_a047,7,0.5,47,114,sigmoid,ambient,True,0,0.15128887641935196,-0.033689242346162496,0.4970425048834141,-0.049375688480731095
20260929,r07_a047,7,0.5,47,114,sigmoid,rock,True,0,0.08634274578916862,0.009330478345979984,0.30307019160095683,0.03513791038647657
20260929,r07_a047,7,0.5,47,114,temperature,macro,True,0,0.14900719894944375,0.0017335751682816258,0.46228292771079,0.00854646508070743
20260929,r07_a047,7,0.5,47,114,temperature,electronic,True,0,0.15026690632036302,0.0028833806731961564,0.46751416519594646,0.013043366079863283
20260929,r07_a047,7,0.5,47,114,temperature,pop,True,0,0.17419052681932604,-0.005530056449452508,0.5248827840582805,-0.02124179276734106
20260929,r07_a047,7,0.5,47,114,temperature,ambient,True,0,0.1887380557617204,0.0037599369962059426,0.5616579971418161,0.015239803777670868
20260929,r07_a047,7,0.5,47,114,temperature,rock,True,0,0.08283330689636555,0.005821039453176913,0.2950767644471169,0.02714448323263663
20260929,r07_a071,7,0.75,71,186,sigmoid,macro,True,0,0.13815041090692715,-0.009123212874234968,0.43524123984167695,-0.018495222788405596
20260929,r07_a071,7,0.75,71,186,sigmoid,electronic,True,0,0.14730331477996145,-8.021086720541581e-05,0.45411616094137686,-0.0003546381747063232
20260929,r07_a071,7,0.75,71,186,sigmoid,pop,True,0,0.17360319170170962,-0.006117391567068919,0.52538101948579,-0.020743557339831575
20260929,r07_a071,7,0.75,71,186,sigmoid,ambient,True,0,0.14878962142244356,-0.03618849734307089,0.4733646192723898,-0.07305357409175539
20260929,r07_a071,7,0.75,71,186,sigmoid,rock,True,0,0.08290551572359399,0.005893248280405355,0.28810315966715117,0.020170878452670904
20260929,r07_a071,7,0.75,71,186,temperature,macro,True,0,0.14753079444432216,0.00025717066316003484,0.45490443650630175,0.0011679738762192249
20260929,r07_a071,7,0.75,71,186,temperature,electronic,True,0,0.14748828860142257,0.00010476295425571047,0.45443204720477515,-3.875191130803257e-05
20260929,r07_a071,7,0.75,71,186,temperature,pop,True,0,0.17734888187566974,-0.0023717013931087993,0.5354716316642802,-0.010652945161341298
20260929,r07_a071,7,0.75,71,186,temperature,ambient,True,0,0.18590770731605186,0.0009295885505374024,0.5498947785561618,0.003476585192016546
20260929,r07_a071,7,0.75,71,186,temperature,rock,True,0,0.07937829998414446,0.002366032540955826,0.27981928859998995,0.011887007385509685
20260929,r08_a024,8,0.25,24,76,sigmoid,macro,True,0,0.1609937674394912,0.01372014365832908,0.5201260579138081,0.06638959528372544
20260929,r08_a024,8,0.25,24,76,sigmoid,electronic,True,0,0.21235049132168798,0.06496696567452112,0.6111421058622435,0.1566713067461603
20260929,r08_a024,8,0.25,24,76,sigmoid,pop,True,0,0.2088322814976655,0.029111698228886956,0.7558757963986306,0.20975121957300902
20260929,r08_a024,8,0.25,24,76,sigmoid,ambient,True,0,0.1471206760202124,-0.03785744274530206,0.45829073394561415,-0.08812745941853106
20260929,r08_a024,8,0.25,24,76,sigmoid,rock,True,0,0.07567162091839894,-0.0013406465247896987,0.25519559544874376,-0.0127366857657365
20260929,r08_a024,8,0.25,24,76,temperature,macro,True,0,0.15072353184410664,0.003449908062944519,0.48503566244594337,0.03129919981586085
20260929,r08_a024,8,0.25,24,76,temperature,electronic,True,0,0.14748736456687195,0.00010383891970508485,0.4551811305684466,0.000710331452363433
20260929,r08_a024,8,0.25,24,76,temperature,pop,True,0,0.19878929999729314,0.019068716728514595,0.6951614334330725,0.14903685660745092
20260929,r08_a024,8,0.25,24,76,temperature,ambient,True,0,0.18198417693459512,-0.0029939418309193333,0.5382758353589341,-0.008142358005211126
20260929,r08_a024,8,0.25,24,76,temperature,rock,True,0,0.07463328587766636,-0.00237898156552227,0.25152425042332044,-0.016408030791159822
20260929,r08_a047,8,0.5,47,130,sigmoid,macro,True,0,0.14561018223939567,-0.0016634415417664389,0.45202957903134516,-0.0017068835987373854
20260929,r08_a047,8,0.5,47,130,sigmoid,electronic,True,0,0.1687279488682437,0.021344423221076825,0.5097874595287235,0.05531666041264033
20260929,r08_a047,8,0.5,47,130,sigmoid,pop,True,0,0.18337306561022712,0.0036524823414485763,0.5518291548949921,0.005704578069370525
20260929,r08_a047,8,0.5,47,130,sigmoid,ambient,True,0,0.1468108001496111,-0.03816731861590336,0.45734370521823103,-0.08907448814591418
20260929,r08_a047,8,0.5,47,130,sigmoid,rock,True,0,0.08352891432950084,0.006516646886312205,0.28915799648343404,0.021225715268953782
20260929,r08_a047,8,0.5,47,130,temperature,macro,True,0,0.14678129258913128,-0.0004923311920308274,0.45238459789375235,-0.0013518647363301994
20260929,r08_a047,8,0.5,47,130,temperature,electronic,True,0,0.1481665992119821,0.0007830735648152454,0.45698380383235954,0.002513004716276357
20260929,r08_a047,8,0.5,47,130,temperature,pop,True,0,0.17676756415442424,-0.002953019114354305,0.5331069182896143,-0.013017658536007226
20260929,r08_a047,8,0.5,47,130,temperature,ambient,True,0,0.18270047634292688,-0.0022776424225875724,0.5391004855928603,-0.0073177077712849314
20260929,r08_a047,8,0.5,47,130,temperature,rock,True,0,0.07949053064719196,0.0024782632040033226,0.28034718386017526,0.012414902645695003
20260929,r08_a071,8,0.75,71,180,sigmoid,macro,True,0,0.14082069112249795,-0.00645293265866417,0.4401055057185954,-0.01363095691148708
20260929,r08_a071,8,0.75,71,180,sigmoid,electronic,True,0,0.1540934363862309,0.0067099107390640456,0.4708796715601519,0.016408872444068745
20260929,r08_a071,8,0.75,71,180,sigmoid,pop,True,0,0.17923812189573798,-0.00048246137304056025,0.54057023822957,-0.005554338596051589
20260929,r08_a071,8,0.75,71,180,sigmoid,ambient,True,0,0.1475974651225032,-0.03738065364301124,0.46399955809073795,-0.08241863527340726
20260929,r08_a071,8,0.75,71,180,sigmoid,rock,True,0,0.08235374108551971,0.005341473642331077,0.28497255499392204,0.017040273779441784
20260929,r08_a071,8,0.75,71,180,temperature,macro,True,0,0.14711195245083286,-0.00016167133032924871,0.45322374831450607,-0.0005127143155764652
20260929,r08_a071,8,0.75,71,180,temperature,electronic,True,0,0.14818650390924495,0.0008029782620780912,0.4570693491562188,0.0025985500401355943
20260929,r08_a071,8,0.75,71,180,temperature,pop,True,0,0.17720724912539298,-0.0025133341433855594,0.5348859258481387,-0.011238650977482889
20260929,r08_a071,8,0.75,71,180,temperature,ambient,True,0,0.1842458195943738,-0.000732299171140649,0.5438445104124501,-0.002573682951695133
20260929,r08_a071,8,0.75,71,180,temperature,rock,True,0,0.07880823717431976,0.0017959697311311223,0.27709520784121683,0.009162926626736567
20260929,r09_a024,9,0.25,24,59,sigmoid,macro,True,0,0.1498197060218195,0.0025460822406573637,0.5053200138077063,0.0515835511776237
20260929,r09_a024,9,0.25,24,59,sigmoid,electronic,True,0,0.1475571964883692,0.00017367084120234466,0.45502591969381345,0.0005551205777302726
20260929,r09_a024,9,0.25,24,59,sigmoid,pop,True,0,0.1680380371565679,-0.011682546112210646,0.5145290371522468,-0.031595539673374695
20260929,r09_a024,9,0.25,24,59,sigmoid,ambient,True,0,0.1979123417413411,0.012934222975826637,0.7623987898282876,0.21598059646414236
20260929,r09_a024,9,0.25,24,59,sigmoid,rock,True,0,0.08577124870099975,0.008758981257811119,0.2893263085564771,0.021394027341996857
20260929,r09_a024,9,0.25,24,59,temperature,macro,True,0,0.14751010047441618,0.00023647669325402298,0.4550971456773696,0.0013606830472870368
20260929,r09_a024,9,0.25,24,59,temperature,electronic,True,0,0.14743107958042553,4.755393325867052e-05,0.45483967935120817,0.0003688802351249909
20260929,r09_a024,9,0.25,24,59,temperature,pop,True,0,0.17415469211765633,-0.005565891151122215,0.5246087506802939,-0.021515826145327654
20260929,r09_a024,9,0.25,24,59,temperature,ambient,True,0,0.19307461887336846,0.00809650010785401,0.5826316033668943,0.036213410002749136
20260929,r09_a024,9,0.25,24,59,temperature,rock,True,0,0.07538001132621426,-0.0016322561169743732,0.25830854931108194,-0.009623731903398325
20260929,r09_a047,9,0.5,47,136,sigmoid,macro,True,0,0.13952460922702142,-0.007749014554140718,0.4383489642507386,-0.015387498379343958
20260929,r09_a047,9,0.5,47,136,sigmoid,electronic,True,0,0.15087989654484124,0.003496370897674378,0.4611540819339028,0.006683282817819602
20260929,r09_a047,9,0.5,47,136,sigmoid,pop,True,0,0.17625188852181906,-0.0034686947469594887,0.5299620862879484,-0.016162490537673158
20260929,r09_a047,9,0.5,47,136,sigmoid,ambient,True,0,0.14909170413324854,-0.03588641463226591,0.47738837567023146,-0.06902981769391375
20260929,r09_a047,9,0.5,47,136,sigmoid,rock,True,0,0.08187494770817678,0.004862680264988151,0.28489131311087174,0.016959031896391474
20260929,r09_a047,9,0.5,47,136,temperature,macro,True,0,0.14734358147411436,6.99576929522154e-05,0.4542437661342544,0.0005073035041718577
20260929,r09_a047,9,0.5,47,136,temperature,electronic,True,0,0.1474871942973929,0.00010366865022604088,0.4544291205497755,-4.167856630765687e-05
20260929,r09_a047,9,0.5,47,136,temperature,pop,True,0,0.1751449836234926,-0.004575599645285949,0.5271394494123308,-0.018985127413290726
20260929,r09_a047,9,0.5,47,136,temperature,ambient,True,0,0.1876448876937598,0.0026667689282453555,0.5569209938609639,0.010502800496818732
20260929,r09_a047,9,0.5,47,136,temperature,rock,True,0,0.07909726028181205,0.0020849928386234146,0.27848550071394734,0.010553219499467081
20260929,r09_a071,9,0.75,71,195,sigmoid,macro,True,0,0.14089190047966185,-0.0063817233015002785,0.4415979634123444,-0.01213849921773813
20260929,r09_a071,9,0.75,71,195,sigmoid,electronic,True,0,0.1479383413183976,0.000554815671230724,0.45523586317543296,0.0007650640593497848
20260929,r09_a071,9,0.75,71,195,sigmoid,pop,True,0,0.18073953692064285,0.0010189536518643016,0.5441795429695334,-0.0019450338560881297
20260929,r09_a071,9,0.75,71,195,sigmoid,ambient,True,0,0.15105419586422308,-0.03392392290129137,0.4791419501984506,-0.06727624316569464
20260929,r09_a071,9,0.75,71,195,sigmoid,rock,True,0,0.08383552781538386,0.006823260372195231,0.2878344973059607,0.019902216091480462
20260929,r09_a071,9,0.75,71,195,temperature,macro,True,0,0.147690390942378,0.0004167671612158898,0.45537517748807,0.0016387148579875
20260929,r09_a071,9,0.75,71,195,temperature,electronic,True,0,0.14748581095646196,0.00010228530929509705,0.45442543670466184,-4.536241142133468e-05
20260929,r09_a071,9,0.75,71,195,temperature,pop,True,0,0.17670560092998036,-0.0030149823387981833,0.5328611231706147,-0.013263453655006807
20260929,r09_a071,9,0.75,71,195,temperature,ambient,True,0,0.1882516444735321,0.003273525708017644,0.5595215745279969,0.01310338116385168
20260929,r09_a071,9,0.75,71,195,temperature,rock,True,0,0.07831850740953764,0.0013062399663490015,0.2746925755490067,0.006760294334526462
20260929,r10_a024,10,0.25,24,68,sigmoid,macro,True,0,0.14048107402924953,-0.006792549751912593,0.43930885847766477,-0.014427604152417783
20260929,r10_a024,10,0.25,24,68,sigmoid,electronic,True,0,0.14624933358942083,-0.0011341920577460363,0.45315766182759376,-0.0013131372884894188
20260929,r10_a024,10,0.25,24,68,sigmoid,pop,True,0,0.18981841861253368,0.010097835343755135,0.5693761108685941,0.023251534042972533
20260929,r10_a024,10,0.25,24,68,sigmoid,ambient,True,0,0.14867996454684035,-0.036298154218674106,0.4735959112334026,-0.0728222821307426
20260929,r10_a024,10,0.25,24,68,sigmoid,rock,True,0,0.07717657936820327,0.00016431192501463465,0.2611057499810686,-0.006826531233411648
20260929,r10_a024,10,0.25,24,68,temperature,macro,True,0,0.14518797297513655,-0.0020856508060255845,0.4437976296218316,-0.009938833008250922
20260929,r10_a024,10,0.25,24,68,temperature,electronic,True,0,0.147735246294527,0.00035172064736013753,0.45524756648654163,0.0007767673704584532
20260929,r10_a024,10,0.25,24,68,temperature,pop,True,0,0.17587859190776603,-0.0038419913610125145,0.529706607508736,-0.01641796931688555
20260929,r10_a024,10,0.25,24,68,temperature,ambient,True,0,0.18236260444463243,-0.0026155143208820286,0.5382960276779174,-0.008122165686227811
20260929,r10_a024,10,0.25,24,68,temperature,rock,True,0,0.0747754492536207,-0.0022368181895679323,0.2519403168141315,-0.01599196440034878
20260929,r10_a047,10,0.5,47,148,sigmoid,macro,True,0,0.13948055422035616,-0.00779306956080594,0.4376245554317535,-0.016111907198329084
20260929,r10_a047,10,0.5,47,148,sigmoid,electronic,True,0,0.15354305629599696,0.006159530648830097,0.46718908724108577,0.012718288125002586
20260929,r10_a047,10,0.5,47,148,sigmoid,pop,True,0,0.17900690399740718,-0.0007136792713713647,0.5504020452254828,0.004277468399861206
20260929,r10_a047,10,0.5,47,148,sigmoid,ambient,True,0,0.14827979496140034,-0.036698323804114114,0.4698153991620482,-0.07660279420209704
20260929,r10_a047,10,0.5,47,148,sigmoid,rock,True,0,0.07709246162662026,8.019418343162277e-05,0.26309169009839717,-0.004840591116083093
20260929,r10_a047,10,0.5,47,148,temperature,macro,True,0,0.14830016382572217,0.0010265400445600321,0.4579376877769452,0.004201225146862678
20260929,r10_a047,10,0.5,47,148,temperature,electronic,True,0,0.14758577920597435,0.00020225355880748586,0.4547252357708618,0.00025443665477864474
20260929,r10_a047,10,0.5,47,148,temperature,pop,True,0,0.18305708934432174,0.0033365060755431997,0.5636713343441411,0.01754675751851953
20260929,r10_a047,10,0.5,47,148,temperature,ambient,True,0,0.1871467493607975,0.00216863059528305,0.5548409438099069,0.008422750445761684
20260929,r10_a047,10,0.5,47,148,temperature,rock,True,0,0.07541103739179503,-0.0016012300513936067,0.2585132371828711,-0.009419044031609147
20260929,r10_a071,10,0.75,71,201,sigmoid,macro,True,0,0.14033037658121283,-0.006943247199949293,0.4421780746463251,-0.011558387983757482
20260929,r10_a071,10,0.75,71,201,sigmoid,electronic,True,0,0.14877397203630438,0.0013904463891375174,0.45723268316777077,0.002761884051687591
20260929,r10_a071,10,0.75,71,201,sigmoid,pop,True,0,0.18086817466029115,0.0011475913915126035,0.5543264336831758,0.008201856857554257
20260929,r10_a071,10,0.75,71,201,sigmoid,ambient,True,0,0.14888070642350842,-0.03609741234200603,0.47477177411806804,-0.07164641924607718
20260929,r10_a071,10,0.75,71,201,sigmoid,rock,True,0,0.08279865320474737,0.005786385761558738,0.28238140761628566,0.014449126401805401
20260929,r10_a071,10,0.75,71,201,temperature,macro,True,0,0.14848555684597337,0.0012119330648112242,0.4590070650753031,0.005270602445220554
20260929,r10_a071,10,0.75,71,201,temperature,electronic,True,0,0.14773165949627295,0.00034813384910609146,0.45523435600025225,0.0007635568841690699
20260929,r10_a071,10,0.75,71,201,temperature,pop,True,0,0.1820904466148454,0.0023698633460668694,0.5582810911547813,0.012156514329159762
20260929,r10_a071,10,0.75,71,201,temperature,ambient,True,0,0.1871845845306731,0.0022064657651586495,0.55499715124612,0.008578957881974825
20260929,r10_a071,10,0.75,71,201,temperature,rock,True,0,0.07693553674210192,-7.673070108671354e-05,0.2675156619000588,-0.0004166193144214403
20260929,r11_a024,11,0.25,24,61,sigmoid,macro,True,0,0.14871650248468377,0.001442878703521621,0.48831838075946477,0.0345819181293822
20260929,r11_a024,11,0.25,24,61,sigmoid,electronic,True,0,0.14665305966241154,-0.0007304659847553185,0.45636954126576196,0.0018987421496787782
20260929,r11_a024,11,0.25,24,61,sigmoid,pop,True,0,0.21019170026826553,0.030471116999486986,0.7045488565876771,0.15842427976205553
20260929,r11_a024,11,0.25,24,61,sigmoid,ambient,True,0,0.15232236142749533,-0.03265575733801912,0.4865644604921395,-0.05985373287200574
20260929,r11_a024,11,0.25,24,61,sigmoid,rock,True,0,0.08569888858056257,0.008686621137373937,0.3057906646922805,0.03785838347780024
20260929,r11_a024,11,0.25,24,61,temperature,macro,True,0,0.15231841353239536,0.005044789751233254,0.4801989017948174,0.0264624391647348
20260929,r11_a024,11,0.25,24,61,temperature,electronic,True,0,0.14765138955039805,0.00026786390323119136,0.4560449652191862,0.001574166103103014
20260929,r11_a024,11,0.25,24,61,temperature,pop,True,0,0.18941656157469108,0.00969597830591254,0.6058812711530575,0.05975669432743591
20260929,r11_a024,11,0.25,24,61,temperature,ambient,True,0,0.18687652731682186,0.0018984085513074067,0.5537339579021123,0.007315764537967118
20260929,r11_a024,11,0.25,24,61,temperature,rock,True,0,0.08532917568767051,0.008316908244481877,0.3051354129049134,0.037203131690433155
20260929,r11_a047,11,0.5,47,141,sigmoid,macro,True,0,0.14161250803152903,-0.0056611157496330895,0.4510567035476166,-0.002679759082465913
20260929,r11_a047,11,0.5,47,141,sigmoid,electronic,True,0,0.1474548357482616,7.131010109473479e-05,0.45455958260868384,8.878349260066365e-05
20260929,r11_a047,11,0.5,47,141,sigmoid,pop,True,0,0.19000237193960423,0.010281788670825687,0.6035131322524419,0.05738855542682031
20260929,r11_a047,11,0.5,47,141,sigmoid,ambient,True,0,0.1478280901467375,-0.03715002861877695,0.4653013879790882,-0.081116805385057
20260929,r11_a047,11,0.5,47,141,sigmoid,rock,True,0,0.0811647342915128,0.004152466848324168,0.28085271135025264,0.012920430135772376
20260929,r11_a047,11,0.5,47,141,temperature,macro,True,0,0.14940149236100025,0.002127868579838113,0.46673359491795335,0.012997132287870791
20260929,r11_a047,11,0.5,47,141,temperature,electronic,True,0,0.14738034958739496,-3.1760597719032724e-06,0.45443265089847434,-3.8148217608835466e-05
20260929,r11_a047,11,0.5,47,141,temperature,pop,True,0,0.18795675334053874,0.008236170071760196,0.5950856723099734,0.0489610954843519
20260929,r11_a047,11,0.5,47,141,temperature,ambient,True,0,0.1840288160929023,-0.0009493026726121456,0.5431142836644184,-0.003303909699726826
20260929,r11_a047,11,0.5,47,141,temperature,rock,True,0,0.07824005042316494,0.0012277829799763051,0.2743017727989472,0.006369491584466924
20260929,r11_a071,11,0.75,71,209,sigmoid,macro,True,0,0.1397367396965334,-0.007536884084628714,0.4375307734988009,-0.01620568913128173
20260929,r11_a071,11,0.75,71,209,sigmoid,electronic,True,0,0.15210512031219903,0.004721594665032164,0.4637065329190427,0.0092357338029595
20260929,r11_a071,11,0.75,71,209,sigmoid,pop,True,0,0.17687944660857247,-0.0028411366602060784,0.5384156368488312,-0.007708939976790341
20260929,r11_a071,11,0.75,71,209,sigmoid,ambient,True,0,0.1472097360135402,-0.03776838275197425,0.46237596101841916,-0.08404223234572605
20260929,r11_a071,11,0.75,71,209,sigmoid,rock,True,0,0.08275265585182194,0.005740388408633307,0.28562496320891023,0.01769268199442997
20260929,r11_a071,11,0.75,71,209,temperature,macro,True,0,0.14767323384240413,0.0003996100612420235,0.4557906904369119,0.0020542278068293035
20260929,r11_a071,11,0.75,71,209,temperature,electronic,True,0,0.14748166358953652,9.813794236965268e-05,0.4544145010889175,-5.6298027165668785e-05
20260929,r11_a071,11,0.75,71,209,temperature,pop,True,0,0.18016119645603113,0.0004406131872525809,0.5482718317691365,0.0021472549435149757
20260929,r11_a071,11,0.75,71,209,temperature,ambient,True,0,0.18455577987063268,-0.0004223388948817741,0.5449143015641426,-0.0015038918000026547
20260929,r11_a071,11,0.75,71,209,temperature,rock,True,0,0.07849429545341627,0.0014820280102276345,0.2755621273254508,0.007629846110970562
20260929,r12_a024,12,0.25,24,50,sigmoid,macro,True,0,0.16383264519147953,0.016559021410317402,0.506250028559028,0.052513565928945447
20260929,r12_a024,12,0.25,24,50,sigmoid,electronic,True,0,0.17541259664554085,0.028029070998373984,0.5186530158555706,0.06418221673948737
20260929,r12_a024,12,0.25,24,50,sigmoid,pop,True,0,0.20494037797600934,0.02521979470723079,0.6312713998956342,0.08514682307001264
20260929,r12_a024,12,0.25,24,50,sigmoid,ambient,True,0,0.17573150196286544,-0.009246616802649016,0.5295310075467384,-0.01688718581740678
20260929,r12_a024,12,0.25,24,50,sigmoid,rock,True,0,0.09924610418150248,0.022233836738313847,0.3455446909381688,0.07761240972368855
20260929,r12_a024,12,0.25,24,50,temperature,macro,True,0,0.1521902241609504,0.00491660037978826,0.4732640470004416,0.019527584370359077
20260929,r12_a024,12,0.25,24,50,temperature,electronic,True,0,0.14767895684041826,0.00029543119325139977,0.4550436250005041,0.0005728258844209244
20260929,r12_a024,12,0.25,24,50,temperature,pop,True,0,0.17710590035214505,-0.0026146829166334984,0.5344705390421013,-0.011654037783520255
20260929,r12_a024,12,0.25,24,50,temperature,ambient,True,0,0.1899572443791195,0.0049791256136050566,0.5672088511035176,0.020790657739372387
20260929,r12_a024,12,0.25,24,50,temperature,rock,True,0,0.09401879507211872,0.017006527628930082,0.3363331728556435,0.06840089164116325
20260929,r12_a047,12,0.5,47,105,sigmoid,macro,True,0,0.1445833202345644,-0.002690303546597706,0.44920911580644507,-0.0045273468236374514
20260929,r12_a047,12,0.5,47,105,sigmoid,electronic,True,0,0.15901018721058757,0.01162666156342071,0.4847243231828542,0.03025352406677101
20260929,r12_a047,12,0.5,47,105,sigmoid,pop,True,0,0.1722761034432906,-0.007444479825487932,0.5206309904303221,-0.025493586395299417
20260929,r12_a047,12,0.5,47,105,sigmoid,ambient,True,0,0.16075745277117137,-0.024220665994343082,0.49117500743428805,-0.055243185929857164
20260929,r12_a047,12,0.5,47,105,sigmoid,rock,True,0,0.08628953751320811,0.00927727007001948,0.300306142178316,0.032373860963835766
20260929,r12_a047,12,0.5,47,105,temperature,macro,True,0,0.1483484334486226,0.001074809667460458,0.45850403417498037,0.004767571544897806
20260929,r12_a047,12,0.5,47,105,temperature,electronic,True,0,0.14854997579352652,0.00116645014635966,0.45869319519361557,0.0042223960775323865
20260929,r12_a047,12,0.5,47,105,temperature,pop,True,0,0.17583917144445518,-0.003881411824323361,0.5295625548240608,-0.01656202200156076
20260929,r12_a047,12,0.5,47,105,temperature,ambient,True,0,0.1873429370797151,0.0023648183142006562,0.5556541255583684,0.00923593219422314
20260929,r12_a047,12,0.5,47,105,temperature,rock,True,0,0.08166164947679351,0.004649382033604876,0.2901062611238767,0.022173979909396457
20260929,r12_a071,12,0.75,71,166,sigmoid,macro,True,0,0.14018030164447978,-0.007093322136682345,0.44017397971057004,-0.01356248291951248
20260929,r12_a071,12,0.75,71,166,sigmoid,electronic,True,0,0.15103213479308808,0.0036486091459212167,0.46550898435212823,0.01103818523604505
20260929,r12_a071,12,0.75,71,166,sigmoid,pop,True,0,0.17634943331760267,-0.003371149951175878,0.5322796443162806,-0.013844932509340935
20260929,r12_a071,12,0.75,71,166,sigmoid,ambient,True,0,0.1490318676775011,-0.03594625108801336,0.46902257216985094,-0.07739562119429427
20260929,r12_a071,12,0.75,71,166,sigmoid,rock,True,0,0.08430777078972727,0.00729550334653864,0.2938847180040205,0.025952436789540234
20260929,r12_a071,12,0.75,71,166,temperature,macro,True,0,0.148474771686035,0.001201147904872895,0.4589644152722249,0.005227952642142361
20260929,r12_a071,12,0.75,71,166,temperature,electronic,True,0,0.1490101323762347,0.0016266067290678365,0.46088946971225925,0.006418670596176068
20260929,r12_a071,12,0.75,71,166,temperature,pop,True,0,0.17700161461025313,-0.002718968658525417,0.5340464073935834,-0.0120781694320381
20260929,r12_a071,12,0.75,71,166,temperature,ambient,True,0,0.18709396205679088,0.002115843291276426,0.5546234995027435,0.008205306138598267
20260929,r12_a071,12,0.75,71,166,temperature,rock,True,0,0.08079337770086137,0.0037811102576727346,0.28629828448031347,0.01836600326583321
20260929,r13_a024,13,0.25,24,62,sigmoid,macro,True,0,0.15039466830660678,0.0031210445254446356,0.5032010785809397,0.04946461595085701
20260929,r13_a024,13,0.25,24,62,sigmoid,electronic,True,0,0.16026968080891946,0.012886155161752594,0.49662056350931105,0.04214976439322787
20260929,r13_a024,13,0.25,24,62,sigmoid,pop,True,0,0.19851704684315366,0.018796463574375116,0.7446814803828136,0.19855690355719202
20260929,r13_a024,13,0.25,24,62,sigmoid,ambient,True,0,0.16263665902796814,-0.02234145973754631,0.4995470218776318,-0.04687117148651343
20260929,r13_a024,13,0.25,24,62,sigmoid,rock,True,0,0.08015528654638578,0.003143019103197142,0.2719552485540018,0.004022967339521566
20260929,r13_a024,13,0.25,24,62,temperature,macro,True,0,0.15538353502891938,0.008109911247757232,0.5209220940185778,0.06718563138849531
20260929,r13_a024,13,0.25,24,62,temperature,electronic,True,0,0.15217447223006078,0.004790946582893918,0.4730578611741631,0.018587062058079917
20260929,r13_a024,13,0.25,24,62,temperature,pop,True,0,0.20571245162928556,0.025991868360507014,0.7921645422360634,0.24603996541044182
20260929,r13_a024,13,0.25,24,62,temperature,ambient,True,0,0.18799971130217152,0.0030215925366570695,0.5584329939647985,0.012014800600653297
20260929,r13_a024,13,0.25,24,62,temperature,rock,True,0,0.07564750495415956,-0.0013647624890290727,0.2600329786992865,-0.007899302515193773
20260929,r13_a047,13,0.5,47,136,sigmoid,macro,True,0,0.14129292689554543,-0.005980696885616692,0.44553313844137177,-0.008203324188710781
20260929,r13_a047,13,0.5,47,136,sigmoid,electronic,True,0,0.14679633134170347,-0.0005871943054633899,0.45369920052702406,-0.0007715985890591193
20260929,r13_a047,13,0.5,47,136,sigmoid,pop,True,0,0.17551133879806163,-0.004209244470716911,0.5327678803503094,-0.013356696475312124
20260929,r13_a047,13,0.5,47,136,sigmoid,ambient,True,0,0.15020108828503903,-0.034777030480475424,0.48432844993488583,-0.06208974342925938
20260929,r13_a047,13,0.5,47,136,sigmoid,rock,True,0,0.09266294915737759,0.015650681714188958,0.31133702295326776,0.0434047417387875
20260929,r13_a047,13,0.5,47,136,temperature,macro,True,0,0.1483579357873545,0.0010843120061924012,0.4583576679189308,0.004621205288848254
20260929,r13_a047,13,0.5,47,136,temperature,electronic,True,0,0.14739754831039784,1.4022663230972565e-05,0.45459980362686603,0.00012900451078284858
20260929,r13_a047,13,0.5,47,136,temperature,pop,True,0,0.1790221207816333,-0.0006984624871452516,0.5428269468790454,-0.0032976299465761194
20260929,r13_a047,13,0.5,47,136,temperature,ambient,True,0,0.18896396367473645,0.003985844909221992,0.5626655651459311,0.016247371781785924
20260929,r13_a047,13,0.5,47,136,temperature,rock,True,0,0.07804811038265053,0.0010358429394618923,0.2733383560238806,0.005406074809400363
20260929,r13_a071,13,0.75,71,185,sigmoid,macro,True,0,0.14162968888169544,-0.005643934899466678,0.44458059484069495,-0.009155867789387595
20260929,r13_a071,13,0.75,71,185,sigmoid,electronic,True,0,0.14801963833765616,0.0006361126904892989,0.45534957083322375,0.0008787717171405696
20260929,r13_a071,13,0.75,71,185,sigmoid,pop,True,0,0.1760865843462281,-0.003633998922550452,0.5335155596659347,-0.012609017159686875
20260929,r13_a071,13,0.75,71,185,sigmoid,ambient,True,0,0.1519117795467069,-0.033066339218807556,0.4818845739116893,-0.06453361945245589
20260929,r13_a071,13,0.75,71,185,sigmoid,rock,True,0,0.09050075329619063,0.013488485853001997,0.3075726749519321,0.03964039373745182
20260929,r13_a071,13,0.75,71,185,temperature,macro,True,0,0.14870670809387732,0.0014330843127151882,0.459977520350415,0.006241057720332441
20260929,r13_a071,13,0.75,71,185,temperature,electronic,True,0,0.14740072941291973,1.7203765752871192e-05,0.45425898772742457,-0.0002118113886586115
20260929,r13_a071,13,0.75,71,185,temperature,pop,True,0,0.1784522700644371,-0.0012683132043414536,0.5402341854280412,-0.005890391397580297
20260929,r13_a071,13,0.75,71,185,temperature,ambient,True,0,0.18901529095058273,0.004037172185068272,0.562895831902315,0.016477638538169748
20260929,r13_a071,13,0.75,71,185,temperature,rock,True,0,0.0799585419475697,0.0029462745043810634,0.2825210763438792,0.014588795129398924
20260929,r14_a024,14,0.25,24,67,sigmoid,macro,True,0,0.14195631942805817,-0.005317304353103954,0.4602018009549047,0.0064653383248221424
20260929,r14_a024,14,0.25,24,67,sigmoid,electronic,True,0,0.15676581422590896,0.009382288578742098,0.5240499115225521,0.06957911240646891
20260929,r14_a024,14,0.25,24,67,sigmoid,pop,True,0,0.18329152255046868,0.0035709392816901386,0.5663742748243501,0.020249697998728555
20260929,r14_a024,14,0.25,24,67,sigmoid,ambient,True,0,0.14885572854035756,-0.0361223902251569,0.4761635560606228,-0.07025463730352244
20260929,r14_a024,14,0.25,24,67,sigmoid,rock,True,0,0.07891221239549748,0.0018999449523088435,0.2742194614120938,0.00628718019761354
20260929,r14_a024,14,0.25,24,67,temperature,macro,True,0,0.15119860241816063,0.003924978636998505,0.47746128573471425,0.023724823104631754
20260929,r14_a024,14,0.25,24,67,temperature,electronic,True,0,0.15751916193598275,0.010135636288815891,0.5203055287957703,0.06583472967968712
20260929,r14_a024,14,0.25,24,67,temperature,pop,True,0,0.18392127763125393,0.004200694362475388,0.5687069294698223,0.02258235264420072
20260929,r14_a024,14,0.25,24,67,temperature,ambient,True,0,0.1853987350596831,0.00042061629416864643,0.5479643789194402,0.0015461855552949544
20260929,r14_a024,14,0.25,24,67,temperature,rock,True,0,0.07795523504572273,0.000942967602534095,0.2728683057538245,0.004936024539344219
20260929,r14_a047,14,0.5,47,121,sigmoid,macro,True,0,0.14099359357249605,-0.006280030208666073,0.44355606490243904,-0.010180397727643467
20260929,r14_a047,14,0.5,47,121,sigmoid,electronic,True,0,0.14766471322486097,0.0002811875776941031,0.4554449589090499,0.0009741597929667223
20260929,r14_a047,14,0.5,47,121,sigmoid,pop,True,0,0.18521784281726608,0.0054972595484875375,0.5643358427434924,0.01821126591787081
20260929,r14_a047,14,0.5,47,121,sigmoid,ambient,True,0,0.1482355834909934,-0.036742535274521065,0.46961412386230156,-0.07680406950184365
20260929,r14_a047,14,0.5,47,121,sigmoid,rock,True,0,0.08285623475686377,0.005843967313675133,0.2848293340949125,0.01689705288043225
20260929,r14_a047,14,0.5,47,121,temperature,macro,True,0,0.1479876142765038,0.0007139904953416855,0.4567225934951087,0.0029861308650261237
20260929,r14_a047,14,0.5,47,121,temperature,electronic,True,0,0.1478813515895155,0.0004978259423486231,0.45580625210934284,0.001335452993259656
20260929,r14_a047,14,0.5,47,121,temperature,pop,True,0,0.17995645248694206,0.0002358692181635147,0.5472676255538894,0.0011430487282678703
20260929,r14_a047,14,0.5,47,121,temperature,ambient,True,0,0.18608516503934533,0.001107046273830875,0.5505822891878946,0.004164095823749436
20260929,r14_a047,14,0.5,47,121,temperature,rock,True,0,0.07802748799021236,0.001015220547023729,0.2732342071293078,0.005301925914827532
20260929,r14_a071,14,0.75,71,195,sigmoid,macro,True,0,0.14038498462796348,-0.006888639153198636,0.4394001003553991,-0.014336362274683476
20260929,r14_a071,14,0.75,71,195,sigmoid,electronic,True,0,0.14896497122946822,0.0015814455823013607,0.4572541024017396,0.002783303285656402
20260929,r14_a071,14,0.75,71,195,sigmoid,pop,True,0,0.18473360903625433,0.005013025767475782,0.5631213446193862,0.01699676779376469
20260929,r14_a071,14,0.75,71,195,sigmoid,ambient,True,0,0.14782284380577132,-0.037155274959743134,0.4618609835685662,-0.08455720979557901
20260929,r14_a071,14,0.75,71,195,sigmoid,rock,True,0,0.08001851444036008,0.0030062469971714467,0.2753639708319043,0.00743168961742402
20260929,r14_a071,14,0.75,71,195,temperature,macro,True,0,0.1471498521614564,-0.00012377161970572592,0.4534770641641358,-0.00025939846594673355
20260929,r14_a071,14,0.75,71,195,temperature,electronic,True,0,0.14752651945063408,0.00014299380346721735,0.454540283484584,6.948436850079398e-05
20260929,r14_a071,14,0.75,71,195,temperature,pop,True,0,0.18037453714995655,0.0006539538811780043,0.5493300424809485,0.003205465655326978
20260929,r14_a071,14,0.75,71,195,temperature,ambient,True,0,0.1836365833038608,-0.0013415354616536646,0.5418382140792358,-0.004579979284909386
20260929,r14_a071,14,0.75,71,195,temperature,rock,True,0,0.07706176874137417,4.9501298185539166e-05,0.26819971661177494,0.0002674353972946797
20260929,r15_a024,15,0.25,24,58,sigmoid,macro,True,0,0.16594927745831145,0.01867565367714933,0.5280452185407098,0.07430875591062724
20260929,r15_a024,15,0.25,24,58,sigmoid,electronic,True,0,0.1619603683651734,0.01457684271800655,0.5016913331277834,0.04722053401170018
20260929,r15_a024,15,0.25,24,58,sigmoid,pop,True,0,0.23270071833206205,0.0529801350632835,0.7026649974372121,0.15654042061159057
20260929,r15_a024,15,0.25,24,58,sigmoid,ambient,True,0,0.1646780575501086,-0.020300061215405868,0.5585045455060468,0.012086352141901568
20260929,r15_a024,15,0.25,24,58,sigmoid,rock,True,0,0.10445796558590177,0.027445698142713137,0.3493199980917969,0.08138771687731666
20260929,r15_a024,15,0.25,24,58,temperature,macro,True,0,0.15117984238485377,0.003906218603691631,0.4700858316330823,0.016349369002999783
20260929,r15_a024,15,0.25,24,58,temperature,electronic,True,0,0.15122769248893686,0.003844166841769997,0.4698659795891692,0.015395180473086023
20260929,r15_a024,15,0.25,24,58,temperature,pop,True,0,0.17614956984704508,-0.0035710134217334655,0.5318169358218274,-0.014307641003794114
20260929,r15_a024,15,0.25,24,58,temperature,ambient,True,0,0.18810608392491568,0.0031279651594012248,0.5588911106721096,0.012472917307964404
20260929,r15_a024,15,0.25,24,58,temperature,rock,True,0,0.0892360232785174,0.012223755835328767,0.3197693004492231,0.05183701923474282
20260929,r15_a047,15,0.5,47,109,sigmoid,macro,True,0,0.14566956919073457,-0.0016040545904275616,0.4589063768787,0.005169914248617444
20260929,r15_a047,15,0.5,47,109,sigmoid,electronic,True,0,0.14600908190830134,-0.0013744437388655273,0.45305091911809026,-0.0014198799979929233
20260929,r15_a047,15,0.5,47,109,sigmoid,pop,True,0,0.18548098253435832,0.00576039926557978,0.5537784958843895,0.0076539190587679995
20260929,r15_a047,15,0.5,47,109,sigmoid,ambient,True,0,0.15330776832290893,-0.03167035044260552,0.49779935923864504,-0.048618834125500165
20260929,r15_a047,15,0.5,47,109,sigmoid,rock,True,0,0.09788044399736966,0.020868176554181023,0.3309967332736751,0.06306445205919486
20260929,r15_a047,15,0.5,47,109,temperature,macro,True,0,0.14987239276509368,0.002598768983931559,0.46584873274761585,0.012112270117533352
20260929,r15_a047,15,0.5,47,109,temperature,electronic,True,0,0.14754026643495324,0.00015674078778638023,0.454581591987537,0.00011079287145382422
20260929,r15_a047,15,0.5,47,109,temperature,pop,True,0,0.17432167486119834,-0.0053989084075802,0.5247168451669737,-0.021407731658647844
20260929,r15_a047,15,0.5,47,109,temperature,ambient,True,0,0.19257658934264493,0.007598470577130478,0.5800507727233961,0.0336325793592509
20260929,r15_a047,15,0.5,47,109,temperature,rock,True,0,0.08505104042157821,0.008038772978389577,0.3040457211125568,0.03611343989807653
20260929,r15_a071,15,0.75,71,189,sigmoid,macro,True,0,0.1404509108023457,-0.006822712978816436,0.44009729584605667,-0.013639166784025852
20260929,r15_a071,15,0.75,71,189,sigmoid,electronic,True,0,0.14697481966861667,-0.0004087059785501945,0.4535895065680442,-0.000881292548038981
20260929,r15_a071,15,0.75,71,189,sigmoid,pop,True,0,0.17725477285698865,-0.0024658104117898927,0.5334451525961036,-0.012679424229517955
20260929,r15_a071,15,0.75,71,189,sigmoid,ambient,True,0,0.1498767309511216,-0.03510138781439284,0.47674562755977273,-0.06967256580437248
20260929,r15_a071,15,0.75,71,189,sigmoid,rock,True,0,0.08769731973265582,0.010685052289467187,0.29660889666030626,0.028676615445826004
20260929,r15_a071,15,0.75,71,189,temperature,macro,True,0,0.14647610647420667,-0.000797517306955476,0.45032870319871526,-0.0034077594313672854
20260929,r15_a071,15,0.75,71,189,temperature,electronic,True,0,0.14748237232087336,9.884667370649303e-05,0.45441635804342373,-5.4441072659450196e-05
20260929,r15_a071,15,0.75,71,189,temperature,pop,True,0,0.17595686773709665,-0.0037637155316818938,0.5299944741404146,-0.016130102685206982
20260929,r15_a071,15,0.75,71,189,temperature,ambient,True,0,0.18496038875275528,-1.7730012759176184e-05,0.546354049129637,-6.414423450817885e-05
20260929,r15_a071,15,0.75,71,189,temperature,rock,True,0,0.0775047970861013,0.000492529642912673,0.27054993148138573,0.002617650266905469
20260929,r16_a024,16,0.25,24,54,sigmoid,macro,True,0,0.15615283638122449,0.008879212600062365,0.4907244956360238,0.03698803300594128
20260929,r16_a024,16,0.25,24,54,sigmoid,electronic,True,0,0.17182037031858086,0.024436844671413993,0.5283096004349976,0.07383880131891446
20260929,r16_a024,16,0.25,24,54,sigmoid,pop,True,0,0.1935287767728881,0.013808193504109556,0.6090207389898054,0.06289616216418381
20260929,r16_a024,16,0.25,24,54,sigmoid,ambient,True,0,0.17113766413650006,-0.013840454629014398,0.519843519047912,-0.02657467431623317
20260929,r16_a024,16,0.25,24,54,sigmoid,rock,True,0,0.08812453429692894,0.01111226685374031,0.3057241240713803,0.037791842856900015
20260929,r16_a024,16,0.25,24,54,temperature,macro,True,0,0.15292299114574914,0.005649367364586991,0.47864691964408573,0.024910457014003184
20260929,r16_a024,16,0.25,24,54,temperature,electronic,True,0,0.1553497099862258,0.007966184339058935,0.4831126373447036,0.02864183822862043
20260929,r16_a024,16,0.25,24,54,temperature,pop,True,0,0.18519913254254075,0.005478549273762207,0.576537780806302,0.03041320398068048
20260929,r16_a024,16,0.25,24,54,temperature,ambient,True,0,0.18873117779293813,0.0037530590274236775,0.561627472436559,0.015209279072413762
20260929,r16_a024,16,0.25,24,54,temperature,rock,True,0,0.08241194426129178,0.005399676818103147,0.2933097879887783,0.025377506774298064
20260929,r16_a047,16,0.5,47,132,sigmoid,macro,True,0,0.14339071353130203,-0.0038829102498600734,0.45760961570600495,0.0038731530759223975
20260929,r16_a047,16,0.5,47,132,sigmoid,electronic,True,0,0.14607557180364322,-0.0013079538435236404,0.4534003668730371,-0.0010704322430460933
20260929,r16_a047,16,0.5,47,132,sigmoid,pop,True,0,0.18915176918520338,0.009431185916424834,0.6096427601209925,0.06351818329537096
20260929,r16_a047,16,0.5,47,132,sigmoid,ambient,True,0,0.15089018218757408,-0.034087936577940375,0.4718385518612677,-0.07457964150287749
20260929,r16_a047,16,0.5,47,132,sigmoid,rock,True,0,0.08744533094878752,0.010433063505598889,0.2955567839687225,0.02762450275424222
20260929,r16_a047,16,0.5,47,132,temperature,macro,True,0,0.15030642687019424,0.0030328030890320913,0.4725006189477929,0.018764156317710362
20260929,r16_a047,16,0.5,47,132,temperature,electronic,True,0,0.14740944213936233,2.5916492195465768e-05,0.45469096612273796,0.00022016700665478117
20260929,r16_a047,16,0.5,47,132,temperature,pop,True,0,0.19088098151487398,0.011160398246095438,0.6174464085083555,0.07132183168273398
20260929,r16_a047,16,0.5,47,132,temperature,ambient,True,0,0.18593649050257074,0.0009583717370562905,0.5500057952251627,0.0035876018610174754
20260929,r16_a047,16,0.5,47,132,temperature,rock,True,0,0.0769987933239698,-1.3474119218828684e-05,0.26785930593491547,-7.297527956479088e-05
20260929,r16_a071,16,0.75,71,197,sigmoid,macro,True,0,0.14102228271371806,-0.006251341067444065,0.4430423842769379,-0.010694078353144718
20260929,r16_a071,16,0.75,71,197,sigmoid,electronic,True,0,0.14754195064968245,0.00015842500251558866,0.45467474331363966,0.00020394419755648263
20260929,r16_a071,16,0.75,71,197,sigmoid,pop,True,0,0.18038546381145237,0.0006648805426738291,0.5474006517053361,0.0012760748797145949
20260929,r16_a071,16,0.75,71,197,sigmoid,ambient,True,0,0.14788542507302432,-0.03709269369249013,0.467988634558833,-0.07842955880531222
20260929,r16_a071,16,0.75,71,197,sigmoid,rock,True,0,0.08827629132071309,0.011264023877524454,0.30210550752994253,0.03417322631546227
20260929,r16_a071,16,0.75,71,197,temperature,macro,True,0,0.14793231966920625,0.0006586958880441147,0.4569155055765402,0.0031790429464576414
20260929,r16_a071,16,0.75,71,197,temperature,electronic,True,0,0.14760246362944687,0.0002189379822800097,0.4547801209853479,0.0003093218692647448
20260929,r16_a071,16,0.75,71,197,temperature,pop,True,0,0.17929217410723178,-0.00042840916154676667,0.544086423305278,-0.002038153520343533
20260929,r16_a071,16,0.75,71,197,temperature,ambient,True,0,0.18465593307531913,-0.0003221856901953202,0.5452662812085007,-0.0011519121556444745
20260929,r16_a071,16,0.75,71,197,temperature,rock,True,0,0.08017870786482717,0.003166440421638536,0.2835291968070341,0.015596915592553828
20260929,r17_a024,17,0.25,24,71,sigmoid,macro,True,0,0.14344179341262792,-0.0038318303685342045,0.44630435488260334,-0.007432107747479211
20260929,r17_a024,17,0.25,24,71,sigmoid,electronic,True,0,0.15129494177343694,0.003911416126270079,0.4687650386671888,0.014294239551105647
20260929,r17_a024,17,0.25,24,71,sigmoid,pop,True,0,0.1799221438790381,0.00020156061025955463,0.5385514305706701,-0.007573146254951424
20260929,r17_a024,17,0.25,24,71,sigmoid,ambient,True,0,0.14781659958741988,-0.03716151917809457,0.45943705593910655,-0.08698113742503866
20260929,r17_a024,17,0.25,24,71,sigmoid,rock,True,0,0.09473348841061675,0.01772122096742812,0.31846389435344785,0.05053161313896759
20260929,r17_a024,17,0.25,24,71,temperature,macro,True,0,0.14689289014297066,-0.00038073363819143835,0.4537213491767418,-1.5113453340778737e-05
20260929,r17_a024,17,0.25,24,71,temperature,electronic,True,0,0.15085406135385362,0.0034705357066867615,0.4685735841934608,0.014102785077377611
20260929,r17_a024,17,0.25,24,71,temperature,pop,True,0,0.17432858763904457,-0.00539199562973397,0.5255474760410854,-0.020577100784536118
20260929,r17_a024,17,0.25,24,71,temperature,ambient,True,0,0.18251749805258136,-0.002460620712933098,0.5386447198808147,-0.007773473483330462
20260929,r17_a024,17,0.25,24,71,temperature,rock,True,0,0.07987141352640319,0.002859146083214553,0.2821196165916061,0.014187335377125854
20260929,r17_a047,17,0.5,47,122,sigmoid,macro,True,0,0.13929300429419286,-0.007980619486969272,0.4377345023453264,-0.01600196028475609
20260929,r17_a047,17,0.5,47,122,sigmoid,electronic,True,0,0.14869311886306855,0.0013095932159016832,0.4611230098587085,0.006652210742625342
20260929,r17_a047,17,0.5,47,122,sigmoid,pop,True,0,0.17160200595572725,-0.008118577313051295,0.520424161498672,-0.025700415326949555
20260929,r17_a047,17,0.5,47,122,sigmoid,ambient,True,0,0.1472948475369448,-0.037683271228569654,0.4640352825878296,-0.0823829107763156
20260929,r17_a047,17,0.5,47,122,sigmoid,rock,True,0,0.08958204482103081,0.012569777377842178,0.3053555554360957,0.037423274221615455
20260929,r17_a047,17,0.5,47,122,temperature,macro,True,0,0.14695963465969658,-0.0003139891214655466,0.4538459103394217,0.00010944770933916936
20260929,r17_a047,17,0.5,47,122,temperature,electronic,True,0,0.14888407620277877,0.001500550555611907,0.46132652077025066,0.006855721654167479
20260929,r17_a047,17,0.5,47,122,temperature,pop,True,0,0.17464589751845527,-0.005074685750323271,0.5268012256769647,-0.019323351148656798
20260929,r17_a047,17,0.5,47,122,temperature,ambient,True,0,0.18390413179720536,-0.0010739869683090986,0.5427022384057922,-0.003715954958352974
20260929,r17_a047,17,0.5,47,122,temperature,rock,True,0,0.08040443312034691,0.0033921656771582764,0.28455365650467923,0.01662137529019897
20260929,r17_a071,17,0.75,71,195,sigmoid,macro,True,0,0.1401028369902557,-0.007170786790906436,0.43839349612340395,-0.015342966506678601
20260929,r17_a071,17,0.75,71,195,sigmoid,electronic,True,0,0.14742217575886168,3.865011169482124e-05,0.45488638369381895,0.0004155845777357725
20260929,r17_a071,17,0.75,71,195,sigmoid,pop,True,0,0.17741124154026336,-0.002309341728515185,0.53364501834703,-0.012479558478591501
20260929,r17_a071,17,0.75,71,195,sigmoid,ambient,True,0,0.14762578986094005,-0.037352328904574406,0.4665291742373986,-0.07988901912674662
20260929,r17_a071,17,0.75,71,195,sigmoid,rock,True,0,0.08795214080095766,0.010939873357769025,0.2985134082153682,0.030581127000887942
20260929,r17_a071,17,0.75,71,195,temperature,macro,True,0,0.14660471880264353,-0.0006689049785185801,0.4513087204676081,-0.002427742162474461
20260929,r17_a071,17,0.75,71,195,temperature,electronic,True,0,0.14744387009309753,6.034444593067123e-05,0.4549215507725684,0.0004507516564852265
20260929,r17_a071,17,0.75,71,195,temperature,pop,True,0,0.17577918110268478,-0.00394140216609376,0.529344541623172,-0.016780035202449528
20260929,r17_a071,17,0.75,71,195,temperature,ambient,True,0,0.18471662441524275,-0.00026149435027170154,0.5454810128656524,-0.0009371804984927845
20260929,r17_a071,17,0.75,71,195,temperature,rock,True,0,0.0784791995995491,0.0014669321563604704,0.2754877766090395,0.007555495394559242
20260929,r18_a024,18,0.25,24,47,sigmoid,macro,True,0,0.1523879825423503,0.005114358761188185,0.5339801809384372,0.0802437183083547
20260929,r18_a024,18,0.25,24,47,sigmoid,electronic,True,0,0.15227927021211146,0.0048957445649445985,0.4852380318079774,0.030767232691894242
20260929,r18_a024,18,0.25,24,47,sigmoid,pop,True,0,0.2242832583303988,0.04456267506162026,0.8676356014489793,0.3215110246233578
20260929,r18_a024,18,0.25,24,47,sigmoid,ambient,True,0,0.1557069579504553,-0.02927116081505915,0.5159681815401725,-0.030450011823972667
20260929,r18_a024,18,0.25,24,47,sigmoid,rock,True,0,0.07728244367643566,0.0002701762332470298,0.2670789089566197,-0.0008533722578605851
20260929,r18_a024,18,0.25,24,47,temperature,macro,True,0,0.15240719402201028,0.005133570240848175,0.49737190361991934,0.043635440989836835
20260929,r18_a024,18,0.25,24,47,temperature,electronic,True,0,0.14961663612190984,0.0022331104747429775,0.4639813293220195,0.00951053020593634
20260929,r18_a024,18,0.25,24,47,temperature,pop,True,0,0.20037793021683747,0.02065734694805893,0.714558241662345,0.1684336648367235
20260929,r18_a024,18,0.25,24,47,temperature,ambient,True,0,0.18201021324661848,-0.0029679055188959746,0.5378400644475725,-0.008578128916572725
20260929,r18_a024,18,0.25,24,47,temperature,rock,True,0,0.0776239965026754,0.000611729059486768,0.2731079790477405,0.005175697833260218
20260929,r18_a047,18,0.5,47,118,sigmoid,macro,True,0,0.14171065599769092,-0.005562967783471189,0.45027344205424197,-0.0034630205758406085
20260929,r18_a047,18,0.5,47,118,sigmoid,electronic,True,0,0.15478821600526657,0.007404690358099708,0.47669206330473535,0.022221264188652168
20260929,r18_a047,18,0.5,47,118,sigmoid,pop,True,0,0.18477027114337677,0.005049687874598224,0.58070572609796,0.03458114927233846
20260929,r18_a047,18,0.5,47,118,sigmoid,ambient,True,0,0.14778940914538088,-0.03718870962013357,0.46598111430010036,-0.08043707906404485
20260929,r18_a047,18,0.5,47,118,sigmoid,rock,True,0,0.07949472769673951,0.0024824602535508805,0.27771486451417204,0.009782583299691783
20260929,r18_a047,18,0.5,47,118,temperature,macro,True,0,0.15031717754759827,0.003043553766436148,0.4699750198063157,0.01623855717623314
20260929,r18_a047,18,0.5,47,118,temperature,electronic,True,0,0.1499320522927294,0.0025485266455625433,0.465668170814395,0.011197371698311809
20260929,r18_a047,18,0.5,47,118,temperature,pop,True,0,0.18721841957354998,0.007497836304771438,0.589889910215754,0.043765333390132444
20260929,r18_a047,18,0.5,47,118,temperature,ambient,True,0,0.1856511190773276,0.0006730003118131378,0.5489137632831674,0.0024955699190222225
20260929,r18_a047,18,0.5,47,118,temperature,rock,True,0,0.07846711924678611,0.0014548518035974733,0.27542823491194635,0.0074959536974660845
20260929,r18_a071,18,0.75,71,171,sigmoid,macro,True,0,0.14122363775724975,-0.006049986023912365,0.4433798347251172,-0.010356627904965332
20260929,r18_a071,18,0.75,71,171,sigmoid,electronic,True,0,0.1547916956843667,0.007408170037199846,0.4699604386722009,0.015489639556117707
20260929,r18_a071,18,0.75,71,171,sigmoid,pop,True,0,0.18122079027528884,0.0015002070065102957,0.5556853059970516,0.009560729171430027
20260929,r18_a071,18,0.75,71,171,sigmoid,ambient,True,0,0.14858347771735833,-0.03639464104815612,0.46763902088002,-0.07877917248412519
20260929,r18_a071,18,0.75,71,171,sigmoid,rock,True,0,0.08029858735198515,0.00328631990879652,0.2802345733511964,0.01230229213671613
20260929,r18_a071,18,0.75,71,171,temperature,macro,True,0,0.14917145110363664,0.0018978273224744963,0.4623734020470346,0.008636939416952066
20260929,r18_a071,18,0.75,71,171,temperature,electronic,True,0,0.14762199290287614,0.0002384672557092793,0.45484565312195285,0.00037485400586967366
20260929,r18_a071,18,0.75,71,171,temperature,pop,True,0,0.18221366770645128,0.002493084437672738,0.558954141481751,0.0128295646561295
20260929,r18_a071,18,0.75,71,171,temperature,ambient,True,0,0.18807122295257658,0.003093104187062129,0.558740730542788,0.012322537178642845
20260929,r18_a071,18,0.75,71,171,temperature,rock,True,0,0.07877892085264247,0.0017666534094538389,0.2769530830416465,0.009020801827166247
20260929,r19_a024,19,0.25,24,62,sigmoid,macro,True,0,0.14336902519687666,-0.003904598584285459,0.45166768964562,-0.002068772984462522
20260929,r19_a024,19,0.25,24,62,sigmoid,electronic,True,0,0.1593776502062462,0.011994124559079333,0.487588194147849,0.033117395031765806
20260929,r19_a024,19,0.25,24,62,sigmoid,pop,True,0,0.1725274850265018,-0.007193098242276735,0.5249623162877656,-0.02116226053785597
20260929,r19_a024,19,0.25,24,62,sigmoid,ambient,True,0,0.14719841935155048,-0.037779699413963974,0.4585039470056599,-0.08791424635848533
20260929,r19_a024,19,0.25,24,62,sigmoid,rock,True,0,0.09437254620320817,0.01736027876001954,0.33561630114120566,0.0676840199267254
20260929,r19_a024,19,0.25,24,62,temperature,macro,True,0,0.15126819692396937,0.003994573142807226,0.47001341351714315,0.01627695088706055
20260929,r19_a024,19,0.25,24,62,temperature,electronic,True,0,0.15235643760543585,0.0049729119582689885,0.4736591771220167,0.019188378005933537
20260929,r19_a024,19,0.25,24,62,temperature,pop,True,0,0.1764027932377778,-0.0033177900310007447,0.5325992549266708,-0.013525321898950726
20260929,r19_a024,19,0.25,24,62,temperature,ambient,True,0,0.18318477358867197,-0.0017933451768424868,0.5404514047754986,-0.005966788588646632
20260929,r19_a024,19,0.25,24,62,temperature,rock,True,0,0.09312878326399178,0.016116515820803146,0.3333438172443863,0.06541153602990601
20260929,r19_a047,19,0.5,47,125,sigmoid,macro,True,0,0.1457522766508748,-0.0015213471302873288,0.45376329058485604,2.6827954773434026e-05
20260929,r19_a047,19,0.5,47,125,sigmoid,electronic,True,0,0.15895404344664604,0.01157051779947918,0.4803339213189437,0.025863122202860522
20260929,r19_a047,19,0.5,47,125,sigmoid,pop,True,0,0.17890209596406217,-0.0008184873047163699,0.5368759601364762,-0.00924861668914534
20260929,r19_a047,19,0.5,47,125,sigmoid,ambient,True,0,0.14906247683856938,-0.035915641926945074,0.4681515966079865,-0.07826659675615871
20260929,r19_a047,19,0.5,47,125,sigmoid,rock,True,0,0.09609049035422158,0.01907822291103295,0.3296916842760175,0.061759403061537266
20260929,r19_a047,19,0.5,47,125,temperature,macro,True,0,0.1487778576298264,0.0015042338486642784,0.46071008800773827,0.006973625377655696
20260929,r19_a047,19,0.5,47,125,temperature,electronic,True,0,0.14825314396574055,0.0008696183185736839,0.45876029743544766,0.004289498319364482
20260929,r19_a047,19,0.5,47,125,temperature,pop,True,0,0.17514022058950415,-0.004580362679274391,0.5271236728485827,-0.019000903977038797
20260929,r19_a047,19,0.5,47,125,temperature,ambient,True,0,0.18510356658325952,0.00012544781774506686,0.5468744717609687,0.00045627839682349514
20260929,r19_a047,19,0.5,47,125,temperature,rock,True,0,0.08661449938080139,0.009602231937612754,0.31008190998595386,0.0421496287714736
20260929,r19_a071,19,0.75,71,201,sigmoid,macro,True,0,0.14060184245665738,-0.00667178132450473,0.4393311315254125,-0.014405331104670058
20260929,r19_a071,19,0.75,71,201,sigmoid,electronic,True,0,0.1507526901863294,0.003369164539162528,0.46153258494601845,0.007061785829935274
20260929,r19_a071,19,0.75,71,201,sigmoid,pop,True,0,0.17854444203923198,-0.0011761412295465679,0.5374808567887605,-0.008643720036861091
20260929,r19_a071,19,0.75,71,201,sigmoid,ambient,True,0,0.1484440641251403,-0.03653405464037415,0.46646320963211235,-0.07995498373203286
20260929,r19_a071,19,0.75,71,201,sigmoid,rock,True,0,0.0846661734759279,0.007653906032739272,0.2918478747347587,0.023915593520278444
20260929,r19_a071,19,0.75,71,201,temperature,macro,True,0,0.1471464654718977,-0.00012715830926442878,0.45363615271758095,-0.00010030991250162269
20260929,r19_a071,19,0.75,71,201,temperature,electronic,True,0,0.14756047610539888,0.00017695045823201694,0.45558117265690645,0.0011103735408232729
20260929,r19_a071,19,0.75,71,201,temperature,pop,True,0,0.17638717319263128,-0.003333410076147264,0.5316180021515361,-0.014506574674085448
20260929,r19_a071,19,0.75,71,201,temperature,ambient,True,0,0.18518442839812707,0.0002063096326126168,0.54717080475523,0.0007526113910847343
20260929,r19_a071,19,0.75,71,201,temperature,rock,True,0,0.07945378419143355,0.002441516748244915,0.2801746313066512,0.01224235009217095
20260929,r20_a024,20,0.25,24,52,sigmoid,macro,True,0,0.14862205604729806,0.0013484322661359224,0.4958197797646362,0.04208331713455368
20260929,r20_a024,20,0.25,24,52,sigmoid,electronic,True,0,0.15002540208687054,0.0026418764397036776,0.46038011532252804,0.005909316206444859
20260929,r20_a024,20,0.25,24,52,sigmoid,pop,True,0,0.20836080827645473,0.028640225007676184,0.749789651713449,0.20366507488782748
20260929,r20_a024,20,0.25,24,52,sigmoid,ambient,True,0,0.15046514429507907,-0.03451297447043539,0.46986722945468,-0.0765509639094652
20260929,r20_a024,20,0.25,24,52,sigmoid,rock,True,0,0.08563686953078785,0.008624602087599215,0.30324212256788785,0.03530984135340759
20260929,r20_a024,20,0.25,24,52,temperature,macro,True,0,0.15321384492903037,0.005940221147868227,0.49533013197490333,0.0415936693448208
20260929,r20_a024,20,0.25,24,52,temperature,electronic,True,0,0.14800689149103743,0.0006233658438705714,0.456312474329747,0.001841675213663796
20260929,r20_a024,20,0.25,24,52,temperature,pop,True,0,0.1979604412448916,0.01823985797611305,0.685613251555574,0.1394886747299524
20260929,r20_a024,20,0.25,24,52,temperature,ambient,True,0,0.18294217728308754,-0.0020359414824269173,0.5397531829906577,-0.0066650103734875454
20260929,r20_a024,20,0.25,24,52,temperature,rock,True,0,0.08394586969710484,0.0069336022539162045,0.2996416190236348,0.031709337809154525
20260929,r20_a047,20,0.5,47,129,sigmoid,macro,True,0,0.1417082251721482,-0.005565398609013918,0.4414453587313773,-0.012291103898705275
20260929,r20_a047,20,0.5,47,129,sigmoid,electronic,True,0,0.15150697161219012,0.004123445965023259,0.4639543432996417,0.009483544183558512
20260929,r20_a047,20,0.5,47,129,sigmoid,pop,True,0,0.17671688985911554,-0.0030036934096629997,0.5306190876301496,-0.0155054891954719
20260929,r20_a047,20,0.5,47,129,sigmoid,ambient,True,0,0.14683761381297467,-0.03814050495253979,0.4591405730378447,-0.08727762032630049
20260929,r20_a047,20,0.5,47,129,sigmoid,rock,True,0,0.09177142540431249,0.014759157961123856,0.31206743095787304,0.044135149743392776
20260929,r20_a047,20,0.5,47,129,temperature,macro,True,0,0.14685958417486733,-0.00041403960629479014,0.4532286321827801,-0.0005078304473024875
20260929,r20_a047,20,0.5,47,129,temperature,electronic,True,0,0.14800316213378806,0.0006196364866211945,0.4576799456188674,0.0032091465027841992
20260929,r20_a047,20,0.5,47,129,temperature,pop,True,0,0.17447224374840903,-0.005248339520369516,0.5250889773228232,-0.02103559950279832
20260929,r20_a047,20,0.5,47,129,temperature,ambient,True,0,0.18393186868733688,-0.001046250078177574,0.5427934064479617,-0.003624786916183509
20260929,r20_a047,20,0.5,47,129,temperature,rock,True,0,0.08103106212993537,0.004018794686746735,0.28735219934146794,0.01941991812698768
20260929,r20_a071,20,0.75,71,188,sigmoid,macro,True,0,0.13826235195484873,-0.00901127182631338,0.43300396130634605,-0.02073250132373647
20260929,r20_a071,20,0.75,71,188,sigmoid,electronic,True,0,0.14956580179564224,0.0021822761484753816,0.4586236790065834,0.004152879890500227
20260929,r20_a071,20,0.75,71,188,sigmoid,pop,True,0,0.17270263335478633,-0.007017949913992211,0.5218473832966188,-0.024277193529002705
20260929,r20_a071,20,0.75,71,188,sigmoid,ambient,True,0,0.14656361964163966,-0.03841449912387479,0.45872110937654276,-0.08769708398760245
20260929,r20_a071,20,0.75,71,188,sigmoid,rock,True,0,0.08421735302732673,0.007205085584138099,0.2928236735456393,0.024891392331159057
20260929,r20_a071,20,0.75,71,188,temperature,macro,True,0,0.14704273355731307,-0.0002308902238490583,0.45343790731118444,-0.0002985553188981499
20260929,r20_a071,20,0.75,71,188,temperature,electronic,True,0,0.14741350823707514,2.998258990827285e-05,0.45472023456723426,0.000249435451151081
20260929,r20_a071,20,0.75,71,188,temperature,pop,True,0,0.1762059618241451,-0.0035146214446334367,0.5309260905072886,-0.015198486318332982
20260929,r20_a071,20,0.75,71,188,temperature,ambient,True,0,0.18411098303058912,-0.0008671357349253339,0.5433888729666027,-0.0030293203975425564
20260929,r20_a071,20,0.75,71,188,temperature,rock,True,0,0.0804404811374429,0.0034282136942542646,0.2847164312036121,0.016784149989131858
20260929,r21_a024,21,0.25,24,60,sigmoid,macro,True,0,0.14475308643726859,-0.002520537343893528,0.44902027033937225,-0.0047161922907102555
20260929,r21_a024,21,0.25,24,60,sigmoid,electronic,True,0,0.15449838388815584,0.0071148582409889805,0.46933561504632415,0.014864815930240971
20260929,r21_a024,21,0.25,24,60,sigmoid,pop,True,0,0.18081003646830854,0.0010894531995299939,0.5481892602660038,0.0020646834403822423
20260929,r21_a024,21,0.25,24,60,sigmoid,ambient,True,0,0.15555475186799061,-0.02942336689752384,0.4800007405412031,-0.06641745282294209
20260929,r21_a024,21,0.25,24,60,sigmoid,rock,True,0,0.08814917352461939,0.011136906081430753,0.2985554655039581,0.030623184289477856
20260929,r21_a024,21,0.25,24,60,temperature,macro,True,0,0.1476235959129674,0.0003499721318052512,0.45419174671623264,0.0004552840861501428
20260929,r21_a024,21,0.25,24,60,temperature,electronic,True,0,0.14769268785008474,0.00030916220291787866,0.45624772544712755,0.0017769263310443706
20260929,r21_a024,21,0.25,24,60,temperature,pop,True,0,0.17891755521724778,-0.0008030280515307631,0.5423445602236239,-0.003780016601997671
20260929,r21_a024,21,0.25,24,60,temperature,ambient,True,0,0.18881204174981414,0.003833922984299687,0.5619869175139899,0.01556872414984467
20260929,r21_a024,21,0.25,24,60,temperature,rock,True,0,0.07507209883472284,-0.0019401686084657976,0.25618778368018946,-0.011744497534290799
20260929,r21_a047,21,0.5,47,137,sigmoid,macro,True,0,0.14241852000054642,-0.004855103780615707,0.4562919148773651,0.002555452247282486
20260929,r21_a047,21,0.5,47,137,sigmoid,electronic,True,0,0.14967530805142257,0.0022917824042557045,0.4594401861558493,0.004969387039766127
20260929,r21_a047,21,0.5,47,137,sigmoid,pop,True,0,0.18957998024244477,0.009859396973666223,0.620330990809319,0.07420641398369743
20260929,r21_a047,21,0.5,47,137,sigmoid,ambient,True,0,0.1481942608291271,-0.03678385793638736,0.46706066255397694,-0.07935753081016828
20260929,r21_a047,21,0.5,47,137,sigmoid,rock,True,0,0.08222453087919124,0.005212263436002604,0.2783358199903149,0.010403538775834664
20260929,r21_a047,21,0.5,47,137,temperature,macro,True,0,0.15044352176440712,0.0031698979832449833,0.47400178549803723,0.020265322867954655
20260929,r21_a047,21,0.5,47,137,temperature,electronic,True,0,0.14802656876687695,0.000643043119710085,0.45639364693344725,0.0019228478173640706
20260929,r21_a047,21,0.5,47,137,temperature,pop,True,0,0.19315447408519565,0.013433890816417104,0.6369827348292985,0.09085815800367691
20260929,r21_a047,21,0.5,47,137,temperature,ambient,True,0,0.18595482986064338,0.0009767110951289237,0.5500766307462805,0.0036584373821353378
20260929,r21_a047,21,0.5,47,137,temperature,rock,True,0,0.07463821434491245,-0.00237405309827618,0.25255412948312256,-0.015378151731357703
20260929,r21_a071,21,0.75,71,197,sigmoid,macro,True,0,0.14502363589806982,-0.002249987883092292,0.45672190866717755,0.002985446037094913
20260929,r21_a071,21,0.75,71,197,sigmoid,electronic,True,0,0.14866133774372092,0.0012778120965540596,0.45658215457545104,0.0021113554593678585
20260929,r21_a071,21,0.75,71,197,sigmoid,pop,True,0,0.18847898948310696,0.008758406214328412,0.584055704783295,0.037931127957673505
20260929,r21_a071,21,0.75,71,197,sigmoid,ambient,True,0,0.14934812415723037,-0.03562999460828409,0.47189552108356325,-0.07452267228058196
20260929,r21_a071,21,0.75,71,197,sigmoid,rock,True,0,0.09360609220822108,0.016593824765032447,0.3143542542264005,0.04642197301192025
20260929,r21_a071,21,0.75,71,197,temperature,macro,True,0,0.14891263810198963,0.0016390143208275011,0.4617773726371485,0.008040910007065971
20260929,r21_a071,21,0.75,71,197,temperature,electronic,True,0,0.1473930873409902,9.561693823323392e-06,0.45425769778867114,-0.00021310132741203525
20260929,r21_a071,21,0.75,71,197,temperature,pop,True,0,0.18341859970076257,0.0036980164319840303,0.5657527036948303,0.019628126869208784
20260929,r21_a071,21,0.75,71,197,temperature,ambient,True,0,0.18640966166545792,0.001431542899943461,0.5518579824654435,0.005439789101298276
20260929,r21_a071,21,0.75,71,197,temperature,rock,True,0,0.07842920370074782,0.0014169362575591898,0.2752411065996491,0.00730882538516886
20260929,r22_a024,22,0.25,24,82,sigmoid,macro,True,0,0.1426644573634186,-0.004609166417743532,0.4555849745746545,0.001848511944572015
20260929,r22_a024,22,0.25,24,82,sigmoid,electronic,True,0,0.14706499323138847,-0.0003185324157783942,0.4539033616753995,-0.0005674374406836602
20260929,r22_a024,22,0.25,24,82,sigmoid,pop,True,0,0.17948797995011598,-0.00023260331866256645,0.5408117053626439,-0.005312871462977653
20260929,r22_a024,22,0.25,24,82,sigmoid,ambient,True,0,0.1686100407686845,-0.01636807799682996,0.5744269098328765,0.028008716468731265
20260929,r22_a024,22,0.25,24,82,sigmoid,rock,True,0,0.07549481550348543,-0.0015174519397032071,0.25319792142769837,-0.014734359786781892
20260929,r22_a024,22,0.25,24,82,temperature,macro,True,0,0.14595142714630818,-0.001322196634853931,0.44631495120262943,-0.007421511427453106
20260929,r22_a024,22,0.25,24,82,temperature,electronic,True,0,0.1476198961191418,0.00023637047197494487,0.45483855451474464,0.00036775539866146234
20260929,r22_a024,22,0.25,24,82,temperature,pop,True,0,0.1770520583437678,-0.00266852492501074,0.5342511430781819,-0.011873433747439655
20260929,r22_a024,22,0.25,24,82,temperature,ambient,True,0,0.18445821533299314,-0.0005199034325213125,0.5445743247479768,-0.0018438686161683648
20260929,r22_a024,22,0.25,24,82,temperature,rock,True,0,0.07467553878933002,-0.0023367286538586163,0.2515957824696144,-0.01633649874486587
20260929,r22_a047,22,0.5,47,150,sigmoid,macro,True,0,0.13900656634815123,-0.00826705743301091,0.43555396379883893,-0.018182498831243593
20260929,r22_a047,22,0.5,47,150,sigmoid,electronic,True,0,0.1503608814936492,0.0029773558464823435,0.4610686616016504,0.0065978624855672074
20260929,r22_a047,22,0.5,47,150,sigmoid,pop,True,0,0.1830541476922537,0.003333564423475155,0.5658815606436296,0.019756983818008056
20260929,r22_a047,22,0.5,47,150,sigmoid,ambient,True,0,0.14705049124616112,-0.03792762751935333,0.4604278513585183,-0.08599034200562689
20260929,r22_a047,22,0.5,47,150,sigmoid,rock,True,0,0.07556074496054083,-0.0014515224826478074,0.2548377815915575,-0.01309449962292275
20260929,r22_a047,22,0.5,47,150,temperature,macro,True,0,0.14744205432823201,0.00016843054706990046,0.45430897860353353,0.0005725159734509822
20260929,r22_a047,22,0.5,47,150,temperature,electronic,True,0,0.14791009881585138,0.0005265731686845132,0.45592027742876257,0.0014494783126793864
20260929,r22_a047,22,0.5,47,150,temperature,pop,True,0,0.1839645049039637,0.004243921635185166,0.5689642649466287,0.022839688121007118
20260929,r22_a047,22,0.5,47,150,temperature,ambient,True,0,0.1832922688598557,-0.0016858499056587595,0.540772066564652,-0.005646126799493167
20260929,r22_a047,22,0.5,47,150,temperature,rock,True,0,0.07460134473325732,-0.002410922709931318,0.25157930547409085,-0.01635297574038941
20260929,r22_a071,22,0.75,71,199,sigmoid,macro,True,0,0.13938915408120717,-0.00788446969995496,0.43720367390861276,-0.016532788721469766
20260929,r22_a071,22,0.75,71,199,sigmoid,electronic,True,0,0.14750887098771165,0.00012534534054478574,0.45454583401345366,7.503489737048508e-05
20260929,r22_a071,22,0.75,71,199,sigmoid,pop,True,0,0.18471159056260653,0.0049910072938279815,0.5642435974248927,0.018119020599271174
20260929,r22_a071,22,0.75,71,199,sigmoid,ambient,True,0,0.14742774582558668,-0.03755037293992777,0.4650046592641913,-0.08141353409995389
20260929,r22_a071,22,0.75,71,199,sigmoid,rock,True,0,0.0779084089489238,0.0008961415057351652,0.26502060493191343,-0.002911676282566833
20260929,r22_a071,22,0.75,71,199,temperature,macro,True,0,0.14695608432709084,-0.00031753945407126186,0.4519622800075628,-0.0017741826225197155
20260929,r22_a071,22,0.75,71,199,temperature,electronic,True,0,0.14755445925345198,0.00017093360628511745,0.454625329038547,0.0001545299224638419
20260929,r22_a071,22,0.75,71,199,temperature,pop,True,0,0.18085798241980794,0.0011373991510293946,0.5517727030281734,0.00564812620255184
20260929,r22_a071,22,0.75,71,199,temperature,ambient,True,0,0.18402639649601563,-0.0009517222694988281,0.5431062339064587,-0.0033119594576864753
20260929,r22_a071,22,0.75,71,199,temperature,rock,True,0,0.0753854991390879,-0.0016267683041007314,0.2583448540570722,-0.009587427157408068
20260929,r23_a024,23,0.25,24,75,sigmoid,macro,True,0,0.14402786782426297,-0.0032457559568991566,0.45471342994899777,0.0009769673189152644
20260929,r23_a024,23,0.25,24,75,sigmoid,electronic,True,0,0.1497092189105169,0.002325693263350026,0.4635311155772983,0.009060316461215134
20260929,r23_a024,23,0.25,24,75,sigmoid,pop,True,0,0.18030818485003713,0.00058760158125859,0.5596218968662593,0.01349732004063775
20260929,r23_a024,23,0.25,24,75,sigmoid,ambient,True,0,0.16963371795041607,-0.015344400815098386,0.5305248121119602,-0.01589338125218498
20260929,r23_a024,23,0.25,24,75,sigmoid,rock,True,0,0.07646034958608178,-0.0005519178571068567,0.2651758952404734,-0.0027563859740068475
20260929,r23_a024,23,0.25,24,75,temperature,macro,True,0,0.15247885634260674,0.0052052325614446275,0.4799991241379887,0.026262661507906113
20260929,r23_a024,23,0.25,24,75,temperature,electronic,True,0,0.14942622232233807,0.0020426966751712072,0.4629884227867907,0.00851762367070752
20260929,r23_a024,23,0.25,24,75,temperature,pop,True,0,0.1858958409462471,0.006175257677468543,0.5810062709499709,0.03488169412434938
20260929,r23_a024,23,0.25,24,75,temperature,ambient,True,0,0.19766927682876403,0.01269115806324958,0.6085485387836038,0.06213034541945861
20260929,r23_a024,23,0.25,24,75,temperature,rock,True,0,0.07692408527307781,-8.818217011082041e-05,0.2674532640315892,-0.00047901718289106165
20260929,r23_a047,23,0.5,47,136,sigmoid,macro,True,0,0.14039300683865172,-0.006880616942510409,0.4380837723150576,-0.015652690315024975
20260929,r23_a047,23,0.5,47,136,sigmoid,electronic,True,0,0.15356812522732774,0.006184599580160877,0.4672230226099516,0.012752223493868398
20260929,r23_a047,23,0.5,47,136,sigmoid,pop,True,0,0.16969942169938568,-0.010021161569392867,0.5173427405454031,-0.028781836280218465
20260929,r23_a047,23,0.5,47,136,sigmoid,ambient,True,0,0.1506343399224432,-0.03434377884307124,0.46734839524887845,-0.07906979811526677
20260929,r23_a047,23,0.5,47,136,sigmoid,rock,True,0,0.08767014050545023,0.010657873062261597,0.3004209308559972,0.03248864964151693
20260929,r23_a047,23,0.5,47,136,temperature,macro,True,0,0.1478754065793509,0.0006017827981887741,0.4565410914085289,0.002804628778446297
20260929,r23_a047,23,0.5,47,136,temperature,electronic,True,0,0.14754380922733526,0.0001602835801683966,0.454592410624479,0.00012161150839584689
20260929,r23_a047,23,0.5,47,136,temperature,pop,True,0,0.17886534421971012,-0.0008552390490684236,0.542104807277065,-0.00401976954855654
20260929,r23_a047,23,0.5,47,136,temperature,ambient,True,0,0.18517611268157597,0.00019799391606151184,0.5471402509338711,0.0007220575697258758
20260929,r23_a047,23,0.5,47,136,temperature,rock,True,0,0.07991636018878225,0.0029040927455936116,0.28232689679870027,0.014394615584220005
20260929,r23_a071,23,0.75,71,199,sigmoid,macro,True,0,0.13851152533655967,-0.008762098444602445,0.4331497309605939,-0.020586731669488642
20260929,r23_a071,23,0.75,71,199,sigmoid,electronic,True,0,0.15061870195159513,0.0032351763044282666,0.46050637799878236,0.006035578882699177
20260929,r23_a071,23,0.75,71,199,sigmoid,pop,True,0,0.17010385323602462,-0.009616730032753928,0.5169433503324214,-0.029181226493200096
20260929,r23_a071,23,0.75,71,199,sigmoid,ambient,True,0,0.1484791724345012,-0.03649894633101325,0.46650133950371675,-0.07991685386042846
20260929,r23_a071,23,0.75,71,199,sigmoid,rock,True,0,0.08484437372411777,0.007832106280929133,0.2886478560074551,0.02071557479297481
20260929,r23_a071,23,0.75,71,199,temperature,macro,True,0,0.1469119169836426,-0.00036170679751956064,0.45199528696279867,-0.0017411756672838646
20260929,r23_a071,23,0.75,71,199,temperature,electronic,True,0,0.14739257754355883,9.05189639197057e-06,0.4542578510328194,-0.00021294808326377535
20260929,r23_a071,23,0.75,71,199,temperature,pop,True,0,0.17749773152931597,-0.0022228517394625724,0.5360936378318205,-0.01003093899380103
20260929,r23_a071,23,0.75,71,199,temperature,ambient,True,0,0.1854745205501379,0.000496401784623457,0.5482478024424264,0.0018296090782812247
20260929,r23_a071,23,0.75,71,199,temperature,rock,True,0,0.07728283831155754,0.0002705708683689023,0.2693818565441284,0.0014495753296481229
20260929,r24_a024,24,0.25,24,56,sigmoid,macro,True,0,0.13909525929492675,-0.0081783644862354,0.4394238209240773,-0.014312641706005227
20260929,r24_a024,24,0.25,24,56,sigmoid,electronic,True,0,0.14638212901418188,-0.0010013966329849855,0.4534330817041819,-0.0010377174119012844
20260929,r24_a024,24,0.25,24,56,sigmoid,pop,True,0,0.1729569317078372,-0.006763651560941331,0.5225082255015403,-0.02361635132408124
20260929,r24_a024,24,0.25,24,56,sigmoid,ambient,True,0,0.14719772092254166,-0.037780397842972796,0.4628216014241,-0.0835965919400452
20260929,r24_a024,24,0.25,24,56,sigmoid,rock,True,0,0.08984425553514615,0.012831988091957514,0.3189323750664871,0.05100009385200682
20260929,r24_a024,24,0.25,24,56,temperature,macro,True,0,0.14860482475489445,0.001331200973732325,0.46005985336313054,0.006323390733047968
20260929,r24_a024,24,0.25,24,56,temperature,electronic,True,0,0.14779342734775158,0.0004099017005847194,0.45546548883967153,0.000994689723588349
20260929,r24_a024,24,0.25,24,56,temperature,pop,True,0,0.17431913435385082,-0.00540144891492772,0.5255064430843287,-0.020618133741292843
20260929,r24_a024,24,0.25,24,56,temperature,ambient,True,0,0.18450829548385597,-0.0004698232816584824,0.5447484728663171,-0.0016697204978280977
20260929,r24_a024,24,0.25,24,56,temperature,rock,True,0,0.08779844183411942,0.010786174390930783,0.3145190086622047,0.04658672744772446
20260929,r24_a047,24,0.5,47,120,sigmoid,macro,True,0,0.13943315800782655,-0.007840465773335581,0.43808274832778343,-0.015653714302299143
20260929,r24_a047,24,0.5,47,120,sigmoid,electronic,True,0,0.1494597982861323,0.0020762726389654262,0.4637310882812109,0.009260289165127722
20260929,r24_a047,24,0.5,47,120,sigmoid,pop,True,0,0.17719504653339324,-0.002525536735385303,0.5330425720956837,-0.013082004729937813
20260929,r24_a047,24,0.5,47,120,sigmoid,ambient,True,0,0.14954927328921627,-0.03542884547629818,0.46961049152146284,-0.07680770184268237
20260929,r24_a047,24,0.5,47,120,sigmoid,rock,True,0,0.08152851392256437,0.004516246479375735,0.28594684141277615,0.018014560198295893
20260929,r24_a047,24,0.5,47,120,temperature,macro,True,0,0.14838398232845673,0.0011103585472946112,0.4588222207994229,0.005085758169340371
20260929,r24_a047,24,0.5,47,120,temperature,electronic,True,0,0.14953575631926827,0.0021522306721014073,0.4638229501545436,0.009352151038460432
20260929,r24_a047,24,0.5,47,120,temperature,pop,True,0,0.1757397681912549,-0.003980815077523653,0.5292021165287558,-0.016922460296865727
20260929,r24_a047,24,0.5,47,120,temperature,ambient,True,0,0.18829080421146496,0.0033126854459505084,0.5596918884808795,0.013273695116734263
20260929,r24_a047,24,0.5,47,120,temperature,rock,True,0,0.07996960059183882,0.002957333148650182,0.2825719280335128,0.014639646819032515
20260929,r24_a071,24,0.75,71,181,sigmoid,macro,True,0,0.13734837303960454,-0.009925250741557586,0.43021425772098254,-0.02352220490909998
20260929,r24_a071,24,0.75,71,181,sigmoid,electronic,True,0,0.14868909099480854,0.001305565347641674,0.4566146874308007,0.0021438883147175125
20260929,r24_a071,24,0.75,71,181,sigmoid,pop,True,0,0.17675561961984212,-0.0029649636489364195,0.5377325444546502,-0.008392032370971303
20260929,r24_a071,24,0.75,71,181,sigmoid,ambient,True,0,0.14702166099526032,-0.03795645777025414,0.4603122460576311,-0.08610594730651411
20260929,r24_a071,24,0.75,71,181,sigmoid,rock,True,0,0.07692712054850717,-8.514689468146208e-05,0.26619755294084824,-0.0017347282736320246
20260929,r24_a071,24,0.75,71,181,temperature,macro,True,0,0.14726055335587013,-1.3070425292006915e-05,0.45345559942365277,-0.00028086320642976836
20260929,r24_a071,24,0.75,71,181,temperature,electronic,True,0,0.14740352271932897,1.9997072162103446e-05,0.4542607613689127,-0.0002100377471704884
20260929,r24_a071,24,0.75,71,181,temperature,pop,True,0,0.1799589975394752,0.0002384142706966519,0.5472800398841233,0.0011554630585017822
20260929,r24_a071,24,0.75,71,181,temperature,ambient,True,0,0.1851648433411025,0.00018672457558804867,0.5470988737486859,0.0006806803845407217
20260929,r24_a071,24,0.75,71,181,temperature,rock,True,0,0.0765148498235738,-0.0004974176196148317,0.2651827226928892,-0.002749558521591089
20260929,r25_a024,25,0.25,24,76,sigmoid,macro,True,0,0.14313833200272105,-0.004135291778441085,0.4534188749435509,-0.00031758768653170066
20260929,r25_a024,25,0.25,24,76,sigmoid,electronic,True,0,0.14654934065928021,-0.0008341849878866492,0.45386125809425687,-0.0006095410218263098
20260929,r25_a024,25,0.25,24,76,sigmoid,pop,True,0,0.17874785890084835,-0.0009727243679301945,0.5376492459453485,-0.00847533088027308
20260929,r25_a024,25,0.25,24,76,sigmoid,ambient,True,0,0.16684825305753845,-0.018129865707976006,0.5372405997160504,-0.009177593648094784
20260929,r25_a024,25,0.25,24,76,sigmoid,rock,True,0,0.08040787539321714,0.003395607950028509,0.28492439601854763,0.01699211480406737
20260929,r25_a024,25,0.25,24,76,temperature,macro,True,0,0.15177359121626788,0.004499967435105744,0.4785871182114505,0.024850655581367953
20260929,r25_a024,25,0.25,24,76,temperature,electronic,True,0,0.1475792082004977,0.00019568255333082818,0.4556791329959178,0.0012083338798346
20260929,r25_a024,25,0.25,24,76,temperature,pop,True,0,0.17602314130635963,-0.003697441962418918,0.5302400620378971,-0.015884514787724457
20260929,r25_a024,25,0.25,24,76,temperature,ambient,True,0,0.2029514874026179,0.017973368637103443,0.6432622580113353,0.09684406464719009
20260929,r25_a024,25,0.25,24,76,temperature,rock,True,0,0.08054052795559626,0.0035282605124076216,0.28516701980065184,0.017234738586171583
20260929,r25_a047,25,0.5,47,124,sigmoid,macro,True,0,0.13781556567076853,-0.009458058110393613,0.43540164526496733,-0.01833481736511522
20260929,r25_a047,25,0.5,47,124,sigmoid,electronic,True,0,0.1489180225199527,0.00153449687278584,0.4582788329089895,0.00380803379290634
20260929,r25_a047,25,0.5,47,124,sigmoid,pop,True,0,0.17273080467420066,-0.006989778594577889,0.5212299851876818,-0.024894591637939723
20260929,r25_a047,25,0.5,47,124,sigmoid,ambient,True,0,0.1522633821203063,-0.03271473664520816,0.49542458132076456,-0.050993612043380654
20260929,r25_a047,25,0.5,47,124,sigmoid,rock,True,0,0.07735005336861439,0.00033778592542575703,0.2666731816424334,-0.00125909957204684
20260929,r25_a047,25,0.5,47,124,temperature,macro,True,0,0.14812188746161498,0.0008482636804528661,0.4578435797982652,0.0041071171681826835
20260929,r25_a047,25,0.5,47,124,temperature,electronic,True,0,0.1476134395782375,0.0002299139310706355,0.4558546951346508,0.001383896018567643
20260929,r25_a047,25,0.5,47,124,temperature,pop,True,0,0.17518980148724161,-0.00453078178153693,0.5272885505395896,-0.01883602628603198
20260929,r25_a047,25,0.5,47,124,temperature,ambient,True,0,0.19334954032978324,0.008371421564268788,0.58407524146856,0.037657048104414836
20260929,r25_a047,25,0.5,47,124,temperature,rock,True,0,0.0763347684511976,-0.0006774989919910296,0.2641558320502605,-0.003776449164219764
20260929,r25_a071,25,0.75,71,180,sigmoid,macro,True,0,0.13917515325966986,-0.008098470521492249,0.4387374505697086,-0.01499901206037392
20260929,r25_a071,25,0.75,71,180,sigmoid,electronic,True,0,0.1468970900038834,-0.00048643564328346156,0.45367399114515483,-0.0007968079709283482
20260929,r25_a071,25,0.75,71,180,sigmoid,pop,True,0,0.17768867052641552,-0.002031912742363029,0.5367317766511919,-0.009392800174429672
20260929,r25_a071,25,0.75,71,180,sigmoid,ambient,True,0,0.15219960250317788,-0.03277851626233658,0.49216109513851786,-0.054257098225627354
20260929,r25_a071,25,0.75,71,180,sigmoid,rock,True,0,0.0799152500052027,0.0029029825620140726,0.27238293934396995,0.004450658129489693
20260929,r25_a071,25,0.75,71,180,temperature,macro,True,0,0.14683592321388803,-0.000437700567274088,0.4510843171731789,-0.00265214545690369
20260929,r25_a071,25,0.75,71,180,temperature,electronic,True,0,0.1476148107221392,0.00023128507497233164,0.45482139934475774,0.000350600228674558
20260929,r25_a071,25,0.75,71,180,temperature,pop,True,0,0.17756895867192554,-0.0021516245968530023,0.5363935909883635,-0.009730985837258066
20260929,r25_a071,25,0.75,71,180,temperature,ambient,True,0,0.18613316061230312,0.0011550418467886625,0.550769478306495,0.00435128494234982
20260929,r25_a071,25,0.75,71,180,temperature,rock,True,0,0.07602676284918429,-0.0009855045940043439,0.2623528000530992,-0.005579481161381072
20260929,r26_a024,26,0.25,24,66,sigmoid,macro,True,0,0.14179244746225206,-0.005481176318910083,0.444983119275152,-0.00875334335493054
20260929,r26_a024,26,0.25,24,66,sigmoid,electronic,True,0,0.15440331173102215,0.007019786083855284,0.47165681652683206,0.017186017410748877
20260929,r26_a024,26,0.25,24,66,sigmoid,pop,True,0,0.17622873634731995,-0.0034918469214585968,0.5335720623650576,-0.012552514460563935
20260929,r26_a024,26,0.25,24,66,sigmoid,ambient,True,0,0.1504156386698142,-0.03456248009570026,0.4837537226409522,-0.06266447072319303
20260929,r26_a024,26,0.25,24,66,sigmoid,rock,True,0,0.08612210310085187,0.00910983565766324,0.2909498755677662,0.02301759435328593
20260929,r26_a024,26,0.25,24,66,temperature,macro,True,0,0.14856567692375333,0.001292053142591204,0.45851836656722283,0.004781903937140286
20260929,r26_a024,26,0.25,24,66,temperature,electronic,True,0,0.14902530020403193,0.0016417745568650666,0.4618784796775024,0.0074076805614192165
20260929,r26_a024,26,0.25,24,66,temperature,pop,True,0,0.1785474773598199,-0.0011731059089586382,0.5406611881389645,-0.005463388686657078
20260929,r26_a024,26,0.25,24,66,temperature,ambient,True,0,0.1915539602089634,0.006575841443448943,0.5748903300013148,0.02847213663716963
20260929,r26_a024,26,0.25,24,66,temperature,rock,True,0,0.07513596992219808,-0.0018762975209905552,0.25664346845110964,-0.011288812763370626
20260929,r26_a047,26,0.5,47,130,sigmoid,macro,True,0,0.1396367997270023,-0.00763682405415983,0.43974725902869016,-0.013989203601392358
20260929,r26_a047,26,0.5,47,130,sigmoid,electronic,True,0,0.15128435549016075,0.0039008298429938915,0.4619731965491952,0.00750239743311204
20260929,r26_a047,26,0.5,47,130,sigmoid,pop,True,0,0.18189332207854628,0.0021727388097677325,0.5669117890981412,0.020787212272519673
20260929,r26_a047,26,0.5,47,130,sigmoid,ambient,True,0,0.14833282531196437,-0.03664529345355008,0.4629119343655759,-0.08350625899856934
20260929,r26_a047,26,0.5,47,130,sigmoid,rock,True,0,0.07703669602733777,2.4428584149138732e-05,0.26719211610184845,-0.0007401651126318076
20260929,r26_a047,26,0.5,47,130,temperature,macro,True,0,0.14889173984552947,0.0016181160643673406,0.4631247703803257,0.00938830775024313
20260929,r26_a047,26,0.5,47,130,temperature,electronic,True,0,0.14739148214336448,7.956496197614182e-06,0.4545484325284502,7.763341236699528e-05
20260929,r26_a047,26,0.5,47,130,temperature,pop,True,0,0.18656167639985913,0.006841093131080583,0.585411883895713,0.039287307070091426
20260929,r26_a047,26,0.5,47,130,temperature,ambient,True,0,0.1848456238234099,-0.00013249494210454404,0.5459409426211255,-0.00047725074301974146
20260929,r26_a047,26,0.5,47,130,temperature,rock,True,0,0.07676817701548434,-0.000244090427704291,0.2665978224760141,-0.00133445873846616
20260929,r26_a071,26,0.75,71,185,sigmoid,macro,True,0,0.13937547283007615,-0.007898150951085973,0.4425287952015496,-0.011207667428533005
20260929,r26_a071,26,0.75,71,185,sigmoid,electronic,True,0,0.14728969090718788,-9.383473997898184e-05,0.4554545237780493,0.0009837246619661122
20260929,r26_a071,26,0.75,71,185,sigmoid,pop,True,0,0.1860960440697671,0.006375460800988553,0.5885174306829435,0.042392853857321944
20260929,r26_a071,26,0.75,71,185,sigmoid,ambient,True,0,0.14755733400231447,-0.03742078476319999,0.4644010060625784,-0.08201718730156682
20260929,r26_a071,26,0.75,71,185,sigmoid,rock,True,0,0.07655882234103516,-0.0004534451021534769,0.261742220282627,-0.0061900609318532585
20260929,r26_a071,26,0.75,71,185,temperature,macro,True,0,0.14925073819579993,0.0019771144146378088,0.4652942391826757,0.011557776552593171
20260929,r26_a071,26,0.75,71,185,temperature,electronic,True,0,0.14763918874227702,0.00025566309511015906,0.4559842421408775,0.0015134430247943365
20260929,r26_a071,26,0.75,71,185,temperature,pop,True,0,0.18829246554486215,0.008571882276083603,0.5975059451916163,0.05138136836599472
20260929,r26_a071,26,0.75,71,185,temperature,ambient,True,0,0.18557797705400184,0.0005998582884873815,0.5486370138057373,0.002218820441592051
20260929,r26_a071,26,0.75,71,185,temperature,rock,True,0,0.07549332144205873,-0.0015189460011299089,0.25904975559247184,-0.00888252562200842
20260929,r27_a024,27,0.25,24,53,sigmoid,macro,True,0,0.16114027613121112,0.013866652350049004,0.4919305611168965,0.038194098486813904
20260929,r27_a024,27,0.25,24,53,sigmoid,electronic,True,0,0.15669044024302148,0.009306914595854615,0.4781967112115791,0.023725912095495905
20260929,r27_a024,27,0.25,24,53,sigmoid,pop,True,0,0.2290026087392506,0.04928202547047206,0.6613989013341116,0.11527432450849007
20260929,r27_a024,27,0.25,24,53,sigmoid,ambient,True,0,0.147648471210695,-0.03732964755481946,0.4587087943374483,-0.08770939902669689
20260929,r27_a024,27,0.25,24,53,sigmoid,rock,True,0,0.11121958433187744,0.034207316888688805,0.3694178375844468,0.10148555636996653
20260929,r27_a024,27,0.25,24,53,temperature,macro,True,0,0.15429790671010232,0.007024282928940206,0.47588135324146885,0.022144890611386275
20260929,r27_a024,27,0.25,24,53,temperature,electronic,True,0,0.1478203455030768,0.0004368198559099312,0.4555684521159933,0.0010976529999101037
20260929,r27_a024,27,0.25,24,53,temperature,pop,True,0,0.19579984523036795,0.016079261961589403,0.5811245412346486,0.034999964409027084
20260929,r27_a024,27,0.25,24,53,temperature,ambient,True,0,0.18215237826154784,-0.0028257405039666117,0.5393447205387221,-0.007073472825423144
20260929,r27_a024,27,0.25,24,53,temperature,rock,True,0,0.09141905784541673,0.0144067904022281,0.3274876990765113,0.05955541786203106
20260929,r27_a047,27,0.5,47,121,sigmoid,macro,True,0,0.13928811486671255,-0.007985508914449563,0.4376097188158442,-0.016126743814238315
20260929,r27_a047,27,0.5,47,121,sigmoid,electronic,True,0,0.14679507211804868,-0.0005884535291181825,0.456919724293839,0.0024489251777558008
20260929,r27_a047,27,0.5,47,121,sigmoid,pop,True,0,0.17963019279801107,-9.03904707674763e-05,0.5377070827668391,-0.008417494058782449
20260929,r27_a047,27,0.5,47,121,sigmoid,ambient,True,0,0.14874753404406627,-0.03623058472144819,0.46688099561851854,-0.07953719774562668
20260929,r27_a047,27,0.5,47,121,sigmoid,rock,True,0,0.08197966050672423,0.004967393063535594,0.2889310725841803,0.020998791369700065
20260929,r27_a047,27,0.5,47,121,temperature,macro,True,0,0.14627300308782154,-0.0010006206933405905,0.45143036167599215,-0.002306100954090451
20260929,r27_a047,27,0.5,47,121,temperature,electronic,True,0,0.1475676593335618,0.00018413368639494387,0.45561891192817616,0.0011481128120929829
20260929,r27_a047,27,0.5,47,121,temperature,pop,True,0,0.1741990839370813,-0.005521499331697238,0.5249316173372633,-0.0211929594883582
20260929,r27_a047,27,0.5,47,121,temperature,ambient,True,0,0.18244044510761037,-0.0025376736579040826,0.5384660827213809,-0.007952110642764354
20260929,r27_a047,27,0.5,47,121,temperature,rock,True,0,0.08088482397303265,0.003872556529844015,0.286704834717148,0.018772553502667766
20260929,r27_a071,27,0.75,71,204,sigmoid,macro,True,0,0.14131403361262035,-0.005959590168541768,0.44319524135021005,-0.010541221279872476
20260929,r27_a071,27,0.75,71,204,sigmoid,electronic,True,0,0.14878278533247538,0.0013992596853085182,0.45736206735123475,0.0028912682351515673
20260929,r27_a071,27,0.75,71,204,sigmoid,pop,True,0,0.18487504241110606,0.005154459142327511,0.559535736799714,0.01341115997409248
20260929,r27_a071,27,0.75,71,204,sigmoid,ambient,True,0,0.14794751692628844,-0.03703060183922602,0.4689174337021605,-0.07750075966198472
20260929,r27_a071,27,0.75,71,204,sigmoid,rock,True,0,0.08365078978061155,0.006638522337422917,0.28696572754773103,0.01903344633325077
20260929,r27_a071,27,0.75,71,204,temperature,macro,True,0,0.14723044421432463,-4.3179566837504846e-05,0.45352841505808944,-0.00020804757199308077
20260929,r27_a071,27,0.75,71,204,temperature,electronic,True,0,0.14778942806912768,0.00040590242196081316,0.45545030144675935,0.000979502330676174
20260929,r27_a071,27,0.75,71,204,temperature,pop,True,0,0.1781898235499832,-0.0015307597187953492,0.5390701088315621,-0.007054467994059399
20260929,r27_a071,27,0.75,71,204,temperature,ambient,True,0,0.18479866763497974,-0.00017945113053471906,0.5457729791950829,-0.0006452141690622692
20260929,r27_a071,27,0.75,71,204,temperature,rock,True,0,0.07814385760320787,0.0011315901600192357,0.27382027075895343,0.005887989544473171
20260929,r28_a024,28,0.25,24,57,sigmoid,macro,True,0,0.1467211529885898,-0.00055247079257233,0.49931165616561085,0.045575193535528274
20260929,r28_a024,28,0.25,24,57,sigmoid,electronic,True,0,0.15803647169830926,0.010652946051142392,0.47806097644583995,0.023590177329756767
20260929,r28_a024,28,0.25,24,57,sigmoid,pop,True,0,0.19178663472898247,0.012066051460203925,0.6368272254794681,0.09070264865384658
20260929,r28_a024,28,0.25,24,57,sigmoid,ambient,True,0,0.16281290690493838,-0.022165211860576073,0.6304789915258102,0.084060798161665
20260929,r28_a024,28,0.25,24,57,sigmoid,rock,True,0,0.07424859862212907,-0.0027636688210595645,0.251879431211325,-0.01605285000315526
20260929,r28_a024,28,0.25,24,57,temperature,macro,True,0,0.15039233066337693,0.0031187068822147966,0.47616400210305265,0.022427539472970173
20260929,r28_a024,28,0.25,24,57,temperature,electronic,True,0,0.147941861304845,0.0005583356576781273,0.45604761910521635,0.0015768199891331713
20260929,r28_a024,28,0.25,24,57,temperature,pop,True,0,0.19466144942795516,0.014940866159176613,0.6510881120673229,0.10496353524170132
20260929,r28_a024,28,0.25,24,57,temperature,ambient,True,0,0.18419431713165155,-0.0007838016338629072,0.543669750070419,-0.002748443293726255
20260929,r28_a024,28,0.25,24,57,temperature,rock,True,0,0.07477169478905599,-0.002240572654132647,0.2538505271692527,-0.014081754045227546
20260929,r28_a047,28,0.5,47,114,sigmoid,macro,True,0,0.14231476587863165,-0.004958857902530468,0.4515957798772804,-0.002140682752802131
20260929,r28_a047,28,0.5,47,114,sigmoid,electronic,True,0,0.15283621659404784,0.0054526909468809726,0.46523960535076364,0.010768806234680461
20260929,r28_a047,28,0.5,47,114,sigmoid,pop,True,0,0.18623791487691055,0.006517331608132004,0.5608289986113789,0.014704421785757371
20260929,r28_a047,28,0.5,47,114,sigmoid,ambient,True,0,0.15550684437695683,-0.029471274388557622,0.5254495528164054,-0.020968640547739836
20260929,r28_a047,28,0.5,47,114,sigmoid,rock,True,0,0.07467808766661141,-0.002334179776577225,0.25486496273057374,-0.01306731848390652
20260929,r28_a047,28,0.5,47,114,temperature,macro,True,0,0.14629720009153346,-0.0009764236896286499,0.44836593319172635,-0.00537052943835617
20260929,r28_a047,28,0.5,47,114,temperature,electronic,True,0,0.1474069890133668,2.3463366199932834e-05,0.45426369156114293,-0.00020710755494024458
20260929,r28_a047,28,0.5,47,114,temperature,pop,True,0,0.17701593427052695,-0.0027046489982515964,0.5341044462621826,-0.01202013056343898
20260929,r28_a047,28,0.5,47,114,temperature,ambient,True,0,0.18574215327365698,0.0007640345081425248,0.5492600198432905,0.0028418264791453263
20260929,r28_a047,28,0.5,47,114,temperature,rock,True,0,0.07502372380858317,-0.001988543634605461,0.2558355751002895,-0.01209670611419078
20260929,r28_a071,28,0.75,71,185,sigmoid,macro,True,0,0.14029957905778964,-0.006974044723372489,0.43892957174679964,-0.014806890883282908
20260929,r28_a071,28,0.75,71,185,sigmoid,electronic,True,0,0.15123459819076673,0.0038510725435998705,0.46179148259632385,0.007320683480240675
20260929,r28_a071,28,0.75,71,185,sigmoid,pop,True,0,0.1795040528161076,-0.00021653045267094884,0.5409272481505673,-0.005197328675054291
20260929,r28_a071,28,0.75,71,185,sigmoid,ambient,True,0,0.1472849981071881,-0.03769312065832636,0.46327601218454456,-0.08314218117960065
20260929,r28_a071,28,0.75,71,185,sigmoid,rock,True,0,0.08317466711709612,0.006162399673907484,0.2897235440557629,0.021791262841282633
20260929,r28_a071,28,0.75,71,185,temperature,macro,True,0,0.1468960939868287,-0.0003775297943333991,0.45289935269732207,-0.0008371099327604548
20260929,r28_a071,28,0.75,71,185,temperature,electronic,True,0,0.14737887731056634,-4.648336600521219e-06,0.4542896697108656,-0.0001811294052175838
20260929,r28_a071,28,0.75,71,185,temperature,pop,True,0,0.17691796512848298,-0.0028026181402955597,0.533708647623191,-0.012415929202430509
20260929,r28_a071,28,0.75,71,185,temperature,ambient,True,0,0.1832062919587875,-0.0017718268067269671,0.5405150815770865,-0.005903111787058712
20260929,r28_a071,28,0.75,71,185,temperature,rock,True,0,0.08008124154947809,0.0030689741062894516,0.28308401187814525,0.015151730663664986
20260929,r29_a024,29,0.25,24,51,sigmoid,macro,True,0,0.1388588419049953,-0.008414781876166812,0.43983743907027967,-0.013899023559802853
20260929,r29_a024,29,0.25,24,51,sigmoid,electronic,True,0,0.14848014833975404,0.0010966226925871736,0.4578405607653137,0.0033697616492305293
20260929,r29_a024,29,0.25,24,51,sigmoid,pop,True,0,0.1777388405943065,-0.0019817426744720423,0.5529377457688186,0.006813168943197057
20260929,r29_a024,29,0.25,24,51,sigmoid,ambient,True,0,0.1466687851678817,-0.03830933359763275,0.4574907541603629,-0.08892743920378232
20260929,r29_a024,29,0.25,24,51,sigmoid,rock,True,0,0.082547593518039,0.005535326074850369,0.2910806955866236,0.023148414372143322
20260929,r29_a024,29,0.25,24,51,temperature,macro,True,0,0.15016485993012607,0.0028912361489639438,0.47034657771216404,0.016610115082081517
20260929,r29_a024,29,0.25,24,51,temperature,electronic,True,0,0.14779516726706535,0.000411641619898484,0.4567357660599419,0.002264966943858693
20260929,r29_a024,29,0.25,24,51,temperature,pop,True,0,0.1877668677698013,0.008046284501022766,0.5937328397777171,0.047608262952095526
20260929,r29_a024,29,0.25,24,51,temperature,ambient,True,0,0.1837714483857568,-0.0012066703797576628,0.5422701802696611,-0.004148013094484093
20260929,r29_a024,29,0.25,24,51,temperature,rock,True,0,0.08132595629788082,0.004313688854692188,0.2886475247413362,0.020715243526855942
20260929,r29_a047,29,0.5,47,131,sigmoid,macro,True,0,0.1392937434262951,-0.00797988035486703,0.4395427856838112,-0.014193676946271314
20260929,r29_a047,29,0.5,47,131,sigmoid,electronic,True,0,0.1475928311384475,0.00020930549128064802,0.4545783512014481,0.00010755208536494809
20260929,r29_a047,29,0.5,47,131,sigmoid,pop,True,0,0.1831753668466281,0.003454783577849563,0.5731667343140671,0.027042157488445517
20260929,r29_a047,29,0.5,47,131,sigmoid,ambient,True,0,0.1477810826576655,-0.03719703610784894,0.4620873502994383,-0.0843308430647069
20260929,r29_a047,29,0.5,47,131,sigmoid,rock,True,0,0.07862569306243924,0.0016134256192506108,0.26833870692029144,0.0004064257058111753
20260929,r29_a047,29,0.5,47,131,temperature,macro,True,0,0.14824274205160318,0.000969118270441046,0.4604721383548523,0.006735675724769727
20260929,r29_a047,29,0.5,47,131,temperature,electronic,True,0,0.14742983593737335,4.631029020649158e-05,0.45429652253901115,-0.00017427657707203004
20260929,r29_a047,29,0.5,47,131,temperature,pop,True,0,0.18678560744755346,0.007065024178774915,0.5869238078743487,0.04079923104872718
20260929,r29_a047,29,0.5,47,131,temperature,ambient,True,0,0.1829864513294512,-0.0019916674360632436,0.5398777237045976,-0.006540469659547576
20260929,r29_a047,29,0.5,47,131,temperature,rock,True,0,0.07576907349203466,-0.0012431939511539786,0.2607904993014516,-0.007141781913028666
20260929,r29_a071,29,0.75,71,182,sigmoid,macro,True,0,0.14085124295329543,-0.006422380827866701,0.44392049355013646,-0.009815969079946085
20260929,r29_a071,29,0.75,71,182,sigmoid,electronic,True,0,0.1473800361549051,-3.4894922617545454e-06,0.4558056492863837,0.0013348501703004945
20260929,r29_a071,29,0.75,71,182,sigmoid,pop,True,0,0.18253191181988512,0.002811328551106579,0.5605429764923228,0.01441839966670122
20260929,r29_a071,29,0.75,71,182,sigmoid,ambient,True,0,0.1482153143165288,-0.036762804448985664,0.46681889259464177,-0.07959930076950344
20260929,r29_a071,29,0.75,71,182,sigmoid,rock,True,0,0.08527770952186267,0.008265442078674037,0.29251445582719765,0.02458217461271739
20260929,r29_a071,29,0.75,71,182,temperature,macro,True,0,0.14838952020118026,0.0011158964200181434,0.4595115865176171,0.005775123887534525
20260929,r29_a071,29,0.75,71,182,temperature,electronic,True,0,0.14819112689687314,0.0008076012497062746,0.45708927314861575,0.0026184740325325695
20260929,r29_a071,29,0.75,71,182,temperature,pop,True,0,0.18245469720706525,0.0027341139382867086,0.5602825115151286,0.014157934689507101
20260929,r29_a071,29,0.75,71,182,temperature,ambient,True,0,0.183961343326336,-0.0010167754391784412,0.5428905990864406,-0.00352759427770466
20260929,r29_a071,29,0.75,71,182,temperature,rock,True,0,0.07895091337444667,0.0019386459312580318,0.27778396232028335,0.00985168110580309
20260930,r00_a024,0,0.25,24,59,sigmoid,macro,True,0,0.14707893900126698,-0.006363469249039962,0.4730628038671296,0.0032817709516088783
20260930,r00_a024,0,0.25,24,59,sigmoid,electronic,True,0,0.17954084265303824,0.009091791478379824,0.5966263080526025,0.07404337882666823
20260930,r00_a024,0,0.25,24,59,sigmoid,pop,True,0,0.15160638298523468,-0.0008437270893416615,0.47281127395256867,0.0061419787748905885
20260930,r00_a024,0,0.25,24,59,sigmoid,ambient,True,0,0.16214867804122207,-0.0344737155972579,0.49398368684434507,-0.07419031614841659
20260930,r00_a024,0,0.25,24,59,sigmoid,rock,True,0,0.09501985232557296,0.0007717742120598864,0.3288299466190023,0.007132042353293289
20260930,r00_a024,0,0.25,24,59,temperature,macro,True,0,0.15572073178410367,0.002278323533796714,0.49309442228599876,0.023313389370477958
20260930,r00_a024,0,0.25,24,59,temperature,electronic,True,0,0.17785275592064873,0.007403704745990308,0.5934654516284807,0.07088252240254644
20260930,r00_a024,0,0.25,24,59,temperature,pop,True,0,0.15605357261529335,0.0036034625407170007,0.48369949123266337,0.01703019605498529
20260930,r00_a024,0,0.25,24,59,temperature,ambient,True,0,0.1942576782120199,-0.002364715426460079,0.5669441632643196,-0.0012298397284420393
20260930,r00_a024,0,0.25,24,59,temperature,rock,True,0,0.0947189203884527,0.0004708422749396257,0.3282685830185311,0.006570678752822134
20260930,r00_a047,0,0.5,47,132,sigmoid,macro,True,0,0.14826074118907426,-0.005181667061232704,0.47153176793012175,0.001750735014601018
20260930,r00_a047,0,0.5,47,132,sigmoid,electronic,True,0,0.1780935139230133,0.007644462748354897,0.5784971018669743,0.05591417264104004
20260930,r00_a047,0,0.5,47,132,sigmoid,pop,True,0,0.1599128018772204,0.007462691802644056,0.5015041616099966,0.03483486643231848
20260930,r00_a047,0,0.5,47,132,sigmoid,ambient,True,0,0.16030996510756002,-0.036312428530919955,0.48187134028148326,-0.0863026627112784
20260930,r00_a047,0,0.5,47,132,sigmoid,rock,True,0,0.09472668384850326,0.00047860573499018677,0.32425446796203294,0.0025565636963239546
20260930,r00_a047,0,0.5,47,132,temperature,macro,True,0,0.15684543778163895,0.003403029531332008,0.4914739734123964,0.021692940496875604
20260930,r00_a047,0,0.5,47,132,temperature,electronic,True,0,0.1755406243018193,0.005091573127160881,0.570134544494987,0.047551615269052716
20260930,r00_a047,0,0.5,47,132,temperature,pop,True,0,0.15803541030406412,0.005585300229487777,0.4963425943696526,0.029673299191974534
20260930,r00_a047,0,0.5,47,132,temperature,ambient,True,0,0.19948438524020018,0.0028619916017202096,0.5763729396911144,0.008198936698352699
20260930,r00_a047,0,0.5,47,132,temperature,rock,True,0,0.09432133128047224,7.325316695916406e-05,0.32304581509383146,0.0013479108281224672
20260930,r00_a071,0,0.75,71,175,sigmoid,macro,True,0,0.14689248306941427,-0.006549925180892684,0.46438955277844235,-0.005391480137078408
20260930,r00_a071,0,0.75,71,175,sigmoid,electronic,True,0,0.1776728995144161,0.007223848339757671,0.5685933612736102,0.04601043204767585
20260930,r00_a071,0,0.75,71,175,sigmoid,pop,True,0,0.1539710049915105,0.0015208949169341623,0.4804303808349548,0.01376108565727674
20260930,r00_a071,0,0.75,71,175,sigmoid,ambient,True,0,0.1615724793940081,-0.035049914244471875,0.4852827944638553,-0.08289120852890636
20260930,r00_a071,0,0.75,71,175,sigmoid,rock,True,0,0.09435354837772238,0.00010547026420930361,0.3232516745413491,0.0015537702756401317
20260930,r00_a071,0,0.75,71,175,temperature,macro,True,0,0.156447866354997,0.0030054581046900404,0.4869313283422096,0.017150295426688777
20260930,r00_a071,0,0.75,71,175,temperature,electronic,True,0,0.17423534306229294,0.0037862918876345186,0.5578464080386378,0.03526347881270353
20260930,r00_a071,0,0.75,71,175,temperature,pop,True,0,0.15647191410102487,0.004021804026448528,0.4862003460547945,0.01953105087711643
20260930,r00_a071,0,0.75,71,175,temperature,ambient,True,0,0.20075363083059306,0.004131237192113085,0.5804955702348161,0.012321567242054465
20260930,r00_a071,0,0.75,71,175,temperature,rock,True,0,0.0943305774260771,8.249931256402998e-05,0.3231829890405897,0.001485084774880685
20260930,r00_a094,,1.0,94,231,sigmoid,macro,True,0,0.14575040500630138,-0.007692003244005555,0.45967282855143426,-0.010108204364086493
20260930,r00_a094,,1.0,94,231,sigmoid,electronic,True,0,0.1736192056513602,0.0031701544767017698,0.5536197229731193,0.031036793747185043
20260930,r00_a094,,1.0,94,231,sigmoid,pop,True,0,0.15258667003457957,0.00013655996000322412,0.467702304987785,0.0010330098101068996
20260930,r00_a094,,1.0,94,231,sigmoid,ambient,True,0,0.16202763661517988,-0.03459475702330009,0.48857252319554606,-0.0796014797972156
20260930,r00_a094,,1.0,94,231,sigmoid,rock,True,0,0.09476810772408595,0.0005200296105728752,0.3287967630492867,0.007098858783577688
20260930,r00_a094,,1.0,94,231,temperature,macro,True,0,0.15518159856265984,0.0017391903123528743,0.4816932283907952,0.011912195475274459
20260930,r00_a094,,1.0,94,231,temperature,electronic,True,0,0.1738325238386144,0.003383472663955972,0.5541654439781658,0.031582514752231505
20260930,r00_a094,,1.0,94,231,temperature,pop,True,0,0.1530676509342389,0.0006175408596625631,0.468764913096492,0.002095617918813908
20260930,r00_a094,,1.0,94,231,temperature,ambient,True,0,0.19906850695435815,0.0024461133158781845,0.5750807341684282,0.006906731175666536
20260930,r00_a094,,1.0,94,231,temperature,rock,True,0,0.09475771252342785,0.0005096344099147776,0.3287618223200949,0.007063918054385887
20260930,r01_a024,1,0.25,24,64,sigmoid,macro,True,0,0.15745398625235651,0.0040115780020495845,0.5339452627900801,0.06416422987455941
20260930,r01_a024,1,0.25,24,64,sigmoid,electronic,True,0,0.18129855541138148,0.010849504236723068,0.6259864420925452,0.10340351286661087
20260930,r01_a024,1,0.25,24,64,sigmoid,pop,True,0,0.1628776753984217,0.010427565323845367,0.5126879332308129,0.046018638053134775
20260930,r01_a024,1,0.25,24,64,sigmoid,ambient,True,0,0.18565006244173324,-0.010972331196746732,0.5815208663883912,0.013346863395629516
20260930,r01_a024,1,0.25,24,64,sigmoid,rock,True,0,0.09998965175788971,0.005741573644376635,0.4155858094485715,0.0938879051828625
20260930,r01_a024,1,0.25,24,64,temperature,macro,True,0,0.15705218739763335,0.003609779147326398,0.5189058803991717,0.04912484748365094
20260930,r01_a024,1,0.25,24,64,temperature,electronic,True,0,0.18082094565408438,0.010371894479425964,0.6268134667736119,0.10423053754767764
20260930,r01_a024,1,0.25,24,64,temperature,pop,True,0,0.1540858890582527,0.001635778983676367,0.4732084482088458,0.006539153031167699
20260930,r01_a024,1,0.25,24,64,temperature,ambient,True,0,0.19383486402632194,-0.0027875296121580295,0.5642546014025609,-0.003919401590200766
20260930,r01_a024,1,0.25,24,64,temperature,rock,True,0,0.09946705085187436,0.005218972738361291,0.41134700521166817,0.08964910094595918
20260930,r01_a047,1,0.5,47,114,sigmoid,macro,True,0,0.14722689599574934,-0.006215512254557624,0.4729535457811178,0.0031725128655970963
20260930,r01_a047,1,0.5,47,114,sigmoid,electronic,True,0,0.17957565226545608,0.00912660109079766,0.5842561759213404,0.06167324669540608
20260930,r01_a047,1,0.5,47,114,sigmoid,pop,True,0,0.14752937434917868,-0.004920735725397668,0.4574766786983371,-0.009192616479340998
20260930,r01_a047,1,0.5,47,114,sigmoid,ambient,True,0,0.16558475275404674,-0.031037640884433226,0.5011946056575716,-0.0669793973351901
20260930,r01_a047,1,0.5,47,114,sigmoid,rock,True,0,0.09621780461431581,0.0019697265008027376,0.3488867228472224,0.027188818581513396
20260930,r01_a047,1,0.5,47,114,temperature,macro,True,0,0.15526574158125206,0.0018233333309451254,0.489489743129823,0.019708710214302233
20260930,r01_a047,1,0.5,47,114,temperature,electronic,True,0,0.1759480805965699,0.005499029421911494,0.5740938632139289,0.051510933987994556
20260930,r01_a047,1,0.5,47,114,temperature,pop,True,0,0.15223416284795763,-0.0002159472266187179,0.46670520785246655,3.591267478847415e-05
20260930,r01_a047,1,0.5,47,114,temperature,ambient,True,0,0.19666231910862922,3.9925470149249076e-05,0.5682754474788383,0.00010144448607662948
20260930,r01_a047,1,0.5,47,114,temperature,rock,True,0,0.09621840377185155,0.001970325658338476,0.34888445397405826,0.027186549708349272
20260930,r01_a071,1,0.75,71,165,sigmoid,macro,True,0,0.147608891272858,-0.005833516977448969,0.4682317857599678,-0.001549247155552852
20260930,r01_a071,1,0.75,71,165,sigmoid,electronic,True,0,0.1776015480704096,0.007152496895751176,0.5656894055611151,0.04310647633518083
20260930,r01_a071,1,0.75,71,165,sigmoid,pop,True,0,0.15058229224482955,-0.0018678178297467929,0.46271295682299374,-0.003956338354684341
20260930,r01_a071,1,0.75,71,165,sigmoid,ambient,True,0,0.1667139282968266,-0.029908465341653367,0.5053449835986036,-0.06282901939415808
20260930,r01_a071,1,0.75,71,165,sigmoid,rock,True,0,0.09553779647936618,0.001289718365853107,0.33917979705715917,0.017481892791450182
20260930,r01_a071,1,0.75,71,165,temperature,macro,True,0,0.15495208904786742,0.0015096807975604858,0.4828168281870367,0.013035795271515924
20260930,r01_a071,1,0.75,71,165,temperature,electronic,True,0,0.17378582242940113,0.0033367712547427153,0.5537417413802097,0.031158812154275406
20260930,r01_a071,1,0.75,71,165,temperature,pop,True,0,0.1524200809882546,-3.0029086321742282e-05,0.46659455692337987,-7.473825429821224e-05
20260930,r01_a071,1,0.75,71,165,temperature,ambient,True,0,0.19808359694351035,0.001461203305030384,0.572146782300803,0.0039727793080412965
20260930,r01_a071,1,0.75,71,165,temperature,rock,True,0,0.09551885583030366,0.001270777716790586,0.3387842321437542,0.017086327878045204
20260930,r02_a024,2,0.25,24,50,sigmoid,macro,True,0,0.16231621175968058,0.008873803509373623,0.5055892933345781,0.035808260419057325
20260930,r02_a024,2,0.25,24,50,sigmoid,electronic,True,0,0.17843613527821475,0.007987084103556336,0.597292181357289,0.07470925213135471
20260930,r02_a024,2,0.25,24,50,sigmoid,pop,True,0,0.19475087072596495,0.0423007606513886,0.5712564894935888,0.10458719431591068
20260930,r02_a024,2,0.25,24,50,sigmoid,ambient,True,0,0.17112913535774926,-0.025493258280730707,0.5044910060127386,-0.06368299698002311
20260930,r02_a024,2,0.25,24,50,sigmoid,rock,True,0,0.10494870567679333,0.01070062756328026,0.349317496474696,0.02761959220898702
20260930,r02_a024,2,0.25,24,50,temperature,macro,True,0,0.15647075430508406,0.003028346054777118,0.4910063508064604,0.02122531789093958
20260930,r02_a024,2,0.25,24,50,temperature,electronic,True,0,0.17746813163955866,0.00701908046490024,0.589433888354089,0.06685095912815475
20260930,r02_a024,2,0.25,24,50,temperature,pop,True,0,0.1545142428054745,0.002064132730898144,0.4769098845432821,0.010240589365604014
20260930,r02_a024,2,0.25,24,50,temperature,ambient,True,0,0.1992938022951361,0.0026714086566561324,0.5757770149563005,0.007603011963538853
20260930,r02_a024,2,0.25,24,50,temperature,rock,True,0,0.09460684048016703,0.0003587623666539558,0.3219046153721697,0.00020671110646069968
20260930,r02_a047,2,0.5,47,102,sigmoid,macro,True,0,0.14936971182688788,-0.004072696423419078,0.46364630150505504,-0.0061347314104657075
20260930,r02_a047,2,0.5,47,102,sigmoid,electronic,True,0,0.17192801483811115,0.001478963663452737,0.5398320313874729,0.017249102161538632
20260930,r02_a047,2,0.5,47,102,sigmoid,pop,True,0,0.1667841695640878,0.014334059489511441,0.500978318146269,0.03430902296859095
20260930,r02_a047,2,0.5,47,102,sigmoid,ambient,True,0,0.16328967027119443,-0.033332723367285544,0.4868394032674633,-0.08133459972529838
20260930,r02_a047,2,0.5,47,102,sigmoid,rock,True,0,0.09547699263415813,0.0012289145206450525,0.32693545321901496,0.0052375489533059705
20260930,r02_a047,2,0.5,47,102,temperature,macro,True,0,0.1548806967005047,0.00143828845019775,0.4779968309916488,0.008215798076128059
20260930,r02_a047,2,0.5,47,102,temperature,electronic,True,0,0.17231010961609,0.0018610584414315845,0.540610901233287,0.018027972007352733
20260930,r02_a047,2,0.5,47,102,temperature,pop,True,0,0.15283221526269916,0.0003821051881228166,0.4700939374944512,0.003424642316773141
20260930,r02_a047,2,0.5,47,102,temperature,ambient,True,0,0.20005662207610622,0.003434228437626252,0.5781991873130488,0.010025184320287095
20260930,r02_a047,2,0.5,47,102,temperature,rock,True,0,0.09432383984712342,7.576173361034666e-05,0.32308329792580825,0.0013853936600992656
20260930,r02_a071,2,0.75,71,182,sigmoid,macro,True,0,0.14614249990974001,-0.007299908340566933,0.45942154254203466,-0.01035949037348613
20260930,r02_a071,2,0.75,71,182,sigmoid,electronic,True,0,0.17418406842792616,0.0037350172532677473,0.5549365550950383,0.03235362586910395
20260930,r02_a071,2,0.75,71,182,sigmoid,pop,True,0,0.1536166565008376,0.0011665464262612668,0.470280063716037,0.0036107685383588994
20260930,r02_a071,2,0.75,71,182,sigmoid,ambient,True,0,0.1609393122737459,-0.03568308136473408,0.48452570223811964,-0.08364830075464202
20260930,r02_a071,2,0.75,71,182,sigmoid,rock,True,0,0.09582996243645041,0.0015818843229373353,0.32794384911894364,0.006245944853234653
20260930,r02_a071,2,0.75,71,182,temperature,macro,True,0,0.1554232548470214,0.0019808465967144744,0.4813896743915457,0.01160864147602493
20260930,r02_a071,2,0.75,71,182,temperature,electronic,True,0,0.1737729002721395,0.0033238490974810964,0.5536246119517544,0.031041682725820086
20260930,r02_a071,2,0.75,71,182,temperature,pop,True,0,0.15322923142526995,0.0007791213506936068,0.46940941430514205,0.002740119127463969
20260930,r02_a071,2,0.75,71,182,temperature,ambient,True,0,0.20034682856867725,0.003724434930197279,0.5791459161748174,0.010971913182055704
20260930,r02_a071,2,0.75,71,182,temperature,rock,True,0,0.09434405912199899,9.598100848591529e-05,0.32337875513446895,0.0016808508687599644
20260930,r03_a024,3,0.25,24,46,sigmoid,macro,False,0,,,,
20260930,r03_a024,3,0.25,24,46,sigmoid,electronic,True,0,0.1708091877569558,0.0003601365822973879,0.5224211893204501,-0.0001617399054841817
20260930,r03_a024,3,0.25,24,46,sigmoid,pop,True,0,0.16793528980442385,0.015485179729847504,0.505581733986147,0.03891243880846895
20260930,r03_a024,3,0.25,24,46,sigmoid,ambient,False,0,,,,
20260930,r03_a024,3,0.25,24,46,sigmoid,rock,True,0,0.11601798361493126,0.02176990550141819,0.947613151370972,0.625915247105263
20260930,r03_a024,3,0.25,24,46,temperature,macro,False,0,,,,
20260930,r03_a024,3,0.25,24,46,temperature,electronic,True,0,0.17053913792152353,9.008674686511453e-05,0.5240281109662178,0.0014451817402835188
20260930,r03_a024,3,0.25,24,46,temperature,pop,True,0,0.15302457688810917,0.0005744668135328201,0.46859801729730155,0.0019287221196234716
20260930,r03_a024,3,0.25,24,46,temperature,ambient,False,0,,,,
20260930,r03_a024,3,0.25,24,46,temperature,rock,True,0,0.10314771878820449,0.008899640674691414,0.5294571108464857,0.20775920658077673
20260930,r03_a047,3,0.5,47,101,sigmoid,macro,True,0,0.1480421508272883,-0.005400257423018643,0.46627395578438213,-0.003507077131138611
20260930,r03_a047,3,0.5,47,101,sigmoid,electronic,True,0,0.1712325359138775,0.0007834847392190758,0.532580441204832,0.009997511978897644
20260930,r03_a047,3,0.5,47,101,sigmoid,pop,True,0,0.16184473200066138,0.009394621926085034,0.4927629338656778,0.026093638687999743
20260930,r03_a047,3,0.5,47,101,sigmoid,ambient,True,0,0.1609801024210014,-0.03564229121747858,0.4836298680040905,-0.08454413498867114
20260930,r03_a047,3,0.5,47,101,sigmoid,rock,True,0,0.09811123297361297,0.0038631548600999016,0.3561225800629283,0.034424675797219306
20260930,r03_a047,3,0.5,47,101,temperature,macro,True,0,0.15549552364272382,0.002053115392416857,0.48379822000353506,0.014017187088014277
20260930,r03_a047,3,0.5,47,101,temperature,electronic,True,0,0.17147352959328496,0.0010244784186265454,0.53323280594196,0.010649876716025686
20260930,r03_a047,3,0.5,47,101,temperature,pop,True,0,0.15456762645726538,0.002117516382689033,0.47710778840450985,0.010438493226831769
20260930,r03_a047,3,0.5,47,101,temperature,ambient,True,0,0.19982028406197264,0.0031978904234926664,0.5774383193756046,0.009264316382842974
20260930,r03_a047,3,0.5,47,101,temperature,rock,True,0,0.09612065445837226,0.0018725763448591837,0.34741396629206567,0.02571606202635668
20260930,r03_a071,3,0.75,71,152,sigmoid,macro,True,0,0.1448312582738768,-0.008611149976430133,0.4528068110521946,-0.016974221863326144
20260930,r03_a071,3,0.75,71,152,sigmoid,electronic,True,0,0.17277160060455524,0.0023225494298968197,0.5410341668103672,0.0184512375844329
20260930,r03_a071,3,0.75,71,152,sigmoid,pop,True,0,0.1517805874604027,-0.0006695226141736343,0.4655155632600001,-0.0011537319176779803
20260930,r03_a071,3,0.75,71,152,sigmoid,ambient,True,0,0.16044292356745246,-0.03617947007102751,0.48257212476314143,-0.08560187822962023
20260930,r03_a071,3,0.75,71,152,sigmoid,rock,True,0,0.09432992146309686,8.184334958379058e-05,0.3221053893752697,0.0004074851095607346
20260930,r03_a071,3,0.75,71,152,temperature,macro,True,0,0.1541533354363081,0.0007109271860011451,0.4749140213144592,0.005132988398938429
20260930,r03_a071,3,0.75,71,152,temperature,electronic,True,0,0.1721993377204294,0.0017502865457709738,0.5396380616624363,0.01705513243650203
20260930,r03_a071,3,0.75,71,152,temperature,pop,True,0,0.15222927038879083,-0.00022083968578551216,0.4664657040541796,-0.00020359112349849218
20260930,r03_a071,3,0.75,71,152,temperature,ambient,True,0,0.1979315716114397,0.0013091779729597353,0.5717108568940835,0.003536853901321857
20260930,r03_a071,3,0.75,71,152,temperature,rock,True,0,0.09425316202457246,5.083911059383661e-06,0.3218414626471373,0.00014355838142832145
20260930,r04_a024,4,0.25,24,66,sigmoid,macro,True,0,0.15877710813106594,0.005334699880758978,0.5320843196535154,0.06230328673799457
20260930,r04_a024,4,0.25,24,66,sigmoid,electronic,True,0,0.18618168821405204,0.01573263703939362,0.646018105707135,0.12343517648120073
20260930,r04_a024,4,0.25,24,66,sigmoid,pop,True,0,0.1798510123900323,0.027400902315455944,0.6224118887005409,0.1557425935228628
20260930,r04_a024,4,0.25,24,66,sigmoid,ambient,True,0,0.17332036830774356,-0.023302025330736414,0.5333030562202586,-0.03487094677250302
20260930,r04_a024,4,0.25,24,66,sigmoid,rock,True,0,0.09575536361243583,0.0015072854989227613,0.32660422798612676,0.004906323720417771
20260930,r04_a024,4,0.25,24,66,temperature,macro,True,0,0.1580370976342521,0.004594689383945132,0.5046160055490121,0.034834972633491224
20260930,r04_a024,4,0.25,24,66,temperature,electronic,True,0,0.17989142561364674,0.009442374438988321,0.6159261617314813,0.09334323250554699
20260930,r04_a024,4,0.25,24,66,temperature,pop,True,0,0.15943030474839498,0.006980194673818635,0.506457786477606,0.0397884912999279
20260930,r04_a024,4,0.25,24,66,temperature,ambient,True,0,0.1985327981337403,0.0019104044952603372,0.5734619969995113,0.005287994006749619
20260930,r04_a024,4,0.25,24,66,temperature,rock,True,0,0.0942938620412263,4.578392771323325e-05,0.3226180769874494,0.0009201727217403866
20260930,r04_a047,4,0.5,47,107,sigmoid,macro,True,0,0.14753344069855243,-0.005908967551754532,0.4637588876554749,-0.006022145260045839
20260930,r04_a047,4,0.5,47,107,sigmoid,electronic,True,0,0.17587737685564428,0.005428325680985863,0.5478643947544859,0.025281465528551594
20260930,r04_a047,4,0.5,47,107,sigmoid,pop,True,0,0.1567385032496733,0.004288393175096966,0.4939568611312806,0.027287565953602544
20260930,r04_a047,4,0.5,47,107,sigmoid,ambient,True,0,0.16316617477986567,-0.0334562188586143,0.491534304760069,-0.07663969823269268
20260930,r04_a047,4,0.5,47,107,sigmoid,rock,True,0,0.09435170790902642,0.00010362979551334361,0.3216799899760642,-1.7914289644815895e-05
20260930,r04_a047,4,0.5,47,107,temperature,macro,True,0,0.15467057073218277,0.0012281624818758392,0.4772029819374112,0.007421949021890459
20260930,r04_a047,4,0.5,47,107,temperature,electronic,True,0,0.17161540262347663,0.0011663514488182147,0.5344953763188145,0.011912447092880196
20260930,r04_a047,4,0.5,47,107,temperature,pop,True,0,0.15626911989042805,0.003819009815851704,0.48497672146994,0.018307426292261897
20260930,r04_a047,4,0.5,47,107,temperature,ambient,True,0,0.19655447281348187,-6.792082499809671e-05,0.5680024765574868,-0.00017152643527484912
20260930,r04_a047,4,0.5,47,107,temperature,rock,True,0,0.09424328760134461,-4.790512168464933e-06,0.3213373534034036,-0.0003605508623054088
20260930,r04_a071,4,0.75,71,158,sigmoid,macro,True,0,0.14580033323732153,-0.0076420750129854095,0.45796075506957606,-0.011820277845944693
20260930,r04_a071,4,0.75,71,158,sigmoid,electronic,True,0,0.1753926796306224,0.004943628455963994,0.5531496576948817,0.03056672846894737
20260930,r04_a071,4,0.75,71,158,sigmoid,pop,True,0,0.14948939440756523,-0.0029607156670111157,0.4611194892874198,-0.005549805890258275
20260930,r04_a071,4,0.75,71,158,sigmoid,ambient,True,0,0.16363751460826345,-0.03298487903021652,0.4939792854324333,-0.07419471756032836
20260930,r04_a071,4,0.75,71,158,sigmoid,rock,True,0,0.09468174430283507,0.00043366618932200174,0.3235945878635695,0.0018966835978604935
20260930,r04_a071,4,0.75,71,158,temperature,macro,True,0,0.15468042581543343,0.0012380175651264848,0.47733966923704974,0.0075586363215289915
20260930,r04_a071,4,0.75,71,158,temperature,electronic,True,0,0.17275772927690972,0.002308678102251299,0.5445517868719325,0.021968857645998208
20260930,r04_a071,4,0.75,71,158,temperature,pop,True,0,0.15293890645326103,0.0004887963786846805,0.468272885256986,0.0016035900793079372
20260930,r04_a071,4,0.75,71,158,temperature,ambient,True,0,0.19874138239695424,0.0021189887584742717,0.5740859619847707,0.005911958992009025
20260930,r04_a071,4,0.75,71,158,temperature,rock,True,0,0.09428368513460876,3.5607021095687696e-05,0.3224480428345098,0.0007501385688007955
20260930,r05_a024,5,0.25,24,51,sigmoid,macro,True,0,0.1521165980005682,-0.0013258102497387542,0.49004943552205105,0.02026840260653033
20260930,r05_a024,5,0.25,24,51,sigmoid,electronic,True,0,0.17008628937571874,-0.0003627617989396814,0.521513726827425,-0.0010692023985092725
20260930,r05_a024,5,0.25,24,51,sigmoid,pop,True,0,0.15191915002154233,-0.0005309600530340186,0.4721937726803544,0.005524477502676317
20260930,r05_a024,5,0.25,24,51,sigmoid,ambient,True,0,0.18681766424870094,-0.009804729389779027,0.631459832108752,0.06328582911599034
20260930,r05_a024,5,0.25,24,51,sigmoid,rock,True,0,0.09964328835631078,0.00539521024279771,0.3350304104716729,0.013332506205963934
20260930,r05_a024,5,0.25,24,51,temperature,macro,True,0,0.1604115256178748,0.006969117367567883,0.5021511942771031,0.032370161361582356
20260930,r05_a024,5,0.25,24,51,temperature,electronic,True,0,0.17045094293799634,1.8917633379245125e-06,0.5226244943864469,4.1565160512568866e-05
20260930,r05_a024,5,0.25,24,51,temperature,pop,True,0,0.15231331849670662,-0.00013679157786972151,0.46737434193534827,0.0007050467576701913
20260930,r05_a024,5,0.25,24,51,temperature,ambient,True,0,0.22335810671557935,0.026735713077099377,0.6928006422771147,0.12462663928435302
20260930,r05_a024,5,0.25,24,51,temperature,rock,True,0,0.09552373432121702,0.0012756562077039513,0.3258052985095026,0.004107394243793638
20260930,r05_a047,5,0.5,47,114,sigmoid,macro,True,0,0.14754140052543893,-0.005901007724868016,0.4646236695276017,-0.005157363387919042
20260930,r05_a047,5,0.5,47,114,sigmoid,electronic,True,0,0.17112360966755816,0.0006745584928997406,0.5308791461010135,0.008296216875079199
20260930,r05_a047,5,0.5,47,114,sigmoid,pop,True,0,0.154509735722537,0.0020596256479606667,0.4718922800156312,0.005222984837953137
20260930,r05_a047,5,0.5,47,114,sigmoid,ambient,True,0,0.16992823053901718,-0.026694163099462792,0.52976814623008,-0.03840585676268171
20260930,r05_a047,5,0.5,47,114,sigmoid,rock,True,0,0.0946040261726434,0.00035594805913032046,0.3259551057636822,0.0042572014979732065
20260930,r05_a047,5,0.5,47,114,temperature,macro,True,0,0.15659904391122692,0.0031566356609199833,0.4835054239998198,0.01372439108429907
20260930,r05_a047,5,0.5,47,114,temperature,electronic,True,0,0.17126140714060473,0.0008123559659463098,0.5313223886877445,0.008739459461810206
20260930,r05_a047,5,0.5,47,114,temperature,pop,True,0,0.15226623126100788,-0.00018387881356846103,0.4670280406597499,0.00035874548207182055
20260930,r05_a047,5,0.5,47,114,temperature,ambient,True,0,0.2083613729418492,0.011738979303369229,0.6101048605011905,0.04193085750842884
20260930,r05_a047,5,0.5,47,114,temperature,rock,True,0,0.09450716430144593,0.00025908618793285543,0.3255664061505944,0.0038685018848854114
20260930,r05_a071,5,0.75,71,174,sigmoid,macro,True,0,0.14697795272620245,-0.006464455524104504,0.4664792344042705,-0.0033017985112501758
20260930,r05_a071,5,0.75,71,174,sigmoid,electronic,True,0,0.17308590098994417,0.0026368498152857522,0.550174836210033,0.027591906984098746
20260930,r05_a071,5,0.75,71,174,sigmoid,pop,True,0,0.15333655926484188,0.0008864491902655369,0.46927417234751684,0.0026048771698387596
20260930,r05_a071,5,0.75,71,174,sigmoid,ambient,True,0,0.16583602977526662,-0.030786363863213345,0.5056193267403958,-0.06255467625236588
20260930,r05_a071,5,0.75,71,174,sigmoid,rock,True,0,0.09565332087475711,0.001405242761244041,0.34084860231913666,0.019150698053427673
20260930,r05_a071,5,0.75,71,174,temperature,macro,True,0,0.1562882548682006,0.0028458466178936416,0.487373853355991,0.017592820440470225
20260930,r05_a071,5,0.75,71,174,temperature,electronic,True,0,0.1736095875036767,0.0031605363290182764,0.5521482573471803,0.029565328121246015
20260930,r05_a071,5,0.75,71,174,temperature,pop,True,0,0.15301934742665568,0.0005692373520793381,0.46857790620191475,0.0019086110242366727
20260930,r05_a071,5,0.75,71,174,temperature,ambient,True,0,0.20285200223690814,0.006229608598428166,0.5878542364760561,0.019680233483294396
20260930,r05_a071,5,0.75,71,174,temperature,rock,True,0,0.09567208230556186,0.0014240041920487861,0.3409150133988128,0.019217109133103816
20260930,r06_a024,6,0.25,24,43,sigmoid,macro,True,0,0.1641402145125808,0.010697806262273832,0.8536881420608357,0.3839071091453149
20260930,r06_a024,6,0.25,24,43,sigmoid,electronic,True,0,0.22369982584914191,0.0532507746744835,1.898126239656166,1.3755433104302317
20260930,r06_a024,6,0.25,24,43,sigmoid,pop,True,0,0.15380824857473538,0.001358138500159034,0.4699166619347675,0.0032473667570894205
20260930,r06_a024,6,0.25,24,43,sigmoid,ambient,True,0,0.1759674840502721,-0.02065490958820787,0.5159094914396414,-0.052264511553120285
20260930,r06_a024,6,0.25,24,43,sigmoid,rock,True,0,0.10308529957617374,0.008837221462660666,0.5308001752127677,0.2091022709470587
20260930,r06_a024,6,0.25,24,43,temperature,macro,True,0,0.16565399048852925,0.012211582238222302,0.70549627367018,0.2357152407546592
20260930,r06_a024,6,0.25,24,43,temperature,electronic,True,0,0.2099595411972968,0.03951049002263837,1.3358730916563288,0.8132901624303945
20260930,r06_a024,6,0.25,24,43,temperature,pop,True,0,0.15273726690383385,0.00028715682925750663,0.46754921931730437,0.0008799241396262869
20260930,r06_a024,6,0.25,24,43,temperature,ambient,True,0,0.19925082064820346,0.0026284270097234885,0.5756434891224715,0.007469486129709879
20260930,r06_a024,6,0.25,24,43,temperature,rock,True,0,0.10066833320478291,0.006420255091269839,0.4429192945846151,0.12122139031890611
20260930,r06_a047,6,0.5,47,114,sigmoid,macro,True,0,0.14728617669614297,-0.006156231554163984,0.4919515623875848,0.022170529472064104
20260930,r06_a047,6,0.5,47,114,sigmoid,electronic,True,0,0.1833424006009528,0.012893349426294387,0.6621320223630763,0.13954909313714203
20260930,r06_a047,6,0.5,47,114,sigmoid,pop,True,0,0.1485444263877551,-0.003905683686821232,0.4587109958330233,-0.007958299344654751
20260930,r06_a047,6,0.5,47,114,sigmoid,ambient,True,0,0.1601130656629733,-0.036509327975506684,0.4803477845947489,-0.08782621839801275
20260930,r06_a047,6,0.5,47,114,sigmoid,rock,True,0,0.09714481413289067,0.0028967360193775937,0.36661544675949087,0.04491754249378188
20260930,r06_a047,6,0.5,47,114,temperature,macro,True,0,0.1570331968108522,0.00359078856054525,0.5127210846662243,0.04294005175070363
20260930,r06_a047,6,0.5,47,114,temperature,electronic,True,0,0.18293785445822902,0.012488803283570604,0.6532522215639596,0.13066929233802527
20260930,r06_a047,6,0.5,47,114,temperature,pop,True,0,0.1523219062963963,-0.00012820377818004158,0.46639799933486553,-0.0002712958428125467
20260930,r06_a047,6,0.5,47,114,temperature,ambient,True,0,0.19564047437161544,-0.0009819192668645282,0.5658410334905577,-0.002332969502203963
20260930,r06_a047,6,0.5,47,114,temperature,rock,True,0,0.09723255211716804,0.002984474003654966,0.36539308427551476,0.04369518000980577
20260930,r06_a071,6,0.75,71,168,sigmoid,macro,True,0,0.1462564020575548,-0.007186006192752149,0.4584084693203039,-0.011372563595216892
20260930,r06_a071,6,0.75,71,168,sigmoid,electronic,True,0,0.17341755173068307,0.002968500556024656,0.5518707626808544,0.029287833454920142
20260930,r06_a071,6,0.75,71,168,sigmoid,pop,True,0,0.15559046469419732,0.0031403546196209775,0.4735744449148815,0.006905149737203409
20260930,r06_a071,6,0.75,71,168,sigmoid,ambient,True,0,0.16161650997043442,-0.03500588366804555,0.4852912805324072,-0.08288272246035444
20260930,r06_a071,6,0.75,71,168,sigmoid,rock,True,0,0.0944010818349044,0.00015300372139132046,0.3228973891530723,0.0011994848873633224
20260930,r06_a071,6,0.75,71,168,temperature,macro,True,0,0.1549158454696601,0.0014734372193531686,0.4793328475222705,0.009551814606749712
20260930,r06_a071,6,0.75,71,168,temperature,electronic,True,0,0.17361518667100692,0.0031661354963485044,0.5521987548941305,0.029615825668196205
20260930,r06_a071,6,0.75,71,168,temperature,pop,True,0,0.15242385561154578,-2.625446303056167e-05,0.46660366963770245,-6.562553997563336e-05
20260930,r06_a071,6,0.75,71,168,temperature,ambient,True,0,0.1993289802849709,0.002706586646490927,0.575886538034661,0.007712535041899393
20260930,r06_a071,6,0.75,71,168,temperature,rock,True,0,0.09429535931111688,4.728119760380456e-05,0.32264242752258787,0.0009445232568788819
20260930,r07_a024,7,0.25,24,76,sigmoid,macro,True,0,0.15831358772038234,0.0048711794700753985,0.5160159176262608,0.046234884710740054
20260930,r07_a024,7,0.25,24,76,sigmoid,electronic,True,0,0.178338793928181,0.007889742753522583,0.6021039317166668,0.07952100249073246
20260930,r07_a024,7,0.25,24,76,sigmoid,pop,True,0,0.19472117691698915,0.0422710668424128,0.6324416412977192,0.1657723461200411
20260930,r07_a024,7,0.25,24,76,sigmoid,ambient,True,0,0.16388011986913065,-0.03274227376934932,0.49645762086300366,-0.071716382129758
20260930,r07_a024,7,0.25,24,76,sigmoid,rock,True,0,0.0963142601672286,0.0020661820537155318,0.33306047662765365,0.011362572361944656
20260930,r07_a024,7,0.25,24,76,temperature,macro,True,0,0.15779060862307415,0.004348200372767182,0.5012087427266305,0.03142770981110972
20260930,r07_a024,7,0.25,24,76,temperature,electronic,True,0,0.17884409694475512,0.008395045770096699,0.6041522578402185,0.08156932861428423
20260930,r07_a024,7,0.25,24,76,temperature,pop,True,0,0.1582489176846594,0.0057988076100830566,0.4978250004863496,0.03115570530867151
20260930,r07_a024,7,0.25,24,76,temperature,ambient,True,0,0.19949276909952085,0.0028703754610408805,0.5763992984283957,0.008225295435633995
20260930,r07_a024,7,0.25,24,76,temperature,rock,True,0,0.09457665076336116,0.0003285726498480912,0.32645841415155813,0.00476050988584914
20260930,r07_a047,7,0.5,47,123,sigmoid,macro,True,0,0.14860017746000165,-0.004842230790305296,0.4697235545116,-5.7478403920785404e-05
20260930,r07_a047,7,0.5,47,123,sigmoid,electronic,True,0,0.1794747286767987,0.009025677502140284,0.5707275252532054,0.04814459602727106
20260930,r07_a047,7,0.5,47,123,sigmoid,pop,True,0,0.15890350818266855,0.006453398108092201,0.4937221875639563,0.027052892386278227
20260930,r07_a047,7,0.5,47,123,sigmoid,ambient,True,0,0.15935867532644976,-0.03726371831203021,0.4791431303131418,-0.08903087267961984
20260930,r07_a047,7,0.5,47,123,sigmoid,rock,True,0,0.09666379765408961,0.0024157195405765386,0.3353013749160964,0.013603470650387417
20260930,r07_a047,7,0.5,47,123,temperature,macro,True,0,0.15539788061707283,0.001955472366765878,0.4838537421363928,0.014072709220872101
20260930,r07_a047,7,0.5,47,123,temperature,electronic,True,0,0.173565276909779,0.0031162257351205758,0.5517489227539972,0.029165993528062928
20260930,r07_a047,7,0.5,47,123,temperature,pop,True,0,0.156769763619431,0.004319653544854668,0.48803589998232155,0.021366604804643474
20260930,r07_a047,7,0.5,47,123,temperature,ambient,True,0,0.1965962962133029,-2.6097425177062927e-05,0.568107939299794,-6.606369296768833e-05
20260930,r07_a047,7,0.5,47,123,temperature,rock,True,0,0.0946601857257784,0.00041210761226533055,0.3275222065094587,0.0058243022437496905
20260930,r07_a071,7,0.75,71,174,sigmoid,macro,True,0,0.14682523638181813,-0.006617171868488814,0.4630661981463062,-0.006714834769214598
20260930,r07_a071,7,0.75,71,174,sigmoid,electronic,True,0,0.17614761828059863,0.0056985671059402165,0.5598368629837929,0.03725393375785857
20260930,r07_a071,7,0.75,71,174,sigmoid,pop,True,0,0.15511762754394695,0.002667517469370606,0.48012176882421204,0.013452473646533958
20260930,r07_a071,7,0.75,71,174,sigmoid,ambient,True,0,0.16081238160600136,-0.035810012032478605,0.48422902580581845,-0.08394497718694321
20260930,r07_a071,7,0.75,71,174,sigmoid,rock,True,0,0.0952233180967256,0.000975239983212528,0.3280771349714013,0.006379230705692296
20260930,r07_a071,7,0.75,71,174,temperature,macro,True,0,0.15491125340726358,0.0014688451569566281,0.4813868477614715,0.011605814845950732
20260930,r07_a071,7,0.75,71,174,temperature,electronic,True,0,0.17355884296148552,0.003109791786827104,0.5516909817633702,0.02910805253743587
20260930,r07_a071,7,0.75,71,174,temperature,pop,True,0,0.1556913528237785,0.00324124274920215,0.48160783053593603,0.014938535358257954
20260930,r07_a071,7,0.75,71,174,temperature,ambient,True,0,0.19586061421386117,-0.0007617794246188025,0.5663338405686329,-0.0018401624241287662
20260930,r07_a071,7,0.75,71,174,temperature,rock,True,0,0.09453420362992913,0.0002861255164160609,0.32591473817794686,0.004216833912237872
20260930,r08_a024,8,0.25,24,47,sigmoid,macro,True,0,0.15030949187337167,-0.0031329163769352845,0.4659263599273838,-0.0038546729881369923
20260930,r08_a024,8,0.25,24,47,sigmoid,electronic,True,0,0.17086503046343673,0.0004159792887783176,0.530847752620837,0.008264823394902754
20260930,r08_a024,8,0.25,24,47,sigmoid,pop,True,0,0.1738218845450001,0.021371774470423766,0.517439930218568,0.050770635040889966
20260930,r08_a024,8,0.25,24,47,sigmoid,ambient,True,0,0.16170146509673836,-0.034920928541741614,0.49322700234869554,-0.07494700064406612
20260930,r08_a024,8,0.25,24,47,sigmoid,rock,True,0,0.09484958738831147,0.0006015092747983924,0.3221907545214344,0.00049285025572543
20260930,r08_a024,8,0.25,24,47,temperature,macro,True,0,0.1538475789213728,0.00040517067106581733,0.47470472337561853,0.004923690460097732
20260930,r08_a024,8,0.25,24,47,temperature,electronic,True,0,0.17112291922558137,0.0006738680509229544,0.5300521927066864,0.007469263480752053
20260930,r08_a024,8,0.25,24,47,temperature,pop,True,0,0.1534802261285886,0.0010301160540122645,0.4728932046875395,0.006223909509861403
20260930,r08_a024,8,0.25,24,47,temperature,ambient,True,0,0.1963748686643738,-0.00024752497410618357,0.5746458545905635,0.0064718515978018365
20260930,r08_a024,8,0.25,24,47,temperature,rock,True,0,0.09441230166694731,0.000164223553434234,0.3212276415176846,-0.00047026274802436374
20260930,r08_a047,8,0.5,47,102,sigmoid,macro,True,0,0.14417344636999443,-0.0092689618803125,0.4501632725159969,-0.01961776039952387
20260930,r08_a047,8,0.5,47,102,sigmoid,electronic,True,0,0.17068577900359963,0.00023672782894121336,0.5275419670408622,0.004959037814927902
20260930,r08_a047,8,0.5,47,102,sigmoid,pop,True,0,0.14816309858529864,-0.004287011489277709,0.4598686532991113,-0.006800641878566771
20260930,r08_a047,8,0.5,47,102,sigmoid,ambient,True,0,0.1586370057267338,-0.03798538791174616,0.47868478293362376,-0.0894892200591379
20260930,r08_a047,8,0.5,47,102,sigmoid,rock,True,0,0.09920790216434573,0.004959824050832659,0.3345576867903903,0.012859782524681285
20260930,r08_a047,8,0.5,47,102,temperature,macro,True,0,0.15295972397621793,-0.0004826842740890229,0.47010660458802744,0.00032557167250663044
20260930,r08_a047,8,0.5,47,102,temperature,electronic,True,0,0.17092749010526004,0.00047843893060162124,0.528207550517606,0.005624621291671739
20260930,r08_a047,8,0.5,47,102,temperature,pop,True,0,0.1524688320801553,1.872200557895276e-05,0.4667182622019733,4.8967024295243355e-05
20260930,r08_a047,8,0.5,47,102,temperature,ambient,True,0,0.19417817300791124,-0.002444220630568733,0.5634081479189588,-0.004765855073802894
20260930,r08_a047,8,0.5,47,102,temperature,rock,True,0,0.09426440071154514,1.632259803206748e-05,0.3220924577135714,0.0003945534478624335
20260930,r08_a071,8,0.75,71,162,sigmoid,macro,True,0,0.1452080890913226,-0.00823431915898433,0.45645774120733723,-0.01332329170818354
20260930,r08_a071,8,0.75,71,162,sigmoid,electronic,True,0,0.17244979965145546,0.002000748476797043,0.5420840750355772,0.019501145809642906
20260930,r08_a071,8,0.75,71,162,sigmoid,pop,True,0,0.15255058545681358,0.00010047538223723063,0.4670409316471655,0.0003716364694874019
20260930,r08_a071,8,0.75,71,162,sigmoid,ambient,True,0,0.16007346645678083,-0.03654892718169914,0.4809590246761459,-0.08721497831661579
20260930,r08_a071,8,0.75,71,162,sigmoid,rock,True,0,0.09575850480024062,0.001510426686727545,0.3357469334704603,0.014049029204751318
20260930,r08_a071,8,0.75,71,162,temperature,macro,True,0,0.1543328184981755,0.0008904102478685776,0.4780980484037914,0.008317015488270657
20260930,r08_a071,8,0.75,71,162,temperature,electronic,True,0,0.17250655407357943,0.00205750289892101,0.5423378014477966,0.01975487222186234
20260930,r08_a071,8,0.75,71,162,temperature,pop,True,0,0.15224194847375427,-0.00020816160082207102,0.4663851902397539,-0.00028410493792419
20260930,r08_a071,8,0.75,71,162,temperature,ambient,True,0,0.19747808375711554,0.0008556901186355659,0.5704398014479799,0.0022657984552182375
20260930,r08_a071,8,0.75,71,162,temperature,rock,True,0,0.09510468768825288,0.0008566095747398056,0.33322940047963523,0.01153149621392624
20260930,r09_a024,9,0.25,24,68,sigmoid,macro,True,0,0.15443898103866024,0.0009965727883532866,0.5199201659491626,0.0501391330336418
20260930,r09_a024,9,0.25,24,68,sigmoid,electronic,True,0,0.1854324484260993,0.014983397251440878,0.6841268337524826,0.16154390452654832
20260930,r09_a024,9,0.25,24,68,sigmoid,pop,True,0,0.16844994510274236,0.015999835028166015,0.5040474545445013,0.037378159366823205
20260930,r09_a024,9,0.25,24,68,sigmoid,ambient,True,0,0.16567455909831427,-0.030947834540165697,0.5050724636895998,-0.06310153930316187
20260930,r09_a024,9,0.25,24,68,sigmoid,rock,True,0,0.09819897152748502,0.003950893413971951,0.38643391181006653,0.06473600754435754
20260930,r09_a024,9,0.25,24,68,temperature,macro,True,0,0.1637743222027199,0.010331913952412938,0.5534603647734625,0.08367933185794173
20260930,r09_a024,9,0.25,24,68,temperature,electronic,True,0,0.186049998997587,0.01560094782292859,0.6967025060719588,0.17411957684602453
20260930,r09_a024,9,0.25,24,68,temperature,pop,True,0,0.15223761451849943,-0.00021249555607691373,0.4664010519084841,-0.00026824326919400177
20260930,r09_a024,9,0.25,24,68,temperature,ambient,True,0,0.21830518177772268,0.02168278813924271,0.6609943075465009,0.09282030455373924
20260930,r09_a024,9,0.25,24,68,temperature,rock,True,0,0.09850449351707044,0.004256415403557368,0.38974359356690613,0.06804568930119714
20260930,r09_a047,9,0.5,47,111,sigmoid,macro,True,0,0.14817204825990377,-0.005270359990403185,0.47643641777115286,0.006655384855632052
20260930,r09_a047,9,0.5,47,111,sigmoid,electronic,True,0,0.17229473749576824,0.0018456863211098185,0.5430605193410063,0.020477590115071997
20260930,r09_a047,9,0.5,47,111,sigmoid,pop,True,0,0.15615583099082544,0.0037057209162491,0.4748834673432775,0.008214172165599443
20260930,r09_a047,9,0.5,47,111,sigmoid,ambient,True,0,0.16628543739823282,-0.030336956240247154,0.507650411080128,-0.06052359191263368
20260930,r09_a047,9,0.5,47,111,sigmoid,rock,True,0,0.09795218715478857,0.003704109041275494,0.38015127332019943,0.058453369054490445
20260930,r09_a047,9,0.5,47,111,temperature,macro,True,0,0.1579800642867034,0.004537656036396453,0.5010122621198272,0.031231229204306377
20260930,r09_a047,9,0.5,47,111,temperature,electronic,True,0,0.17281690276675782,0.0023678515920994014,0.5450746970062225,0.022491767780288163
20260930,r09_a047,9,0.5,47,111,temperature,pop,True,0,0.15224989346339365,-0.00020021661118269085,0.4663673284687124,-0.0003019667089656508
20260930,r09_a047,9,0.5,47,111,temperature,ambient,True,0,0.20880315127120133,0.012180757632721362,0.6120676053539985,0.04389360236123685
20260930,r09_a047,9,0.5,47,111,temperature,rock,True,0,0.09805030964546081,0.003802231531947739,0.38053941765037513,0.058841513384666144
20260930,r09_a071,9,0.75,71,173,sigmoid,macro,True,0,0.14690581234075095,-0.006536595909555992,0.46250096470898605,-0.007280068206534665
20260930,r09_a071,9,0.75,71,173,sigmoid,electronic,True,0,0.17307527387414853,0.002626222699490116,0.549177173364544,0.02659424413860967
20260930,r09_a071,9,0.75,71,173,sigmoid,pop,True,0,0.1557818129318404,0.0033317028572640572,0.4747461452342674,0.008076850056589313
20260930,r09_a071,9,0.75,71,173,sigmoid,ambient,True,0,0.1639080699260738,-0.03271432371240618,0.4965193337552707,-0.07165466923749098
20260930,r09_a071,9,0.75,71,173,sigmoid,rock,True,0,0.09485809263094111,0.0006100145174280369,0.3295612064818623,0.007863302216153334
20260930,r09_a071,9,0.75,71,173,temperature,macro,True,0,0.15573649179348417,0.002294083543177221,0.48332330670187884,0.013542273786358097
20260930,r09_a071,9,0.75,71,173,temperature,electronic,True,0,0.17340461814368285,0.002955566969024437,0.5503052829184643,0.027722353692529955
20260930,r09_a071,9,0.75,71,173,temperature,pop,True,0,0.15229747047552064,-0.0001526395990557039,0.4672648753137744,0.0005955801360963409
20260930,r09_a071,9,0.75,71,173,temperature,ambient,True,0,0.20243838781456433,0.00581599417608436,0.5863528117888404,0.018178808796078694
20260930,r09_a071,9,0.75,71,173,temperature,rock,True,0,0.09480549074016886,0.0005574126266557899,0.3293702567864364,0.007672352520727399
20260930,r10_a024,10,0.25,24,49,sigmoid,macro,True,0,0.1476370961994779,-0.005805312050829077,0.4660565048496804,-0.0037245280658403657
20260930,r10_a024,10,0.25,24,49,sigmoid,electronic,True,0,0.17505277501481198,0.004603723840153562,0.5673115558548036,0.04472862662886934
20260930,r10_a024,10,0.25,24,49,sigmoid,pop,True,0,0.15025545096299528,-0.0021946591115810654,0.466960354196634,0.00029105901895593034
20260930,r10_a024,10,0.25,24,49,sigmoid,ambient,True,0,0.17060933486573512,-0.026013058772744846,0.508259379874726,-0.05991462311803564
20260930,r10_a024,10,0.25,24,49,sigmoid,rock,True,0,0.09463082395436911,0.00038274584085604135,0.3216947294725579,-3.1747931510950345e-06
20260930,r10_a024,10,0.25,24,49,temperature,macro,True,0,0.15377590232071747,0.0003334940704105213,0.4773933703066657,0.007612337391144891
20260930,r10_a024,10,0.25,24,49,temperature,electronic,True,0,0.1743026122579384,0.0038535610832799716,0.5584658917813892,0.03588296255545487
20260930,r10_a024,10,0.25,24,49,temperature,pop,True,0,0.15224581682792773,-0.00020429324664861248,0.46637510869870286,-0.00029418647897522243
20260930,r10_a024,10,0.25,24,49,temperature,ambient,True,0,0.1941001471993487,-0.002522246439131265,0.5633737726270964,-0.004800230365665237
20260930,r10_a024,10,0.25,24,49,temperature,rock,True,0,0.09445503299765506,0.00020695488414199104,0.32135870811947415,-0.0003391961462348436
20260930,r10_a047,10,0.5,47,104,sigmoid,macro,True,0,0.14335406210103896,-0.010088346149267985,0.4495071999601644,-0.0202738329553563
20260930,r10_a047,10,0.5,47,104,sigmoid,electronic,True,0,0.1714406232103967,0.0009915720357382696,0.5351275583712102,0.012544629145275876
20260930,r10_a047,10,0.5,47,104,sigmoid,pop,True,0,0.14737580014926838,-0.005074309925307968,0.45714338139090827,-0.009525913786769813
20260930,r10_a047,10,0.5,47,104,sigmoid,ambient,True,0,0.15984429581820492,-0.03677809782027505,0.48264551515646437,-0.0855284878362973
20260930,r10_a047,10,0.5,47,104,sigmoid,rock,True,0,0.09475552922628588,0.000507451112772811,0.323112344922075,0.0014144406563660339
20260930,r10_a047,10,0.5,47,104,temperature,macro,True,0,0.15303482451505576,-0.0004075837352511928,0.47176583025607627,0.001984797340555469
20260930,r10_a047,10,0.5,47,104,temperature,electronic,True,0,0.17171762020643971,0.001268569031781297,0.535400159915152,0.012817230689217696
20260930,r10_a047,10,0.5,47,104,temperature,pop,True,0,0.15222755668462937,-0.00022255338994697782,0.46656416097178577,-0.00010513420589230993
20260930,r10_a047,10,0.5,47,104,temperature,ambient,True,0,0.19394665180150095,-0.002675741836979023,0.5634211807200128,-0.004752822272748869
20260930,r10_a047,10,0.5,47,104,temperature,rock,True,0,0.094247469367653,-6.087458600673168e-07,0.32167781941735435,-2.0084848354640084e-05
20260930,r10_a071,10,0.75,71,169,sigmoid,macro,True,0,0.1447229301323243,-0.008719478117982658,0.45624406003997536,-0.01353697287554538
20260930,r10_a071,10,0.75,71,169,sigmoid,electronic,True,0,0.17303515844205938,0.0025861072674009666,0.5492829518777177,0.026700022651783395
20260930,r10_a071,10,0.75,71,169,sigmoid,pop,True,0,0.1508470194067992,-0.0016030906677771406,0.4666954440873694,2.6148909691325883e-05
20260930,r10_a071,10,0.75,71,169,sigmoid,ambient,True,0,0.1603582409663542,-0.036264152672125766,0.4828447777298381,-0.08532922526292358
20260930,r10_a071,10,0.75,71,169,sigmoid,rock,True,0,0.09465130171408438,0.0004032236005713091,0.3261530664649763,0.004455162199267337
20260930,r10_a071,10,0.75,71,169,temperature,macro,True,0,0.15462891708191745,0.0011865088316104985,0.47929882054403583,0.0095177876285151
20260930,r10_a071,10,0.75,71,169,temperature,electronic,True,0,0.1733245446099841,0.002875493435325671,0.5495881591259937,0.02700522990005938
20260930,r10_a071,10,0.75,71,169,temperature,pop,True,0,0.1543186778874933,0.0018685678129169436,0.4743319838540812,0.007662688676403129
20260930,r10_a071,10,0.75,71,169,temperature,ambient,True,0,0.19634834326655107,-0.00027405037192890225,0.5674903077023681,-0.0006836952903935822
20260930,r10_a071,10,0.75,71,169,temperature,rock,True,0,0.09452410256364135,0.0002760244501282816,0.32578483149370047,0.004086927227991477
20260930,r11_a024,11,0.25,24,79,sigmoid,macro,True,0,0.1540330409824356,0.0005906327321286466,0.5125336154369262,0.042752582521405444
20260930,r11_a024,11,0.25,24,79,sigmoid,electronic,True,0,0.18063281595538128,0.01018376478072286,0.6243970799744333,0.10181415074849898
20260930,r11_a024,11,0.25,24,79,sigmoid,pop,True,0,0.1518001125978661,-0.0006499974767102401,0.47274378312625065,0.006074487948572571
20260930,r11_a024,11,0.25,24,79,sigmoid,ambient,True,0,0.17156008010152893,-0.025062313536951042,0.5052870264551232,-0.06288697653763842
20260930,r11_a024,11,0.25,24,79,sigmoid,rock,True,0,0.11213915527496608,0.01789107716145301,0.44770657219189763,0.12600866792618864
20260930,r11_a024,11,0.25,24,79,temperature,macro,True,0,0.15854296285519384,0.005100554604886901,0.5095529646573638,0.03977193174184303
20260930,r11_a024,11,0.25,24,79,temperature,electronic,True,0,0.18060537656069806,0.010156325386039639,0.6242507914119015,0.10166786218596724
20260930,r11_a024,11,0.25,24,79,temperature,pop,True,0,0.15543620235357816,0.0029860922790018174,0.48017616337768,0.013506868200001909
20260930,r11_a024,11,0.25,24,79,temperature,ambient,True,0,0.20187557747208085,0.005253183833600877,0.584349378789639,0.016175375796877334
20260930,r11_a024,11,0.25,24,79,temperature,rock,True,0,0.09625469503441834,0.0020066169209052714,0.3494355250502346,0.02773762078452563
20260930,r11_a047,11,0.5,47,137,sigmoid,macro,True,0,0.14781083290378721,-0.00563157534651974,0.47604150482130353,0.006260471905782772
20260930,r11_a047,11,0.5,47,137,sigmoid,electronic,True,0,0.17648733173331305,0.0060382805586546295,0.5694676301963076,0.04688470097037334
20260930,r11_a047,11,0.5,47,137,sigmoid,pop,True,0,0.15504407476265414,0.0025939646880777933,0.4834624513907815,0.0167931562131034
20260930,r11_a047,11,0.5,47,137,sigmoid,ambient,True,0,0.16064339625611962,-0.03597899738236035,0.48244614952788417,-0.08572785346487749
20260930,r11_a047,11,0.5,47,137,sigmoid,rock,True,0,0.09906852886306204,0.0048204507495489685,0.36878978817024083,0.04709188390453184
20260930,r11_a047,11,0.5,47,137,temperature,macro,True,0,0.1573110411951239,0.0038686329448169438,0.497264363526757,0.027483330611236256
20260930,r11_a047,11,0.5,47,137,temperature,electronic,True,0,0.1749247001431318,0.0044756489684733836,0.5642637978086673,0.04168086858273301
20260930,r11_a047,11,0.5,47,137,temperature,pop,True,0,0.15657708765083495,0.0041269775762586,0.4868432921616302,0.020173996983952114
20260930,r11_a047,11,0.5,47,137,temperature,ambient,True,0,0.2010384297566721,0.004416036118192135,0.5814557904228599,0.013281787430098224
20260930,r11_a047,11,0.5,47,137,temperature,rock,True,0,0.09670394722985673,0.0024558691163436563,0.35649457371387067,0.03479666944816168
20260930,r11_a071,11,0.75,71,187,sigmoid,macro,True,0,0.14626570613030804,-0.007176702119998917,0.46395642250155783,-0.005824610413962927
20260930,r11_a071,11,0.75,71,187,sigmoid,electronic,True,0,0.1747405687544704,0.004291517579811971,0.5588775227925076,0.036294593566573274
20260930,r11_a071,11,0.75,71,187,sigmoid,pop,True,0,0.15202293545953816,-0.00042717461503818943,0.46817990656032876,0.001510611382650684
20260930,r11_a071,11,0.75,71,187,sigmoid,ambient,True,0,0.16270096688025507,-0.033921426758224904,0.4889826760747311,-0.07919132691803055
20260930,r11_a071,11,0.75,71,187,sigmoid,rock,True,0,0.09559835342696853,0.001350275313455454,0.33978558457866387,0.01808768031295488
20260930,r11_a071,11,0.75,71,187,temperature,macro,True,0,0.15695895689425113,0.003516548643944184,0.4904957184174453,0.020714685501924554
20260930,r11_a071,11,0.75,71,187,temperature,electronic,True,0,0.17413788885167808,0.003688837677019663,0.5569514248667549,0.03436849564082056
20260930,r11_a071,11,0.75,71,187,temperature,pop,True,0,0.15389873667987616,0.0014486266052998187,0.4723311775456996,0.005661882368021509
20260930,r11_a071,11,0.75,71,187,temperature,ambient,True,0,0.20421099591093592,0.0075886022724559465,0.5929570252086938,0.024783022215932093
20260930,r11_a071,11,0.75,71,187,temperature,rock,True,0,0.09558820613451438,0.0013401280210013078,0.33974324604863304,0.01804534178292405
20260930,r12_a024,12,0.25,24,53,sigmoid,macro,True,0,0.1519042938631003,-0.0015381143872066454,0.5028650321594996,0.033083999243978895
20260930,r12_a024,12,0.25,24,53,sigmoid,electronic,True,0,0.17313313118721904,0.0026840800125606246,0.549392416347796,0.026809487121861708
20260930,r12_a024,12,0.25,24,53,sigmoid,pop,True,0,0.16996051668086495,0.01751040660628861,0.6025620483102591,0.13589275313258098
20260930,r12_a024,12,0.25,24,53,sigmoid,ambient,True,0,0.16894616171418633,-0.027676231924293637,0.5207296186517999,-0.047444384340961765
20260930,r12_a024,12,0.25,24,53,sigmoid,rock,True,0,0.0955773658701309,0.0013292877566178224,0.33877604532814365,0.01707814106243466
20260930,r12_a024,12,0.25,24,53,temperature,macro,True,0,0.1612876687376558,0.007845260487348838,0.5230617301048561,0.05328069718933541
20260930,r12_a024,12,0.25,24,53,temperature,electronic,True,0,0.17335638278057655,0.0029073316059181342,0.5498731102920849,0.027290181066150554
20260930,r12_a024,12,0.25,24,53,temperature,pop,True,0,0.16787509595473507,0.015424985880158726,0.592933171604994,0.12626387642731596
20260930,r12_a024,12,0.25,24,53,temperature,ambient,True,0,0.20835991246455102,0.011737518826071047,0.6100984158563586,0.04192441286359694
20260930,r12_a024,12,0.25,24,53,temperature,rock,True,0,0.09555928375076052,0.001311205637247445,0.3393422226659872,0.01764431840027819
20260930,r12_a047,12,0.5,47,114,sigmoid,macro,True,0,0.14918454529132089,-0.004257862958986062,0.47929884488527225,0.009517811969751502
20260930,r12_a047,12,0.5,47,114,sigmoid,electronic,True,0,0.1718780286070616,0.0014289774324031945,0.5378093024243885,0.015226373198454213
20260930,r12_a047,12,0.5,47,114,sigmoid,pop,True,0,0.15100401855078616,-0.0014460915237901883,0.46945608386141763,0.0027867886837395495
20260930,r12_a047,12,0.5,47,114,sigmoid,ambient,True,0,0.1748210531766901,-0.02180134046178986,0.5550819843957724,-0.013092018596989274
20260930,r12_a047,12,0.5,47,114,sigmoid,rock,True,0,0.09903508083074568,0.004787002717232605,0.3548480088595105,0.03315010459380152
20260930,r12_a047,12,0.5,47,114,temperature,macro,True,0,0.15744785097731256,0.004005442727005617,0.490653074215713,0.020872041300192268
20260930,r12_a047,12,0.5,47,114,temperature,electronic,True,0,0.17203898204772147,0.0015899308730630557,0.5382297616539231,0.01564683242798881
20260930,r12_a047,12,0.5,47,114,temperature,pop,True,0,0.1550646501564553,0.0026145400818789466,0.47815439786183384,0.011485102684155757
20260930,r12_a047,12,0.5,47,114,temperature,ambient,True,0,0.20691252467778384,0.010290131039303874,0.6038536244152005,0.035679621422438856
20260930,r12_a047,12,0.5,47,114,temperature,rock,True,0,0.09577524702728966,0.0015271689137765915,0.34237451293189464,0.020676608666185647
20260930,r12_a071,12,0.75,71,176,sigmoid,macro,True,0,0.1472477261752319,-0.00619468207507505,0.4660876241929472,-0.0036934087225735934
20260930,r12_a071,12,0.75,71,176,sigmoid,electronic,True,0,0.17490517371425798,0.004456122539599566,0.5549968470027792,0.03241391777684488
20260930,r12_a071,12,0.75,71,176,sigmoid,pop,True,0,0.15426285839834977,0.0018127483237734276,0.47255874013144045,0.005889444953762368
20260930,r12_a071,12,0.75,71,176,sigmoid,ambient,True,0,0.16382716949084236,-0.03279522414763761,0.49602131884192135,-0.07215268415084031
20260930,r12_a071,12,0.75,71,176,sigmoid,rock,True,0,0.09599570309747749,0.0017476249839644131,0.3407735907956477,0.019075686529938685
20260930,r12_a071,12,0.75,71,176,temperature,macro,True,0,0.15572935806032584,0.0022869498100188887,0.48508232175403876,0.01530128883851796
20260930,r12_a071,12,0.75,71,176,temperature,electronic,True,0,0.1735225697127606,0.0030735185381021712,0.5513645239184111,0.028781594692476764
20260930,r12_a071,12,0.75,71,176,temperature,pop,True,0,0.1536391926329473,0.0011890825583709685,0.47115574191603543,0.0044864467383573525
20260930,r12_a071,12,0.75,71,176,temperature,ambient,True,0,0.20021406053790927,0.003591666899429302,0.5787111082153962,0.010537105222634513
20260930,r12_a071,12,0.75,71,176,temperature,rock,True,0,0.09554160935768619,0.0012935312441731128,0.3390979129663122,0.01740000870060321
20260930,r13_a024,13,0.25,24,54,sigmoid,macro,True,0,0.14377014965884596,-0.009672258591460998,0.45170954538663427,-0.018071487528886487
20260930,r13_a024,13,0.25,24,54,sigmoid,electronic,True,0,0.17256932127383431,0.002120270099175897,0.5427463493822948,0.020163420156360523
20260930,r13_a024,13,0.25,24,54,sigmoid,pop,True,0,0.14731069802563618,-0.005139412048940167,0.45708231905224356,-0.009586976125434521
20260930,r13_a024,13,0.25,24,54,sigmoid,ambient,True,0,0.15902969851378898,-0.03759269512469099,0.48036744315141866,-0.087806559841343
20260930,r13_a024,13,0.25,24,54,sigmoid,rock,True,0,0.09617088082212434,0.0019228027086112681,0.32664206996058004,0.00494416569487105
20260930,r13_a024,13,0.25,24,54,temperature,macro,True,0,0.15344820781097027,5.799560663290876e-06,0.4743205405087725,0.004539507593251668
20260930,r13_a024,13,0.25,24,54,temperature,electronic,True,0,0.17238570672717882,0.0019366555525204,0.5412751209657961,0.018692191739861808
20260930,r13_a024,13,0.25,24,54,temperature,pop,True,0,0.15222806519883098,-0.00022204487574536969,0.46658599016196983,-8.3305015708246e-05
20260930,r13_a024,13,0.25,24,54,temperature,ambient,True,0,0.19384763355979492,-0.0027747600786850457,0.5644548514083781,-0.0037191515843835177
20260930,r13_a024,13,0.25,24,54,temperature,rock,True,0,0.09533142575807625,0.001083347644563179,0.3249661994989456,0.003268295233236629
20260930,r13_a047,13,0.5,47,111,sigmoid,macro,True,0,0.148326736324959,-0.005115671925347953,0.4806932386158663,0.010912205700345623
20260930,r13_a047,13,0.5,47,111,sigmoid,electronic,True,0,0.17853553197771832,0.008086480803059903,0.6040017421860718,0.08141881296013753
20260930,r13_a047,13,0.5,47,111,sigmoid,pop,True,0,0.15565103455609444,0.003200924481518097,0.4977375786262183,0.031068283448540235
20260930,r13_a047,13,0.5,47,111,sigmoid,ambient,True,0,0.1637491587616201,-0.032873234876859864,0.49338137668664334,-0.07479262630611833
20260930,r13_a047,13,0.5,47,111,sigmoid,rock,True,0,0.09537122000440312,0.0011231418908900503,0.32765225696453204,0.005954352698823051
20260930,r13_a047,13,0.5,47,111,temperature,macro,True,0,0.15696154605920448,0.003519137808897548,0.49914520055869105,0.029364167643170333
20260930,r13_a047,13,0.5,47,111,temperature,electronic,True,0,0.178626226172607,0.008177174997948594,0.6017662595484697,0.07918333032253544
20260930,r13_a047,13,0.5,47,111,temperature,pop,True,0,0.15909469290019734,0.006644582825620998,0.5039305266676413,0.03726123148996319
20260930,r13_a047,13,0.5,47,111,temperature,ambient,True,0,0.19566201560101748,-0.0009603780374624893,0.5658883587355097,-0.002285644257251973
20260930,r13_a047,13,0.5,47,111,temperature,rock,True,0,0.09446324956299616,0.00021517144948308975,0.32499565728314367,0.003297753017434679
20260930,r13_a071,13,0.75,71,157,sigmoid,macro,True,0,0.14885340434591743,-0.004589003904389523,0.47736834703935327,0.007587314123832525
20260930,r13_a071,13,0.75,71,157,sigmoid,electronic,True,0,0.17592347465782948,0.005474423483171065,0.5764112791123244,0.05382834988639007
20260930,r13_a071,13,0.75,71,157,sigmoid,pop,True,0,0.15611378551306596,0.003663675438489611,0.4947317992808234,0.028062504103145314
20260930,r13_a071,13,0.75,71,157,sigmoid,ambient,True,0,0.16873054195726997,-0.02789185168121,0.5122027553651072,-0.055971247627654486
20260930,r13_a071,13,0.75,71,157,sigmoid,rock,True,0,0.0946458152555043,0.00039773714199123344,0.3261275543991582,0.004429650133449203
20260930,r13_a071,13,0.75,71,157,temperature,macro,True,0,0.1566069602090372,0.003164551958730274,0.49328172066682224,0.023500687751301486
20260930,r13_a071,13,0.75,71,157,temperature,electronic,True,0,0.17618483065999022,0.005735779485331799,0.5764231077732431,0.053840178547308826
20260930,r13_a071,13,0.75,71,157,temperature,pop,True,0,0.1588600370281556,0.006409926953579254,0.5021989897106075,0.03552969453292942
20260930,r13_a071,13,0.75,71,157,temperature,ambient,True,0,0.19686483937173732,0.00024244573325735153,0.5687968345474678,0.0006228315547061047
20260930,r13_a071,13,0.75,71,157,temperature,rock,True,0,0.09451813377626576,0.0002700556627526912,0.3257079506359706,0.0040100463702615885
20260930,r14_a024,14,0.25,24,54,sigmoid,macro,True,0,0.15546819478596285,0.002025786535655893,0.5000736773309309,0.030292644415410075
20260930,r14_a024,14,0.25,24,54,sigmoid,electronic,True,0,0.20211959467212376,0.03167054349746534,0.6811845955496262,0.15860166632369188
20260930,r14_a024,14,0.25,24,54,sigmoid,pop,True,0,0.15348839566593436,0.001038285591358018,0.4712128078837653,0.004543512706087216
20260930,r14_a024,14,0.25,24,54,sigmoid,ambient,True,0,0.1687305077497998,-0.027891885888680162,0.506360578047482,-0.06181342494527964
20260930,r14_a024,14,0.25,24,54,sigmoid,rock,True,0,0.09753428105599345,0.0032862029424803735,0.34153672784284983,0.01983882357714084
20260930,r14_a024,14,0.25,24,54,temperature,macro,True,0,0.1551332974722661,0.0016908892219591395,0.4855520823501729,0.015771049434652157
20260930,r14_a024,14,0.25,24,54,temperature,electronic,True,0,0.176044164446894,0.00559511327223558,0.5750365971032271,0.052453667877292776
20260930,r14_a024,14,0.25,24,54,temperature,pop,True,0,0.15382902850011196,0.0013789184255356135,0.4720106377601851,0.005341342582507014
20260930,r14_a024,14,0.25,24,54,temperature,ambient,True,0,0.19590516709709377,-0.0007172265413862011,0.5664359439534951,-0.001738059039266604
20260930,r14_a024,14,0.25,24,54,temperature,rock,True,0,0.09475482984496464,0.0005067517314515657,0.32872515058378443,0.007027246318075442
20260930,r14_a047,14,0.5,47,107,sigmoid,macro,True,0,0.1480469796246408,-0.0053954286256661585,0.46444832634029987,-0.005332706575220877
20260930,r14_a047,14,0.5,47,107,sigmoid,electronic,True,0,0.17766239845978535,0.007213347285126931,0.5719601076626611,0.04937717843672684
20260930,r14_a047,14,0.5,47,107,sigmoid,pop,True,0,0.15654085737973347,0.0040907473051571275,0.47600610218966105,0.009336807011982973
20260930,r14_a047,14,0.5,47,107,sigmoid,ambient,True,0,0.16299549836650534,-0.03362689527197463,0.4860625836136937,-0.08211141937906796
20260930,r14_a047,14,0.5,47,107,sigmoid,rock,True,0,0.09498916429253901,0.0007410861790259349,0.3237645118951836,0.002066607629474637
20260930,r14_a047,14,0.5,47,107,temperature,macro,True,0,0.15531051092838385,0.0018681026780768967,0.4809083087963807,0.01112727588085996
20260930,r14_a047,14,0.5,47,107,temperature,electronic,True,0,0.17379473173206514,0.0033456805574067217,0.553822524528707,0.03123959530277265
20260930,r14_a047,14,0.5,47,107,temperature,pop,True,0,0.15224475457005693,-0.00020535550451941664,0.4668319050163941,0.0001626098387160213
20260930,r14_a047,14,0.5,47,107,temperature,ambient,True,0,0.2009501530934573,0.00432775945497732,0.581156824701205,0.012982821708443337
20260930,r14_a047,14,0.5,47,107,temperature,rock,True,0,0.09425240431795603,4.326204442961501e-06,0.3218219809392168,0.00012407667350783358
20260930,r14_a071,14,0.75,71,165,sigmoid,macro,True,0,0.1438936167596531,-0.009548791490653848,0.4515172235416254,-0.01826380937389538
20260930,r14_a071,14,0.75,71,165,sigmoid,electronic,True,0,0.17244521948103708,0.001996168306378665,0.5432494265122915,0.020666497286357166
20260930,r14_a071,14,0.75,71,165,sigmoid,pop,True,0,0.14930774700743704,-0.0031423630671393032,0.46020972719097375,-0.006459567986704329
20260930,r14_a071,14,0.75,71,165,sigmoid,ambient,True,0,0.1595537085069778,-0.03706868513150216,0.4804061994175868,-0.08776780357517489
20260930,r14_a071,14,0.75,71,165,sigmoid,rock,True,0,0.09426779204316048,1.971392964740526e-05,0.3222035410456495,0.0005056367799405326
20260930,r14_a071,14,0.75,71,165,temperature,macro,True,0,0.1539352108339149,0.0004928025836079403,0.4750064757121295,0.00522544279660872
20260930,r14_a071,14,0.75,71,165,temperature,electronic,True,0,0.1726455121854417,0.002196461010783274,0.54356161449883,0.020978685272895703
20260930,r14_a071,14,0.75,71,165,temperature,pop,True,0,0.15256217874057024,0.00011206866599389187,0.46698376737291286,0.00031447219523478287
20260930,r14_a071,14,0.75,71,165,temperature,ambient,True,0,0.19626339513716531,-0.0003589985013146557,0.5672830687711561,-0.0008909342216055771
20260930,r14_a071,14,0.75,71,165,temperature,rock,True,0,0.09426975727248232,2.16791589692511e-05,0.32219745220561896,0.0004995479399099723
20260930,r15_a024,15,0.25,24,44,sigmoid,macro,True,0,0.15388376010524424,0.00044135185493727677,0.4958457995044463,0.026064766588925564
20260930,r15_a024,15,0.25,24,44,sigmoid,electronic,True,0,0.18728304046231314,0.016833989287654727,0.6486754582523847,0.1260925290264504
20260930,r15_a024,15,0.25,24,44,sigmoid,pop,True,0,0.14935503130598593,-0.0030950787685904146,0.4608815242987475,-0.005787770878930565
20260930,r15_a024,15,0.25,24,44,sigmoid,ambient,True,0,0.16287764976046568,-0.033744743878014294,0.4907403494413245,-0.07743365355143716
20260930,r15_a024,15,0.25,24,44,sigmoid,rock,True,0,0.11601931889221216,0.02177124077869909,0.38308586602532857,0.06138796175961958
20260930,r15_a024,15,0.25,24,44,temperature,macro,True,0,0.15698831143001052,0.0035459031797035467,0.4989822250148676,0.029201192099346893
20260930,r15_a024,15,0.25,24,44,temperature,electronic,True,0,0.18069438648230285,0.010245335307644432,0.625306137405708,0.10272320817977365
20260930,r15_a024,15,0.25,24,44,temperature,pop,True,0,0.15318691962363873,0.0007368095490623838,0.46923797195038386,0.00256867677270578
20260930,r15_a024,15,0.25,24,44,temperature,ambient,True,0,0.19964618874816928,0.003023795109689309,0.5768837614652111,0.00870975847244948
20260930,r15_a024,15,0.25,24,44,temperature,rock,True,0,0.09442575086593114,0.00017767275241806213,0.32450102923816765,0.0028031249724586593
20260930,r15_a047,15,0.5,47,109,sigmoid,macro,True,0,0.1456882312711451,-0.007754176979161823,0.4616180943530471,-0.008162938562473632
20260930,r15_a047,15,0.5,47,109,sigmoid,electronic,True,0,0.17432281945368,0.0038737682790215833,0.5601670643512923,0.037584135125357965
20260930,r15_a047,15,0.5,47,109,sigmoid,pop,True,0,0.15340580559322942,0.0009556955186530713,0.47711233666766245,0.010443041489984373
20260930,r15_a047,15,0.5,47,109,sigmoid,ambient,True,0,0.16034847978919384,-0.03627391384928613,0.48215276505667104,-0.08602123793609062
20260930,r15_a047,15,0.5,47,109,sigmoid,rock,True,0,0.09467582024847726,0.00042774213496418745,0.32704021133656275,0.005342307070853758
20260930,r15_a047,15,0.5,47,109,temperature,macro,True,0,0.1560365603186063,0.0025941520682993477,0.48634436538517656,0.016563332469655814
20260930,r15_a047,15,0.5,47,109,temperature,electronic,True,0,0.17456769549239734,0.004118644317738923,0.5609209811845272,0.038338051958592856
20260930,r15_a047,15,0.5,47,109,temperature,pop,True,0,0.1559300856393118,0.003479975564735449,0.4829786689228245,0.016309373745146405
20260930,r15_a047,15,0.5,47,109,temperature,ambient,True,0,0.19907917278095605,0.0024567791424760788,0.5751134943589076,0.006939491366145911
20260930,r15_a047,15,0.5,47,109,temperature,rock,True,0,0.09456928736176001,0.00032120924824693975,0.3263643170744471,0.004666412808738085
20260930,r15_a071,15,0.75,71,155,sigmoid,macro,True,0,0.14580552530524288,-0.00763688294506408,0.45786706757006623,-0.011913965345454525
20260930,r15_a071,15,0.75,71,155,sigmoid,electronic,True,0,0.1731119937254799,0.0026629425508214732,0.5486500014085348,0.026067072182600515
20260930,r15_a071,15,0.75,71,155,sigmoid,pop,True,0,0.15185036813832112,-0.000599741936255227,0.46555015744864275,-0.0011191377290353244
20260930,r15_a071,15,0.75,71,155,sigmoid,ambient,True,0,0.16327833735324898,-0.03334405628523099,0.4934461004198213,-0.07472790257294037
20260930,r15_a071,15,0.75,71,155,sigmoid,rock,True,0,0.0949814020039215,0.0007333238904084216,0.3238220110032661,0.0021241067375570855
20260930,r15_a071,15,0.75,71,155,temperature,macro,True,0,0.1550912945698278,0.0016488863195208356,0.4792305387545047,0.009449505838983963
20260930,r15_a071,15,0.75,71,155,temperature,electronic,True,0,0.17322631385911616,0.002777262684457743,0.5487104987400434,0.026127569514109106
20260930,r15_a071,15,0.75,71,155,temperature,pop,True,0,0.15267579573699178,0.0002256856624154313,0.46734268990151717,0.0006733947238390936
20260930,r15_a071,15,0.75,71,155,temperature,ambient,True,0,0.20019151142846534,0.0035691177899853654,0.5786375423789941,0.010463539386232457
20260930,r15_a071,15,0.75,71,155,temperature,rock,True,0,0.09427155725473788,2.3479141224802547e-05,0.3222314239974642,0.0005335197317551943
20260930,r16_a024,16,0.25,24,59,sigmoid,macro,True,0,0.1519655770665445,-0.0014768311837624545,0.5250191073657463,0.05523807445022559
20260930,r16_a024,16,0.25,24,59,sigmoid,electronic,True,0,0.17342779780473586,0.002978746630077439,0.5515937679789433,0.029010838753009027
20260930,r16_a024,16,0.25,24,59,sigmoid,pop,True,0,0.16795314204870349,0.01550303197412714,0.6294268165006112,0.16275752132293309
20260930,r16_a024,16,0.25,24,59,sigmoid,ambient,True,0,0.16209215550218098,-0.03453023813629899,0.4885211160901467,-0.07965288690261496
20260930,r16_a024,16,0.25,24,59,sigmoid,rock,True,0,0.10438921291055767,0.010141134797044593,0.4305347288932842,0.10883682462757521
20260930,r16_a024,16,0.25,24,59,temperature,macro,True,0,0.1614100111550859,0.00796760290477895,0.5440794296829573,0.07429839676743655
20260930,r16_a024,16,0.25,24,59,temperature,electronic,True,0,0.17345503254798159,0.003005981373323169,0.5507575912141653,0.028174661988231042
20260930,r16_a024,16,0.25,24,59,temperature,pop,True,0,0.17119511502731136,0.01874500495273501,0.6425234024374543,0.17585410725977624
20260930,r16_a024,16,0.25,24,59,temperature,ambient,True,0,0.20210766855692341,0.005485274918443445,0.5851699765313836,0.016995973538621922
20260930,r16_a024,16,0.25,24,59,temperature,rock,True,0,0.09888222848812725,0.0046341503746141766,0.397866748548826,0.07616884428311699
20260930,r16_a047,16,0.5,47,119,sigmoid,macro,True,0,0.14715300472686904,-0.006289403523437924,0.4727412856307353,0.0029602527152145786
20260930,r16_a047,16,0.5,47,119,sigmoid,electronic,True,0,0.17415123623730477,0.003702185062646357,0.5600959110982554,0.037512981872321105
20260930,r16_a047,16,0.5,47,119,sigmoid,pop,True,0,0.1524377507927478,-1.2359281828550062e-05,0.47595783542075776,0.00928854024307968
20260930,r16_a047,16,0.5,47,119,sigmoid,ambient,True,0,0.16513959520481764,-0.031482798433662335,0.49966414198498044,-0.06850986100778123
20260930,r16_a047,16,0.5,47,119,sigmoid,rock,True,0,0.0968834366726059,0.002635358559092832,0.35524725401894774,0.033549349753238755
20260930,r16_a047,16,0.5,47,119,temperature,macro,True,0,0.15753300820528385,0.0040905999549768896,0.49715970788995856,0.02737867497443784
20260930,r16_a047,16,0.5,47,119,temperature,electronic,True,0,0.17451877402512822,0.0040697228504698035,0.5604661928247227,0.03788326359878835
20260930,r16_a047,16,0.5,47,119,temperature,pop,True,0,0.15659231688738773,0.004142206812811383,0.48693686291209715,0.020267567734419067
20260930,r16_a047,16,0.5,47,119,temperature,ambient,True,0,0.20241090926433683,0.00578851562585686,0.5862539319110054,0.018079928918243726
20260930,r16_a047,16,0.5,47,119,temperature,rock,True,0,0.09661003264428258,0.002361954530769511,0.3549818439120092,0.03328393964630022
20260930,r16_a071,16,0.75,71,170,sigmoid,macro,True,0,0.14705683227490363,-0.006385575975403339,0.47012896746221305,0.00034793454669235224
20260930,r16_a071,16,0.75,71,170,sigmoid,electronic,True,0,0.17469381711134227,0.004244765936683853,0.5622753175114489,0.03969238828551458
20260930,r16_a071,16,0.75,71,170,sigmoid,pop,True,0,0.15316897750745886,0.0007188674328825195,0.47157253088178924,0.004903235704111164
20260930,r16_a071,16,0.75,71,170,sigmoid,ambient,True,0,0.16420607506097076,-0.03241631857750921,0.49756584043393615,-0.07060816255882552
20260930,r16_a071,16,0.75,71,170,sigmoid,rock,True,0,0.09615845941984255,0.0019103813063294783,0.34910218102167817,0.02740427675596918
20260930,r16_a071,16,0.75,71,170,temperature,macro,True,0,0.1570373704894965,0.003594962239189557,0.49314735791593156,0.02336632500041079
20260930,r16_a071,16,0.75,71,170,temperature,electronic,True,0,0.1744473389621261,0.003998287787467691,0.5598035027716314,0.03722057354569708
20260930,r16_a071,16,0.75,71,170,temperature,pop,True,0,0.15430012728192427,0.001850017207347926,0.47424118111113006,0.007571885933451983
20260930,r16_a071,16,0.75,71,170,temperature,ambient,True,0,0.20313275187290553,0.006510358234425556,0.5888872128622569,0.020713209869495208
20260930,r16_a071,16,0.75,71,170,temperature,rock,True,0,0.09626926384103013,0.0020211857275170553,0.3496575349187079,0.02795963065299889
20260930,r17_a024,17,0.25,24,58,sigmoid,macro,True,0,0.14994108782492935,-0.003501320425377614,0.4709850691760191,0.0012040362604983368
20260930,r17_a024,17,0.25,24,58,sigmoid,electronic,True,0,0.1746754620943681,0.004226410919709683,0.5636504687359235,0.041067539509989204
20260930,r17_a024,17,0.25,24,58,sigmoid,pop,True,0,0.16558822632313278,0.01313811624855643,0.49782661946717954,0.031157324289501465
20260930,r17_a024,17,0.25,24,58,sigmoid,ambient,True,0,0.16450366979041436,-0.032118723848065606,0.49931516443063284,-0.06885883856212882
20260930,r17_a024,17,0.25,24,58,sigmoid,rock,True,0,0.09499699309180211,0.0007489149782890364,0.3231480240703405,0.0014501198046315
20260930,r17_a024,17,0.25,24,58,temperature,macro,True,0,0.1549420206959686,0.0014996124456616577,0.4814609791309677,0.011679946215446907
20260930,r17_a024,17,0.25,24,58,temperature,electronic,True,0,0.17480604338369415,0.004356992209035737,0.5631480095726357,0.040565080346701365
20260930,r17_a024,17,0.25,24,58,temperature,pop,True,0,0.15269588851517976,0.0002457784406034169,0.46945131980378396,0.0027820246261058834
20260930,r17_a024,17,0.25,24,58,temperature,ambient,True,0,0.19736082521244433,0.0007384315739643599,0.5701186220641723,0.001944619071410636
20260930,r17_a024,17,0.25,24,58,temperature,rock,True,0,0.09490532567255619,0.000657247559043117,0.32312596508327873,0.001428060817569743
20260930,r17_a047,17,0.5,47,99,sigmoid,macro,True,0,0.1479717075458855,-0.005470700704421461,0.469033222180939,-0.0007478107345817442
20260930,r17_a047,17,0.5,47,99,sigmoid,electronic,True,0,0.1767291428810158,0.006280091706357377,0.5847319594659722,0.06214903024003793
20260930,r17_a047,17,0.5,47,99,sigmoid,pop,True,0,0.15453848468124165,0.0020883746066653053,0.47376469185071757,0.007095396673039489
20260930,r17_a047,17,0.5,47,99,sigmoid,ambient,True,0,0.15976170682904672,-0.036860686809433246,0.48002121546387394,-0.08815278752888772
20260930,r17_a047,17,0.5,47,99,sigmoid,rock,True,0,0.1008574957922378,0.006609417678724722,0.3376150219431923,0.015917117677483328
20260930,r17_a047,17,0.5,47,99,temperature,macro,True,0,0.15519022928138682,0.0017478210310798853,0.4851782628071032,0.015397229891582487
20260930,r17_a047,17,0.5,47,99,temperature,electronic,True,0,0.1764843180555255,0.006035266880867085,0.5794005703446823,0.056817641118747986
20260930,r17_a047,17,0.5,47,99,temperature,pop,True,0,0.1529092924707571,0.0004591823961807573,0.4704462064291671,0.0037769112514890457
20260930,r17_a047,17,0.5,47,99,temperature,ambient,True,0,0.19647961173609596,-0.00014278190238400934,0.5678149865061962,-0.0003590164865654444
20260930,r17_a047,17,0.5,47,99,temperature,rock,True,0,0.09488769486316878,0.0006396167496557081,0.32305128794836735,0.00135338368265836
20260930,r17_a071,17,0.75,71,164,sigmoid,macro,True,0,0.14630326401278737,-0.007139144237519587,0.4666894682271439,-0.003091564688376902
20260930,r17_a071,17,0.75,71,164,sigmoid,electronic,True,0,0.17778773677264137,0.007338685597982952,0.5950180896437963,0.07243516041786202
20260930,r17_a071,17,0.75,71,164,sigmoid,pop,True,0,0.15150054145524772,-0.0009495686193286279,0.4646301607330106,-0.0020391344446674675
20260930,r17_a071,17,0.75,71,164,sigmoid,ambient,True,0,0.16049760638642604,-0.036124787252053925,0.4824843637562094,-0.08568963923655226
20260930,r17_a071,17,0.75,71,164,sigmoid,rock,True,0,0.09542717143683432,0.0011790933233212508,0.3246252587755591,0.0029273545098500997
20260930,r17_a071,17,0.75,71,164,temperature,macro,True,0,0.15573108595237523,0.002288677702068271,0.4884470627740639,0.018666029858543154
20260930,r17_a071,17,0.75,71,164,temperature,electronic,True,0,0.17773015600554784,0.007281104830889423,0.5921735605599008,0.06959063133396648
20260930,r17_a071,17,0.75,71,164,temperature,pop,True,0,0.15239646487212472,-5.364520245162985e-05,0.46653961846878045,-0.00012967670889763028
20260930,r17_a071,17,0.75,71,164,temperature,ambient,True,0,0.1985533453091287,0.0019309516706487173,0.5735230973672489,0.005349094374487273
20260930,r17_a071,17,0.75,71,164,temperature,rock,True,0,0.09424437762269965,-3.7004908134269376e-06,0.3215519747003255,-0.00014592956538350688
20260930,r18_a024,18,0.25,24,76,sigmoid,macro,True,0,0.15467254372384345,0.0012301354735364915,0.5199753971562594,0.050194364240738656
20260930,r18_a024,18,0.25,24,76,sigmoid,electronic,True,0,0.18529067477361139,0.014841623598952969,0.6469347527895043,0.12435182356357
20260930,r18_a024,18,0.25,24,76,sigmoid,pop,True,0,0.17852406092472492,0.026073950850148575,0.6280757003568147,0.16140640517913662
20260930,r18_a024,18,0.25,24,76,sigmoid,ambient,True,0,0.15999396174573774,-0.03662843189274223,0.4820158095307794,-0.08615819346198228
20260930,r18_a024,18,0.25,24,76,sigmoid,rock,True,0,0.09488147745129973,0.0006333993377866526,0.3228753259479393,0.001177421682230284
20260930,r18_a024,18,0.25,24,76,temperature,macro,True,0,0.15964405413198124,0.006201645881674281,0.521192477123555,0.05141144420803431
20260930,r18_a024,18,0.25,24,76,temperature,electronic,True,0,0.17962824508192662,0.009179193907268207,0.6129193399718175,0.09033641074588317
20260930,r18_a024,18,0.25,24,76,temperature,pop,True,0,0.16676159201034527,0.014311481935768922,0.5786062712966402,0.11193697611896214
20260930,r18_a024,18,0.25,24,76,temperature,ambient,True,0,0.19794282517602454,0.0013204315375445752,0.5717429616006311,0.0035689586078694324
20260930,r18_a024,18,0.25,24,76,temperature,rock,True,0,0.09424355425962849,-4.523853884580431e-06,0.3215013356251315,-0.00019656864057748802
20260930,r18_a047,18,0.5,47,119,sigmoid,macro,True,0,0.1487878017475508,-0.004654606502756162,0.47571969312065543,0.005938660205134644
20260930,r18_a047,18,0.5,47,119,sigmoid,electronic,True,0,0.17564586851724892,0.005196817342590504,0.5689643653119464,0.046381436086012084
20260930,r18_a047,18,0.5,47,119,sigmoid,pop,True,0,0.16060645360409143,0.008156343529515081,0.5051517315964967,0.038482436418818655
20260930,r18_a047,18,0.5,47,119,sigmoid,ambient,True,0,0.16252055639463045,-0.03410183724384952,0.4895102063700944,-0.07866379662266726
20260930,r18_a047,18,0.5,47,119,sigmoid,rock,True,0,0.09637832847423236,0.002130250360719288,0.3392524692040841,0.017554564938375095
20260930,r18_a047,18,0.5,47,119,temperature,macro,True,0,0.15665974923840958,0.003217340988102637,0.49316042473211635,0.023379391816595624
20260930,r18_a047,18,0.5,47,119,temperature,electronic,True,0,0.17523505753302943,0.004786006358371009,0.5672052023668985,0.04462227314096423
20260930,r18_a047,18,0.5,47,119,temperature,pop,True,0,0.1586208294502691,0.006170719375692746,0.500463680063297,0.03379438488561892
20260930,r18_a047,18,0.5,47,119,temperature,ambient,True,0,0.1976061686519521,0.0009837750134721324,0.5707942229214193,0.0026202199286576855
20260930,r18_a047,18,0.5,47,119,temperature,rock,True,0,0.09517694131838773,0.0009288632048746609,0.33417859357685065,0.012480689311141657
20260930,r18_a071,18,0.75,71,182,sigmoid,macro,True,0,0.14531707288646503,-0.008125335363841916,0.46002849686644304,-0.009752536049077748
20260930,r18_a071,18,0.75,71,182,sigmoid,electronic,True,0,0.1732176994543868,0.0027686482797283918,0.5490956968260369,0.02651276760010257
20260930,r18_a071,18,0.75,71,182,sigmoid,pop,True,0,0.1520461956890381,-0.00040391438553824544,0.46610517036398913,-0.0005641248136889487
20260930,r18_a071,18,0.75,71,182,sigmoid,ambient,True,0,0.15976951976153442,-0.03685287387694555,0.4803098610977048,-0.08786414189505687
20260930,r18_a071,18,0.75,71,182,sigmoid,rock,True,0,0.09623487664090082,0.0019867985273877425,0.34460325917804124,0.022905354912332254
20260930,r18_a071,18,0.75,71,182,temperature,macro,True,0,0.15493682657787722,0.0014944183275702634,0.48293516506278944,0.013154132147268668
20260930,r18_a071,18,0.75,71,182,temperature,electronic,True,0,0.17328683401225092,0.0028377828375925063,0.549250961349877,0.026668032123942753
20260930,r18_a071,18,0.75,71,182,temperature,pop,True,0,0.15277666574808726,0.00032655567351091985,0.46768540834562533,0.0010161131679472524
20260930,r18_a071,18,0.75,71,182,temperature,ambient,True,0,0.19784018573541573,0.0012177920969357603,0.5714511337447097,0.003277130751948021
20260930,r18_a071,18,0.75,71,182,temperature,rock,True,0,0.09584362081575494,0.0015955427022418672,0.34335315681094564,0.021655252545236647
20260930,r19_a024,19,0.25,24,66,sigmoid,macro,True,0,0.15136685912546513,-0.0020755491248418342,0.4918239585793712,0.022042925663850466
20260930,r19_a024,19,0.25,24,66,sigmoid,electronic,True,0,0.19524370194354074,0.02479465076888232,0.674913417480951,0.15233048825501672
20260930,r19_a024,19,0.25,24,66,sigmoid,pop,True,0,0.15672624998578377,0.004276139911207427,0.480833210630633,0.014163915452954923
20260930,r19_a024,19,0.25,24,66,sigmoid,ambient,True,0,0.1585481502224341,-0.03807424341604587,0.4802117152227654,-0.08796228776999626
20260930,r19_a024,19,0.25,24,66,sigmoid,rock,True,0,0.09494933435010186,0.0007012562365887876,0.3313374909831355,0.009639586717426485
20260930,r19_a024,19,0.25,24,66,temperature,macro,True,0,0.1556121224709459,0.0021697142206389547,0.4937497695792986,0.02396873666377783
20260930,r19_a024,19,0.25,24,66,temperature,electronic,True,0,0.17880854493715648,0.00835949376249806,0.6037614522119644,0.08117852298603012
20260930,r19_a024,19,0.25,24,66,temperature,pop,True,0,0.15458692742449948,0.0021368173499231313,0.4756687305272388,0.008999435349560714
20260930,r19_a024,19,0.25,24,66,temperature,ambient,True,0,0.19402746545774627,-0.002594928180733702,0.5633705750249666,-0.004803427967795093
20260930,r19_a024,19,0.25,24,66,temperature,rock,True,0,0.0950255520643814,0.0007774739508683293,0.33219832055302456,0.010500416287315573
20260930,r19_a047,19,0.5,47,127,sigmoid,macro,True,0,0.14670360699512652,-0.006738801255180428,0.4655426616752347,-0.004238371240286046
20260930,r19_a047,19,0.5,47,127,sigmoid,electronic,True,0,0.17572763829317598,0.005278587118517558,0.5723707237685763,0.04978779454264204
20260930,r19_a047,19,0.5,47,127,sigmoid,pop,True,0,0.1554098188839723,0.0029597088093959445,0.4751036222401503,0.008434327062472213
20260930,r19_a047,19,0.5,47,127,sigmoid,ambient,True,0,0.1607106338190048,-0.03591175981947517,0.48354341652792787,-0.08463058646483379
20260930,r19_a047,19,0.5,47,127,sigmoid,rock,True,0,0.09496633698435303,0.0007182588708399551,0.33115288416428434,0.009454979898575355
20260930,r19_a047,19,0.5,47,127,temperature,macro,True,0,0.15553499748371524,0.0020925892334082777,0.48676597088884177,0.016984937973321013
20260930,r19_a047,19,0.5,47,127,temperature,electronic,True,0,0.17578800589508678,0.005338954720428363,0.5725310194597757,0.04994809023384139
20260930,r19_a047,19,0.5,47,127,temperature,pop,True,0,0.15266292845813287,0.00021281838355652338,0.4692914105653814,0.0026221153877032943
20260930,r19_a047,19,0.5,47,127,temperature,ambient,True,0,0.19874503623897083,0.0021226426004908594,0.5740969648541976,0.005922961861435927
20260930,r19_a047,19,0.5,47,127,temperature,rock,True,0,0.09494401934267044,0.0006959412291573652,0.3311444886760124,0.009446584410303438
20260930,r19_a071,19,0.75,71,180,sigmoid,macro,True,0,0.14647209779483428,-0.00697031045547267,0.4618127656537505,-0.007968267261770273
20260930,r19_a071,19,0.75,71,180,sigmoid,electronic,True,0,0.17497275531878315,0.004523704144124729,0.5620340321914001,0.039451102965465834
20260930,r19_a071,19,0.75,71,180,sigmoid,pop,True,0,0.15411538658863075,0.0016652765140544035,0.4703278904053835,0.003658595227705397
20260930,r19_a071,19,0.75,71,180,sigmoid,ambient,True,0,0.16219209655399558,-0.03443029708448439,0.4885315026455719,-0.07964250034718978
20260930,r19_a071,19,0.75,71,180,sigmoid,rock,True,0,0.09460815271792765,0.00036007460441457584,0.32635763737264645,0.004659733106937458
20260930,r19_a071,19,0.75,71,180,temperature,macro,True,0,0.1546770404252214,0.0012346321749144434,0.48084122145249314,0.011060188536972312
20260930,r19_a071,19,0.75,71,180,temperature,electronic,True,0,0.17455731395103197,0.00410826277637355,0.5608244062117761,0.038241476985841794
20260930,r19_a071,19,0.75,71,180,temperature,pop,True,0,0.15228061942407203,-0.00016949065050431145,0.4663559909681625,-0.0003133042095155858
20260930,r19_a071,19,0.75,71,180,temperature,ambient,True,0,0.1973143967900249,0.0006920031515449399,0.5699923374245203,0.0018183344317586059
20260930,r19_a071,19,0.75,71,180,temperature,rock,True,0,0.09455583153575667,0.00030775342224359514,0.3261921512055134,0.004494246939804436
20260930,r20_a024,20,0.25,24,56,sigmoid,macro,True,0,0.15131187941612553,-0.002130528834181449,0.4819560715066955,0.012175038591174775
20260930,r20_a024,20,0.25,24,56,sigmoid,electronic,True,0,0.18133089492788743,0.010881843753229009,0.5976483651546266,0.0750654359286923
20260930,r20_a024,20,0.25,24,56,sigmoid,pop,True,0,0.156235351823243,0.003785241748666651,0.48294032129827336,0.016271026120595278
20260930,r20_a024,20,0.25,24,56,sigmoid,ambient,True,0,0.17201885722688542,-0.024603536411594545,0.5217714517297156,-0.046402551263046043
20260930,r20_a024,20,0.25,24,56,sigmoid,rock,True,0,0.09566241368648616,0.0014143355729730883,0.32546414784416655,0.003766243578457562
20260930,r20_a024,20,0.25,24,56,temperature,macro,True,0,0.15549705988991355,0.0020546516396065806,0.490263006572283,0.02048197365676227
20260930,r20_a024,20,0.25,24,56,temperature,electronic,True,0,0.17784684170157897,0.00739779052692055,0.5934029832240874,0.07082005399815305
20260930,r20_a024,20,0.25,24,56,temperature,pop,True,0,0.15565303349234602,0.0032029234177696764,0.48139060096498015,0.014721305787302075
20260930,r20_a024,20,0.25,24,56,temperature,ambient,True,0,0.19417994352766615,-0.0024424501108138152,0.5634092143887919,-0.004764788603969783
20260930,r20_a024,20,0.25,24,56,temperature,rock,True,0,0.09430842083806298,6.0342724549911075e-05,0.3228492277112727,0.0011513234455637344
20260930,r20_a047,20,0.5,47,130,sigmoid,macro,True,0,0.14820249477376884,-0.005239913476538089,0.4776101489267043,0.007829116011183537
20260930,r20_a047,20,0.5,47,130,sigmoid,electronic,True,0,0.17968529997169091,0.009236248797032498,0.6171524277860709,0.09456949856013663
20260930,r20_a047,20,0.5,47,130,sigmoid,pop,True,0,0.14850699836869033,-0.0039431117058860155,0.4592304403801785,-0.007438854797499561
20260930,r20_a047,20,0.5,47,130,sigmoid,ambient,True,0,0.16372816513880878,-0.03289422849967119,0.49241668213194767,-0.07575732086081399
20260930,r20_a047,20,0.5,47,130,sigmoid,rock,True,0,0.10088951561588543,0.006641437502372352,0.34164104540862006,0.01994314114291107
20260930,r20_a047,20,0.5,47,130,temperature,macro,True,0,0.15557809507103215,0.0021356868207252216,0.4935897871506359,0.02380875423511508
20260930,r20_a047,20,0.5,47,130,temperature,electronic,True,0,0.1801103614520801,0.009661310277421675,0.618452667621918,0.09586973839598367
20260930,r20_a047,20,0.5,47,130,temperature,pop,True,0,0.15317310595538514,0.0007229958808087911,0.4691823983005973,0.002513103122919247
20260930,r20_a047,20,0.5,47,130,temperature,ambient,True,0,0.1947335066056972,-0.0018888870327827822,0.5640808938588525,-0.004093109133909145
20260930,r20_a047,20,0.5,47,130,temperature,rock,True,0,0.09429540627096628,4.732815745320251e-05,0.32264318882117554,0.0009452845554665523
20260930,r20_a071,20,0.75,71,185,sigmoid,macro,True,0,0.14716768781721257,-0.006274720433094377,0.4626232792852808,-0.00715775363023996
20260930,r20_a071,20,0.75,71,185,sigmoid,electronic,True,0,0.17373495893586657,0.0032859077612081566,0.5556615107776636,0.03307858155172927
20260930,r20_a071,20,0.75,71,185,sigmoid,pop,True,0,0.15822349764855462,0.0057733875739782725,0.48118350654823117,0.014514211370553087
20260930,r20_a071,20,0.75,71,185,sigmoid,ambient,True,0,0.16169891241457948,-0.03492348122390049,0.48722907633216206,-0.0809449266605996
20260930,r20_a071,20,0.75,71,185,sigmoid,rock,True,0,0.09501338226984962,0.0007653041563365492,0.3264190234830664,0.004721119217357406
20260930,r20_a071,20,0.75,71,185,temperature,macro,True,0,0.15500298933288092,0.0015605810825739669,0.48085098216823174,0.011069949252711056
20260930,r20_a071,20,0.75,71,185,temperature,electronic,True,0,0.17408417469422569,0.003635123519567268,0.5564593686518884,0.033876439425954086
20260930,r20_a071,20,0.75,71,185,temperature,pop,True,0,0.1531814258666994,0.000731315792123044,0.46921584630074487,0.002546551123066787
20260930,r20_a071,20,0.75,71,185,temperature,ambient,True,0,0.19828241385907708,0.0016600202205971082,0.5727239835927872,0.004549980600025538
20260930,r20_a071,20,0.75,71,185,temperature,rock,True,0,0.09446394291152152,0.00021586479800844716,0.3250047301275068,0.003306825861797813
20260930,r21_a024,21,0.25,24,56,sigmoid,macro,True,0,0.15514659150067367,0.0017041832503667496,0.5157825195742153,0.04600148665869451
20260930,r21_a024,21,0.25,24,56,sigmoid,electronic,True,0,0.17970815142843796,0.009259100253779545,0.6172703101027814,0.09468738087684714
20260930,r21_a024,21,0.25,24,56,sigmoid,pop,True,0,0.15570739067581346,0.003257280601237117,0.48040569594223537,0.013736400764557288
20260930,r21_a024,21,0.25,24,56,sigmoid,ambient,True,0,0.186113240877741,-0.010509152760738966,0.5739242628928982,0.005750259900136556
20260930,r21_a024,21,0.25,24,56,sigmoid,rock,True,0,0.09905758302070237,0.004809504907189302,0.39152980935894605,0.06983190509323706
20260930,r21_a024,21,0.25,24,56,temperature,macro,True,0,0.15841894404953133,0.004976535799224368,0.5163038805104935,0.04652284759497276
20260930,r21_a024,21,0.25,24,56,temperature,electronic,True,0,0.17985255072989634,0.00940349955523792,0.6154799475605014,0.0928970183345671
20260930,r21_a024,21,0.25,24,56,temperature,pop,True,0,0.15530896176852518,0.0028588516939488384,0.47947529402066746,0.012805998842989386
20260930,r21_a024,21,0.25,24,56,temperature,ambient,True,0,0.19987196098161375,0.00324956734313378,0.5776039019750218,0.009429898982260099
20260930,r21_a024,21,0.25,24,56,temperature,rock,True,0,0.09864230271809,0.004394224604576932,0.39265637848578344,0.07095847422007445
20260930,r21_a047,21,0.5,47,109,sigmoid,macro,True,0,0.15520158620313446,0.0017591779528275259,0.4980676512399797,0.02828661832445893
20260930,r21_a047,21,0.5,47,109,sigmoid,electronic,True,0,0.17822685355214601,0.007777802377487597,0.5776902619953789,0.05510733276944457
20260930,r21_a047,21,0.5,47,109,sigmoid,pop,True,0,0.16421328224893322,0.011763172174356878,0.49397005842990677,0.027300763252228688
20260930,r21_a047,21,0.5,47,109,sigmoid,ambient,True,0,0.1822362824372226,-0.014386111201257379,0.5764116290944863,0.008237626101724627
20260930,r21_a047,21,0.5,47,109,sigmoid,rock,True,0,0.09612992657423608,0.0018818484607230068,0.34419865544014683,0.02250075117443784
20260930,r21_a047,21,0.5,47,109,temperature,macro,True,0,0.1569405855250765,0.003498177274769535,0.49283922629607396,0.02305819338055322
20260930,r21_a047,21,0.5,47,109,temperature,electronic,True,0,0.17532818595664038,0.004879134781981959,0.5680944324214504,0.04551150319551611
20260930,r21_a047,21,0.5,47,109,temperature,pop,True,0,0.1525256069879925,7.54969134161565e-05,0.4668759795924404,0.0002066844147623481
20260930,r21_a047,21,0.5,47,109,temperature,ambient,True,0,0.20400490790819256,0.007382514269712592,0.5921666716282604,0.02399266863549876
20260930,r21_a047,21,0.5,47,109,temperature,rock,True,0,0.0959036412474805,0.0016555631339674332,0.34421982154214464,0.022521917276435655
20260930,r21_a071,21,0.75,71,155,sigmoid,macro,True,0,0.1504402208286599,-0.0030021874216470505,0.46986712245683326,8.60895413124646e-05
20260930,r21_a071,21,0.75,71,155,sigmoid,electronic,True,0,0.1733017728536369,0.002852721678978487,0.5438181754701437,0.02123524624420936
20260930,r21_a071,21,0.75,71,155,sigmoid,pop,True,0,0.16102029166949,0.008570181594913656,0.48611181967111133,0.019442524493433255
20260930,r21_a071,21,0.75,71,155,sigmoid,ambient,True,0,0.17303486619350453,-0.023587527444975442,0.5255437978123205,-0.04263020518044114
20260930,r21_a071,21,0.75,71,155,sigmoid,rock,True,0,0.09440395259800817,0.0001558744844950971,0.32399469687375737,0.0022967926080483814
20260930,r21_a071,21,0.75,71,155,temperature,macro,True,0,0.15399010791514414,0.0005476996648371701,0.4749960969182493,0.005215064002728545
20260930,r21_a071,21,0.75,71,155,temperature,electronic,True,0,0.17232504272541865,0.0018759915507602365,0.5407420827764539,0.018159153550519558
20260930,r21_a071,21,0.75,71,155,temperature,pop,True,0,0.15235871136796011,-9.139870661623029e-05,0.4664606384520821,-0.00020865672559600146
20260930,r21_a071,21,0.75,71,155,temperature,ambient,True,0,0.1968949781385356,0.0002725845000556282,0.56887537360308,0.0007013706103183859
20260930,r21_a071,21,0.75,71,155,temperature,rock,True,0,0.09438169942866212,0.00013362131514904618,0.3239062928413812,0.0022083885756722377
20260930,r22_a024,22,0.25,24,55,sigmoid,macro,True,0,0.172131875674567,0.01868946742426004,0.6162271300012292,0.14644609708570847
20260930,r22_a024,22,0.25,24,55,sigmoid,electronic,True,0,0.17356565050058712,0.0031165993259286984,0.5545765278594884,0.03199359863355411
20260930,r22_a024,22,0.25,24,55,sigmoid,pop,True,0,0.19874283042429972,0.04629272034972337,0.6149849918496245,0.14831569667194644
20260930,r22_a024,22,0.25,24,55,sigmoid,ambient,True,0,0.20912175191252919,0.012499358274049216,0.7281393490679041,0.15996534607514246
20260930,r22_a024,22,0.25,24,55,sigmoid,rock,True,0,0.10709726986085195,0.012849191747338881,0.5672076512278998,0.24550974696219086
20260930,r22_a024,22,0.25,24,55,temperature,macro,True,0,0.15651786471352094,0.0030754564632139818,0.5266502089286378,0.0568691760131171
20260930,r22_a024,22,0.25,24,55,temperature,electronic,True,0,0.17398743217863147,0.0035383810039730512,0.5555753211375996,0.03299239191166525
20260930,r22_a024,22,0.25,24,55,temperature,pop,True,0,0.15482248854302444,0.002372378468448094,0.47687800285010123,0.010208707672423156
20260930,r22_a024,22,0.25,24,55,temperature,ambient,True,0,0.19458569882969035,-0.002036694808789624,0.5638546674492009,-0.004319335543560787
20260930,r22_a024,22,0.25,24,55,temperature,rock,True,0,0.10267583930273748,0.008427761189224406,0.5102928442776498,0.18859494001194077
20260930,r22_a047,22,0.5,47,102,sigmoid,macro,True,0,0.1494197496257723,-0.004022658624534648,0.4675639675375347,-0.0022170653779860633
20260930,r22_a047,22,0.5,47,102,sigmoid,electronic,True,0,0.17403734911092586,0.0035882979362674428,0.5563172750069164,0.03373434578098211
20260930,r22_a047,22,0.5,47,102,sigmoid,pop,True,0,0.16872246189863271,0.01627235182405637,0.5051916711300805,0.03852237595240238
20260930,r22_a047,22,0.5,47,102,sigmoid,ambient,True,0,0.15997950616728648,-0.036642887471193486,0.4815821727292937,-0.08659183026346795
20260930,r22_a047,22,0.5,47,102,sigmoid,rock,True,0,0.09493968132624415,0.0006916032127310817,0.3271647512838482,0.005466847018139209
20260930,r22_a047,22,0.5,47,102,temperature,macro,True,0,0.1539437641231215,0.0005013558728145587,0.47828732194916773,0.008506289033647016
20260930,r22_a047,22,0.5,47,102,temperature,electronic,True,0,0.17406436953078,0.003615318356121583,0.5562781594881835,0.03369523026224919
20260930,r22_a047,22,0.5,47,102,temperature,pop,True,0,0.15233853402904127,-0.00011157604553507783,0.46642414619883626,-0.00024514897884181375
20260930,r22_a047,22,0.5,47,102,temperature,ambient,True,0,0.19481296550528088,-0.0018094281331990925,0.5642118649089335,-0.0039621380838281706
20260930,r22_a047,22,0.5,47,102,temperature,rock,True,0,0.0945591874273839,0.0003111093138708221,0.32623511720071785,0.004537212935008861
20260930,r22_a071,22,0.75,71,174,sigmoid,macro,True,0,0.14653910308632023,-0.0069033051639867185,0.459739612991983,-0.010041419923537728
20260930,r22_a071,22,0.75,71,174,sigmoid,electronic,True,0,0.17251732793541819,0.0020682767607597685,0.5421825512512327,0.019599622025298413
20260930,r22_a071,22,0.75,71,174,sigmoid,pop,True,0,0.15447185647781445,0.0020217464032381005,0.47119391215622825,0.004524616978550167
20260930,r22_a071,22,0.75,71,174,sigmoid,ambient,True,0,0.1645077556108449,-0.03211463802763506,0.4993770079963726,-0.06879699499638908
20260930,r22_a071,22,0.75,71,174,sigmoid,rock,True,0,0.09465947232120339,0.00041139420769031876,0.3262049805640986,0.0045070762983895896
20260930,r22_a071,22,0.75,71,174,temperature,macro,True,0,0.15492565430793223,0.001483246057625287,0.4784779375083133,0.00869690459279257
20260930,r22_a071,22,0.75,71,174,temperature,electronic,True,0,0.17247823636277906,0.002029185188120647,0.5420886699024334,0.019505740676499128
20260930,r22_a071,22,0.75,71,174,temperature,pop,True,0,0.15224435510327244,-0.00020575497130390086,0.4663785610406183,-0.00029073413705976714
20260930,r22_a071,22,0.75,71,174,temperature,ambient,True,0,0.20043976073191863,0.0038173670934386617,0.5794519383333313,0.011277935340569645
20260930,r22_a071,22,0.75,71,174,temperature,rock,True,0,0.09454026503375881,0.00029218692024574056,0.32599258075687026,0.004294676491161276
20260930,r23_a024,23,0.25,24,63,sigmoid,macro,True,0,0.15095570246803444,-0.0024867057822725337,0.475883832630923,0.006102799715402216
20260930,r23_a024,23,0.25,24,63,sigmoid,electronic,True,0,0.16997339050449062,-0.000475660670167799,0.5219386634158169,-0.0006442658101174503
20260930,r23_a024,23,0.25,24,63,sigmoid,pop,True,0,0.15522369121442547,0.0027735811398491295,0.47901430135001977,0.012345006172341688
20260930,r23_a024,23,0.25,24,63,sigmoid,ambient,True,0,0.18418472548000608,-0.012437668158473886,0.580657683175378,0.012483680182616363
20260930,r23_a024,23,0.25,24,63,sigmoid,rock,True,0,0.0944410026732155,0.0001929245597024204,0.32192468258247725,0.00022677831676826132
20260930,r23_a024,23,0.25,24,63,temperature,macro,True,0,0.15627820312374785,0.002835794873440895,0.4802688242581797,0.01048779134265894
20260930,r23_a024,23,0.25,24,63,temperature,electronic,True,0,0.17055934664719571,0.00011029547253729732,0.5242898321997745,0.0017069029738402408
20260930,r23_a024,23,0.25,24,63,temperature,pop,True,0,0.15522481004575184,0.0027746999711754927,0.4790166096523549,0.012347314474676796
20260930,r23_a024,23,0.25,24,63,temperature,ambient,True,0,0.20508577225552901,0.008463378617049044,0.5963767478073296,0.02820274481456797
20260930,r23_a024,23,0.25,24,63,temperature,rock,True,0,0.09424288354651482,-5.1945669982539355e-06,0.32139210737325974,-0.00030579689244925046
20260930,r23_a047,23,0.5,47,131,sigmoid,macro,True,0,0.1466647214041555,-0.0067776868461514456,0.45893240292980436,-0.010848629985716438
20260930,r23_a047,23,0.5,47,131,sigmoid,electronic,True,0,0.17428880069196542,0.003839749517307006,0.546139375181332,0.023556445955397742
20260930,r23_a047,23,0.5,47,131,sigmoid,pop,True,0,0.1554997793404855,0.0030496692659091607,0.47503051533827256,0.008361220160594485
20260930,r23_a047,23,0.5,47,131,sigmoid,ambient,True,0,0.1622899597351959,-0.03433243390328408,0.48915752221684206,-0.0790164807759196
20260930,r23_a047,23,0.5,47,131,sigmoid,rock,True,0,0.0945803458489752,0.00033226773546213284,0.3254021989827706,0.003704294717061629
20260930,r23_a047,23,0.5,47,131,temperature,macro,True,0,0.15463307710731022,0.0011906688570032728,0.47712914035669146,0.00734810744117069
20260930,r23_a047,23,0.5,47,131,temperature,electronic,True,0,0.1722319541680754,0.0017829029934169904,0.5399244795595993,0.017341550333665023
20260930,r23_a047,23,0.5,47,131,temperature,pop,True,0,0.1535002969042468,0.001050186829670452,0.470547913204472,0.0038786180267939008
20260930,r23_a047,23,0.5,47,131,temperature,ambient,True,0,0.19832047675125464,0.0016980831127746676,0.5728353864659947,0.004661383473233083
20260930,r23_a047,23,0.5,47,131,temperature,rock,True,0,0.09447958060566405,0.00023150249215098118,0.32520878219669974,0.0035108779309907523
20260930,r23_a071,23,0.75,71,177,sigmoid,macro,True,0,0.14635110397664036,-0.0070913042736665925,0.46009852985775973,-0.009682503057761013
20260930,r23_a071,23,0.75,71,177,sigmoid,electronic,True,0,0.17371035899754766,0.003261307822889248,0.5533102595241306,0.030727330298196298
20260930,r23_a071,23,0.75,71,177,sigmoid,pop,True,0,0.15464360686249712,0.0021934967879207734,0.47283388762835254,0.0061645924506744665
20260930,r23_a071,23,0.75,71,177,sigmoid,ambient,True,0,0.16272038153730484,-0.03390201210117513,0.49114805122065275,-0.07702595177210891
20260930,r23_a071,23,0.75,71,177,sigmoid,rock,True,0,0.09433006850921181,8.199039569874167e-05,0.3231019210579031,0.001404016792194096
20260930,r23_a071,23,0.75,71,177,temperature,macro,True,0,0.15521057569033114,0.0017681674400241917,0.48064412807336376,0.010863095157842964
20260930,r23_a071,23,0.75,71,177,temperature,electronic,True,0,0.1737500359705598,0.0033009847959013794,0.5534174784320808,0.030834549206146478
20260930,r23_a071,23,0.75,71,177,temperature,pop,True,0,0.15334815973613464,0.0008980496615582922,0.46990068967136783,0.0032313944936897543
20260930,r23_a071,23,0.75,71,177,temperature,ambient,True,0,0.19941998718719497,0.002797593548715005,0.5761708750656588,0.007996872072897121
20260930,r23_a071,23,0.75,71,177,temperature,rock,True,0,0.09432411986743516,7.604175392209034e-05,0.3230874691243475,0.0013895648586385034
20260930,r24_a024,24,0.25,24,54,sigmoid,macro,True,0,0.15559277530535792,0.0021503670550509953,0.5008306389673028,0.031049606051782072
20260930,r24_a024,24,0.25,24,54,sigmoid,electronic,True,0,0.17180279044350882,0.0013537392688504069,0.5385703120351812,0.01598738280924694
20260930,r24_a024,24,0.25,24,54,sigmoid,pop,True,0,0.17408851641219855,0.021638406337622207,0.5181301198561533,0.05146082467847524
20260930,r24_a024,24,0.25,24,54,sigmoid,ambient,True,0,0.18161837879407886,-0.015004014844401115,0.6235260815514085,0.05535207855864688
20260930,r24_a024,24,0.25,24,54,sigmoid,rock,True,0,0.09486141557164555,0.0006133374581324819,0.3230960424264682,0.0013981381607592325
20260930,r24_a024,24,0.25,24,54,temperature,macro,True,0,0.1611719384402691,0.007729530189962162,0.5089391435600249,0.039158110644504154
20260930,r24_a024,24,0.25,24,54,temperature,electronic,True,0,0.1723145273704967,0.0018654761958382948,0.5406497083545796,0.018066779128645294
20260930,r24_a024,24,0.25,24,54,temperature,pop,True,0,0.152727399581256,0.00027728950667965657,0.4696023970394827,0.002933101861804621
20260930,r24_a024,24,0.25,24,54,temperature,ambient,True,0,0.2247669253718484,0.028144531733368422,0.7024903501700746,0.1343163471773129
20260930,r24_a024,24,0.25,24,54,temperature,rock,True,0,0.09487890143747535,0.0006308233239622763,0.3230141186759628,0.0013162144102538131
20260930,r24_a047,24,0.5,47,109,sigmoid,macro,True,0,0.15128747850291818,-0.002154929747388786,0.477188806846743,0.007407773931222217
20260930,r24_a047,24,0.5,47,109,sigmoid,electronic,True,0,0.1778610056413493,0.007411954466690879,0.5873011193149626,0.06471819008902835
20260930,r24_a047,24,0.5,47,109,sigmoid,pop,True,0,0.17079320430681255,0.018343094232236207,0.5097659849720477,0.04309668979436965
20260930,r24_a047,24,0.5,47,109,sigmoid,ambient,True,0,0.16132256340901038,-0.035299830229469586,0.48262232110955566,-0.085551681883206
20260930,r24_a047,24,0.5,47,109,sigmoid,rock,True,0,0.09517314065450043,0.0009250625409873564,0.32906580199040586,0.00736789772469687
20260930,r24_a047,24,0.5,47,109,temperature,macro,True,0,0.15535595660011156,0.00191354834980461,0.4873498207807391,0.017568787865218344
20260930,r24_a047,24,0.5,47,109,temperature,electronic,True,0,0.17697353307616615,0.006524481901507728,0.5843405639166395,0.061757634690705165
20260930,r24_a047,24,0.5,47,109,temperature,pop,True,0,0.1522281225046109,-0.00022198756996544278,0.4664880569148962,-0.00018123826278187982
20260930,r24_a047,24,0.5,47,109,temperature,ambient,True,0,0.19752406741772202,0.0009016737792420515,0.5705666159080185,0.002392612915256831
20260930,r24_a047,24,0.5,47,109,temperature,rock,True,0,0.09469810340194718,0.0004500252884341027,0.32800404638340225,0.006306142117693259
20260930,r24_a071,24,0.75,71,177,sigmoid,macro,True,0,0.14681116717753132,-0.006631241072775632,0.46827306490191833,-0.0015079680136024093
20260930,r24_a071,24,0.75,71,177,sigmoid,electronic,True,0,0.17695638665854418,0.006507335483885768,0.5844948316421856,0.06191190241625133
20260930,r24_a071,24,0.75,71,177,sigmoid,pop,True,0,0.15345477853697403,0.0010046684623976898,0.4689644938222162,0.0022951986445381434
20260930,r24_a071,24,0.75,71,177,sigmoid,ambient,True,0,0.16161879372820176,-0.03500359991027821,0.486970288748843,-0.08120371424391865
20260930,r24_a071,24,0.75,71,177,sigmoid,rock,True,0,0.0952147097864053,0.0009666316728922236,0.3326626453944285,0.010964741128719535
20260930,r24_a071,24,0.75,71,177,temperature,macro,True,0,0.15562940770114553,0.0021869994508385733,0.488876867073829,0.01909583415830822
20260930,r24_a071,24,0.75,71,177,temperature,electronic,True,0,0.17699754972105283,0.006548498546394416,0.5845855610621884,0.062002631836254096
20260930,r24_a071,24,0.75,71,177,temperature,pop,True,0,0.1525819935440145,0.00013188346943815432,0.46704390677256075,0.0003746115948826678
20260930,r24_a071,24,0.75,71,177,temperature,ambient,True,0,0.1979102581239481,0.0012878644854681376,0.5716501254869099,0.0034761224941481927
20260930,r24_a071,24,0.75,71,177,temperature,rock,True,0,0.09502782941556666,0.0007797513020535857,0.3322278749736569,0.010529970707947922
20260930,r25_a024,25,0.25,24,58,sigmoid,macro,True,0,0.1532649908313068,-0.00017741741900015665,0.5323183942565446,0.06253736134102386
20260930,r25_a024,25,0.25,24,58,sigmoid,electronic,True,0,0.19106657240322453,0.02061752122856611,0.7753159333682573,0.252733004142323
20260930,r25_a024,25,0.25,24,58,sigmoid,pop,True,0,0.15932562201512196,0.006875511940545614,0.49269687313851956,0.026027577960841486
20260930,r25_a024,25,0.25,24,58,sigmoid,ambient,True,0,0.16446297611626348,-0.03215941752221649,0.49891673876256454,-0.06925726423019712
20260930,r25_a024,25,0.25,24,58,sigmoid,rock,True,0,0.09820479279061721,0.003956714677104137,0.36234403175683705,0.04064612749112806
20260930,r25_a024,25,0.25,24,58,temperature,macro,True,0,0.16075991381057844,0.007317505560271491,0.5397740287107908,0.06999299579527012
20260930,r25_a024,25,0.25,24,58,temperature,electronic,True,0,0.18819008163236609,0.01774103045770767,0.730137103797408,0.20755417457147374
20260930,r25_a024,25,0.25,24,58,temperature,pop,True,0,0.15624794548059492,0.0037978354060185793,0.4848501842121953,0.0181808890345172
20260930,r25_a024,25,0.25,24,58,temperature,ambient,True,0,0.20165240617258848,0.005030012534108508,0.583567774702463,0.015393771709701354
20260930,r25_a024,25,0.25,24,58,temperature,rock,True,0,0.09694922195676428,0.002701143843251208,0.36054105213109716,0.03884314786538817
20260930,r25_a047,25,0.5,47,108,sigmoid,macro,True,0,0.14804545778976588,-0.005396950460541061,0.47364263294400344,0.003861600028482709
20260930,r25_a047,25,0.5,47,108,sigmoid,electronic,True,0,0.1766369838732556,0.006187932698597187,0.5739307488547181,0.051347819628783764
20260930,r25_a047,25,0.5,47,108,sigmoid,pop,True,0,0.15473959823280992,0.0022894881582335713,0.47407891709211514,0.007409621914437059
20260930,r25_a047,25,0.5,47,108,sigmoid,ambient,True,0,0.16450826961069462,-0.03211412402778535,0.49917167693008274,-0.06900232606267892
20260930,r25_a047,25,0.5,47,108,sigmoid,rock,True,0,0.09629697944230342,0.002048901328790348,0.3473891888990979,0.025691284633388933
20260930,r25_a047,25,0.5,47,108,temperature,macro,True,0,0.15710927434650923,0.0036668660962022974,0.494313310114402,0.02453227719888118
20260930,r25_a047,25,0.5,47,108,temperature,electronic,True,0,0.1756323879594161,0.005183336784757686,0.5710208578893908,0.04843792866345653
20260930,r25_a047,25,0.5,47,108,temperature,pop,True,0,0.15383255886801234,0.001382448793435992,0.47202678807876186,0.005357492901083782
20260930,r25_a047,25,0.5,47,108,temperature,ambient,True,0,0.20294640099435785,0.006324007355877875,0.588200318674481,0.02002631568171931
20260930,r25_a047,25,0.5,47,108,temperature,rock,True,0,0.09602574956425071,0.0017776714507376362,0.3460052758149741,0.0243073715492651
20260930,r25_a071,25,0.75,71,173,sigmoid,macro,True,0,0.14528103293620492,-0.008161375314102028,0.4620455604133593,-0.0077354725021614446
20260930,r25_a071,25,0.75,71,173,sigmoid,electronic,True,0,0.17432971366703118,0.0038806624923727606,0.5614615948057502,0.038878665579815896
20260930,r25_a071,25,0.75,71,173,sigmoid,pop,True,0,0.14942785023427968,-0.003022259840296665,0.4604088371342583,-0.006260458043419792
20260930,r25_a071,25,0.75,71,173,sigmoid,ambient,True,0,0.16134764349633063,-0.03527475014214934,0.48511237908069754,-0.08306162391206412
20260930,r25_a071,25,0.75,71,173,sigmoid,rock,True,0,0.09601892434717821,0.0017708462336651354,0.3411994306327312,0.019501526367022237
20260930,r25_a071,25,0.75,71,173,temperature,macro,True,0,0.15527190693121307,0.0018294986809061081,0.48497371769742986,0.015192684781909147
20260930,r25_a071,25,0.75,71,173,temperature,electronic,True,0,0.17453839411992483,0.0040893429452664165,0.5606484935374685,0.038065564311534184
20260930,r25_a071,25,0.75,71,173,temperature,pop,True,0,0.15230880657631143,-0.00014130349826491084,0.46638052428036225,-0.0002887708973158265
20260930,r25_a071,25,0.75,71,173,temperature,ambient,True,0,0.19871643581765258,0.0020940421791726116,0.5740109063014177,0.0058369033086560496
20260930,r25_a071,25,0.75,71,173,temperature,rock,True,0,0.09552399121096339,0.0012759130974503152,0.33885494667047117,0.01715704240476218
20260930,r26_a024,26,0.25,24,58,sigmoid,macro,True,0,0.15188728701793533,-0.0015551212323716077,0.4860879740812778,0.016306941165757052
20260930,r26_a024,26,0.25,24,58,sigmoid,electronic,True,0,0.17248414882812899,0.002035097653470569,0.5320887709007782,0.009505841674843918
20260930,r26_a024,26,0.25,24,58,sigmoid,pop,True,0,0.14932702258337013,-0.003123087491206211,0.4602096300487115,-0.006459665128966563
20260930,r26_a024,26,0.25,24,58,sigmoid,ambient,True,0,0.18840819363143613,-0.008214200007043843,0.5882181766154253,0.02004417362266364
20260930,r26_a024,26,0.25,24,58,sigmoid,rock,True,0,0.09732978302880613,0.0030817049152930542,0.3638353187601962,0.04213741449448721
20260930,r26_a024,26,0.25,24,58,temperature,macro,True,0,0.15486822171168474,0.0014258134613778055,0.4832576161334835,0.013476583217962745
20260930,r26_a024,26,0.25,24,58,temperature,electronic,True,0,0.17086566013429344,0.0004166089596350231,0.5276046065468267,0.005021677320892426
20260930,r26_a024,26,0.25,24,58,temperature,pop,True,0,0.15242834730380347,-2.17627707728707e-05,0.4666146240474969,-5.4671130181205285e-05
20260930,r26_a024,26,0.25,24,58,temperature,ambient,True,0,0.19903643446120825,0.0024140408227282806,0.5749823457699087,0.006808342777147036
20260930,r26_a024,26,0.25,24,58,temperature,rock,True,0,0.09714244494743386,0.002894366833920789,0.3638288881697017,0.042130983903992725
20260930,r26_a047,26,0.5,47,103,sigmoid,macro,True,0,0.14600683637595913,-0.007435571874347818,0.4684533243845518,-0.0013277085309689879
20260930,r26_a047,26,0.5,47,103,sigmoid,electronic,True,0,0.17140712702484628,0.0009580758501878672,0.535613891687058,0.013030962461123674
20260930,r26_a047,26,0.5,47,103,sigmoid,pop,True,0,0.1506850895968419,-0.0017650204777344414,0.46293798488703025,-0.003731310290647827
20260930,r26_a047,26,0.5,47,103,sigmoid,ambient,True,0,0.16385647910488274,-0.03276591453359723,0.4956078932788409,-0.07256610971392075
20260930,r26_a047,26,0.5,47,103,sigmoid,rock,True,0,0.0980786497772656,0.00383057166375253,0.37965352768527794,0.05795562341956895
20260930,r26_a047,26,0.5,47,103,temperature,macro,True,0,0.15633424765497417,0.0028918394046672097,0.49261309410029547,0.02283206118477471
20260930,r26_a047,26,0.5,47,103,temperature,electronic,True,0,0.1718311801646622,0.0013821289900037836,0.5364020100665586,0.013819080840624332
20260930,r26_a047,26,0.5,47,103,temperature,pop,True,0,0.152513068143088,6.295806851164265e-05,0.4668400702145899,0.00017077503691181883
20260930,r26_a047,26,0.5,47,103,temperature,ambient,True,0,0.20303828042707567,0.006415886788595698,0.5885383758921028,0.02036437289934112
20260930,r26_a047,26,0.5,47,103,temperature,rock,True,0,0.09795446188507079,0.003706383771557714,0.37867192022793056,0.05697401596222157
20260930,r26_a071,26,0.75,71,160,sigmoid,macro,True,0,0.14418851033844324,-0.009253897911863727,0.45463809775097386,-0.015142935164546928
20260930,r26_a071,26,0.75,71,160,sigmoid,electronic,True,0,0.17210898556736132,0.0016599343927028998,0.5392061968717796,0.01662326764584532
20260930,r26_a071,26,0.75,71,160,sigmoid,pop,True,0,0.14841623360285014,-0.0040338764717262054,0.4585279044697374,-0.008141390707940677
20260930,r26_a071,26,0.75,71,160,sigmoid,ambient,True,0,0.16032954352657663,-0.036292850111903335,0.4823520537940567,-0.08582194919870495
20260930,r26_a071,26,0.75,71,160,sigmoid,rock,True,0,0.0958992786569848,0.0016512005434717314,0.3384662358683216,0.016768331602612596
20260930,r26_a071,26,0.75,71,160,temperature,macro,True,0,0.15478004493511022,0.001337636684803245,0.47941931151790596,0.009638278602385184
20260930,r26_a071,26,0.75,71,160,temperature,electronic,True,0,0.1721608983716446,0.0017118471969861937,0.5393005196140639,0.01671759038812959
20260930,r26_a071,26,0.75,71,160,temperature,pop,True,0,0.15235226305799376,-9.784701658258066e-05,0.4664484752018949,-0.0002208199757831597
20260930,r26_a071,26,0.75,71,160,temperature,ambient,True,0,0.19927824105405154,0.002655847415571566,0.5757286354521499,0.007554632459388255
20260930,r26_a071,26,0.75,71,160,temperature,rock,True,0,0.09532877725675087,0.001080699143237801,0.33619961580351504,0.01450171153780605
20260930,r27_a024,27,0.25,24,43,sigmoid,macro,True,0,0.15799181681327087,0.004549408562963923,0.49664394909626064,0.026862916180739813
20260930,r27_a024,27,0.25,24,43,sigmoid,electronic,True,0,0.17979185418906943,0.00934280301441101,0.550973276587273,0.02839034736133872
20260930,r27_a024,27,0.25,24,43,sigmoid,pop,True,0,0.17435331551908773,0.02190320544451138,0.5699770080831147,0.10330771290543661
20260930,r27_a024,27,0.25,24,43,sigmoid,ambient,True,0,0.15858335206914273,-0.03803904156933724,0.4799651809467912,-0.08820882204597047
20260930,r27_a024,27,0.25,24,43,sigmoid,rock,True,0,0.11923874547578361,0.02499066736227054,0.3856603307678634,0.06396242650215439
20260930,r27_a024,27,0.25,24,43,temperature,macro,True,0,0.15637698501603373,0.0029345767657267575,0.488932723523529,0.019151690608008295
20260930,r27_a024,27,0.25,24,43,temperature,electronic,True,0,0.1716930518890452,0.0012440007143867948,0.5351829906124898,0.01260006138655545
20260930,r27_a024,27,0.25,24,43,temperature,pop,True,0,0.16071178240738918,0.00826167233281283,0.5166698905221656,0.05000059534448753
20260930,r27_a024,27,0.25,24,43,temperature,ambient,True,0,0.194045899269195,-0.002576494369284976,0.5633680464896026,-0.00480595650315907
20260930,r27_a024,27,0.25,24,43,temperature,rock,True,0,0.09905720649850545,0.004809128384992381,0.34050996646985826,0.01881206220414927
20260930,r27_a047,27,0.5,47,102,sigmoid,macro,True,0,0.14957273473719995,-0.0038696735131070192,0.4656524656621625,-0.004128567253358223
20260930,r27_a047,27,0.5,47,102,sigmoid,electronic,True,0,0.17307967502494276,0.0026306238502843415,0.5424288525948017,0.01984592336886737
20260930,r27_a047,27,0.5,47,102,sigmoid,pop,True,0,0.16066530273159296,0.008215192657016618,0.4851898791390236,0.018520583961345538
20260930,r27_a047,27,0.5,47,102,sigmoid,ambient,True,0,0.16780598447626108,-0.028816409162218892,0.504125939908854,-0.06404806308390765
20260930,r27_a047,27,0.5,47,102,sigmoid,rock,True,0,0.09673997671600293,0.002491898602489856,0.33086519100597084,0.009167286740261849
20260930,r27_a047,27,0.5,47,102,temperature,macro,True,0,0.1532025663366878,-0.0002398419136191536,0.47277711255950206,0.002996079643981339
20260930,r27_a047,27,0.5,47,102,temperature,electronic,True,0,0.17211050475558165,0.0016614535809232334,0.5388579841856018,0.016275054959667523
20260930,r27_a047,27,0.5,47,102,temperature,pop,True,0,0.15223733963721064,-0.00021277043736570023,0.4664022800970609,-0.00026701508061716117
20260930,r27_a047,27,0.5,47,102,temperature,ambient,True,0,0.1941792391863704,-0.002443154452109575,0.5634087887754167,-0.004765214217344993
20260930,r27_a047,27,0.5,47,102,temperature,rock,True,0,0.0942831817675885,3.510365407542737e-05,0.322439397179929,0.0007414929142199878
20260930,r27_a071,27,0.75,71,163,sigmoid,macro,True,0,0.1474189882192626,-0.006023420031044353,0.4629790808888795,-0.006801952026641245
20260930,r27_a071,27,0.75,71,163,sigmoid,electronic,True,0,0.17264343793812575,0.0021943867634673375,0.5464962811181043,0.02391335189217003
20260930,r27_a071,27,0.75,71,163,sigmoid,pop,True,0,0.15873259531164768,0.006282485237071339,0.4837323043284508,0.017063009150772745
20260930,r27_a071,27,0.75,71,163,sigmoid,ambient,True,0,0.16354474988636905,-0.03307764375211092,0.4942892723320323,-0.07388473066072937
20260930,r27_a071,27,0.75,71,163,sigmoid,rock,True,0,0.0947551697409079,0.0005070916273948317,0.3273984657769306,0.0057005615112216135
20260930,r27_a071,27,0.75,71,163,temperature,macro,True,0,0.15469720537587103,0.0012547971255640958,0.47911930550395243,0.009338272588431618
20260930,r27_a071,27,0.75,71,163,temperature,electronic,True,0,0.1730954215301833,0.0026463703555248963,0.5475443963681789,0.024961467142244564
20260930,r27_a071,27,0.75,71,163,temperature,pop,True,0,0.15384599401047894,0.001395883935902592,0.47208833149630786,0.005419036318629777
20260930,r27_a071,27,0.75,71,163,temperature,ambient,True,0,0.197219802728583,0.0005974090901030293,0.569736628720933,0.0015626257281713407
20260930,r27_a071,27,0.75,71,163,temperature,rock,True,0,0.09462760323423894,0.0003795251207258654,0.3271078654303898,0.005409961164680788
20260930,r28_a024,28,0.25,24,46,sigmoid,macro,True,0,0.1515297538088235,-0.0019126544414834572,0.4855271611660396,0.01574612825051884
20260930,r28_a024,28,0.25,24,46,sigmoid,electronic,True,0,0.17544394475143774,0.004994893576779319,0.5312229146674862,0.008639985441551867
20260930,r28_a024,28,0.25,24,46,sigmoid,pop,True,0,0.16458531401963297,0.012135203945056627,0.5438671303855606,0.07719783520788248
20260930,r28_a024,28,0.25,24,46,sigmoid,ambient,True,0,0.16977149629857136,-0.026850897339908614,0.5256706013297309,-0.04250340166303079
20260930,r28_a024,28,0.25,24,46,sigmoid,rock,True,0,0.09631826016565191,0.0020701820521388387,0.3413479982813808,0.019650094015671804
20260930,r28_a024,28,0.25,24,46,temperature,macro,True,0,0.1576915595416713,0.004249151291364366,0.49347753081001317,0.02369649789449242
20260930,r28_a024,28,0.25,24,46,temperature,electronic,True,0,0.1715661963376518,0.0011171451629933826,0.5215605392274427,-0.0010223899984915796
20260930,r28_a024,28,0.25,24,46,temperature,pop,True,0,0.16330904788643114,0.01085893781185479,0.5402816285781633,0.07361233340048523
20260930,r28_a024,28,0.25,24,46,temperature,ambient,True,0,0.20097045092143292,0.004348057282952955,0.5812254614521346,0.013051458459372944
20260930,r28_a024,28,0.25,24,46,temperature,rock,True,0,0.09492054302116941,0.0006724649076563366,0.3308424939823121,0.009144589716603091
20260930,r28_a047,28,0.5,47,109,sigmoid,macro,True,0,0.15046592886258287,-0.002976479387724086,0.4751820010547275,0.005400968139206777
20260930,r28_a047,28,0.5,47,109,sigmoid,electronic,True,0,0.1711509676136132,0.0007019164389547861,0.5320020316738782,0.009419102447943861
20260930,r28_a047,28,0.5,47,109,sigmoid,pop,True,0,0.17023861400640591,0.01778850393182957,0.534670997478019,0.06800170230034097
20260930,r28_a047,28,0.5,47,109,sigmoid,ambient,True,0,0.16561037110823143,-0.03101202253024854,0.5049146712401138,-0.06325933175264786
20260930,r28_a047,28,0.5,47,109,sigmoid,rock,True,0,0.09486376272208091,0.0006156846085678402,0.3291403038268991,0.007442399561190138
20260930,r28_a047,28,0.5,47,109,temperature,macro,True,0,0.1571030385015606,0.003660630251253641,0.48891751535374417,0.0191364824382234
20260930,r28_a047,28,0.5,47,109,temperature,electronic,True,0,0.17147344502864598,0.0010243938539875597,0.5332320504337957,0.010649121207861434
20260930,r28_a047,28,0.5,47,109,temperature,pop,True,0,0.15920302488973498,0.006752914815158634,0.5047397446013753,0.038070449423697195
20260930,r28_a047,28,0.5,47,109,temperature,ambient,True,0,0.20290959260319866,0.006287198964718688,0.588065222531466,0.01989121953870432
20260930,r28_a047,28,0.5,47,109,temperature,rock,True,0,0.09482609148466276,0.0005780133711496827,0.32963304384833964,0.007935139582630646
20260930,r28_a071,28,0.75,71,184,sigmoid,macro,True,0,0.1469050759150379,-0.006537332335269045,0.4629747306942435,-0.006806302221277205
20260930,r28_a071,28,0.75,71,184,sigmoid,electronic,True,0,0.1771804497828992,0.006731398608240791,0.5624802093448635,0.039897280118929235
20260930,r28_a071,28,0.75,71,184,sigmoid,pop,True,0,0.15399753124823523,0.001547421173658886,0.47389208828675305,0.007222793109074976
20260930,r28_a071,28,0.75,71,184,sigmoid,ambient,True,0,0.1616639695479551,-0.03495842409052488,0.4867320286057989,-0.08144197438696277
20260930,r28_a071,28,0.75,71,184,sigmoid,rock,True,0,0.0947783530810621,0.0005302749675490243,0.3287945965395587,0.007096692273849736
20260930,r28_a071,28,0.75,71,184,temperature,macro,True,0,0.15605669712463696,0.0026142888743299966,0.4842701463132757,0.014489113397754882
20260930,r28_a071,28,0.75,71,184,temperature,electronic,True,0,0.17333688242625025,0.002887831251591838,0.5496985536093609,0.02711562438342663
20260930,r28_a071,28,0.75,71,184,temperature,pop,True,0,0.15442968954620612,0.001979579471629772,0.4748798484989748,0.00821055332129672
20260930,r28_a071,28,0.75,71,184,temperature,ambient,True,0,0.20170274559972165,0.00508035196124168,0.5837434344190441,0.01556943142628242
20260930,r28_a071,28,0.75,71,184,temperature,rock,True,0,0.09475747092636977,0.000509392812856696,0.32875874872572275,0.00706084446001376
20260930,r29_a024,29,0.25,24,42,sigmoid,macro,True,0,0.1463004843796994,-0.007141923870607556,0.4602637047827645,-0.009517328132756242
20260930,r29_a024,29,0.25,24,42,sigmoid,electronic,True,0,0.17034100834679983,-0.00010804282785858987,0.5259084733938418,0.003325544167907535
20260930,r29_a024,29,0.25,24,42,sigmoid,pop,True,0,0.1569542488402624,0.004504138765686061,0.4900346656948376,0.023365370517159534
20260930,r29_a024,29,0.25,24,42,sigmoid,ambient,True,0,0.16156195332426418,-0.03506044031421579,0.48639055041962515,-0.08178345257313652
20260930,r29_a024,29,0.25,24,42,sigmoid,rock,True,0,0.09634472700747117,0.0020966488939580946,0.33872112962275347,0.01702322535704448
20260930,r29_a024,29,0.25,24,42,temperature,macro,True,0,0.153626017418948,0.000183609168641026,0.47417923998989614,0.004398207074375354
20260930,r29_a024,29,0.25,24,42,temperature,electronic,True,0,0.17068825361972584,0.00023920244506742128,0.5257832108801412,0.003200281654206938
20260930,r29_a024,29,0.25,24,42,temperature,pop,True,0,0.15300909572656488,0.0005589856519885306,0.4708927219228524,0.004223426745174341
20260930,r29_a024,29,0.25,24,42,temperature,ambient,True,0,0.19562570700917645,-0.0009966866293035226,0.5658087077011038,-0.002365295291657854
20260930,r29_a024,29,0.25,24,42,temperature,rock,True,0,0.09518101332032475,0.0009329352068116747,0.334232319455487,0.012534415189777992
20260930,r29_a047,29,0.5,47,101,sigmoid,macro,True,0,0.14709373878413504,-0.006348669466171911,0.46842151714989405,-0.0013595157656267065
20260930,r29_a047,29,0.5,47,101,sigmoid,electronic,True,0,0.17906103103456092,0.008611979859902502,0.5984134953755902,0.07583056614965589
20260930,r29_a047,29,0.5,47,101,sigmoid,pop,True,0,0.1478799221672875,-0.0045701879072888585,0.45759896137634454,-0.009070333801333541
20260930,r29_a047,29,0.5,47,101,sigmoid,ambient,True,0,0.16650744193290198,-0.030114951705577986,0.49373570884410783,-0.07443829414865383
20260930,r29_a047,29,0.5,47,101,sigmoid,rock,True,0,0.09492656000178977,0.0006784818882766969,0.32393790300353364,0.0022399987378246555
20260930,r29_a047,29,0.5,47,101,temperature,macro,True,0,0.15622086278097172,0.0027784545306648,0.48729093402738477,0.017509901111863985
20260930,r29_a047,29,0.5,47,101,temperature,electronic,True,0,0.1760686996414692,0.005619648466810789,0.5752778889039762,0.05269495967804194
20260930,r29_a047,29,0.5,47,101,temperature,pop,True,0,0.15231598098684998,-0.00013412908772636456,0.46638971426020026,-0.00027958091747781744
20260930,r29_a047,29,0.5,47,101,temperature,ambient,True,0,0.20224591529049757,0.005623521652017599,0.5856624993715676,0.017488496378805896
20260930,r29_a047,29,0.5,47,101,temperature,rock,True,0,0.09425285520507025,4.777091557175983e-06,0.3218336335737949,0.000135729308085919
20260930,r29_a071,29,0.75,71,156,sigmoid,macro,True,0,0.14549456967788776,-0.007947838572419194,0.46066367980627476,-0.009117353109245982
20260930,r29_a071,29,0.75,71,156,sigmoid,electronic,True,0,0.17467326692898513,0.004224215754326716,0.5650007024989186,0.04241777327298435
20260930,r29_a071,29,0.75,71,156,sigmoid,pop,True,0,0.15143883481570686,-0.0010112752588694873,0.46552360477288024,-0.001145690404797839
20260930,r29_a071,29,0.75,71,156,sigmoid,ambient,True,0,0.16085724100756768,-0.03576515263091229,0.483612307938652,-0.08456169505410965
20260930,r29_a071,29,0.75,71,156,sigmoid,rock,True,0,0.09500893595929136,0.0007608578457782844,0.3285181040146482,0.006820199748939215
20260930,r29_a071,29,0.75,71,156,temperature,macro,True,0,0.15588291780551602,0.002440509555209091,0.4855392473421044,0.015758214426583705
20260930,r29_a071,29,0.75,71,156,temperature,electronic,True,0,0.17493267715851626,0.004483625983857847,0.5643389817615675,0.04175605253563319
20260930,r29_a071,29,0.75,71,156,temperature,pop,True,0,0.15229903379115362,-0.00015107628342272972,0.46727591834484333,0.0006066231671652544
20260930,r29_a071,29,0.75,71,156,temperature,ambient,True,0,0.20169433494929817,0.005071941310818201,0.5837140593130038,0.015540056320242135
20260930,r29_a071,29,0.75,71,156,temperature,rock,True,0,0.09460562532309612,0.0003575472095830451,0.32682802994900323,0.00513012568329424
