scope,seed,model,method,metric,raw_balanced_minus_unweighted,balanced_delta_raw,unweighted_delta_raw,difference_of_deltas,corrected_balanced_minus_unweighted
evaluation,2026092800,maest,raw,brier,0.017002017512281253,0.0,0.0,0.0,0.017002017512281253
evaluation,2026092800,maest,raw,log_loss,0.038327144757343334,0.0,0.0,0.0,0.038327144757343334
evaluation,2026092800,maest,prior_offset,brier,0.017002017512281253,-0.01140833344847958,0.0,-0.01140833344847958,0.005593684063801674
evaluation,2026092800,maest,prior_offset,log_loss,0.038327144757343334,-0.008772196423354028,0.0,-0.008772196423354028,0.029554948333989306
evaluation,2026092800,maest,intercept,brier,0.017002017512281253,-0.013664200194324017,0.00047119345615323494,-0.014135393650477251,0.002866623861804002
evaluation,2026092800,maest,intercept,log_loss,0.038327144757343334,-0.022153686705209674,0.0023209130325747562,-0.02447459973778443,0.013852545019558904
evaluation,2026092800,maest,sigmoid,brier,0.017002017512281253,-0.011879941962627927,0.00423986522706174,-0.016119807189689667,0.0008822103225915867
evaluation,2026092800,maest,sigmoid,log_loss,0.038327144757343334,-0.011657100617382787,0.024287877759691545,-0.03594497837707433,0.002382166380269002
evaluation,2026092800,maest,temperature,brier,0.017002017512281253,0.0011085622099676617,0.0037627140606142084,-0.0026541518506465467,0.014347865661634707
evaluation,2026092800,maest,temperature,log_loss,0.038327144757343334,0.006935763616233714,0.021347989415442137,-0.014412225799208422,0.023914918958134912
evaluation,2026092800,maest,conservative,brier,0.017002017512281253,-0.014260948652153216,0.0,-0.014260948652153216,0.0027410688601280375
evaluation,2026092800,maest,conservative,log_loss,0.038327144757343334,-0.03550862770304081,0.0,-0.03550862770304081,0.0028185170543025273
evaluation,2026092800,maest,blend_min,brier,0.017002017512281253,-0.011879941962627927,0.0,-0.011879941962627927,0.0051220755496533266
evaluation,2026092800,maest,blend_min,log_loss,0.038327144757343334,-0.011657100617382787,0.0,-0.011657100617382787,0.026670044139960547
evaluation,2026092800,mert_v0,raw,brier,0.023985319870878985,0.0,0.0,0.0,0.023985319870878985
evaluation,2026092800,mert_v0,raw,log_loss,0.053817720662392876,0.0,0.0,0.0,0.053817720662392876
evaluation,2026092800,mert_v0,prior_offset,brier,0.023985319870878985,-0.022545975407612467,0.0,-0.022545975407612467,0.0014393444632665175
evaluation,2026092800,mert_v0,prior_offset,log_loss,0.053817720662392876,-0.0456541616192101,0.0,-0.0456541616192101,0.008163559043182778
evaluation,2026092800,mert_v0,intercept,brier,0.023985319870878985,-0.02393089642055929,0.00045390503839287666,-0.024384801458952166,-0.00039948158807318057
evaluation,2026092800,mert_v0,intercept,log_loss,0.053817720662392876,-0.05227450859381588,0.0020621517264181044,-0.05433666032023399,-0.000518939657841111
evaluation,2026092800,mert_v0,sigmoid,brier,0.023985319870878985,-0.02330256025521396,0.0026912600502569384,-0.0259938203054709,-0.0020085004345919144
evaluation,2026092800,mert_v0,sigmoid,log_loss,0.053817720662392876,-0.04964406246258779,0.01105278156295808,-0.06069684402554587,-0.006879123363152995
evaluation,2026092800,mert_v0,temperature,brier,0.023985319870878985,-0.0005953451650888564,0.0020246443235339417,-0.002619989488622798,0.021365330382256187
evaluation,2026092800,mert_v0,temperature,log_loss,0.053817720662392876,-0.001580153313115007,0.008831065737693433,-0.01041121905080844,0.043406501611584436
evaluation,2026092800,mert_v0,conservative,brier,0.023985319870878985,-0.023646266390109805,0.0,-0.023646266390109805,0.0003390534807691803
evaluation,2026092800,mert_v0,conservative,log_loss,0.053817720662392876,-0.05835560425105679,0.0,-0.05835560425105679,-0.004537883588663916
evaluation,2026092800,mert_v0,blend_min,brier,0.023985319870878985,-0.02330256025521396,0.0,-0.02330256025521396,0.000682759615665024
evaluation,2026092800,mert_v0,blend_min,log_loss,0.053817720662392876,-0.04964406246258779,0.0,-0.04964406246258779,0.004173658199805086
evaluation,2026092800,mert_v1,raw,brier,0.032505603053631954,0.0,0.0,0.0,0.032505603053631954
evaluation,2026092800,mert_v1,raw,log_loss,0.06987135512009401,0.0,0.0,0.0,0.06987135512009401
evaluation,2026092800,mert_v1,prior_offset,brier,0.032505603053631954,-0.03128522772077927,0.0,-0.03128522772077927,0.0012203753328526856
evaluation,2026092800,mert_v1,prior_offset,log_loss,0.06987135512009401,-0.0601283666561212,0.0,-0.0601283666561212,0.009742988463972813
evaluation,2026092800,mert_v1,intercept,brier,0.032505603053631954,-0.03226046528872195,0.0002944178577485579,-0.03255488314647051,-4.9280092838555056e-05
evaluation,2026092800,mert_v1,intercept,log_loss,0.06987135512009401,-0.06568973830473479,0.0015875809312367872,-0.06727731923597158,0.0025940358841224365
evaluation,2026092800,mert_v1,sigmoid,brier,0.032505603053631954,-0.030874329044889515,0.003899349005379804,-0.03477367805026932,-0.0022680749966373648
evaluation,2026092800,mert_v1,sigmoid,log_loss,0.06987135512009401,-0.05859251964108669,0.01932890179232316,-0.07792142143340985,-0.00805006631331584
evaluation,2026092800,mert_v1,temperature,brier,0.032505603053631954,-0.0004833748893521561,0.0023972355699888037,-0.00288061045934096,0.029624992594290994
evaluation,2026092800,mert_v1,temperature,log_loss,0.06987135512009401,0.0009719371849425951,0.01264186370645548,-0.011669926521512886,0.05820142859858113
evaluation,2026092800,mert_v1,conservative,brier,0.032505603053631954,-0.02812935521492327,0.0,-0.02812935521492327,0.004376247838708686
evaluation,2026092800,mert_v1,conservative,log_loss,0.06987135512009401,-0.06527381220898043,0.0,-0.06527381220898043,0.0045975429111135835
evaluation,2026092800,mert_v1,blend_min,brier,0.032505603053631954,-0.030874329044889515,0.0,-0.030874329044889515,0.0016312740087424393
evaluation,2026092800,mert_v1,blend_min,log_loss,0.06987135512009401,-0.05859251964108669,0.0,-0.05859251964108669,0.01127883547900732
evaluation,2026092801,maest,raw,brier,0.018181806364102382,0.0,0.0,0.0,0.018181806364102382
evaluation,2026092801,maest,raw,log_loss,0.047956354614818175,0.0,0.0,0.0,0.047956354614818175
evaluation,2026092801,maest,prior_offset,brier,0.018181806364102382,-0.015289175399832572,0.0,-0.015289175399832572,0.00289263096426981
evaluation,2026092801,maest,prior_offset,log_loss,0.047956354614818175,-0.03383217455755999,0.0,-0.03383217455755999,0.014124180057258184
evaluation,2026092801,maest,intercept,brier,0.018181806364102382,-0.01331707946635749,0.005081641689940131,-0.01839872115629762,-0.00021691479219523857
evaluation,2026092801,maest,intercept,log_loss,0.047956354614818175,-0.02578481639265845,0.018787891652024047,-0.044572708044682496,0.003383646570135679
evaluation,2026092801,maest,sigmoid,brier,0.018181806364102382,-0.009951388654627108,0.00848473061604832,-0.018436119270675427,-0.0002543129065730454
evaluation,2026092801,maest,sigmoid,log_loss,0.047956354614818175,-0.032643517573835434,0.016666415862012618,-0.04930993343584805,-0.0013535788210298771
evaluation,2026092801,maest,temperature,brier,0.018181806364102382,0.001333823318047933,-0.000986411892326483,0.002320235210374416,0.020502041574476798
evaluation,2026092801,maest,temperature,log_loss,0.047956354614818175,0.0014661320573958747,-0.004610260733610039,0.0060763927910059135,0.05403274740582409
evaluation,2026092801,maest,conservative,brier,0.018181806364102382,-0.02017263412896181,0.0,-0.02017263412896181,-0.0019908277648594264
evaluation,2026092801,maest,conservative,log_loss,0.047956354614818175,-0.05522491431976673,0.0,-0.05522491431976673,-0.007268559704948552
evaluation,2026092801,maest,blend_min,brier,0.018181806364102382,-0.009951388654627108,0.004548733746673861,-0.014500122401300969,0.003681683962801413
evaluation,2026092801,maest,blend_min,log_loss,0.047956354614818175,-0.032643517573835434,0.00761256757302714,-0.040256085146862575,0.0077002694679556005
evaluation,2026092801,mert_v0,raw,brier,0.030561833098645602,0.0,0.0,0.0,0.030561833098645602
evaluation,2026092801,mert_v0,raw,log_loss,0.08233478455389015,0.0,0.0,0.0,0.08233478455389015
evaluation,2026092801,mert_v0,prior_offset,brier,0.030561833098645602,-0.029911352490435666,0.0,-0.029911352490435666,0.0006504806082099357
evaluation,2026092801,mert_v0,prior_offset,log_loss,0.08233478455389015,-0.08255449406393967,0.0,-0.08255449406393967,-0.000219709510049515
evaluation,2026092801,mert_v0,intercept,brier,0.030561833098645602,-0.025358202485400827,0.006237196738914125,-0.03159539922431495,-0.0010335661256693496
evaluation,2026092801,mert_v0,intercept,log_loss,0.08233478455389015,-0.06854251237777287,0.017625383933775385,-0.08616789631154825,-0.003833111757658103
evaluation,2026092801,mert_v0,sigmoid,brier,0.030561833098645602,-0.021771672110950074,0.00892218091662536,-0.030693853027575435,-0.00013201992892983294
evaluation,2026092801,mert_v0,sigmoid,log_loss,0.08233478455389015,-0.060753455522177646,0.023422777726416433,-0.08417623324859408,-0.0018414486947039288
evaluation,2026092801,mert_v0,temperature,brier,0.030561833098645602,0.0013608958705517427,0.001241170149331755,0.00011972572121998759,0.03068155881986559
evaluation,2026092801,mert_v0,temperature,log_loss,0.08233478455389015,0.003943332499052987,0.0029930926351927067,0.0009502398638602805,0.08328502441775043
evaluation,2026092801,mert_v0,conservative,brier,0.030561833098645602,-0.030840751187809795,0.0,-0.030840751187809795,-0.0002789180891641929
evaluation,2026092801,mert_v0,conservative,log_loss,0.08233478455389015,-0.07803790672549665,0.0,-0.07803790672549665,0.004296877828393497
evaluation,2026092801,mert_v0,blend_min,brier,0.030561833098645602,-0.021771672110950074,0.0030167644149173,-0.024788436525867374,0.005773396572778228
evaluation,2026092801,mert_v0,blend_min,log_loss,0.08233478455389015,-0.060753455522177646,0.00783327161305336,-0.06858672713523101,0.013748057418659143
evaluation,2026092801,mert_v1,raw,brier,0.02611849934399524,0.0,0.0,0.0,0.02611849934399524
evaluation,2026092801,mert_v1,raw,log_loss,0.07374555837370855,0.0,0.0,0.0,0.07374555837370855
evaluation,2026092801,mert_v1,prior_offset,brier,0.02611849934399524,-0.02667795699233541,0.0,-0.02667795699233541,-0.0005594576483401725
evaluation,2026092801,mert_v1,prior_offset,log_loss,0.07374555837370855,-0.07686174181559863,0.0,-0.07686174181559863,-0.0031161834418900747
evaluation,2026092801,mert_v1,intercept,brier,0.02611849934399524,-0.022135405175532002,0.006059887133308572,-0.028195292308840575,-0.0020767929648453365
evaluation,2026092801,mert_v1,intercept,log_loss,0.07374555837370855,-0.0632955859837297,0.017002657241109276,-0.08029824322483897,-0.006552684851130419
evaluation,2026092801,mert_v1,sigmoid,brier,0.02611849934399524,-0.020295942871057154,0.0070120205203483554,-0.02730796339140551,-0.0011894640474102713
evaluation,2026092801,mert_v1,sigmoid,log_loss,0.07374555837370855,-0.05939667491104794,0.019112619216117677,-0.07850929412716562,-0.004763735753457066
evaluation,2026092801,mert_v1,temperature,brier,0.02611849934399524,6.331829335390338e-05,0.002409574232243916,-0.002346255938890013,0.023772243405105226
evaluation,2026092801,mert_v1,temperature,log_loss,0.07374555837370855,0.00018951936058830832,0.006228516132548545,-0.006038996771960237,0.06770656160174832
evaluation,2026092801,mert_v1,conservative,brier,0.02611849934399524,-0.02881743424210162,0.0,-0.02881743424210162,-0.002698934898106381
evaluation,2026092801,mert_v1,conservative,log_loss,0.07374555837370855,-0.07517214113154175,0.0,-0.07517214113154175,-0.0014265827578331947
evaluation,2026092801,mert_v1,blend_min,brier,0.02611849934399524,-0.020295942871057154,0.0010689491409212049,-0.02136489201197836,0.004753607332016879
evaluation,2026092801,mert_v1,blend_min,log_loss,0.07374555837370855,-0.05939667491104794,0.0027703671127758955,-0.06216704202382384,0.011578516349884715
evaluation,2026092802,maest,raw,brier,0.028406901868223366,0.0,0.0,0.0,0.028406901868223366
evaluation,2026092802,maest,raw,log_loss,0.08314007372537141,0.0,0.0,0.0,0.08314007372537141
evaluation,2026092802,maest,prior_offset,brier,0.028406901868223366,-0.025694772339890704,0.0,-0.025694772339890704,0.002712129528332663
evaluation,2026092802,maest,prior_offset,log_loss,0.08314007372537141,-0.07624932242768417,0.0,-0.07624932242768417,0.0068907512976872365
evaluation,2026092802,maest,intercept,brier,0.028406901868223366,-0.027538376502388745,-0.00024157593518372988,-0.027296800567205015,0.0011101013010183514
evaluation,2026092802,maest,intercept,log_loss,0.08314007372537141,-0.08177329476955458,0.00014997589907023157,-0.08192327066862481,0.001216803056746596
evaluation,2026092802,maest,sigmoid,brier,0.028406901868223366,-0.02883582987081168,-0.0005863801567400628,-0.028249449714071617,0.0001574521541517493
evaluation,2026092802,maest,sigmoid,log_loss,0.08314007372537141,-0.07697398523642474,0.004778995757956761,-0.0817529809943815,0.001387092730989914
evaluation,2026092802,maest,temperature,brier,0.028406901868223366,-0.0002651803597403801,-0.0009479295221461181,0.000682749162405738,0.029089651030629105
evaluation,2026092802,maest,temperature,log_loss,0.08314007372537141,0.00019895698189265065,0.0029462700010812193,-0.0027473130191885686,0.08039276070618284
evaluation,2026092802,maest,conservative,brier,0.028406901868223366,-0.01443688701517945,0.0,-0.01443688701517945,0.013970014853043916
evaluation,2026092802,maest,conservative,log_loss,0.08314007372537141,-0.040059072485070235,0.0,-0.040059072485070235,0.043081001240301176
evaluation,2026092802,maest,blend_min,brier,0.028406901868223366,-0.02885480195058529,0.0,-0.02885480195058529,-0.0004479000823619239
evaluation,2026092802,maest,blend_min,log_loss,0.08314007372537141,-0.07589476325377925,0.0,-0.07589476325377925,0.007245310471592159
evaluation,2026092802,mert_v0,raw,brier,0.0479268484694913,0.0,0.0,0.0,0.0479268484694913
evaluation,2026092802,mert_v0,raw,log_loss,0.1278355538049223,0.0,0.0,0.0,0.1278355538049223
evaluation,2026092802,mert_v0,prior_offset,brier,0.0479268484694913,-0.047155122917281744,0.0,-0.047155122917281744,0.0007717255522095567
evaluation,2026092802,mert_v0,prior_offset,log_loss,0.1278355538049223,-0.12940746864723812,0.0,-0.12940746864723812,-0.0015719148423158358
evaluation,2026092802,mert_v0,intercept,brier,0.0479268484694913,-0.0471631283366607,0.00018915810007394396,-0.04735228643673464,0.0005745620327566592
evaluation,2026092802,mert_v0,intercept,log_loss,0.1278355538049223,-0.12981241533002497,0.0007515567679334811,-0.13056397209795845,-0.002728418293036161
evaluation,2026092802,mert_v0,sigmoid,brier,0.0479268484694913,-0.049988705891240104,-0.001101562985033,-0.048887142906207104,-0.0009602944367158028
evaluation,2026092802,mert_v0,sigmoid,log_loss,0.1278355538049223,-0.1285810197021076,0.0029122820242783454,-0.13149330172638596,-0.003657747921463672
evaluation,2026092802,mert_v0,temperature,brier,0.0479268484694913,-4.951907594291649e-05,-0.0007907620262071202,0.0007412429502642037,0.048668091419755505
evaluation,2026092802,mert_v0,temperature,log_loss,0.1278355538049223,-0.000348592575647233,0.0017957317480689072,-0.0021443243237161402,0.12569122948120615
evaluation,2026092802,mert_v0,conservative,brier,0.0479268484694913,-0.02284990658799657,0.0,-0.02284990658799657,0.02507694188149473
evaluation,2026092802,mert_v0,conservative,log_loss,0.1278355538049223,-0.059644422109095374,0.0,-0.059644422109095374,0.06819113169582691
evaluation,2026092802,mert_v0,blend_min,brier,0.0479268484694913,-0.04784425953361665,0.0,-0.04784425953361665,8.25889358746501e-05
evaluation,2026092802,mert_v0,blend_min,log_loss,0.1278355538049223,-0.12138691687967884,0.0,-0.12138691687967884,0.006448636925243445
evaluation,2026092802,mert_v1,raw,brier,0.04833989239309269,0.0,0.0,0.0,0.04833989239309269
evaluation,2026092802,mert_v1,raw,log_loss,0.12436444945309999,0.0,0.0,0.0,0.12436444945309999
evaluation,2026092802,mert_v1,prior_offset,brier,0.04833989239309269,-0.04836045280320467,0.0,-0.04836045280320467,-2.0560410111974958e-05
evaluation,2026092802,mert_v1,prior_offset,log_loss,0.12436444945309999,-0.12820255399455355,0.0,-0.12820255399455355,-0.0038381045414535575
evaluation,2026092802,mert_v1,intercept,brier,0.04833989239309269,-0.04859874873723602,7.971048665320057e-05,-0.04867845922388922,-0.0003385668307965273
evaluation,2026092802,mert_v1,intercept,log_loss,0.12436444945309999,-0.1293698379069827,0.0003913631024526354,-0.12976120100943533,-0.005396751556335344
evaluation,2026092802,mert_v1,sigmoid,brier,0.04833989239309269,-0.050161212710589376,-0.00043537669141091584,-0.04972583601917846,-0.0013859436260857672
evaluation,2026092802,mert_v1,sigmoid,log_loss,0.12436444945309999,-0.12660847245496404,0.002993129889976187,-0.12960160234494023,-0.0052371528918402355
evaluation,2026092802,mert_v1,temperature,brier,0.04833989239309269,5.459608579255759e-05,-0.0004355375033721076,0.0004901335891646652,0.04883002598225736
evaluation,2026092802,mert_v1,temperature,log_loss,0.12436444945309999,0.00017488332919790572,0.0016926761637870436,-0.0015177928345891378,0.12284665661851085
evaluation,2026092802,mert_v1,conservative,brier,0.04833989239309269,-0.022862590515989323,0.0,-0.022862590515989323,0.02547730187710337
evaluation,2026092802,mert_v1,conservative,log_loss,0.12436444945309999,-0.057483237285749667,0.0,-0.057483237285749667,0.06688121216735032
evaluation,2026092802,mert_v1,blend_min,brier,0.04833989239309269,-0.04794319687128401,0.0,-0.04794319687128401,0.00039669552180868206
evaluation,2026092802,mert_v1,blend_min,log_loss,0.12436444945309999,-0.11897707803954016,0.0,-0.11897707803954016,0.005387371413559827
evaluation,2026092803,maest,raw,brier,0.046214124066645074,0.0,0.0,0.0,0.046214124066645074
evaluation,2026092803,maest,raw,log_loss,0.11719561133181178,0.0,0.0,0.0,0.11719561133181178
evaluation,2026092803,maest,prior_offset,brier,0.046214124066645074,-0.047399074468451624,0.0,-0.047399074468451624,-0.0011849504018065504
evaluation,2026092803,maest,prior_offset,log_loss,0.11719561133181178,-0.11805841607790041,0.0,-0.11805841607790041,-0.0008628047460886301
evaluation,2026092803,maest,intercept,brier,0.046214124066645074,-0.04629274743716269,-0.0014989007115246977,-0.04479384672563799,0.0014202773410070813
evaluation,2026092803,maest,intercept,log_loss,0.11719561133181178,-0.11652139798130862,-0.0032584468306754433,-0.11326295115063317,0.003932660181178604
evaluation,2026092803,maest,sigmoid,brier,0.046214124066645074,-0.04986132074149591,-0.0033944776822179556,-0.04646684305927795,-0.00025271899263287767
evaluation,2026092803,maest,sigmoid,log_loss,0.11719561133181178,-0.12277414214076288,-0.005785233916358989,-0.11698890822440389,0.00020670310740789066
evaluation,2026092803,maest,temperature,brier,0.046214124066645074,-0.0006368507615522878,-5.243842550795019e-06,-0.0006316069190014928,0.04558251714764358
evaluation,2026092803,maest,temperature,log_loss,0.11719561133181178,-0.0016805127190012703,0.0004577536494631551,-0.0021382663684644254,0.11505734496334735
evaluation,2026092803,maest,conservative,brier,0.046214124066645074,-0.020626614291966827,0.0,-0.020626614291966827,0.025587509774678246
evaluation,2026092803,maest,conservative,log_loss,0.11719561133181178,-0.05323032561272034,0.0,-0.05323032561272034,0.06396528571909144
evaluation,2026092803,maest,blend_min,brier,0.046214124066645074,-0.04986132074149591,0.0,-0.04986132074149591,-0.0036471966748508333
evaluation,2026092803,maest,blend_min,log_loss,0.11719561133181178,-0.12277414214076288,0.0,-0.12277414214076288,-0.005578530808951099
evaluation,2026092803,mert_v0,raw,brier,0.0703507795606578,0.0,0.0,0.0,0.0703507795606578
evaluation,2026092803,mert_v0,raw,log_loss,0.17604408433512625,0.0,0.0,0.0,0.17604408433512625
evaluation,2026092803,mert_v0,prior_offset,brier,0.0703507795606578,-0.06988643324630775,0.0,-0.06988643324630775,0.00046434631435005036
evaluation,2026092803,mert_v0,prior_offset,log_loss,0.17604408433512625,-0.17762607440547362,0.0,-0.17762607440547362,-0.0015819900703473722
evaluation,2026092803,mert_v0,intercept,brier,0.0703507795606578,-0.06985546725798963,-0.0018794902879621378,-0.0679759769700275,0.002374802590630304
evaluation,2026092803,mert_v0,intercept,log_loss,0.17604408433512625,-0.17754811657731784,-0.005307354121838859,-0.17224076245547898,0.00380332187964727
evaluation,2026092803,mert_v0,sigmoid,brier,0.0703507795606578,-0.06358446354594954,0.00519674177190968,-0.06878120531785922,0.001569574242798577
evaluation,2026092803,mert_v0,sigmoid,log_loss,0.17604408433512625,-0.164792575994531,0.00766447112287888,-0.1724570471174099,0.00358703721771636
evaluation,2026092803,mert_v0,temperature,brier,0.0703507795606578,0.007131351118238594,0.00015593593039414655,0.006975415187844447,0.07732619474850225
evaluation,2026092803,mert_v0,temperature,log_loss,0.17604408433512625,0.028352194357193494,-0.0028984344112600313,0.031250628768453526,0.20729471310357978
evaluation,2026092803,mert_v0,conservative,brier,0.0703507795606578,-0.044821510889447025,0.0,-0.044821510889447025,0.025529268671210775
evaluation,2026092803,mert_v0,conservative,log_loss,0.17604408433512625,-0.11192165877741156,0.0,-0.11192165877741156,0.06412242555771469
evaluation,2026092803,mert_v0,blend_min,brier,0.0703507795606578,-0.06358446354594954,0.000920570510681562,-0.0645050340566311,0.005845745504026695
evaluation,2026092803,mert_v0,blend_min,log_loss,0.17604408433512625,-0.164792575994531,0.0006317094182802241,-0.16542428541281123,0.010619798922315016
evaluation,2026092803,mert_v1,raw,brier,0.06944064491135249,0.0,0.0,0.0,0.06944064491135249
evaluation,2026092803,mert_v1,raw,log_loss,0.17006661741955814,0.0,0.0,0.0,0.17006661741955814
evaluation,2026092803,mert_v1,prior_offset,brier,0.06944064491135249,-0.06931348988135269,0.0,-0.06931348988135269,0.0001271550299997981
evaluation,2026092803,mert_v1,prior_offset,log_loss,0.17006661741955814,-0.17239524808120643,0.0,-0.17239524808120643,-0.00232863066164829
evaluation,2026092803,mert_v1,intercept,brier,0.06944064491135249,-0.06946565801404761,-0.0017342555369878054,-0.0677314024770598,0.0017092424342926849
evaluation,2026092803,mert_v1,intercept,log_loss,0.17006661741955814,-0.1728025301068587,-0.005086425910370951,-0.16771610419648775,0.002350513223070394
evaluation,2026092803,mert_v1,sigmoid,brier,0.06944064491135249,-0.066480068146892,0.0016746835782771308,-0.06815475172516913,0.0012858931861833567
evaluation,2026092803,mert_v1,sigmoid,log_loss,0.17006661741955814,-0.16714363690645045,0.00032458871549773116,-0.16746822562194819,0.0025983917976099558
evaluation,2026092803,mert_v1,temperature,brier,0.06944064491135249,0.004551251089709302,-0.00047841896289038677,0.0050296700525996885,0.07447031496395218
evaluation,2026092803,mert_v1,temperature,log_loss,0.17006661741955814,0.014375881539438473,-0.003971200497345673,0.018347082036784146,0.1884136994563423
evaluation,2026092803,mert_v1,conservative,brier,0.06944064491135249,-0.047299497416723735,0.0,-0.047299497416723735,0.022141147494628755
evaluation,2026092803,mert_v1,conservative,log_loss,0.17006661741955814,-0.11464757487014132,0.0,-0.11464757487014132,0.05541904254941682
evaluation,2026092803,mert_v1,blend_min,brier,0.06944064491135249,-0.066480068146892,0.0,-0.066480068146892,0.0029605767644604875
evaluation,2026092803,mert_v1,blend_min,log_loss,0.17006661741955814,-0.16714363690645045,0.0,-0.16714363690645045,0.002922980513107687
evaluation,2026092804,maest,raw,brier,0.05068524978571212,0.0,0.0,0.0,0.05068524978571212
evaluation,2026092804,maest,raw,log_loss,0.12668594574736203,0.0,0.0,0.0,0.12668594574736203
evaluation,2026092804,maest,prior_offset,brier,0.05068524978571212,-0.05038193391187451,0.0,-0.05038193391187451,0.0003033158738376118
evaluation,2026092804,maest,prior_offset,log_loss,0.12668594574736203,-0.12383346889576746,0.0,-0.12383346889576746,0.0028524768515945653
evaluation,2026092804,maest,intercept,brier,0.05068524978571212,-0.04833983181440285,0.0004761607791386735,-0.048815992593541524,0.001869257192170598
evaluation,2026092804,maest,intercept,log_loss,0.12668594574736203,-0.12050993266910232,0.0011017503120422378,-0.12161168298114455,0.005074262766217474
evaluation,2026092804,maest,sigmoid,brier,0.05068524978571212,-0.04995979074112905,0.0009296937047056641,-0.050889484445834715,-0.00020423466012259306
evaluation,2026092804,maest,sigmoid,log_loss,0.12668594574736203,-0.12441451772586576,0.0020688666138085066,-0.12648338433967427,0.00020256140768776243
evaluation,2026092804,maest,temperature,brier,0.05068524978571212,0.00241784676066481,-2.06987823682947e-05,0.002438545543033105,0.05312379532874523
evaluation,2026092804,maest,temperature,log_loss,0.12668594574736203,0.008830525490844177,-2.74867176794924e-05,0.008858012208523669,0.1355439579558857
evaluation,2026092804,maest,conservative,brier,0.05068524978571212,-0.01963616498249951,0.0,-0.01963616498249951,0.031049084803212612
evaluation,2026092804,maest,conservative,log_loss,0.12668594574736203,-0.04994922221462883,0.0,-0.04994922221462883,0.0767367235327332
evaluation,2026092804,maest,blend_min,brier,0.05068524978571212,-0.04995979074112905,0.0,-0.04995979074112905,0.0007254590445830711
evaluation,2026092804,maest,blend_min,log_loss,0.12668594574736203,-0.12441451772586576,0.0,-0.12441451772586576,0.002271428021496269
evaluation,2026092804,mert_v0,raw,brier,0.05970668908311211,0.0,0.0,0.0,0.05970668908311211
evaluation,2026092804,mert_v0,raw,log_loss,0.1434115707908244,0.0,0.0,0.0,0.1434115707908244
evaluation,2026092804,mert_v0,prior_offset,brier,0.05970668908311211,-0.05955773185893237,0.0,-0.05955773185893237,0.00014895722417973545
evaluation,2026092804,mert_v0,prior_offset,log_loss,0.1434115707908244,-0.14379456030162285,0.0,-0.14379456030162285,-0.00038298951079845933
evaluation,2026092804,mert_v0,intercept,brier,0.05970668908311211,-0.05901984714755815,-1.7083357497782448e-05,-0.059002763790060364,0.0007039252930517437
evaluation,2026092804,mert_v0,intercept,log_loss,0.1434115707908244,-0.14334002900864834,-3.439895588869257e-05,-0.14330563005275965,0.00010594073806474702
evaluation,2026092804,mert_v0,sigmoid,brier,0.05970668908311211,-0.05752986121095452,0.0030390384698674444,-0.060568899680821964,-0.000862210597709856
evaluation,2026092804,mert_v0,sigmoid,log_loss,0.1434115707908244,-0.14008066736921893,0.006361236676249216,-0.14644190404546814,-0.0030303332546437467
evaluation,2026092804,mert_v0,temperature,brier,0.05970668908311211,0.0034901803680505716,0.00034341756370226406,0.0031467628043483076,0.06285345188746042
evaluation,2026092804,mert_v0,temperature,log_loss,0.1434115707908244,0.014441561466855934,0.000830227880336265,0.01361133358651967,0.15702290437734406
evaluation,2026092804,mert_v0,conservative,brier,0.05970668908311211,-0.041607612636622965,0.0,-0.041607612636622965,0.018099076446489143
evaluation,2026092804,mert_v0,conservative,log_loss,0.1434115707908244,-0.09987034831961028,0.0,-0.09987034831961028,0.043541222471214114
evaluation,2026092804,mert_v0,blend_min,brier,0.05970668908311211,-0.05752986121095452,0.0,-0.05752986121095452,0.0021768278721575884
evaluation,2026092804,mert_v0,blend_min,log_loss,0.1434115707908244,-0.14008066736921893,0.0,-0.14008066736921893,0.003330903421605469
evaluation,2026092804,mert_v1,raw,brier,0.06253174066852238,0.0,0.0,0.0,0.06253174066852238
evaluation,2026092804,mert_v1,raw,log_loss,0.1513329870187885,0.0,0.0,0.0,0.1513329870187885
evaluation,2026092804,mert_v1,prior_offset,brier,0.06253174066852238,-0.06188914955341057,0.0,-0.06188914955341057,0.0006425911151118069
evaluation,2026092804,mert_v1,prior_offset,log_loss,0.1513329870187885,-0.15055879072753903,0.0,-0.15055879072753903,0.0007741962912494738
evaluation,2026092804,mert_v1,intercept,brier,0.06253174066852238,-0.061522521752013254,-0.0001947972104908713,-0.06132772454152238,0.001204016126999996
evaluation,2026092804,mert_v1,intercept,log_loss,0.1513329870187885,-0.15022374123972476,-0.0004146531007241938,-0.14980908813900057,0.0015238988797879327
evaluation,2026092804,mert_v1,sigmoid,brier,0.06253174066852238,-0.05903889644700072,0.0037874531660005983,-0.06282634961300132,-0.00029460894447894126
evaluation,2026092804,mert_v1,sigmoid,log_loss,0.1513329870187885,-0.14477922831889045,0.007763662849716968,-0.15254289116860742,-0.001209904149818919
evaluation,2026092804,mert_v1,temperature,brier,0.06253174066852238,0.004000808972183356,0.000639162255279796,0.00336164671690356,0.06589338738542594
evaluation,2026092804,mert_v1,temperature,log_loss,0.1513329870187885,0.016140066032463207,0.001409650349472824,0.014730415682990383,0.16606340270177888
evaluation,2026092804,mert_v1,conservative,brier,0.06253174066852238,-0.04323340461691433,0.0,-0.04323340461691433,0.01929833605160805
evaluation,2026092804,mert_v1,conservative,log_loss,0.1513329870187885,-0.10461266336354369,0.0,-0.10461266336354369,0.04672032365524481
evaluation,2026092804,mert_v1,blend_min,brier,0.06253174066852238,-0.05903889644700072,0.0,-0.05903889644700072,0.003492844221521657
evaluation,2026092804,mert_v1,blend_min,log_loss,0.1513329870187885,-0.14477922831889045,0.0,-0.14477922831889045,0.006553758699898049
evaluation,2026092805,maest,raw,brier,0.04791979669486143,0.0,0.0,0.0,0.04791979669486143
evaluation,2026092805,maest,raw,log_loss,0.11380832059874435,0.0,0.0,0.0,0.11380832059874435
evaluation,2026092805,maest,prior_offset,brier,0.04791979669486143,-0.04745636100864781,0.0,-0.04745636100864781,0.00046343568621362574
evaluation,2026092805,maest,prior_offset,log_loss,0.11380832059874435,-0.10786490317116848,0.0,-0.10786490317116848,0.00594341742757587
evaluation,2026092805,maest,intercept,brier,0.04791979669486143,-0.0463998229392136,-0.0002118031408717691,-0.046188019798341834,0.001731776896519599
evaluation,2026092805,maest,intercept,log_loss,0.11380832059874435,-0.10811415036645039,-0.00032546503524044645,-0.10778868533120994,0.006019635267534407
evaluation,2026092805,maest,sigmoid,brier,0.04791979669486143,-0.04892577661335326,-0.001456680153851253,-0.04746909645950201,0.0004507002353594247
evaluation,2026092805,maest,sigmoid,log_loss,0.11380832059874435,-0.11392162074307938,-0.00193487260235492,-0.11198674814072446,0.0018215724580198933
evaluation,2026092805,maest,temperature,brier,0.04791979669486143,-0.001767522994220505,0.00011820086335284641,-0.0018857238575733515,0.04603407283728808
evaluation,2026092805,maest,temperature,log_loss,0.11380832059874435,-0.0017676251974646506,0.0006207653077288655,-0.002388390505193516,0.11141993009355083
evaluation,2026092805,maest,conservative,brier,0.04791979669486143,-0.03502245904497467,0.0,-0.03502245904497467,0.012897337649886764
evaluation,2026092805,maest,conservative,log_loss,0.11380832059874435,-0.0832224894595347,0.0,-0.0832224894595347,0.03058583113920965
evaluation,2026092805,maest,blend_min,brier,0.04791979669486143,-0.04892577661335326,0.0,-0.04892577661335326,-0.0010059799184918283
evaluation,2026092805,maest,blend_min,log_loss,0.11380832059874435,-0.11392162074307938,0.0,-0.11392162074307938,-0.00011330014433502678
evaluation,2026092805,mert_v0,raw,brier,0.04812467204247958,0.0,0.0,0.0,0.04812467204247958
evaluation,2026092805,mert_v0,raw,log_loss,0.11696437978148533,0.0,0.0,0.0,0.11696437978148533
evaluation,2026092805,mert_v0,prior_offset,brier,0.04812467204247958,-0.04693562849116731,0.0,-0.04693562849116731,0.0011890435513122743
evaluation,2026092805,mert_v0,prior_offset,log_loss,0.11696437978148533,-0.11389882667154239,0.0,-0.11389882667154239,0.0030655531099429423
evaluation,2026092805,mert_v0,intercept,brier,0.04812467204247958,-0.04729362883226232,4.0439817598103556e-05,-0.04733406864986042,0.0007906033926191602
evaluation,2026092805,mert_v0,intercept,log_loss,0.11696437978148533,-0.11583179358284379,0.0001004231041710768,-0.11593221668701487,0.0010321630944704618
evaluation,2026092805,mert_v0,sigmoid,brier,0.04812467204247958,-0.04798334275034974,-0.00025574646645937227,-0.04772759628389037,0.00039707575858921595
evaluation,2026092805,mert_v0,sigmoid,log_loss,0.11696437978148533,-0.11615602481817999,0.00047049637938867406,-0.11662652119756867,0.00033785858391666146
evaluation,2026092805,mert_v0,temperature,brier,0.04812467204247958,-0.0005045000135922018,-0.00016452295405755546,-0.0003399770595346463,0.047784694982944936
evaluation,2026092805,mert_v0,temperature,log_loss,0.11696437978148533,-0.0020398449967742316,0.0004396235109688229,-0.0024794685077430545,0.11448491127374227
evaluation,2026092805,mert_v0,conservative,brier,0.04812467204247958,-0.03567645809961126,0.0,-0.03567645809961126,0.012448213942868325
evaluation,2026092805,mert_v0,conservative,log_loss,0.11696437978148533,-0.08360652543628827,0.0,-0.08360652543628827,0.03335785434519706
evaluation,2026092805,mert_v0,blend_min,brier,0.04812467204247958,-0.04798334275034974,0.0,-0.04798334275034974,0.0001413292921298437
evaluation,2026092805,mert_v0,blend_min,log_loss,0.11696437978148533,-0.11615602481817999,0.0,-0.11615602481817999,0.0008083549633053355
evaluation,2026092805,mert_v1,raw,brier,0.054049517562302224,0.0,0.0,0.0,0.054049517562302224
evaluation,2026092805,mert_v1,raw,log_loss,0.12872406638990674,0.0,0.0,0.0,0.12872406638990674
evaluation,2026092805,mert_v1,prior_offset,brier,0.054049517562302224,-0.0539276454689076,0.0,-0.0539276454689076,0.00012187209339462046
evaluation,2026092805,mert_v1,prior_offset,log_loss,0.12872406638990674,-0.12978842763056792,0.0,-0.12978842763056792,-0.0010643612406611713
evaluation,2026092805,mert_v1,intercept,brier,0.054049517562302224,-0.05360157283220637,0.0003649542685092988,-0.05396652710071567,8.299046158655177e-05
evaluation,2026092805,mert_v1,intercept,log_loss,0.12872406638990674,-0.12962404872593297,0.000967949997667028,-0.1305919987236,-0.0018679323336932563
evaluation,2026092805,mert_v1,sigmoid,brier,0.054049517562302224,-0.05421980145488933,0.00013408065868969476,-0.05435388211357903,-0.0003043645512768034
evaluation,2026092805,mert_v1,sigmoid,log_loss,0.12872406638990674,-0.12991419638341484,0.0011160106662946312,-0.13103020704970947,-0.0023061406598027245
evaluation,2026092805,mert_v1,temperature,brier,0.054049517562302224,-0.00044687377766300385,0.00016175487300895686,-0.0006086286506719607,0.05344088891163026
evaluation,2026092805,mert_v1,temperature,log_loss,0.12872406638990674,-0.001864751413124588,0.0011446308754556322,-0.00300938228858022,0.12571468410132652
evaluation,2026092805,mert_v1,conservative,brier,0.054049517562302224,-0.03907159449823161,0.0,-0.03907159449823161,0.014977923064070614
evaluation,2026092805,mert_v1,conservative,log_loss,0.12872406638990674,-0.09070894362523069,0.0,-0.09070894362523069,0.03801512276467606
evaluation,2026092805,mert_v1,blend_min,brier,0.054049517562302224,-0.05421980145488933,0.0,-0.05421980145488933,-0.00017028389258710863
evaluation,2026092805,mert_v1,blend_min,log_loss,0.12872406638990674,-0.12991419638341484,0.0,-0.12991419638341484,-0.0011901299935080933
evaluation,2026092806,maest,raw,brier,0.030541431025180865,0.0,0.0,0.0,0.030541431025180865
evaluation,2026092806,maest,raw,log_loss,0.07622185079809962,0.0,0.0,0.0,0.07622185079809962
evaluation,2026092806,maest,prior_offset,brier,0.030541431025180865,-0.02713516041044045,0.0,-0.02713516041044045,0.0034062706147404143
evaluation,2026092806,maest,prior_offset,log_loss,0.07622185079809962,-0.06610919288662198,0.0,-0.06610919288662198,0.01011265791147764
evaluation,2026092806,maest,intercept,brier,0.030541431025180865,-0.028650268935627304,-0.00012097321535564642,-0.028529295720271658,0.0020121353049092072
evaluation,2026092806,maest,intercept,log_loss,0.07622185079809962,-0.07393045145151822,-0.0005260046782655237,-0.0734044467732527,0.0028174040248469256
evaluation,2026092806,maest,sigmoid,brier,0.030541431025180865,-0.02945799664706722,0.0003803104366903731,-0.029838307083757593,0.0007031239414232726
evaluation,2026092806,maest,sigmoid,log_loss,0.07622185079809962,-0.0755436140191198,0.0003847569283524921,-0.07592837094747229,0.00029347985062733173
evaluation,2026092806,maest,temperature,brier,0.030541431025180865,0.0003544249528472654,9.146520333433439e-05,0.000262959749512931,0.030804390774693796
evaluation,2026092806,maest,temperature,log_loss,0.07622185079809962,0.00019250091839595473,0.00024372178616277607,-5.122086776682133e-05,0.0761706299303328
evaluation,2026092806,maest,conservative,brier,0.030541431025180865,-0.013539335600309205,0.0,-0.013539335600309205,0.01700209542487166
evaluation,2026092806,maest,conservative,log_loss,0.07622185079809962,-0.0352561712637377,0.0,-0.0352561712637377,0.04096567953436192
evaluation,2026092806,maest,blend_min,brier,0.030541431025180865,-0.028268333923842814,0.0,-0.028268333923842814,0.0022730971013380508
evaluation,2026092806,maest,blend_min,log_loss,0.07622185079809962,-0.07304105416384143,0.0,-0.07304105416384143,0.0031807966342581873
evaluation,2026092806,mert_v0,raw,brier,0.05515941636175434,0.0,0.0,0.0,0.05515941636175434
evaluation,2026092806,mert_v0,raw,log_loss,0.13318527073784486,0.0,0.0,0.0,0.13318527073784486
evaluation,2026092806,mert_v0,prior_offset,brier,0.05515941636175434,-0.05615533267565506,0.0,-0.05615533267565506,-0.0009959163139007243
evaluation,2026092806,mert_v0,prior_offset,log_loss,0.13318527073784486,-0.13731487169638956,0.0,-0.13731487169638956,-0.004129600958544699
evaluation,2026092806,mert_v0,intercept,brier,0.05515941636175434,-0.05626436316587283,0.0003411765458712912,-0.05660553971174412,-0.0014461233499897808
evaluation,2026092806,mert_v0,intercept,log_loss,0.13318527073784486,-0.13760147459869315,0.0005713654619463049,-0.13817284006063946,-0.004987569322794594
evaluation,2026092806,mert_v0,sigmoid,brier,0.05515941636175434,-0.0559670428905327,0.00039965923132356806,-0.056366702121856266,-0.0012072857601019282
evaluation,2026092806,mert_v0,sigmoid,log_loss,0.13318527073784486,-0.13592408202937006,0.0021087131197425335,-0.1380327951491126,-0.004847524411267734
evaluation,2026092806,mert_v0,temperature,brier,0.05515941636175434,-0.0003006279429307035,0.0005106323615561015,-0.000811260304486805,0.05434815605726753
evaluation,2026092806,mert_v0,temperature,log_loss,0.13318527073784486,-0.0005343176112513337,0.0019367289881837002,-0.002471046599435034,0.13071422413840983
evaluation,2026092806,mert_v0,conservative,brier,0.05515941636175434,-0.043854737016492784,0.0,-0.043854737016492784,0.011304679345261553
evaluation,2026092806,mert_v0,conservative,log_loss,0.13318527073784486,-0.10401892738013008,0.0,-0.10401892738013008,0.029166343357714786
evaluation,2026092806,mert_v0,blend_min,brier,0.05515941636175434,-0.0559670428905327,0.0,-0.0559670428905327,-0.0008076265287783602
evaluation,2026092806,mert_v0,blend_min,log_loss,0.13318527073784486,-0.13592408202937006,0.0,-0.13592408202937006,-0.0027388112915252005
evaluation,2026092806,mert_v1,raw,brier,0.05236569888221562,0.0,0.0,0.0,0.05236569888221562
evaluation,2026092806,mert_v1,raw,log_loss,0.12971098980243778,0.0,0.0,0.0,0.12971098980243778
evaluation,2026092806,mert_v1,prior_offset,brier,0.05236569888221562,-0.05285197983496304,0.0,-0.05285197983496304,-0.00048628095274741434
evaluation,2026092806,mert_v1,prior_offset,log_loss,0.12971098980243778,-0.13342096075840432,0.0,-0.13342096075840432,-0.003709970955966535
evaluation,2026092806,mert_v1,intercept,brier,0.05236569888221562,-0.052847354964073445,0.0006312585200319576,-0.0534786134841054,-0.0011129146018897806
evaluation,2026092806,mert_v1,intercept,log_loss,0.12971098980243778,-0.1334099045582211,0.0010522616056991008,-0.1344621661639202,-0.004751176361482423
evaluation,2026092806,mert_v1,sigmoid,brier,0.05236569888221562,-0.05236942691503815,0.0007589501253566222,-0.053128377040394775,-0.0007626781581791531
evaluation,2026092806,mert_v1,sigmoid,log_loss,0.12971098980243778,-0.13306191893068553,0.0002881058415503679,-0.1333500247722359,-0.003639034969798116
evaluation,2026092806,mert_v1,temperature,brier,0.05236569888221562,-0.00042956341283148514,0.0009576023405900025,-0.0013871657534214876,0.050978533128794135
evaluation,2026092806,mert_v1,temperature,log_loss,0.12971098980243778,-0.001192751409888504,0.0013032525472256307,-0.0024960039571141346,0.12721498584532365
evaluation,2026092806,mert_v1,conservative,brier,0.05236569888221562,-0.042649425377259104,0.0,-0.042649425377259104,0.009716273504956519
evaluation,2026092806,mert_v1,conservative,log_loss,0.12971098980243778,-0.10314596922682695,0.0,-0.10314596922682695,0.02656502057561083
evaluation,2026092806,mert_v1,blend_min,brier,0.05236569888221562,-0.05236942691503815,0.0,-0.05236942691503815,-3.728032822530869e-06
evaluation,2026092806,mert_v1,blend_min,log_loss,0.12971098980243778,-0.13306191893068553,0.0,-0.13306191893068553,-0.0033509291282477482
evaluation,2026092807,maest,raw,brier,0.024476010026998507,0.0,0.0,0.0,0.024476010026998507
evaluation,2026092807,maest,raw,log_loss,0.06894343578227341,0.0,0.0,0.0,0.06894343578227341
evaluation,2026092807,maest,prior_offset,brier,0.024476010026998507,-0.02080589828961865,0.0,-0.02080589828961865,0.0036701117373798553
evaluation,2026092807,maest,prior_offset,log_loss,0.06894343578227341,-0.0514307081796706,0.0,-0.0514307081796706,0.017512727602602807
evaluation,2026092807,maest,intercept,brier,0.024476010026998507,-0.02189948272581463,0.00013244543195065073,-0.02203192815776528,0.002444081869233228
evaluation,2026092807,maest,intercept,log_loss,0.06894343578227341,-0.05790906200517748,0.0006787829835454007,-0.05858784498872288,0.010355590793550529
evaluation,2026092807,maest,sigmoid,brier,0.024476010026998507,-0.02554303565873589,-0.0016696396666291136,-0.023873395992106777,0.0006026140348917297
evaluation,2026092807,maest,sigmoid,log_loss,0.06894343578227341,-0.0713805289607719,-0.005163295830578896,-0.06621723313019301,0.0027262026520804006
evaluation,2026092807,maest,temperature,brier,0.024476010026998507,-0.00038044507259291094,-0.0009840793256411517,0.0006036342530482408,0.025079644280046748
evaluation,2026092807,maest,temperature,log_loss,0.06894343578227341,-0.001794374255969955,-0.003536431990826039,0.001742057734856084,0.0706854935171295
evaluation,2026092807,maest,conservative,brier,0.024476010026998507,-0.012862944122189024,0.0,-0.012862944122189024,0.011613065904809483
evaluation,2026092807,maest,conservative,log_loss,0.06894343578227341,-0.03916130024960679,0.0,-0.03916130024960679,0.02978213553266662
evaluation,2026092807,maest,blend_min,brier,0.024476010026998507,-0.02554303565873589,0.0,-0.02554303565873589,-0.0010670256317373839
evaluation,2026092807,maest,blend_min,log_loss,0.06894343578227341,-0.0713805289607719,0.0,-0.0713805289607719,-0.002437093178498495
evaluation,2026092807,mert_v0,raw,brier,0.032249267409717536,0.0,0.0,0.0,0.032249267409717536
evaluation,2026092807,mert_v0,raw,log_loss,0.07290745332481541,0.0,0.0,0.0,0.07290745332481541
evaluation,2026092807,mert_v0,prior_offset,brier,0.032249267409717536,-0.03006677006438563,0.0,-0.03006677006438563,0.0021824973453319074
evaluation,2026092807,mert_v0,prior_offset,log_loss,0.07290745332481541,-0.06354619908550135,0.0,-0.06354619908550135,0.009361254239314054
evaluation,2026092807,mert_v0,intercept,brier,0.032249267409717536,-0.030851376309922934,0.0005177786355340663,-0.031369154945457,0.0008801124642605351
evaluation,2026092807,mert_v0,intercept,log_loss,0.07290745332481541,-0.06725029454276316,0.002055960549487923,-0.06930625509225108,0.003601198232564329
evaluation,2026092807,mert_v0,sigmoid,brier,0.032249267409717536,-0.031051217147149618,0.000627302387285561,-0.03167851953443518,0.0005707478752823569
evaluation,2026092807,mert_v0,sigmoid,log_loss,0.07290745332481541,-0.06880630311162389,0.0033257946749744582,-0.07213209778659835,0.0007753555382170596
evaluation,2026092807,mert_v0,temperature,brier,0.032249267409717536,0.000827344501255961,0.0006393959312504249,0.0001879485700055361,0.03243721597972307
evaluation,2026092807,mert_v0,temperature,log_loss,0.07290745332481541,0.0014954176257347962,0.0033240059591520543,-0.0018285883334172581,0.07107886499139815
evaluation,2026092807,mert_v0,conservative,brier,0.032249267409717536,-0.02702723004559085,0.0,-0.02702723004559085,0.005222037364126686
evaluation,2026092807,mert_v0,conservative,log_loss,0.07290745332481541,-0.0645057671734865,0.0,-0.0645057671734865,0.008401686151328913
evaluation,2026092807,mert_v0,blend_min,brier,0.032249267409717536,-0.031051217147149618,0.0,-0.031051217147149618,0.001198050262567918
evaluation,2026092807,mert_v0,blend_min,log_loss,0.07290745332481541,-0.06880630311162389,0.0,-0.06880630311162389,0.004101150213191518
evaluation,2026092807,mert_v1,raw,brier,0.0301751237760437,0.0,0.0,0.0,0.0301751237760437
evaluation,2026092807,mert_v1,raw,log_loss,0.07003011877435206,0.0,0.0,0.0,0.07003011877435206
evaluation,2026092807,mert_v1,prior_offset,brier,0.0301751237760437,-0.027194484516689793,0.0,-0.027194484516689793,0.0029806392593539066
evaluation,2026092807,mert_v1,prior_offset,log_loss,0.07003011877435206,-0.05880128263831147,0.0,-0.05880128263831147,0.011228836136040588
evaluation,2026092807,mert_v1,intercept,brier,0.0301751237760437,-0.02816554864373136,0.00042102166796514906,-0.028586570311696508,0.0015885534643471921
evaluation,2026092807,mert_v1,intercept,log_loss,0.07003011877435206,-0.06327739322927411,0.0016317321082837122,-0.06490912533755783,0.00512099343679423
evaluation,2026092807,mert_v1,sigmoid,brier,0.0301751237760437,-0.028967704968605484,0.0002969029147203983,-0.029264607883325883,0.000910515892717817
evaluation,2026092807,mert_v1,sigmoid,log_loss,0.07003011877435206,-0.06779667111607435,0.0007757528548669734,-0.06857242397094132,0.0014576948034107362
evaluation,2026092807,mert_v1,temperature,brier,0.0301751237760437,0.0001243570824582263,0.00019330291582378423,-6.894583336555793e-05,0.03010617794267814
evaluation,2026092807,mert_v1,temperature,log_loss,0.07003011877435206,0.00011865462613214195,0.0008775206323023976,-0.0007588660061702557,0.0692712527681818
evaluation,2026092807,mert_v1,conservative,brier,0.0301751237760437,-0.025964394557492693,0.0,-0.025964394557492693,0.004210729218551007
evaluation,2026092807,mert_v1,conservative,log_loss,0.07003011877435206,-0.06361144632431015,0.0,-0.06361144632431015,0.006418672450041907
evaluation,2026092807,mert_v1,blend_min,brier,0.0301751237760437,-0.028967704968605484,0.0,-0.028967704968605484,0.0012074188074382153
evaluation,2026092807,mert_v1,blend_min,log_loss,0.07003011877435206,-0.06779667111607435,0.0,-0.06779667111607435,0.0022334476582777096
evaluation,2026092808,maest,raw,brier,0.03653395502116705,0.0,0.0,0.0,0.03653395502116705
evaluation,2026092808,maest,raw,log_loss,0.09526896989896255,0.0,0.0,0.0,0.09526896989896255
evaluation,2026092808,maest,prior_offset,brier,0.03653395502116705,-0.03380827236308789,0.0,-0.03380827236308789,0.0027256826580791538
evaluation,2026092808,maest,prior_offset,log_loss,0.09526896989896255,-0.07563240202469951,0.0,-0.07563240202469951,0.019636567874263045
evaluation,2026092808,maest,intercept,brier,0.03653395502116705,-0.03239167507420812,0.00020096550037837502,-0.032592640574586496,0.003941314446580552
evaluation,2026092808,maest,intercept,log_loss,0.09526896989896255,-0.07909582651258701,6.437833572547902e-05,-0.07916020484831249,0.016108765050650065
evaluation,2026092808,maest,sigmoid,brier,0.03653395502116705,-0.036330069442541996,-0.0011320103235523404,-0.035198059118989655,0.001335895902177392
evaluation,2026092808,maest,sigmoid,log_loss,0.09526896989896255,-0.09548615773678154,-0.005021398187456838,-0.0904647595493247,0.00480421034963785
evaluation,2026092808,maest,temperature,brier,0.03653395502116705,-0.0010089379616309846,-0.0007826388481864399,-0.00022629911344454468,0.0363076559077225
evaluation,2026092808,maest,temperature,log_loss,0.09526896989896255,-0.005385729915190818,-0.004015372542984508,-0.00137035737220631,0.09389861252675624
evaluation,2026092808,maest,conservative,brier,0.03653395502116705,-0.025654084319148118,0.0,-0.025654084319148118,0.010879870702018929
evaluation,2026092808,maest,conservative,log_loss,0.09526896989896255,-0.07277848618914284,0.0,-0.07277848618914284,0.02249048370981971
evaluation,2026092808,maest,blend_min,brier,0.03653395502116705,-0.036330069442541996,0.0,-0.036330069442541996,0.00020388557862505152
evaluation,2026092808,maest,blend_min,log_loss,0.09526896989896255,-0.09548615773678154,0.0,-0.09548615773678154,-0.00021718783781898843
evaluation,2026092808,mert_v0,raw,brier,0.04915895455796246,0.0,0.0,0.0,0.04915895455796246
evaluation,2026092808,mert_v0,raw,log_loss,0.12019931235829312,0.0,0.0,0.0,0.12019931235829312
evaluation,2026092808,mert_v0,prior_offset,brier,0.04915895455796246,-0.047936817850170954,0.0,-0.047936817850170954,0.0012221367077915046
evaluation,2026092808,mert_v0,prior_offset,log_loss,0.12019931235829312,-0.11642185022962892,0.0,-0.11642185022962892,0.0037774621286641996
evaluation,2026092808,mert_v0,intercept,brier,0.04915895455796246,-0.04741630628734972,0.00013712418241590418,-0.04755343046976562,0.0016055240881968358
evaluation,2026092808,mert_v0,intercept,log_loss,0.12019931235829312,-0.11787906565374928,8.995976214076773e-05,-0.11796902541589005,0.0022302869424030702
evaluation,2026092808,mert_v0,sigmoid,brier,0.04915895455796246,-0.04253922005896574,0.007349543819941573,-0.04988876387890731,-0.000729809320944852
evaluation,2026092808,mert_v0,sigmoid,log_loss,0.12019931235829312,-0.10524616444174362,0.018695213709900627,-0.12394137815164424,-0.0037420657933511237
evaluation,2026092808,mert_v0,temperature,brier,0.04915895455796246,0.0033319603473332127,0.0012087389921703051,0.0021232213551629076,0.051282175913125366
evaluation,2026092808,mert_v0,temperature,log_loss,0.12019931235829312,0.013579696920929862,0.004250788752135026,0.009328908168794836,0.12952822052708796
evaluation,2026092808,mert_v0,conservative,brier,0.04915895455796246,-0.03220362361760232,0.0,-0.03220362361760232,0.01695533094036014
evaluation,2026092808,mert_v0,conservative,log_loss,0.12019931235829312,-0.08180704124245575,0.0,-0.08180704124245575,0.03839227111583737
evaluation,2026092808,mert_v0,blend_min,brier,0.04915895455796246,-0.04253922005896574,0.0,-0.04253922005896574,0.006619734498996721
evaluation,2026092808,mert_v0,blend_min,log_loss,0.12019931235829312,-0.10524616444174362,0.0,-0.10524616444174362,0.014953147916549503
evaluation,2026092808,mert_v1,raw,brier,0.04865280500443883,0.0,0.0,0.0,0.04865280500443883
evaluation,2026092808,mert_v1,raw,log_loss,0.12119293276353077,0.0,0.0,0.0,0.12119293276353077
evaluation,2026092808,mert_v1,prior_offset,brier,0.04865280500443883,-0.046762885360254164,0.0,-0.046762885360254164,0.0018899196441846677
evaluation,2026092808,mert_v1,prior_offset,log_loss,0.12119293276353077,-0.1159659693507441,0.0,-0.1159659693507441,0.005226963412786667
evaluation,2026092808,mert_v1,intercept,brier,0.04865280500443883,-0.04691959989935196,2.1618004396595225e-05,-0.046941217903748556,0.001711587100690276
evaluation,2026092808,mert_v1,intercept,log_loss,0.12119293276353077,-0.11784709567114304,3.295924204738121e-05,-0.11788005491319042,0.0033128778503403455
evaluation,2026092808,mert_v1,sigmoid,brier,0.04865280500443883,-0.043616086022757405,0.005220985709885884,-0.04883707173264329,-0.00018426672820445744
evaluation,2026092808,mert_v1,sigmoid,log_loss,0.12119293276353077,-0.1094075588980708,0.01267652121522539,-0.12208408011329619,-0.0008911473497654199
evaluation,2026092808,mert_v1,temperature,brier,0.04865280500443883,0.0011981808506339175,0.0010846432080462154,0.00011353764258770216,0.048766342647026534
evaluation,2026092808,mert_v1,temperature,log_loss,0.12119293276353077,0.0072826282595507275,0.0030149313741172357,0.004267696885433492,0.12546062964896426
evaluation,2026092808,mert_v1,conservative,brier,0.04865280500443883,-0.03330260359659476,0.0,-0.03330260359659476,0.015350201407844072
evaluation,2026092808,mert_v1,conservative,log_loss,0.12119293276353077,-0.08327973946244038,0.0,-0.08327973946244038,0.03791319330109039
evaluation,2026092808,mert_v1,blend_min,brier,0.04865280500443883,-0.043616086022757405,0.0008486353147073578,-0.04446472133746476,0.004188083666974068
evaluation,2026092808,mert_v1,blend_min,log_loss,0.12119293276353077,-0.1094075588980708,0.0015612519091245392,-0.11096881080719534,0.01022412195633543
evaluation,2026092809,maest,raw,brier,0.040278466401465624,0.0,0.0,0.0,0.040278466401465624
evaluation,2026092809,maest,raw,log_loss,0.10836735426275412,0.0,0.0,0.0,0.10836735426275412
evaluation,2026092809,maest,prior_offset,brier,0.040278466401465624,-0.0370127823878878,0.0,-0.0370127823878878,0.0032656840135778242
evaluation,2026092809,maest,prior_offset,log_loss,0.10836735426275412,-0.09944935161582291,0.0,-0.09944935161582291,0.008918002646931211
evaluation,2026092809,maest,intercept,brier,0.040278466401465624,-0.03703351140900188,-7.486189283209543e-05,-0.036958649516169784,0.00331981688529584
evaluation,2026092809,maest,intercept,log_loss,0.10836735426275412,-0.09952488915749436,-0.000727666161444207,-0.09879722299605015,0.009570131266703974
evaluation,2026092809,maest,sigmoid,brier,0.040278466401465624,-0.037838729518904574,-0.00011249861883169676,-0.03772623090007288,0.0025522355013927467
evaluation,2026092809,maest,sigmoid,log_loss,0.10836735426275412,-0.10313413792918269,-0.0011115602516217904,-0.1020225776775609,0.006344776585193224
evaluation,2026092809,maest,temperature,brier,0.040278466401465624,-2.382610326878698e-05,5.215515690171202e-05,-7.5981260170499e-05,0.040202485141295125
evaluation,2026092809,maest,temperature,log_loss,0.10836735426275412,-0.0007336678300687849,3.6891524592241876e-05,-0.0007705593546610268,0.1075967949080931
evaluation,2026092809,maest,conservative,brier,0.040278466401465624,-0.031044541425905847,0.0,-0.031044541425905847,0.009233924975559776
evaluation,2026092809,maest,conservative,log_loss,0.10836735426275412,-0.08239500848618514,0.0,-0.08239500848618514,0.025972345776568984
evaluation,2026092809,maest,blend_min,brier,0.040278466401465624,-0.03747292963901863,0.0,-0.03747292963901863,0.002805536762446992
evaluation,2026092809,maest,blend_min,log_loss,0.10836735426275412,-0.10009201121502859,0.0,-0.10009201121502859,0.008275343047725536
evaluation,2026092809,mert_v0,raw,brier,0.06014541801662457,0.0,0.0,0.0,0.06014541801662457
evaluation,2026092809,mert_v0,raw,log_loss,0.1474848999733655,0.0,0.0,0.0,0.1474848999733655
evaluation,2026092809,mert_v0,prior_offset,brier,0.06014541801662457,-0.05956196334989297,0.0,-0.05956196334989297,0.0005834546667315976
evaluation,2026092809,mert_v0,prior_offset,log_loss,0.1474848999733655,-0.14884394530299844,0.0,-0.14884394530299844,-0.0013590453296329352
evaluation,2026092809,mert_v0,intercept,brier,0.06014541801662457,-0.059463540727343056,-0.0002752441470744438,-0.05918829658026861,0.0009571214363559566
evaluation,2026092809,mert_v0,intercept,log_loss,0.1474848999733655,-0.14872087588691513,-0.002116643855023026,-0.1466042320318921,0.0008806679414734009
evaluation,2026092809,mert_v0,sigmoid,brier,0.06014541801662457,-0.05930986080241171,-0.0002364802029185542,-0.05907338059949316,0.0010720374171314107
evaluation,2026092809,mert_v0,sigmoid,log_loss,0.1474848999733655,-0.14708426764429905,-0.001894853739898894,-0.14518941390440016,0.0022954860689653467
evaluation,2026092809,mert_v0,temperature,brier,0.06014541801662457,0.00037857119752887636,-0.0003397477532173232,0.0007183189507461996,0.06086373696737077
evaluation,2026092809,mert_v0,temperature,log_loss,0.1474848999733655,0.00013859617521860823,-0.0032810295442866066,0.003419625719505215,0.15090452569287072
evaluation,2026092809,mert_v0,conservative,brier,0.06014541801662457,-0.04690764146852988,0.0,-0.04690764146852988,0.013237776548094687
evaluation,2026092809,mert_v0,conservative,log_loss,0.1474848999733655,-0.11093186181085563,0.0,-0.11093186181085563,0.03655303816250988
evaluation,2026092809,mert_v0,blend_min,brier,0.06014541801662457,-0.05930986080241171,0.0,-0.05930986080241171,0.0008355572142128564
evaluation,2026092809,mert_v0,blend_min,log_loss,0.1474848999733655,-0.14708426764429905,0.0,-0.14708426764429905,0.00040063232906645263
evaluation,2026092809,mert_v1,raw,brier,0.061973644295406055,0.0,0.0,0.0,0.061973644295406055
evaluation,2026092809,mert_v1,raw,log_loss,0.15273645426262944,0.0,0.0,0.0,0.15273645426262944
evaluation,2026092809,mert_v1,prior_offset,brier,0.061973644295406055,-0.06259208237427719,0.0,-0.06259208237427719,-0.0006184380788711308
evaluation,2026092809,mert_v1,prior_offset,log_loss,0.15273645426262944,-0.15719152779546952,0.0,-0.15719152779546952,-0.0044550735328400815
evaluation,2026092809,mert_v1,intercept,brier,0.061973644295406055,-0.06254352031031993,-0.00023026252428401395,-0.062313257786035914,-0.0003396134906298587
evaluation,2026092809,mert_v1,intercept,log_loss,0.15273645426262944,-0.15747259288271787,-0.0023972837949116643,-0.1550753090878062,-0.0023388548251767616
evaluation,2026092809,mert_v1,sigmoid,brier,0.061973644295406055,-0.06245875271826945,-0.0003156148294936878,-0.06214313788877576,-0.00016949359336970726
evaluation,2026092809,mert_v1,sigmoid,log_loss,0.15273645426262944,-0.15827697811409247,-0.004535523539520803,-0.15374145457457167,-0.001005000311942228
evaluation,2026092809,mert_v1,temperature,brier,0.061973644295406055,0.002781381789555365,-0.0003826680751425615,0.0031640498646979265,0.06513769416010398
evaluation,2026092809,mert_v1,temperature,log_loss,0.15273645426262944,0.00623437893607659,-0.004492263219475989,0.01072664215555258,0.16346309641818202
evaluation,2026092809,mert_v1,conservative,brier,0.061973644295406055,-0.047095380653860736,0.0,-0.047095380653860736,0.01487826364154532
evaluation,2026092809,mert_v1,conservative,log_loss,0.15273645426262944,-0.1128491967278023,0.0,-0.1128491967278023,0.039887257534827136
evaluation,2026092809,mert_v1,blend_min,brier,0.061973644295406055,-0.06245875271826945,0.0,-0.06245875271826945,-0.00048510842286339506
evaluation,2026092809,mert_v1,blend_min,log_loss,0.15273645426262944,-0.15827697811409247,0.0,-0.15827697811409247,-0.005540523851463031
evaluation,2026092810,maest,raw,brier,0.04002936043796812,0.0,0.0,0.0,0.04002936043796812
evaluation,2026092810,maest,raw,log_loss,0.10808226064667942,0.0,0.0,0.0,0.10808226064667942
evaluation,2026092810,maest,prior_offset,brier,0.04002936043796812,-0.039942707332110916,0.0,-0.039942707332110916,8.665310585720398e-05
evaluation,2026092810,maest,prior_offset,log_loss,0.10808226064667942,-0.11120697662469398,0.0,-0.11120697662469398,-0.0031247159780145584
evaluation,2026092810,maest,intercept,brier,0.04002936043796812,-0.03950295231411627,0.0006043898086508237,-0.04010734212276709,-7.798168479897227e-05
evaluation,2026092810,maest,intercept,log_loss,0.10808226064667942,-0.10872947227252772,0.0023539820200750294,-0.11108345429260275,-0.003001193645923328
evaluation,2026092810,maest,sigmoid,brier,0.04002936043796812,-0.04086395981414964,0.00019480410720629227,-0.041058763921355934,-0.001029403483387814
evaluation,2026092810,maest,sigmoid,log_loss,0.10808226064667942,-0.10840141171854972,0.002474455237322981,-0.1108758669558727,-0.002793606309193286
evaluation,2026092810,maest,temperature,brier,0.04002936043796812,-2.7850850266214477e-05,-4.380008267945712e-05,1.5949232413242642e-05,0.04004530967038136
evaluation,2026092810,maest,temperature,log_loss,0.10808226064667942,-0.00015825530400714882,0.0021016309281872703,-0.002259886232194419,0.105822374414485
evaluation,2026092810,maest,conservative,brier,0.04002936043796812,-0.016639462289555346,0.0,-0.016639462289555346,0.023389898148412774
evaluation,2026092810,maest,conservative,log_loss,0.10808226064667942,-0.04336384734496357,0.0,-0.04336384734496357,0.06471841330171585
evaluation,2026092810,maest,blend_min,brier,0.04002936043796812,-0.04086395981414964,0.0,-0.04086395981414964,-0.0008345993761815218
evaluation,2026092810,maest,blend_min,log_loss,0.10808226064667942,-0.10840141171854972,0.0,-0.10840141171854972,-0.000319151071870305
evaluation,2026092810,mert_v0,raw,brier,0.0512410591592552,0.0,0.0,0.0,0.0512410591592552
evaluation,2026092810,mert_v0,raw,log_loss,0.1296834070939682,0.0,0.0,0.0,0.1296834070939682
evaluation,2026092810,mert_v0,prior_offset,brier,0.0512410591592552,-0.05211139598551265,0.0,-0.05211139598551265,-0.0008703368262574507
evaluation,2026092810,mert_v0,prior_offset,log_loss,0.1296834070939682,-0.13559666194123388,0.0,-0.13559666194123388,-0.005913254847265681
evaluation,2026092810,mert_v0,intercept,brier,0.0512410591592552,-0.05269455877313986,5.782800565290458e-05,-0.052752386778792765,-0.0015113276195375669
evaluation,2026092810,mert_v0,intercept,log_loss,0.1296834070939682,-0.1358997063871376,-9.93469131429503e-05,-0.13580035947399466,-0.006116952380026464
evaluation,2026092810,mert_v0,sigmoid,brier,0.0512410591592552,-0.05303894601734008,-0.0006853068649401162,-0.05235363915239996,-0.0011125799931447633
evaluation,2026092810,mert_v0,sigmoid,log_loss,0.1296834070939682,-0.13772325494041293,-0.0035072763355958325,-0.1342159786048171,-0.004532571510848904
evaluation,2026092810,mert_v0,temperature,brier,0.0512410591592552,-0.00272143965441371,-0.00010379137551519424,-0.0026176482788985156,0.04862341088035668
evaluation,2026092810,mert_v0,temperature,log_loss,0.1296834070939682,-0.008913334005185791,-0.0015518692843734527,-0.0073614647208123385,0.12232194237315586
evaluation,2026092810,mert_v0,conservative,brier,0.0512410591592552,-0.03958288650317002,0.0,-0.03958288650317002,0.01165817265608518
evaluation,2026092810,mert_v0,conservative,log_loss,0.1296834070939682,-0.09522560193306578,0.0,-0.09522560193306578,0.03445780516090241
evaluation,2026092810,mert_v0,blend_min,brier,0.0512410591592552,-0.05303894601734008,0.0,-0.05303894601734008,-0.0017978868580848795
evaluation,2026092810,mert_v0,blend_min,log_loss,0.1296834070939682,-0.13772325494041293,0.0,-0.13772325494041293,-0.008039847846444736
evaluation,2026092810,mert_v1,raw,brier,0.055835007693927824,0.0,0.0,0.0,0.055835007693927824
evaluation,2026092810,mert_v1,raw,log_loss,0.13344625509694924,0.0,0.0,0.0,0.13344625509694924
evaluation,2026092810,mert_v1,prior_offset,brier,0.055835007693927824,-0.05619782378983035,0.0,-0.05619782378983035,-0.00036281609590252395
evaluation,2026092810,mert_v1,prior_offset,log_loss,0.13344625509694924,-0.13784533470140187,0.0,-0.13784533470140187,-0.004399079604452627
evaluation,2026092810,mert_v1,intercept,brier,0.055835007693927824,-0.056379044409137574,2.626802905802972e-06,-0.05638167121204338,-0.0005466635181155532
evaluation,2026092810,mert_v1,intercept,log_loss,0.13344625509694924,-0.13754569724156418,2.6699842597566192e-05,-0.13757239708416175,-0.004126141987212506
evaluation,2026092810,mert_v1,sigmoid,brier,0.055835007693927824,-0.05637624546036987,-0.0005483400212878409,-0.05582790543908203,7.1022548457921886e-06
evaluation,2026092810,mert_v1,sigmoid,log_loss,0.13344625509694924,-0.1375341925085276,-0.0016282850872028076,-0.1359059074213248,-0.002459652324375561
evaluation,2026092810,mert_v1,temperature,brier,0.055835007693927824,-0.001137338138163052,-0.00019308218779215403,-0.000944255950370898,0.054890751743556926
evaluation,2026092810,mert_v1,temperature,log_loss,0.13344625509694924,-0.005117775170281558,-0.0007513248770332215,-0.004366450293248336,0.1290798048037009
evaluation,2026092810,mert_v1,conservative,brier,0.055835007693927824,-0.04083662685980197,0.0,-0.04083662685980197,0.014998380834125857
evaluation,2026092810,mert_v1,conservative,log_loss,0.13344625509694924,-0.09473061492945622,0.0,-0.09473061492945622,0.038715640167493015
evaluation,2026092810,mert_v1,blend_min,brier,0.055835007693927824,-0.05637624546036987,0.0,-0.05637624546036987,-0.0005412377664420487
evaluation,2026092810,mert_v1,blend_min,log_loss,0.13344625509694924,-0.1375341925085276,0.0,-0.1375341925085276,-0.004087937411578368
evaluation,2026092811,maest,raw,brier,0.02393356358509069,0.0,0.0,0.0,0.02393356358509069
evaluation,2026092811,maest,raw,log_loss,0.05078799530790479,0.0,0.0,0.0,0.05078799530790479
evaluation,2026092811,maest,prior_offset,brier,0.02393356358509069,-0.020191825103220096,0.0,-0.020191825103220096,0.0037417384818705934
evaluation,2026092811,maest,prior_offset,log_loss,0.05078799530790479,-0.03226343602955423,0.0,-0.03226343602955423,0.01852455927835056
evaluation,2026092811,maest,intercept,brier,0.02393356358509069,-0.021947705673117407,-1.3477258366589862e-05,-0.021934228414750817,0.001999335170339872
evaluation,2026092811,maest,intercept,log_loss,0.05078799530790479,-0.04425612328652173,-8.201502905974545e-05,-0.044174108257461986,0.0066138870504428016
evaluation,2026092811,maest,sigmoid,brier,0.02393356358509069,-0.02358051228956226,-0.0003381930292231383,-0.023242319260339123,0.0006912443247515665
evaluation,2026092811,maest,sigmoid,log_loss,0.05078799530790479,-0.04826796962612945,0.00020538405205622334,-0.04847335367818567,0.0023146416297191164
evaluation,2026092811,maest,temperature,brier,0.02393356358509069,9.509011253253097e-05,-0.0014940879983674216,0.0015891781108999525,0.02552274169599064
evaluation,2026092811,maest,temperature,log_loss,0.05078799530790479,0.004843693687497375,-0.004740404463082715,0.00958409815058009,0.06037209345848488
evaluation,2026092811,maest,conservative,brier,0.02393356358509069,-0.012595912925133373,0.0,-0.012595912925133373,0.011337650659957316
evaluation,2026092811,maest,conservative,log_loss,0.05078799530790479,-0.027754608159061,0.0,-0.027754608159061,0.023033387148843787
evaluation,2026092811,maest,blend_min,brier,0.02393356358509069,-0.024386169069914504,0.0,-0.024386169069914504,-0.0004526054848238148
evaluation,2026092811,maest,blend_min,log_loss,0.05078799530790479,-0.05139143774501587,0.0,-0.05139143774501587,-0.0006034424371110791
evaluation,2026092811,mert_v0,raw,brier,0.03972129291842247,0.0,0.0,0.0,0.03972129291842247
evaluation,2026092811,mert_v0,raw,log_loss,0.0928968666740212,0.0,0.0,0.0,0.0928968666740212
evaluation,2026092811,mert_v0,prior_offset,brier,0.03972129291842247,-0.03750521566793863,0.0,-0.03750521566793863,0.002216077250483839
evaluation,2026092811,mert_v0,prior_offset,log_loss,0.0928968666740212,-0.08396240450193754,0.0,-0.08396240450193754,0.008934462172083657
evaluation,2026092811,mert_v0,intercept,brier,0.03972129291842247,-0.03745167465031657,0.0007285426192913391,-0.03818021726960791,0.0015410756488145605
evaluation,2026092811,mert_v0,intercept,log_loss,0.0928968666740212,-0.08357697113763607,0.0039819599014918605,-0.08755893103912793,0.005337935634893265
evaluation,2026092811,mert_v0,sigmoid,brier,0.03972129291842247,-0.03940700381184767,-8.66934339253389e-05,-0.03932031037792233,0.0004009825405001388
evaluation,2026092811,mert_v0,sigmoid,log_loss,0.0928968666740212,-0.09037662093403226,0.0014324934667707678,-0.09180911440080303,0.0010877522732181677
evaluation,2026092811,mert_v0,temperature,brier,0.03972129291842247,0.0002989902551430168,0.0001390686565158894,0.0001599215986271274,0.039881214517049596
evaluation,2026092811,mert_v0,temperature,log_loss,0.0928968666740212,0.001958593806757336,0.00048395794402017467,0.0014746358627371614,0.09437150253675836
evaluation,2026092811,mert_v0,conservative,brier,0.03972129291842247,-0.0331814655541709,0.0,-0.0331814655541709,0.006539827364251571
evaluation,2026092811,mert_v0,conservative,log_loss,0.0928968666740212,-0.07764613161629402,0.0,-0.07764613161629402,0.015250735057727172
evaluation,2026092811,mert_v0,blend_min,brier,0.03972129291842247,-0.03940700381184767,0.0,-0.03940700381184767,0.0003142891065747999
evaluation,2026092811,mert_v0,blend_min,log_loss,0.0928968666740212,-0.09037662093403226,0.0,-0.09037662093403226,0.0025202457399889355
evaluation,2026092811,mert_v1,raw,brier,0.04063436461823361,0.0,0.0,0.0,0.04063436461823361
evaluation,2026092811,mert_v1,raw,log_loss,0.0976192924900417,0.0,0.0,0.0,0.0976192924900417
evaluation,2026092811,mert_v1,prior_offset,brier,0.04063436461823361,-0.03811450464411659,0.0,-0.03811450464411659,0.0025198599741170224
evaluation,2026092811,mert_v1,prior_offset,log_loss,0.0976192924900417,-0.0886328345379257,0.0,-0.0886328345379257,0.008986457952116
evaluation,2026092811,mert_v1,intercept,brier,0.04063436461823361,-0.03839539431779762,0.0004899239100025765,-0.0388853182278002,0.001749046390433412
evaluation,2026092811,mert_v1,intercept,log_loss,0.0976192924900417,-0.0901874668957503,0.002042363574421391,-0.09222983047017169,0.005389462019870006
evaluation,2026092811,mert_v1,sigmoid,brier,0.04063436461823361,-0.03968318292325074,0.00017754176242099073,-0.03986072468567173,0.0007736399325618815
evaluation,2026092811,mert_v1,sigmoid,log_loss,0.0976192924900417,-0.09394761316443367,0.0016028075703917177,-0.09555042073482539,0.002068871755216306
evaluation,2026092811,mert_v1,temperature,brier,0.04063436461823361,0.00012933024295738726,-0.00019923568637839062,0.0003285659293357779,0.04096293054756939
evaluation,2026092811,mert_v1,temperature,log_loss,0.0976192924900417,0.0006032165531789646,-0.0005685416030848933,0.001171758156263858,0.09879105064630556
evaluation,2026092811,mert_v1,conservative,brier,0.04063436461823361,-0.03307692415102381,0.0,-0.03307692415102381,0.007557440467209797
evaluation,2026092811,mert_v1,conservative,log_loss,0.0976192924900417,-0.07796573971114523,0.0,-0.07796573971114523,0.019653552778896466
evaluation,2026092811,mert_v1,blend_min,brier,0.04063436461823361,-0.03968318292325074,0.0,-0.03968318292325074,0.0009511816949828722
evaluation,2026092811,mert_v1,blend_min,log_loss,0.0976192924900417,-0.09394761316443367,0.0,-0.09394761316443367,0.003671679325608024
evaluation,2026092812,maest,raw,brier,0.04527133536291661,0.0,0.0,0.0,0.04527133536291661
evaluation,2026092812,maest,raw,log_loss,0.10114440754812998,0.0,0.0,0.0,0.10114440754812998
evaluation,2026092812,maest,prior_offset,brier,0.04527133536291661,-0.04513286056213264,0.0,-0.04513286056213264,0.00013847480078396646
evaluation,2026092812,maest,prior_offset,log_loss,0.10114440754812998,-0.09400583835069826,0.0,-0.09400583835069826,0.007138569197431721
evaluation,2026092812,maest,intercept,brier,0.04527133536291661,-0.04397820134983854,-0.0009011069857887133,-0.04307709436404983,0.002194240998866781
evaluation,2026092812,maest,intercept,log_loss,0.10114440754812998,-0.09525861432470661,-0.0007877202883244117,-0.0944708940363822,0.006673513511747775
evaluation,2026092812,maest,sigmoid,brier,0.04527133536291661,-0.043533991219996154,0.001703672860420058,-0.04523766408041621,3.367128250039708e-05
evaluation,2026092812,maest,sigmoid,log_loss,0.10114440754812998,-0.09376441153983206,0.007651134240034552,-0.10141554577986661,-0.000271138231736634
evaluation,2026092812,maest,temperature,brier,0.04527133536291661,0.0022934546651005028,0.0009966696316396073,0.0012967850334608955,0.046568120396377505
evaluation,2026092812,maest,temperature,log_loss,0.10114440754812998,0.0063975987834902215,0.006041543032509922,0.00035605575098029973,0.10150046329911028
evaluation,2026092812,maest,conservative,brier,0.04527133536291661,-0.030963510309126863,0.0,-0.030963510309126863,0.014307825053789747
evaluation,2026092812,maest,conservative,log_loss,0.10114440754812998,-0.07278286178945548,0.0,-0.07278286178945548,0.0283615457586745
evaluation,2026092812,maest,blend_min,brier,0.04527133536291661,-0.043533991219996154,0.00036421918161252953,-0.043898210401608684,0.0013731249613079255
evaluation,2026092812,maest,blend_min,log_loss,0.10114440754812998,-0.09376441153983206,0.0014639378115614554,-0.09522834935139352,0.005916058196736462
evaluation,2026092812,mert_v0,raw,brier,0.06046649466548798,0.0,0.0,0.0,0.06046649466548798
evaluation,2026092812,mert_v0,raw,log_loss,0.14038229314166373,0.0,0.0,0.0,0.14038229314166373
evaluation,2026092812,mert_v0,prior_offset,brier,0.06046649466548798,-0.06039357586744393,0.0,-0.06039357586744393,7.291879804405266e-05
evaluation,2026092812,mert_v0,prior_offset,log_loss,0.14038229314166373,-0.13917391484127234,0.0,-0.13917391484127234,0.0012083783003913884
evaluation,2026092812,mert_v0,intercept,brier,0.06046649466548798,-0.06055573835810896,-0.0007468506991121227,-0.059808887658996834,0.0006576070064911455
evaluation,2026092812,mert_v0,intercept,log_loss,0.14038229314166373,-0.1388749833151411,-0.00098388264531718,-0.1378911006698239,0.0024911924718398204
evaluation,2026092812,mert_v0,sigmoid,brier,0.06046649466548798,-0.05854693480189743,0.002647934656729245,-0.06119486945862668,-0.0007283747931386975
evaluation,2026092812,mert_v0,sigmoid,log_loss,0.14038229314166373,-0.13162736214995674,0.009715111875178761,-0.1413424740251355,-0.0009601808834717729
evaluation,2026092812,mert_v0,temperature,brier,0.06046649466548798,0.0012568706711957867,0.00100268422884367,0.00025418644235211674,0.0607206811078401
evaluation,2026092812,mert_v0,temperature,log_loss,0.14038229314166373,0.0016729240944013402,0.005508354605816557,-0.0038354305114152165,0.1365468626302485
evaluation,2026092812,mert_v0,conservative,brier,0.06046649466548798,-0.04478432594923476,0.0,-0.04478432594923476,0.01568216871625322
evaluation,2026092812,mert_v0,conservative,log_loss,0.14038229314166373,-0.1042276831343582,0.0,-0.1042276831343582,0.03615461000730552
evaluation,2026092812,mert_v0,blend_min,brier,0.06046649466548798,-0.05854693480189743,0.0009279771244926904,-0.05947491192639012,0.000991582739097857
evaluation,2026092812,mert_v0,blend_min,log_loss,0.14038229314166373,-0.13162736214995674,0.002576996025775935,-0.13420435817573267,0.006177934965931053
evaluation,2026092812,mert_v1,raw,brier,0.06719549159618782,0.0,0.0,0.0,0.06719549159618782
evaluation,2026092812,mert_v1,raw,log_loss,0.14819320350419574,0.0,0.0,0.0,0.14819320350419574
evaluation,2026092812,mert_v1,prior_offset,brier,0.06719549159618782,-0.06608020228828212,0.0,-0.06608020228828212,0.0011152893079056925
evaluation,2026092812,mert_v1,prior_offset,log_loss,0.14819320350419574,-0.14292116995115944,0.0,-0.14292116995115944,0.005272033553036293
evaluation,2026092812,mert_v1,intercept,brier,0.06719549159618782,-0.06644253600054811,-0.0013389998733852326,-0.06510353612716288,0.0020919554690249365
evaluation,2026092812,mert_v1,intercept,log_loss,0.14819320350419574,-0.1427278028236577,-0.001363371953202741,-0.14136443087045497,0.006828772633740765
evaluation,2026092812,mert_v1,sigmoid,brier,0.06719549159618782,-0.06546093676381015,0.0010844985984197753,-0.06654543536222993,0.0006500562339578908
evaluation,2026092812,mert_v1,sigmoid,log_loss,0.14819320350419574,-0.13883931545007688,0.007894282470858938,-0.14673359792093582,0.0014596055832599153
evaluation,2026092812,mert_v1,temperature,brier,0.06719549159618782,0.0010514319296569263,0.00030904058600395024,0.0007423913436529761,0.0679378829398408
evaluation,2026092812,mert_v1,temperature,log_loss,0.14819320350419574,0.0021163477343921766,0.0057123945075449045,-0.003596046773152728,0.144597156731043
evaluation,2026092812,mert_v1,conservative,brier,0.06719549159618782,-0.04861317973225848,0.0,-0.04861317973225848,0.018582311863929335
evaluation,2026092812,mert_v1,conservative,log_loss,0.14819320350419574,-0.10850616102412414,0.0,-0.10850616102412414,0.0396870424800716
evaluation,2026092812,mert_v1,blend_min,brier,0.06719549159618782,-0.06546093676381015,0.0,-0.06546093676381015,0.001734554832377666
evaluation,2026092812,mert_v1,blend_min,log_loss,0.14819320350419574,-0.13883931545007688,0.0,-0.13883931545007688,0.009353888054118853
evaluation,2026092813,maest,raw,brier,0.02417618879804362,0.0,0.0,0.0,0.02417618879804362
evaluation,2026092813,maest,raw,log_loss,0.061337268249888055,0.0,0.0,0.0,0.061337268249888055
evaluation,2026092813,maest,prior_offset,brier,0.02417618879804362,-0.022909244600949563,0.0,-0.022909244600949563,0.0012669441970940554
evaluation,2026092813,maest,prior_offset,log_loss,0.061337268249888055,-0.05273696321234905,0.0,-0.05273696321234905,0.008600305037539002
evaluation,2026092813,maest,intercept,brier,0.02417618879804362,-0.023645865242288733,0.0017384858640800138,-0.025384351106368747,-0.001208162308325128
evaluation,2026092813,maest,intercept,log_loss,0.061337268249888055,-0.05548744271796002,0.005883022533566928,-0.06137046525152695,-3.319700163889605e-05
evaluation,2026092813,maest,sigmoid,brier,0.02417618879804362,-0.023926715336314047,0.002052198688442197,-0.025978914024756244,-0.001802725226712626
evaluation,2026092813,maest,sigmoid,log_loss,0.061337268249888055,-0.057878802251676575,0.008356772797203482,-0.06623557504888006,-0.004898306798992003
evaluation,2026092813,maest,temperature,brier,0.02417618879804362,-2.7983635224326786e-06,0.001685992582411755,-0.0016887909459341877,0.02248739785210943
evaluation,2026092813,maest,temperature,log_loss,0.061337268249888055,-6.531247976304666e-05,0.008345408666022125,-0.008410721145785172,0.05292654710410288
evaluation,2026092813,maest,conservative,brier,0.02417618879804362,-0.02315801934307729,0.0,-0.02315801934307729,0.0010181694549663278
evaluation,2026092813,maest,conservative,log_loss,0.061337268249888055,-0.05840467588261511,0.0,-0.05840467588261511,0.002932592367272946
evaluation,2026092813,maest,blend_min,brier,0.02417618879804362,-0.023926715336314047,0.0,-0.023926715336314047,0.0002494734617295713
evaluation,2026092813,maest,blend_min,log_loss,0.061337268249888055,-0.057878802251676575,0.0,-0.057878802251676575,0.0034584659982114796
evaluation,2026092813,mert_v0,raw,brier,0.044314861711527154,0.0,0.0,0.0,0.044314861711527154
evaluation,2026092813,mert_v0,raw,log_loss,0.1127305357121805,0.0,0.0,0.0,0.1127305357121805
evaluation,2026092813,mert_v0,prior_offset,brier,0.044314861711527154,-0.04410131623521957,0.0,-0.04410131623521957,0.00021354547630758614
evaluation,2026092813,mert_v0,prior_offset,log_loss,0.1127305357121805,-0.11414750220954994,0.0,-0.11414750220954994,-0.001416966497369443
evaluation,2026092813,mert_v0,intercept,brier,0.044314861711527154,-0.0442664197531005,0.0010944780599121129,-0.04536089781301261,-0.0010460361014854591
evaluation,2026092813,mert_v0,intercept,log_loss,0.1127305357121805,-0.11456318291242445,0.0022651189763792656,-0.11682830188880372,-0.004097766176623219
evaluation,2026092813,mert_v0,sigmoid,brier,0.044314861711527154,-0.04416590278281002,0.0010001033930253922,-0.04516600617583541,-0.0008511444643082566
evaluation,2026092813,mert_v0,sigmoid,log_loss,0.1127305357121805,-0.11439864617828749,0.0018623635552206252,-0.11626100973350811,-0.003530474021327612
evaluation,2026092813,mert_v0,temperature,brier,0.044314861711527154,-0.0010523349489447442,0.0011642584244023202,-0.0022165933733470644,0.04209826833818009
evaluation,2026092813,mert_v0,temperature,log_loss,0.1127305357121805,-0.0019505533952146603,0.0023272768949617606,-0.004277830290176421,0.10845270542200408
evaluation,2026092813,mert_v0,conservative,brier,0.044314861711527154,-0.0369248399705597,0.0,-0.0369248399705597,0.007390021740967451
evaluation,2026092813,mert_v0,conservative,log_loss,0.1127305357121805,-0.09084584235710941,0.0,-0.09084584235710941,0.021884693355071094
evaluation,2026092813,mert_v0,blend_min,brier,0.044314861711527154,-0.04416590278281002,0.0,-0.04416590278281002,0.00014895892871713556
evaluation,2026092813,mert_v0,blend_min,log_loss,0.1127305357121805,-0.11439864617828749,0.0,-0.11439864617828749,-0.0016681104661069868
evaluation,2026092813,mert_v1,raw,brier,0.04608226305978269,0.0,0.0,0.0,0.04608226305978269
evaluation,2026092813,mert_v1,raw,log_loss,0.11746632413105756,0.0,0.0,0.0,0.11746632413105756
evaluation,2026092813,mert_v1,prior_offset,brier,0.04608226305978269,-0.04538483953020478,0.0,-0.04538483953020478,0.0006974235295779119
evaluation,2026092813,mert_v1,prior_offset,log_loss,0.11746632413105756,-0.11673775235473371,0.0,-0.11673775235473371,0.0007285717763238497
evaluation,2026092813,mert_v1,intercept,brier,0.04608226305978269,-0.04552391799036362,0.0009554850938115755,-0.0464794030841752,-0.00039714002439250606
evaluation,2026092813,mert_v1,intercept,log_loss,0.11746632413105756,-0.11709613219602782,0.001987183481151733,-0.11908331567717956,-0.001616991546121993
evaluation,2026092813,mert_v1,sigmoid,brier,0.04608226305978269,-0.04404619011923275,0.0022992776561384654,-0.04634546777537121,-0.000263204715588522
evaluation,2026092813,mert_v1,sigmoid,log_loss,0.11746632413105756,-0.11289829629825682,0.0049048161417892255,-0.11780311244004604,-0.0003367883089884782
evaluation,2026092813,mert_v1,temperature,brier,0.04608226305978269,-0.00020839806496847357,0.0020989348841941036,-0.002307332949162577,0.043774930110620114
evaluation,2026092813,mert_v1,temperature,log_loss,0.11746632413105756,0.0030133929611902976,0.004676419343620841,-0.0016630263824305436,0.11580329774862702
evaluation,2026092813,mert_v1,conservative,brier,0.04608226305978269,-0.036996447679640304,0.0,-0.036996447679640304,0.009085815380142387
evaluation,2026092813,mert_v1,conservative,log_loss,0.11746632413105756,-0.09129248293868969,0.0,-0.09129248293868969,0.026173841192367875
evaluation,2026092813,mert_v1,blend_min,brier,0.04608226305978269,-0.04404619011923275,0.0,-0.04404619011923275,0.0020360729405499434
evaluation,2026092813,mert_v1,blend_min,log_loss,0.11746632413105756,-0.11289829629825682,0.0,-0.11289829629825682,0.004568027832800747
evaluation,2026092814,maest,raw,brier,0.030237959682316295,0.0,0.0,0.0,0.030237959682316295
evaluation,2026092814,maest,raw,log_loss,0.07071629003457464,0.0,0.0,0.0,0.07071629003457464
evaluation,2026092814,maest,prior_offset,brier,0.030237959682316295,-0.025510839222879722,0.0,-0.025510839222879722,0.0047271204594365734
evaluation,2026092814,maest,prior_offset,log_loss,0.07071629003457464,-0.04939399185065263,0.0,-0.04939399185065263,0.021322298183922006
evaluation,2026092814,maest,intercept,brier,0.030237959682316295,-0.026068248830039942,0.0006771914164443449,-0.026745440246484287,0.003492519435832009
evaluation,2026092814,maest,intercept,log_loss,0.07071629003457464,-0.05334228382580014,0.003700859507583809,-0.05704314333338395,0.013673146701190686
evaluation,2026092814,maest,sigmoid,brier,0.030237959682316295,-0.026452245351176518,0.0014903011360662688,-0.027942546487242786,0.002295413195073509
evaluation,2026092814,maest,sigmoid,log_loss,0.07071629003457464,-0.055408873793390656,0.007816748628694248,-0.0632256224220849,0.007490667612489732
evaluation,2026092814,maest,temperature,brier,0.030237959682316295,0.002860689468791505,0.0015650698289531861,0.001295619639838319,0.031533579322154615
evaluation,2026092814,maest,temperature,log_loss,0.07071629003457464,0.009985068036600486,0.008103417597791263,0.0018816504388092237,0.07259794047338386
evaluation,2026092814,maest,conservative,brier,0.030237959682316295,-0.02250725639813117,0.0,-0.02250725639813117,0.007730703284185125
evaluation,2026092814,maest,conservative,log_loss,0.07071629003457464,-0.0551096139765504,0.0,-0.0551096139765504,0.015606676058024238
evaluation,2026092814,maest,blend_min,brier,0.030237959682316295,-0.026452245351176518,0.0,-0.026452245351176518,0.003785714331139778
evaluation,2026092814,maest,blend_min,log_loss,0.07071629003457464,-0.055408873793390656,0.0,-0.055408873793390656,0.01530741624118398
evaluation,2026092814,mert_v0,raw,brier,0.04142628495023726,0.0,0.0,0.0,0.04142628495023726
evaluation,2026092814,mert_v0,raw,log_loss,0.10081911179431208,0.0,0.0,0.0,0.10081911179431208
evaluation,2026092814,mert_v0,prior_offset,brier,0.04142628495023726,-0.04033016712487755,0.0,-0.04033016712487755,0.0010961178253597048
evaluation,2026092814,mert_v0,prior_offset,log_loss,0.10081911179431208,-0.09736477246376773,0.0,-0.09736477246376773,0.0034543393305443426
evaluation,2026092814,mert_v0,intercept,brier,0.04142628495023726,-0.04013944326029084,0.0008953248937389191,-0.04103476815402976,0.00039151679620749724
evaluation,2026092814,mert_v0,intercept,log_loss,0.10081911179431208,-0.09650458604915274,0.0035014758914762023,-0.10000606194062894,0.0008130498536831343
evaluation,2026092814,mert_v0,sigmoid,brier,0.04142628495023726,-0.03957062494438912,0.002139965175966485,-0.041710590120355606,-0.00028430517011834855
evaluation,2026092814,mert_v0,sigmoid,log_loss,0.10081911179431208,-0.09468995046315226,0.0069248494003879,-0.10161479986354016,-0.0007956880692280843
evaluation,2026092814,mert_v0,temperature,brier,0.04142628495023726,0.0022449650614543015,0.0017556271910308952,0.0004893378704234064,0.041915622820660664
evaluation,2026092814,mert_v0,temperature,log_loss,0.10081911179431208,0.006874350730819101,0.006244141869696129,0.0006302088611229717,0.10144932065543505
evaluation,2026092814,mert_v0,conservative,brier,0.04142628495023726,-0.03361271468815308,0.0,-0.03361271468815308,0.00781357026208418
evaluation,2026092814,mert_v0,conservative,log_loss,0.10081911179431208,-0.08235995776099975,0.0,-0.08235995776099975,0.01845915403331233
evaluation,2026092814,mert_v0,blend_min,brier,0.04142628495023726,-0.03957062494438912,0.0,-0.03957062494438912,0.0018556600058481365
evaluation,2026092814,mert_v0,blend_min,log_loss,0.10081911179431208,-0.09468995046315226,0.0,-0.09468995046315226,0.006129161331159816
evaluation,2026092814,mert_v1,raw,brier,0.04629318397769691,0.0,0.0,0.0,0.04629318397769691
evaluation,2026092814,mert_v1,raw,log_loss,0.11065420864625036,0.0,0.0,0.0,0.11065420864625036
evaluation,2026092814,mert_v1,prior_offset,brier,0.04629318397769691,-0.046038502059878444,0.0,-0.046038502059878444,0.0002546819178184667
evaluation,2026092814,mert_v1,prior_offset,log_loss,0.11065420864625036,-0.11077926971933943,0.0,-0.11077926971933943,-0.00012506107308907222
evaluation,2026092814,mert_v1,intercept,brier,0.04629318397769691,-0.045102358328644315,0.0017014354478727678,-0.04680379377651708,-0.0005106097988201719
evaluation,2026092814,mert_v1,intercept,log_loss,0.11065420864625036,-0.10748751433964704,0.005119843939188851,-0.11260735827883589,-0.001953149632585527
evaluation,2026092814,mert_v1,sigmoid,brier,0.04629318397769691,-0.04458007388829574,0.002198472942960855,-0.046778546831256596,-0.00048536285355968434
evaluation,2026092814,mert_v1,sigmoid,log_loss,0.11065420864625036,-0.10422173114586292,0.008941390557274942,-0.11316312170313786,-0.0025089130568874962
evaluation,2026092814,mert_v1,temperature,brier,0.04629318397769691,0.000976864157961721,0.0020938256422009527,-0.0011169614842392317,0.04517622249345768
evaluation,2026092814,mert_v1,temperature,log_loss,0.11065420864625036,0.00044169201732269237,0.008449921616265343,-0.008008229598942651,0.10264597904730771
evaluation,2026092814,mert_v1,conservative,brier,0.04629318397769691,-0.03822623086218496,0.0,-0.03822623086218496,0.008066953115511949
evaluation,2026092814,mert_v1,conservative,log_loss,0.11065420864625036,-0.09141863185694127,0.0,-0.09141863185694127,0.019235576789309095
evaluation,2026092814,mert_v1,blend_min,brier,0.04629318397769691,-0.04458007388829574,0.0,-0.04458007388829574,0.0017131100894011708
evaluation,2026092814,mert_v1,blend_min,log_loss,0.11065420864625036,-0.10422173114586292,0.0,-0.10422173114586292,0.006432477500387446
evaluation,2026092815,maest,raw,brier,0.027418387409639755,0.0,0.0,0.0,0.027418387409639755
evaluation,2026092815,maest,raw,log_loss,0.08042303455336308,0.0,0.0,0.0,0.08042303455336308
evaluation,2026092815,maest,prior_offset,brier,0.027418387409639755,-0.026762273806942988,0.0,-0.026762273806942988,0.0006561136026967673
evaluation,2026092815,maest,prior_offset,log_loss,0.08042303455336308,-0.07394547797970086,0.0,-0.07394547797970086,0.006477556573662224
evaluation,2026092815,maest,intercept,brier,0.027418387409639755,-0.026013087571115423,0.00018613867125683026,-0.026199226242372253,0.0012191611672675018
evaluation,2026092815,maest,intercept,log_loss,0.08042303455336308,-0.07635673306916718,0.00011050588317712551,-0.07646723895234431,0.0039557956010187745
evaluation,2026092815,maest,sigmoid,brier,0.027418387409639755,-0.03584757845882314,-0.00650082538538152,-0.029346753073441617,-0.001928365663801862
evaluation,2026092815,maest,sigmoid,log_loss,0.08042303455336308,-0.10309301441635432,-0.01730021735213172,-0.0857927970642226,-0.0053697625108595215
evaluation,2026092815,maest,temperature,brier,0.027418387409639755,-0.000985948520922375,-0.0031169560716168276,0.0021310075506944526,0.029549394960334208
evaluation,2026092815,maest,temperature,log_loss,0.08042303455336308,-0.004841547081202879,-0.009823020128994053,0.004981473047791174,0.08540450760115426
evaluation,2026092815,maest,conservative,brier,0.027418387409639755,-0.025779873857766866,0.0,-0.025779873857766866,0.0016385135518728888
evaluation,2026092815,maest,conservative,log_loss,0.08042303455336308,-0.07888915362751603,0.0,-0.07888915362751603,0.0015338809258470532
evaluation,2026092815,maest,blend_min,brier,0.027418387409639755,-0.032777747315383854,0.0,-0.032777747315383854,-0.005359359905744099
evaluation,2026092815,maest,blend_min,log_loss,0.08042303455336308,-0.09658612888860285,0.0,-0.09658612888860285,-0.01616309433523977
evaluation,2026092815,mert_v0,raw,brier,0.041996384151078425,0.0,0.0,0.0,0.041996384151078425
evaluation,2026092815,mert_v0,raw,log_loss,0.10440648213648712,0.0,0.0,0.0,0.10440648213648712
evaluation,2026092815,mert_v0,prior_offset,brier,0.041996384151078425,-0.04336651077417569,0.0,-0.04336651077417569,-0.0013701266230972675
evaluation,2026092815,mert_v0,prior_offset,log_loss,0.10440648213648712,-0.10874378351911651,0.0,-0.10874378351911651,-0.004337301382629388
evaluation,2026092815,mert_v0,intercept,brier,0.041996384151078425,-0.04298248786594211,-6.410488717584206e-05,-0.04291838297876627,-0.0009219988276878421
evaluation,2026092815,mert_v0,intercept,log_loss,0.10440648213648712,-0.10981758292894184,5.936824435615051e-06,-0.10982351975337745,-0.00541703761689033
evaluation,2026092815,mert_v0,sigmoid,brier,0.041996384151078425,-0.04577843487235278,-0.0019923741503034,-0.04378606072204938,-0.001789676570970955
evaluation,2026092815,mert_v0,sigmoid,log_loss,0.10440648213648712,-0.1150513414494918,-0.003755877175737554,-0.11129546427375425,-0.00688898213726713
evaluation,2026092815,mert_v0,temperature,brier,0.041996384151078425,0.00039400392392985317,-0.00039483429427072947,0.0007888382182005826,0.04278522236927901
evaluation,2026092815,mert_v0,temperature,log_loss,0.10440648213648712,0.0007819533475762475,-0.0010266600834947237,0.0018086134310709712,0.1062150955675581
evaluation,2026092815,mert_v0,conservative,brier,0.041996384151078425,-0.03402048005503128,0.0,-0.03402048005503128,0.007975904096047148
evaluation,2026092815,mert_v0,conservative,log_loss,0.10440648213648712,-0.08591000758102452,0.0,-0.08591000758102452,0.018496474555462605
evaluation,2026092815,mert_v0,blend_min,brier,0.041996384151078425,-0.04577843487235278,0.0,-0.04577843487235278,-0.003782050721274355
evaluation,2026092815,mert_v0,blend_min,log_loss,0.10440648213648712,-0.1150513414494918,0.0,-0.1150513414494918,-0.010644859313004684
evaluation,2026092815,mert_v1,raw,brier,0.04360653721801741,0.0,0.0,0.0,0.04360653721801741
evaluation,2026092815,mert_v1,raw,log_loss,0.11038443993676023,0.0,0.0,0.0,0.11038443993676023
evaluation,2026092815,mert_v1,prior_offset,brier,0.04360653721801741,-0.04473212108619737,0.0,-0.04473212108619737,-0.001125583868179958
evaluation,2026092815,mert_v1,prior_offset,log_loss,0.11038443993676023,-0.11549199256861925,0.0,-0.11549199256861925,-0.005107552631859025
evaluation,2026092815,mert_v1,intercept,brier,0.04360653721801741,-0.044518707788093526,3.0786909772650972e-06,-0.04452178647907079,-0.0009152492610533802
evaluation,2026092815,mert_v1,intercept,log_loss,0.11038443993676023,-0.11613538779670013,2.9603631307995038e-06,-0.11613834815983093,-0.005753908223070703
evaluation,2026092815,mert_v1,sigmoid,brier,0.04360653721801741,-0.047818049897157655,-0.0023213696255796334,-0.04549668027157802,-0.0018901430535606112
evaluation,2026092815,mert_v1,sigmoid,log_loss,0.11038443993676023,-0.12059159458474089,-0.003508816828967032,-0.11708277775577386,-0.006698337819013633
evaluation,2026092815,mert_v1,temperature,brier,0.04360653721801741,-0.00019036789313076063,-0.0005505011034726837,0.000360133210341923,0.043966670428359333
evaluation,2026092815,mert_v1,temperature,log_loss,0.11038443993676023,-0.0007265749703795343,-0.0008834893298517721,0.00015691435947223775,0.11054135429623246
evaluation,2026092815,mert_v1,conservative,brier,0.04360653721801741,-0.035669494554896375,0.0,-0.035669494554896375,0.007937042663121036
evaluation,2026092815,mert_v1,conservative,log_loss,0.11038443993676023,-0.0886906783741448,0.0,-0.0886906783741448,0.021693761562615432
evaluation,2026092815,mert_v1,blend_min,brier,0.04360653721801741,-0.047818049897157655,0.0,-0.047818049897157655,-0.004211512679140245
evaluation,2026092815,mert_v1,blend_min,log_loss,0.11038443993676023,-0.12059159458474089,0.0,-0.12059159458474089,-0.010207154647980665
evaluation,2026092816,maest,raw,brier,0.05403347884593837,0.0,0.0,0.0,0.05403347884593837
evaluation,2026092816,maest,raw,log_loss,0.13565035097696254,0.0,0.0,0.0,0.13565035097696254
evaluation,2026092816,maest,prior_offset,brier,0.05403347884593837,-0.054513862689550496,0.0,-0.054513862689550496,-0.0004803838436121255
evaluation,2026092816,maest,prior_offset,log_loss,0.13565035097696254,-0.13423827262572308,0.0,-0.13423827262572308,0.0014120783512394652
evaluation,2026092816,maest,intercept,brier,0.05403347884593837,-0.054432047914336285,-0.0020833299234618297,-0.052348717990874455,0.001684760855063916
evaluation,2026092816,maest,intercept,log_loss,0.13565035097696254,-0.13423312939663495,-0.004225117737121198,-0.13000801165951376,0.005642339317448786
evaluation,2026092816,maest,sigmoid,brier,0.05403347884593837,-0.05691681997378442,-0.003395594384261985,-0.053521225589522436,0.0005122532564159343
evaluation,2026092816,maest,sigmoid,log_loss,0.13565035097696254,-0.1418519933037548,-0.007790192523497275,-0.13406180078025753,0.0015885501967050075
evaluation,2026092816,maest,temperature,brier,0.05403347884593837,-0.0014912636038286464,0.00014704499929868442,-0.0016383086031273308,0.05239517024281104
evaluation,2026092816,maest,temperature,log_loss,0.13565035097696254,-0.005857105839638721,0.0005287534498693569,-0.006385859289508078,0.12926449168745446
evaluation,2026092816,maest,conservative,brier,0.05403347884593837,-0.04247044637586275,0.0,-0.04247044637586275,0.011563032470075618
evaluation,2026092816,maest,conservative,log_loss,0.13565035097696254,-0.10586755712199486,0.0,-0.10586755712199486,0.029782793854967682
evaluation,2026092816,maest,blend_min,brier,0.05403347884593837,-0.05319664227206625,0.0,-0.05319664227206625,0.000836836573872124
evaluation,2026092816,maest,blend_min,log_loss,0.13565035097696254,-0.13163261555325423,0.0,-0.13163261555325423,0.004017735423708313
evaluation,2026092816,mert_v0,raw,brier,0.06091559569429314,0.0,0.0,0.0,0.06091559569429314
evaluation,2026092816,mert_v0,raw,log_loss,0.1545323212618322,0.0,0.0,0.0,0.1545323212618322
evaluation,2026092816,mert_v0,prior_offset,brier,0.06091559569429314,-0.05903794397479101,0.0,-0.05903794397479101,0.0018776517195021325
evaluation,2026092816,mert_v0,prior_offset,log_loss,0.1545323212618322,-0.15035342436109334,0.0,-0.15035342436109334,0.00417889690073886
evaluation,2026092816,mert_v0,intercept,brier,0.06091559569429314,-0.05908365647857308,-0.00047383047259041966,-0.05860982600598266,0.0023057696883104772
evaluation,2026092816,mert_v0,intercept,log_loss,0.1545323212618322,-0.15001058622725505,-0.0008054623992941323,-0.14920512382796092,0.005327197433871278
evaluation,2026092816,mert_v0,sigmoid,brier,0.06091559569429314,-0.06314281613702177,-0.0029764299903206615,-0.06016638614670111,0.000749209547592028
evaluation,2026092816,mert_v0,sigmoid,log_loss,0.1545323212618322,-0.15615023753091484,-0.003294782727786827,-0.152855454803128,0.0016768664587041848
evaluation,2026092816,mert_v0,temperature,brier,0.06091559569429314,0.001737688921873759,-0.00013959467579843787,0.0018772835976721969,0.06279287929196534
evaluation,2026092816,mert_v0,temperature,log_loss,0.1545323212618322,0.0016012118428804234,8.113397289910562e-05,0.0015200778699813178,0.1560523991318135
evaluation,2026092816,mert_v0,conservative,brier,0.06091559569429314,-0.04883075716896945,0.0,-0.04883075716896945,0.012084838525323688
evaluation,2026092816,mert_v0,conservative,log_loss,0.1545323212618322,-0.11953263437889011,0.0,-0.11953263437889011,0.03499968688294208
evaluation,2026092816,mert_v0,blend_min,brier,0.06091559569429314,-0.06314281613702177,0.0,-0.06314281613702177,-0.0022272204427286335
evaluation,2026092816,mert_v0,blend_min,log_loss,0.1545323212618322,-0.15615023753091484,0.0,-0.15615023753091484,-0.001617916269082642
evaluation,2026092816,mert_v1,raw,brier,0.06934995392809232,0.0,0.0,0.0,0.06934995392809232
evaluation,2026092816,mert_v1,raw,log_loss,0.17811109487770876,0.0,0.0,0.0,0.17811109487770876
evaluation,2026092816,mert_v1,prior_offset,brier,0.06934995392809232,-0.06816802837749633,0.0,-0.06816802837749633,0.0011819255505959858
evaluation,2026092816,mert_v1,prior_offset,log_loss,0.17811109487770876,-0.1769838767671849,0.0,-0.1769838767671849,0.0011272181105238532
evaluation,2026092816,mert_v1,intercept,brier,0.06934995392809232,-0.0684869153131552,-0.001544308421258106,-0.0669426068918971,0.0024073470361952176
evaluation,2026092816,mert_v1,intercept,log_loss,0.17811109487770876,-0.17760999521034698,-0.004244519745173092,-0.1733654754651739,0.004745619412534874
evaluation,2026092816,mert_v1,sigmoid,brier,0.06934995392809232,-0.07321595135306816,-0.004584774837121247,-0.06863117651594691,0.0007187774121454049
evaluation,2026092816,mert_v1,sigmoid,log_loss,0.17811109487770876,-0.18350639467858837,-0.006487137285847544,-0.17701925739274083,0.001091837484967939
evaluation,2026092816,mert_v1,temperature,brier,0.06934995392809232,-0.0006787746884370782,-8.896455145798732e-05,-0.0005898101369790909,0.06876014379111323
evaluation,2026092816,mert_v1,temperature,log_loss,0.17811109487770876,-0.00736305161718287,0.0005276171759842629,-0.007890668793167133,0.17022042608454163
evaluation,2026092816,mert_v1,conservative,brier,0.06934995392809232,-0.055114699884872054,0.0,-0.055114699884872054,0.014235254043220263
evaluation,2026092816,mert_v1,conservative,log_loss,0.17811109487770876,-0.1369559315071105,0.0,-0.1369559315071105,0.04115516337059827
evaluation,2026092816,mert_v1,blend_min,brier,0.06934995392809232,-0.07321595135306816,0.0,-0.07321595135306816,-0.003865997424975842
evaluation,2026092816,mert_v1,blend_min,log_loss,0.17811109487770876,-0.18350639467858837,0.0,-0.18350639467858837,-0.005395299800879605
evaluation,2026092817,maest,raw,brier,0.02748588575271163,0.0,0.0,0.0,0.02748588575271163
evaluation,2026092817,maest,raw,log_loss,0.06700147308524829,0.0,0.0,0.0,0.06700147308524829
evaluation,2026092817,maest,prior_offset,brier,0.02748588575271163,-0.024674287660487265,0.0,-0.024674287660487265,0.0028115980922243655
evaluation,2026092817,maest,prior_offset,log_loss,0.06700147308524829,-0.05716165996481848,0.0,-0.05716165996481848,0.009839813120429808
evaluation,2026092817,maest,intercept,brier,0.02748588575271163,-0.02717837799362019,-2.4898207411749862e-05,-0.02715347978620844,0.0003324059665031909
evaluation,2026092817,maest,intercept,log_loss,0.06700147308524829,-0.06559301279040469,-6.439872433561256e-05,-0.06552861406606908,0.0014728590191792068
evaluation,2026092817,maest,sigmoid,brier,0.02748588575271163,-0.019322924538039243,0.006914705356711265,-0.026237629894750508,0.0012482558579611225
evaluation,2026092817,maest,sigmoid,log_loss,0.06700147308524829,-0.046587262537031326,0.01757263650883728,-0.0641598990458686,0.0028415740393796796
evaluation,2026092817,maest,temperature,brier,0.02748588575271163,0.0009831498513792614,0.0007306952478109141,0.00025245460356834726,0.027738340356279978
evaluation,2026092817,maest,temperature,log_loss,0.06700147308524829,0.005178015867369656,0.003184373951434172,0.0019936419159354846,0.06899511500118377
evaluation,2026092817,maest,conservative,brier,0.02748588575271163,-0.02173609229153886,0.0,-0.02173609229153886,0.00574979346117277
evaluation,2026092817,maest,conservative,log_loss,0.06700147308524829,-0.04936819182652313,0.0,-0.04936819182652313,0.017633281258725153
evaluation,2026092817,maest,blend_min,brier,0.02748588575271163,-0.019322924538039243,0.001128955721954733,-0.020451880259993976,0.007034005492717654
evaluation,2026092817,maest,blend_min,log_loss,0.06700147308524829,-0.046587262537031326,0.0028560804819396934,-0.04944334301897102,0.017558130066277267
evaluation,2026092817,mert_v0,raw,brier,0.036417408536358775,0.0,0.0,0.0,0.036417408536358775
evaluation,2026092817,mert_v0,raw,log_loss,0.09376340022008989,0.0,0.0,0.0,0.09376340022008989
evaluation,2026092817,mert_v0,prior_offset,brier,0.036417408536358775,-0.034370734573365036,0.0,-0.034370734573365036,0.002046673962993739
evaluation,2026092817,mert_v0,prior_offset,log_loss,0.09376340022008989,-0.08752181429724326,0.0,-0.08752181429724326,0.006241585922846626
evaluation,2026092817,mert_v0,intercept,brier,0.036417408536358775,-0.034761260038412234,0.0013756184009418027,-0.03613687843935404,0.00028053009700473863
evaluation,2026092817,mert_v0,intercept,log_loss,0.09376340022008989,-0.08859730656167664,0.003178449277489004,-0.09177575583916564,0.0019876443809242472
evaluation,2026092817,mert_v0,sigmoid,brier,0.036417408536358775,-0.032855182374807,0.0023893584390395073,-0.03524454081384651,0.0011728677225122663
evaluation,2026092817,mert_v0,sigmoid,log_loss,0.09376340022008989,-0.08535840161927111,0.005373993653769893,-0.090732395273041,0.0030310049470488876
evaluation,2026092817,mert_v0,temperature,brier,0.036417408536358775,-0.0007211249238893436,0.00024199143545938773,-0.0009631163593487313,0.035454292177010044
evaluation,2026092817,mert_v0,temperature,log_loss,0.09376340022008989,-0.0017809625162249487,0.0005722704348737895,-0.002353232951098738,0.09141016726899115
evaluation,2026092817,mert_v0,conservative,brier,0.036417408536358775,-0.03171630235624273,0.0,-0.03171630235624273,0.004701106180116044
evaluation,2026092817,mert_v0,conservative,log_loss,0.09376340022008989,-0.07716733923708685,0.0,-0.07716733923708685,0.016596060983003036
evaluation,2026092817,mert_v0,blend_min,brier,0.036417408536358775,-0.032855182374807,0.0,-0.032855182374807,0.0035622261615517736
evaluation,2026092817,mert_v0,blend_min,log_loss,0.09376340022008989,-0.08535840161927111,0.0,-0.08535840161927111,0.00840499860081878
evaluation,2026092817,mert_v1,raw,brier,0.0433141675691843,0.0,0.0,0.0,0.0433141675691843
evaluation,2026092817,mert_v1,raw,log_loss,0.10337213435538312,0.0,0.0,0.0,0.10337213435538312
evaluation,2026092817,mert_v1,prior_offset,brier,0.0433141675691843,-0.04207673665649794,0.0,-0.04207673665649794,0.0012374309126863547
evaluation,2026092817,mert_v1,prior_offset,log_loss,0.10337213435538312,-0.09967645251008667,0.0,-0.09967645251008667,0.00369568184529645
evaluation,2026092817,mert_v1,intercept,brier,0.0433141675691843,-0.041938153664793365,0.0013104601866809618,-0.04324861385147433,6.555371770997076e-05
evaluation,2026092817,mert_v1,intercept,log_loss,0.10337213435538312,-0.09921771753173547,0.0036678795386846375,-0.10288559707042011,0.00048653728496300674
evaluation,2026092817,mert_v1,sigmoid,brier,0.0433141675691843,-0.03944684838169124,0.003396515212093165,-0.042843363593784406,0.0004708039753998916
evaluation,2026092817,mert_v1,sigmoid,log_loss,0.10337213435538312,-0.09544026576316478,0.007671206726845514,-0.10311147249001029,0.0002606618653728243
evaluation,2026092817,mert_v1,temperature,brier,0.0433141675691843,0.00024047111307273772,7.535407008019135e-05,0.00016511704299254637,0.043479284612176844
evaluation,2026092817,mert_v1,temperature,log_loss,0.10337213435538312,0.0006961694646349104,0.0002761528427638882,0.0004200166218710222,0.10379215097725414
evaluation,2026092817,mert_v1,conservative,brier,0.0433141675691843,-0.03684161055776941,0.0,-0.03684161055776941,0.006472557011414887
evaluation,2026092817,mert_v1,conservative,log_loss,0.10337213435538312,-0.08585085340053056,0.0,-0.08585085340053056,0.01752128095485256
evaluation,2026092817,mert_v1,blend_min,brier,0.0433141675691843,-0.03944684838169124,0.0,-0.03944684838169124,0.003867319187493057
evaluation,2026092817,mert_v1,blend_min,log_loss,0.10337213435538312,-0.09544026576316478,0.0,-0.09544026576316478,0.007931868592218339
evaluation,2026092818,maest,raw,brier,0.029862070360909612,0.0,0.0,0.0,0.029862070360909612
evaluation,2026092818,maest,raw,log_loss,0.07199885884588841,0.0,0.0,0.0,0.07199885884588841
evaluation,2026092818,maest,prior_offset,brier,0.029862070360909612,-0.024404365160695385,0.0,-0.024404365160695385,0.005457705200214227
evaluation,2026092818,maest,prior_offset,log_loss,0.07199885884588841,-0.05020148454800921,0.0,-0.05020148454800921,0.021797374297879202
evaluation,2026092818,maest,intercept,brier,0.029862070360909612,-0.028129979005568226,-0.0010887551005447221,-0.027041223905023504,0.0028208464558861085
evaluation,2026092818,maest,intercept,log_loss,0.07199885884588841,-0.06619865447247625,-0.0023102364350790494,-0.0638884180373972,0.008110440808491215
evaluation,2026092818,maest,sigmoid,brier,0.029862070360909612,-0.026693418421988108,0.0008811638287327811,-0.02757458225072089,0.0022874881101887234
evaluation,2026092818,maest,sigmoid,log_loss,0.07199885884588841,-0.06055446533901543,0.0054895456409533305,-0.06604401097996876,0.005954847865919655
evaluation,2026092818,maest,temperature,brier,0.029862070360909612,0.002331094573809922,0.0020587339292023193,0.0002723606446076027,0.030134431005517215
evaluation,2026092818,maest,temperature,log_loss,0.07199885884588841,0.010937791995614399,0.008708096714541702,0.0022296952810726967,0.07422855412696111
evaluation,2026092818,maest,conservative,brier,0.029862070360909612,-0.010623700465849761,0.0,-0.010623700465849761,0.01923836989505985
evaluation,2026092818,maest,conservative,log_loss,0.07199885884588841,-0.024315153328926753,0.0,-0.024315153328926753,0.04768370551696166
evaluation,2026092818,maest,blend_min,brier,0.029862070360909612,-0.02397040967684383,0.0008811638287327811,-0.02485157350557661,0.005010496855333002
evaluation,2026092818,maest,blend_min,log_loss,0.07199885884588841,-0.053912752826869415,0.0054895456409533305,-0.059402298467822745,0.012596560378065669
evaluation,2026092818,mert_v0,raw,brier,0.04987287019116046,0.0,0.0,0.0,0.04987287019116046
evaluation,2026092818,mert_v0,raw,log_loss,0.1198747488479639,0.0,0.0,0.0,0.1198747488479639
evaluation,2026092818,mert_v0,prior_offset,brier,0.04987287019116046,-0.04747317075035454,0.0,-0.04747317075035454,0.0023996994408059247
evaluation,2026092818,mert_v0,prior_offset,log_loss,0.1198747488479639,-0.1129443419696522,0.0,-0.1129443419696522,0.006930406878311701
evaluation,2026092818,mert_v0,intercept,brier,0.04987287019116046,-0.04637538657528986,0.0015953616409909166,-0.04797074821628078,0.0019021219748796836
evaluation,2026092818,mert_v0,intercept,log_loss,0.1198747488479639,-0.1133415042059393,0.005643977149652979,-0.11898548135559228,0.0008892674923716148
evaluation,2026092818,mert_v0,sigmoid,brier,0.04987287019116046,-0.047291764678262405,0.001548950769137053,-0.04884071544739946,0.0010321547437610046
evaluation,2026092818,mert_v0,sigmoid,log_loss,0.1198747488479639,-0.11278346006440759,0.006280940476061814,-0.1190644005404694,0.0008103483074944906
evaluation,2026092818,mert_v0,temperature,brier,0.04987287019116046,0.00027484111994818816,0.0008981436987919034,-0.0006233025788437152,0.04924956761231675
evaluation,2026092818,mert_v0,temperature,log_loss,0.1198747488479639,0.001821305940144624,0.007215315874598616,-0.005394009934453992,0.1144807389135099
evaluation,2026092818,mert_v0,conservative,brier,0.04987287019116046,-0.017530846045045234,0.0,-0.017530846045045234,0.03234202414611523
evaluation,2026092818,mert_v0,conservative,log_loss,0.1198747488479639,-0.04139081698072977,0.0,-0.04139081698072977,0.07848393186723412
evaluation,2026092818,mert_v0,blend_min,brier,0.04987287019116046,-0.047291764678262405,2.2982267760596198e-05,-0.047314746946023,0.0025581232451374614
evaluation,2026092818,mert_v0,blend_min,log_loss,0.1198747488479639,-0.11278346006440759,0.0017019579429123355,-0.11448541800731993,0.005389330840643969
evaluation,2026092818,mert_v1,raw,brier,0.04887495974350409,0.0,0.0,0.0,0.04887495974350409
evaluation,2026092818,mert_v1,raw,log_loss,0.12198719849020428,0.0,0.0,0.0,0.12198719849020428
evaluation,2026092818,mert_v1,prior_offset,brier,0.04887495974350409,-0.04693279031082398,0.0,-0.04693279031082398,0.0019421694326801076
evaluation,2026092818,mert_v1,prior_offset,log_loss,0.12198719849020428,-0.11781823815687709,0.0,-0.11781823815687709,0.0041689603333271985
evaluation,2026092818,mert_v1,intercept,brier,0.04887495974350409,-0.04595221710540623,0.001460490017055338,-0.04741270712246157,0.0014622526210425202
evaluation,2026092818,mert_v1,intercept,log_loss,0.12198719849020428,-0.11597736895422317,0.006604343230107224,-0.1225817121843304,-0.0005945136941261087
evaluation,2026092818,mert_v1,sigmoid,brier,0.04887495974350409,-0.04565099930588798,0.0020831293481566593,-0.04773412865404464,0.0011408310894594487
evaluation,2026092818,mert_v1,sigmoid,log_loss,0.12198719849020428,-0.11581175299763985,0.0055234453699961605,-0.12133519836763601,0.0006520001225682748
evaluation,2026092818,mert_v1,temperature,brier,0.04887495974350409,-4.2227210905382284e-05,6.967971935700756e-05,-0.00011190693026238985,0.0487630528132417
evaluation,2026092818,mert_v1,temperature,log_loss,0.12198719849020428,-0.00040305341449498044,0.005554174761324859,-0.00595722817581984,0.11602997031438445
evaluation,2026092818,mert_v1,conservative,brier,0.04887495974350409,-0.016900651083504498,0.0,-0.016900651083504498,0.03197430865999959
evaluation,2026092818,mert_v1,conservative,log_loss,0.12198719849020428,-0.041282627078458756,0.0,-0.041282627078458756,0.08070457141174553
evaluation,2026092818,mert_v1,blend_min,brier,0.04887495974350409,-0.04565099930588798,0.0001735861511712733,-0.04582458545705925,0.0030503742864448347
evaluation,2026092818,mert_v1,blend_min,log_loss,0.12198719849020428,-0.11581175299763985,0.000717071269694336,-0.11652882426733419,0.005458374222870099
evaluation,2026092819,maest,raw,brier,0.02001597407452338,0.0,0.0,0.0,0.02001597407452338
evaluation,2026092819,maest,raw,log_loss,0.06170908034975514,0.0,0.0,0.0,0.06170908034975514
evaluation,2026092819,maest,prior_offset,brier,0.02001597407452338,-0.015181132944250608,0.0,-0.015181132944250608,0.004834841130272771
evaluation,2026092819,maest,prior_offset,log_loss,0.06170908034975514,-0.04724333931150554,0.0,-0.04724333931150554,0.014465741038249602
evaluation,2026092819,maest,intercept,brier,0.02001597407452338,-0.011916910126695629,0.007541672961836693,-0.019458583088532322,0.0005573909859910575
evaluation,2026092819,maest,intercept,log_loss,0.06170908034975514,-0.035615448414607453,0.022785693025186293,-0.05840114143979375,0.0033079389099613943
evaluation,2026092819,maest,sigmoid,brier,0.02001597407452338,-0.011542219439190815,0.00819555196002586,-0.019737771399216675,0.0002782026753067046
evaluation,2026092819,maest,sigmoid,log_loss,0.06170908034975514,-0.032345221265090984,0.028056606561165598,-0.06040182782625658,0.0013072525234985588
evaluation,2026092819,maest,temperature,brier,0.02001597407452338,0.0023805970903644225,-0.0026958457188321627,0.005076442809196585,0.025092416883719965
evaluation,2026092819,maest,temperature,log_loss,0.06170908034975514,0.010375153029978823,-0.003707905999417116,0.014083059029395939,0.07579213937915108
evaluation,2026092819,maest,conservative,brier,0.02001597407452338,-0.024843328451510743,0.0,-0.024843328451510743,-0.004827354376987364
evaluation,2026092819,maest,conservative,log_loss,0.06170908034975514,-0.06618528836773663,0.0,-0.06618528836773663,-0.004476208017981487
evaluation,2026092819,maest,blend_min,brier,0.02001597407452338,-0.011542219439190815,0.0013233171124315546,-0.01286553655162237,0.00715043752290101
evaluation,2026092819,maest,blend_min,log_loss,0.06170908034975514,-0.032345221265090984,0.006848732985503814,-0.0391939542505948,0.022515126099160343
evaluation,2026092819,mert_v0,raw,brier,0.0364870465147539,0.0,0.0,0.0,0.0364870465147539
evaluation,2026092819,mert_v0,raw,log_loss,0.09534548541549914,0.0,0.0,0.0,0.09534548541549914
evaluation,2026092819,mert_v0,prior_offset,brier,0.0364870465147539,-0.0335681824963216,0.0,-0.0335681824963216,0.0029188640184323045
evaluation,2026092819,mert_v0,prior_offset,log_loss,0.09534548541549914,-0.09040857567902344,0.0,-0.09040857567902344,0.004936909736475703
evaluation,2026092819,mert_v0,intercept,brier,0.0364870465147539,-0.030382696760980377,0.005116570958445699,-0.035499267719426075,0.000987778795327826
evaluation,2026092819,mert_v0,intercept,log_loss,0.09534548541549914,-0.08029635332563945,0.014621066609660449,-0.0949174199352999,0.00042806548019924673
evaluation,2026092819,mert_v0,sigmoid,brier,0.0364870465147539,-0.03032526988180201,0.005649789425459906,-0.035975059307261914,0.0005119872074919873
evaluation,2026092819,mert_v0,sigmoid,log_loss,0.09534548541549914,-0.0776145042662788,0.01729543623760954,-0.09490994050388835,0.0004355449116107968
evaluation,2026092819,mert_v0,temperature,brier,0.0364870465147539,0.0006115020037064378,0.001494154221211741,-0.0008826522175053031,0.0356043942972486
evaluation,2026092819,mert_v0,temperature,log_loss,0.09534548541549914,0.0023157533021948007,0.0031921043334017796,-0.0008763510312069789,0.09446913438429216
evaluation,2026092819,mert_v0,conservative,brier,0.0364870465147539,-0.03641265663943566,0.0,-0.03641265663943566,7.438987531824259e-05
evaluation,2026092819,mert_v0,conservative,log_loss,0.09534548541549914,-0.090376554634649,0.0,-0.090376554634649,0.004968930780850145
evaluation,2026092819,mert_v0,blend_min,brier,0.0364870465147539,-0.03032526988180201,0.0,-0.03032526988180201,0.006161776632951893
evaluation,2026092819,mert_v0,blend_min,log_loss,0.09534548541549914,-0.0776145042662788,0.0,-0.0776145042662788,0.017730981149220337
evaluation,2026092819,mert_v1,raw,brier,0.03175892392532931,0.0,0.0,0.0,0.03175892392532931
evaluation,2026092819,mert_v1,raw,log_loss,0.0856361148133094,0.0,0.0,0.0,0.0856361148133094
evaluation,2026092819,mert_v1,prior_offset,brier,0.03175892392532931,-0.029747601515089567,0.0,-0.029747601515089567,0.002011322410239741
evaluation,2026092819,mert_v1,prior_offset,log_loss,0.0856361148133094,-0.08239724507790908,0.0,-0.08239724507790908,0.0032388697354003293
evaluation,2026092819,mert_v1,intercept,brier,0.03175892392532931,-0.025372737676914447,0.00642677925399146,-0.03179951693090591,-4.059300557660017e-05
evaluation,2026092819,mert_v1,intercept,log_loss,0.0856361148133094,-0.06875957124858878,0.018349213850199775,-0.08710878509878855,-0.0014726702854791496
evaluation,2026092819,mert_v1,sigmoid,brier,0.03175892392532931,-0.02436973109756893,0.007274814964640802,-0.03164454606220973,0.00011437786311957465
evaluation,2026092819,mert_v1,sigmoid,log_loss,0.0856361148133094,-0.06448735930382521,0.021557452668800547,-0.08604481197262576,-0.0004086971593163513
evaluation,2026092819,mert_v1,temperature,brier,0.03175892392532931,0.0027716203782648385,0.001708301738953505,0.0010633186393113336,0.03282224256464064
evaluation,2026092819,mert_v1,temperature,log_loss,0.0856361148133094,0.00728165039677886,0.0038364241772252394,0.003445226219553621,0.08908134103286303
evaluation,2026092819,mert_v1,conservative,brier,0.03175892392532931,-0.03372389049473659,0.0,-0.03372389049473659,-0.0019649665694072838
evaluation,2026092819,mert_v1,conservative,log_loss,0.0856361148133094,-0.08477907186439437,0.0,-0.08477907186439437,0.0008570429489150322
evaluation,2026092819,mert_v1,blend_min,brier,0.03175892392532931,-0.02436973109756893,0.0008748046859330949,-0.025244535783502026,0.006514388141827282
evaluation,2026092819,mert_v1,blend_min,log_loss,0.0856361148133094,-0.06448735930382521,0.002774349007416632,-0.06726170831124184,0.018374406502067564
retrospective,2026092800,maest,raw,brier,0.02927055563516731,0.0,0.0,0.0,0.02927055563516731
retrospective,2026092800,maest,raw,log_loss,0.07099423210553224,0.0,0.0,0.0,0.07099423210553224
retrospective,2026092800,maest,prior_offset,brier,0.02927055563516731,-0.0267970364741327,0.0,-0.0267970364741327,0.0024735191610346097
retrospective,2026092800,maest,prior_offset,log_loss,0.07099423210553224,-0.057936481327939326,0.0,-0.057936481327939326,0.013057750777592914
retrospective,2026092800,maest,intercept,brier,0.02927055563516731,-0.028607083718707293,0.00030619743378494657,-0.02891328115249224,0.0003572744826750712
retrospective,2026092800,maest,intercept,log_loss,0.07099423210553224,-0.06478945311807721,0.0008994143389865483,-0.06568886745706376,0.00530536464846848
retrospective,2026092800,maest,sigmoid,brier,0.02927055563516731,-0.028750822491567213,-0.0004371855886597109,-0.028313636902907502,0.0009569187322598094
retrospective,2026092800,maest,sigmoid,log_loss,0.07099423210553224,-0.06177039839593368,0.005595692569050736,-0.06736609096498442,0.0036281411405478248
retrospective,2026092800,maest,temperature,brier,0.02927055563516731,1.4300889833229746e-05,0.00035079685505458313,-0.0003364959652213534,0.028934059669945958
retrospective,2026092800,maest,temperature,log_loss,0.07099423210553224,0.0016229186542791596,0.00576360514719082,-0.0041406864929116605,0.06685354561262058
retrospective,2026092800,maest,conservative,brier,0.02927055563516731,-0.022904206976267633,0.0,-0.022904206976267633,0.006366348658899679
retrospective,2026092800,maest,conservative,log_loss,0.07099423210553224,-0.05454266288251475,0.0,-0.05454266288251475,0.016451569223017493
retrospective,2026092800,maest,blend_min,brier,0.02927055563516731,-0.028750822491567213,0.0,-0.028750822491567213,0.0005197331436000985
retrospective,2026092800,maest,blend_min,log_loss,0.07099423210553224,-0.06177039839593368,0.0,-0.06177039839593368,0.009223833709598561
retrospective,2026092800,mert_v0,raw,brier,0.03546267910776746,0.0,0.0,0.0,0.03546267910776746
retrospective,2026092800,mert_v0,raw,log_loss,0.09290354199676348,0.0,0.0,0.0,0.09290354199676348
retrospective,2026092800,mert_v0,prior_offset,brier,0.03546267910776746,-0.03336041859754302,0.0,-0.03336041859754302,0.0021022605102244407
retrospective,2026092800,mert_v0,prior_offset,log_loss,0.09290354199676348,-0.08803404060731834,0.0,-0.08803404060731834,0.004869501389445141
retrospective,2026092800,mert_v0,intercept,brier,0.03546267910776746,-0.034967086737752534,0.0005368213008276057,-0.03550390803858014,-4.12289308126812e-05
retrospective,2026092800,mert_v0,intercept,log_loss,0.09290354199676348,-0.09197128742932625,0.0009982509241244775,-0.09296953835345073,-6.59963566872479e-05
retrospective,2026092800,mert_v0,sigmoid,brier,0.03546267910776746,-0.03524080948144662,-0.0008129176902660629,-0.034427891791180554,0.0010347873165869048
retrospective,2026092800,mert_v0,sigmoid,log_loss,0.09290354199676348,-0.09259447635284551,-0.0025600558321324796,-0.09003442052071303,0.0028691214760504513
retrospective,2026092800,mert_v0,temperature,brier,0.03546267910776746,-0.0023381521748127854,0.0005040340991336323,-0.0028421862739464177,0.03262049283382104
retrospective,2026092800,mert_v0,temperature,log_loss,0.09290354199676348,-0.007328505070799518,0.000540295337261687,-0.007868800408061205,0.08503474158870228
retrospective,2026092800,mert_v0,conservative,brier,0.03546267910776746,-0.0306951370833351,0.0,-0.0306951370833351,0.0047675420244323585
retrospective,2026092800,mert_v0,conservative,log_loss,0.09290354199676348,-0.07485290135482003,0.0,-0.07485290135482003,0.01805064064194345
retrospective,2026092800,mert_v0,blend_min,brier,0.03546267910776746,-0.03524080948144662,0.0,-0.03524080948144662,0.00022186962632084195
retrospective,2026092800,mert_v0,blend_min,log_loss,0.09290354199676348,-0.09259447635284551,0.0,-0.09259447635284551,0.00030906564391797176
retrospective,2026092800,mert_v1,raw,brier,0.04019868472437177,0.0,0.0,0.0,0.04019868472437177
retrospective,2026092800,mert_v1,raw,log_loss,0.10275220611608393,0.0,0.0,0.0,0.10275220611608393
retrospective,2026092800,mert_v1,prior_offset,brier,0.04019868472437177,-0.038785718242970474,0.0,-0.038785718242970474,0.0014129664814012954
retrospective,2026092800,mert_v1,prior_offset,log_loss,0.10275220611608393,-0.09893559076618097,0.0,-0.09893559076618097,0.003816615349902963
retrospective,2026092800,mert_v1,intercept,brier,0.04019868472437177,-0.039901368476012555,0.0003571172792847521,-0.04025848575529731,-5.980103092553812e-05
retrospective,2026092800,mert_v1,intercept,log_loss,0.10275220611608393,-0.10197350702246549,0.0006959670337643442,-0.10266947405622984,8.273205985409593e-05
retrospective,2026092800,mert_v1,sigmoid,brier,0.04019868472437177,-0.04002087337315141,-0.0004078498566452149,-0.039613023516506196,0.0005856612078655732
retrospective,2026092800,mert_v1,sigmoid,log_loss,0.10275220611608393,-0.10189098196312807,-0.0010231390576334043,-0.10086784290549466,0.0018843632105892683
retrospective,2026092800,mert_v1,temperature,brier,0.04019868472437177,-0.0016448076272718992,0.0008167761207325264,-0.0024615837480044256,0.037737100976367344
retrospective,2026092800,mert_v1,temperature,log_loss,0.10275220611608393,-0.005264115683174753,0.001774557170900526,-0.0070386728540752785,0.09571353326200865
retrospective,2026092800,mert_v1,conservative,brier,0.04019868472437177,-0.033066736906219,0.0,-0.033066736906219,0.007131947818152767
retrospective,2026092800,mert_v1,conservative,log_loss,0.10275220611608393,-0.080991545726946,0.0,-0.080991545726946,0.02176066038913793
retrospective,2026092800,mert_v1,blend_min,brier,0.04019868472437177,-0.04002087337315141,0.0,-0.04002087337315141,0.0001778113512203583
retrospective,2026092800,mert_v1,blend_min,log_loss,0.10275220611608393,-0.10189098196312807,0.0,-0.10189098196312807,0.000861224152955864
retrospective,2026092801,maest,raw,brier,0.033291725993563365,0.0,0.0,0.0,0.033291725993563365
retrospective,2026092801,maest,raw,log_loss,0.07729509846530985,0.0,0.0,0.0,0.07729509846530985
retrospective,2026092801,maest,prior_offset,brier,0.033291725993563365,-0.031983018756599896,0.0,-0.031983018756599896,0.001308707236963469
retrospective,2026092801,maest,prior_offset,log_loss,0.07729509846530985,-0.06740304038559153,0.0,-0.06740304038559153,0.009892058079718324
retrospective,2026092801,maest,intercept,brier,0.033291725993563365,-0.031069741182514515,0.0019669769503933288,-0.033036718132907844,0.0002550078606555206
retrospective,2026092801,maest,intercept,log_loss,0.07729509846530985,-0.06256487421675272,0.009590437763199233,-0.07215531197995195,0.0051397864853579
retrospective,2026092801,maest,sigmoid,brier,0.033291725993563365,-0.02508888545817317,0.0077974027296430215,-0.03288628818781619,0.0004054378057471719
retrospective,2026092801,maest,sigmoid,log_loss,0.07729509846530985,-0.06089403136850319,0.015273914826556378,-0.07616794619505957,0.0011271522702502867
retrospective,2026092801,maest,temperature,brier,0.033291725993563365,-0.00011056562420394545,9.427412810675273e-05,-0.00020483975231069818,0.033086886241252667
retrospective,2026092801,maest,temperature,log_loss,0.07729509846530985,0.0013536856640043449,-0.0011539206134011937,0.0025076062774055385,0.07980270474271539
retrospective,2026092801,maest,conservative,brier,0.033291725993563365,-0.028565761317874666,0.0,-0.028565761317874666,0.004725964675688699
retrospective,2026092801,maest,conservative,log_loss,0.07729509846530985,-0.06692261038128622,0.0,-0.06692261038128622,0.010372488084023634
retrospective,2026092801,maest,blend_min,brier,0.033291725993563365,-0.02508888545817317,0.003975909985109827,-0.029064795443282998,0.004226930550280367
retrospective,2026092801,maest,blend_min,log_loss,0.07729509846530985,-0.06089403136850319,0.0069009196526749195,-0.06779495102117811,0.009500147444131746
retrospective,2026092801,mert_v0,raw,brier,0.04232834777301103,0.0,0.0,0.0,0.04232834777301103
retrospective,2026092801,mert_v0,raw,log_loss,0.10567587466461414,0.0,0.0,0.0,0.10567587466461414
retrospective,2026092801,mert_v0,prior_offset,brier,0.04232834777301103,-0.0413253477226434,0.0,-0.0413253477226434,0.0010030000503676306
retrospective,2026092801,mert_v0,prior_offset,log_loss,0.10567587466461414,-0.10363016276798265,0.0,-0.10363016276798265,0.002045711896631497
retrospective,2026092801,mert_v0,intercept,brier,0.04232834777301103,-0.037961437755141575,0.004439837944609226,-0.0424012756997508,-7.292792673976867e-05
retrospective,2026092801,mert_v0,intercept,log_loss,0.10567587466461414,-0.09334599818394096,0.011617853817044832,-0.10496385200098579,0.0007120226636283533
retrospective,2026092801,mert_v0,sigmoid,brier,0.04232834777301103,-0.03524681434876201,0.006573984493235041,-0.04182079884199705,0.0005075489310139847
retrospective,2026092801,mert_v0,sigmoid,log_loss,0.10567587466461414,-0.08746751355546817,0.01709367440853332,-0.10456118796400149,0.0011146867006126548
retrospective,2026092801,mert_v0,temperature,brier,0.04232834777301103,0.0009983664995406316,0.0005959595899398262,0.0004024069096008054,0.04273075468261184
retrospective,2026092801,mert_v0,temperature,log_loss,0.10567587466461414,0.003917009308069375,0.0009085402807036957,0.003008469027365679,0.10868434369197982
retrospective,2026092801,mert_v0,conservative,brier,0.04232834777301103,-0.037630544345485184,0.0,-0.037630544345485184,0.0046978034275258485
retrospective,2026092801,mert_v0,conservative,log_loss,0.10567587466461414,-0.08909069040471618,0.0,-0.08909069040471618,0.016585184259897967
retrospective,2026092801,mert_v0,blend_min,brier,0.04232834777301103,-0.03524681434876201,0.002023364941992095,-0.0372701792907541,0.005058168482256931
retrospective,2026092801,mert_v0,blend_min,log_loss,0.10567587466461414,-0.08746751355546817,0.0050852880798269995,-0.09255280163529517,0.013123073029318977
retrospective,2026092801,mert_v1,raw,brier,0.04204556542990545,0.0,0.0,0.0,0.04204556542990545
retrospective,2026092801,mert_v1,raw,log_loss,0.10671919440878858,0.0,0.0,0.0,0.10671919440878858
retrospective,2026092801,mert_v1,prior_offset,brier,0.04204556542990545,-0.04200934912990212,0.0,-0.04200934912990212,3.621630000333331e-05
retrospective,2026092801,mert_v1,prior_offset,log_loss,0.10671919440878858,-0.10810118737484403,0.0,-0.10810118737484403,-0.0013819929660554564
retrospective,2026092801,mert_v1,intercept,brier,0.04204556542990545,-0.038620795396474006,0.00430465522302817,-0.042925450619502176,-0.0008798851895967241
retrospective,2026092801,mert_v1,intercept,log_loss,0.10671919440878858,-0.09918461102988013,0.009788453221820648,-0.10897306425170078,-0.002253869842912204
retrospective,2026092801,mert_v1,sigmoid,brier,0.04204556542990545,-0.036061037141092794,0.005729248620455818,-0.04179028576154861,0.00025527966835683924
retrospective,2026092801,mert_v1,sigmoid,log_loss,0.10671919440878858,-0.0932614697118534,0.013386894839727825,-0.10664836455158122,7.082985720735513e-05
retrospective,2026092801,mert_v1,temperature,brier,0.04204556542990545,6.830059204374073e-05,0.0008207027898180508,-0.0007524021977743101,0.04129316323213114
retrospective,2026092801,mert_v1,temperature,log_loss,0.10671919440878858,0.00022321041163353428,0.0009382804229103869,-0.0007150700112768527,0.10600412439751172
retrospective,2026092801,mert_v1,conservative,brier,0.04204556542990545,-0.037559609241886616,0.0,-0.037559609241886616,0.004485956188018836
retrospective,2026092801,mert_v1,conservative,log_loss,0.10671919440878858,-0.08973478989883904,0.0,-0.08973478989883904,0.016984404509949536
retrospective,2026092801,mert_v1,blend_min,brier,0.04204556542990545,-0.036061037141092794,0.0007708626974141097,-0.036831899838506904,0.0052136655913985475
retrospective,2026092801,mert_v1,blend_min,log_loss,0.10671919440878858,-0.0932614697118534,0.0015101682712280184,-0.09477163798308141,0.011947556425707162
retrospective,2026092802,maest,raw,brier,0.0308389322861137,0.0,0.0,0.0,0.0308389322861137
retrospective,2026092802,maest,raw,log_loss,0.07694604685451861,0.0,0.0,0.0,0.07694604685451861
retrospective,2026092802,maest,prior_offset,brier,0.0308389322861137,-0.02800100357489463,0.0,-0.02800100357489463,0.002837928711219073
retrospective,2026092802,maest,prior_offset,log_loss,0.07694604685451861,-0.06165053727726494,0.0,-0.06165053727726494,0.015295509577253674
retrospective,2026092802,maest,intercept,brier,0.0308389322861137,-0.0283655747832178,0.0001357397337355959,-0.028501314516953397,0.002337617769160305
retrospective,2026092802,maest,intercept,log_loss,0.07694604685451861,-0.06947551539149072,-0.0008222396356755146,-0.0686532757558152,0.008292771098703411
retrospective,2026092802,maest,sigmoid,brier,0.0308389322861137,-0.029451450719299055,0.00010610535822386247,-0.029557556077522917,0.0012813762085907843
retrospective,2026092802,maest,sigmoid,log_loss,0.07694604685451861,-0.07411229760720472,-0.0010288246772377496,-0.07308347292996697,0.0038625739245516377
retrospective,2026092802,maest,temperature,brier,0.0308389322861137,-0.00013364189397974124,-0.00017179932131911047,3.815742733936922e-05,0.03087708971345307
retrospective,2026092802,maest,temperature,log_loss,0.07694604685451861,-0.0008896247944200075,-0.001761739268196949,0.0008721144737769415,0.07781816132829555
retrospective,2026092802,maest,conservative,brier,0.0308389322861137,-0.01359049906764312,0.0,-0.01359049906764312,0.017248433218470582
retrospective,2026092802,maest,conservative,log_loss,0.07694604685451861,-0.03591887364937768,0.0,-0.03591887364937768,0.04102717320514093
retrospective,2026092802,maest,blend_min,brier,0.0308389322861137,-0.028316224427292647,0.0,-0.028316224427292647,0.002522707858821055
retrospective,2026092802,maest,blend_min,log_loss,0.07694604685451861,-0.07066046460317793,0.0,-0.07066046460317793,0.006285582251340682
retrospective,2026092802,mert_v0,raw,brier,0.03867816737746843,0.0,0.0,0.0,0.03867816737746843
retrospective,2026092802,mert_v0,raw,log_loss,0.10163155281527902,0.0,0.0,0.0,0.10163155281527902
retrospective,2026092802,mert_v0,prior_offset,brier,0.03867816737746843,-0.03655524458714807,0.0,-0.03655524458714807,0.002122922790320364
retrospective,2026092802,mert_v0,prior_offset,log_loss,0.10163155281527902,-0.09640750389120262,0.0,-0.09640750389120262,0.005224048924076408
retrospective,2026092802,mert_v0,intercept,brier,0.03867816737746843,-0.03844906452248675,-0.0005911124649242427,-0.03785795205756251,0.0008202153199059203
retrospective,2026092802,mert_v0,intercept,log_loss,0.10163155281527902,-0.10217987826205843,-0.0010273689708467093,-0.10115250929121172,0.0004790435240673019
retrospective,2026092802,mert_v0,sigmoid,brier,0.03867816737746843,-0.03879328861831016,-0.00031777038361519017,-0.03847551823469497,0.0002026491427734589
retrospective,2026092802,mert_v0,sigmoid,log_loss,0.10163155281527902,-0.09801873310491238,0.0035480582559040408,-0.10156679136081642,6.476145446260295e-05
retrospective,2026092802,mert_v0,temperature,brier,0.03867816737746843,0.00017951323569118105,-0.0008738943872665939,0.001053407622957775,0.039731575000426206
retrospective,2026092802,mert_v0,temperature,log_loss,0.10163155281527902,0.0006334100764031625,0.0008957138952111476,-0.00026230381880798515,0.10136924899647104
retrospective,2026092802,mert_v0,conservative,brier,0.03867816737746843,-0.018779167518685552,0.0,-0.018779167518685552,0.01989899985878288
retrospective,2026092802,mert_v0,conservative,log_loss,0.10163155281527902,-0.04631675543996172,0.0,-0.04631675543996172,0.055314797375317304
retrospective,2026092802,mert_v0,blend_min,brier,0.03867816737746843,-0.03817581182784063,0.0,-0.03817581182784063,0.0005023555496277976
retrospective,2026092802,mert_v0,blend_min,log_loss,0.10163155281527902,-0.09440962716176765,0.0,-0.09440962716176765,0.007221925653511374
retrospective,2026092802,mert_v1,raw,brier,0.03916037277313991,0.0,0.0,0.0,0.03916037277313991
retrospective,2026092802,mert_v1,raw,log_loss,0.10295923712172472,0.0,0.0,0.0,0.10295923712172472
retrospective,2026092802,mert_v1,prior_offset,brier,0.03916037277313991,-0.03644456719377673,0.0,-0.03644456719377673,0.002715805579363184
retrospective,2026092802,mert_v1,prior_offset,log_loss,0.10295923712172472,-0.09775648074652538,0.0,-0.09775648074652538,0.005202756375199347
retrospective,2026092802,mert_v1,intercept,brier,0.03916037277313991,-0.03854478487861354,-0.0006332039429596259,-0.037911580935653916,0.0012487918374859963
retrospective,2026092802,mert_v1,intercept,log_loss,0.10295923712172472,-0.10350508461600938,-0.001035401241086975,-0.1024696833749224,0.0004895537468023181
retrospective,2026092802,mert_v1,sigmoid,brier,0.03916037277313991,-0.038528541890332973,-4.4105989710274685e-05,-0.0384844359006227,0.0006759368725172132
retrospective,2026092802,mert_v1,sigmoid,log_loss,0.10295923712172472,-0.09932405188447663,0.0032297339090122668,-0.1025537857934889,0.0004054513282358285
retrospective,2026092802,mert_v1,temperature,brier,0.03916037277313991,-0.000174467229736186,-0.0006271756643470572,0.0004527084346108712,0.03961308120775078
retrospective,2026092802,mert_v1,temperature,log_loss,0.10295923712172472,-0.000547622500847611,0.0009512608101849285,-0.0014988833110325395,0.10146035381069218
retrospective,2026092802,mert_v1,conservative,brier,0.03916037277313991,-0.01879301189229468,0.0,-0.01879301189229468,0.02036736088084523
retrospective,2026092802,mert_v1,conservative,log_loss,0.10295923712172472,-0.04630532870685666,0.0,-0.04630532870685666,0.05665390841486806
retrospective,2026092802,mert_v1,blend_min,brier,0.03916037277313991,-0.03805728283746121,0.0,-0.03805728283746121,0.0011030899356787027
retrospective,2026092802,mert_v1,blend_min,log_loss,0.10295923712172472,-0.09537632206136115,0.0,-0.09537632206136115,0.007582915060363571
retrospective,2026092803,maest,raw,brier,0.03313245463640849,0.0,0.0,0.0,0.03313245463640849
retrospective,2026092803,maest,raw,log_loss,0.08114105850264203,0.0,0.0,0.0,0.08114105850264203
retrospective,2026092803,maest,prior_offset,brier,0.03313245463640849,-0.03137195143313948,0.0,-0.03137195143313948,0.0017605032032690093
retrospective,2026092803,maest,prior_offset,log_loss,0.08114105850264203,-0.06914536933262311,0.0,-0.06914536933262311,0.01199568917001892
retrospective,2026092803,maest,intercept,brier,0.03313245463640849,-0.031552293583022,1.066291852377943e-05,-0.03156295650154578,0.0015694981348627068
retrospective,2026092803,maest,intercept,log_loss,0.08114105850264203,-0.07159455965244149,0.0010503819419422356,-0.07264494159438373,0.0084961169082583
retrospective,2026092803,maest,sigmoid,brier,0.03313245463640849,-0.03163539077314825,0.00038487621930635707,-0.03202026699245461,0.001112187643953877
retrospective,2026092803,maest,sigmoid,log_loss,0.08114105850264203,-0.07762067475898876,-0.0004405110719962191,-0.07718016368699254,0.003960894815649485
retrospective,2026092803,maest,temperature,brier,0.03313245463640849,-0.0002792314398393503,-5.9721560707742816e-05,-0.00021950987913160747,0.03291294475727688
retrospective,2026092803,maest,temperature,log_loss,0.08114105850264203,-0.0014132195222697486,-0.0008291313612826534,-0.0005840881609870952,0.08055697034165493
retrospective,2026092803,maest,conservative,brier,0.03313245463640849,-0.015452458601667496,0.0,-0.015452458601667496,0.01767999603474099
retrospective,2026092803,maest,conservative,log_loss,0.08114105850264203,-0.03911890641542298,0.0,-0.03911890641542298,0.042022152087219045
retrospective,2026092803,maest,blend_min,brier,0.03313245463640849,-0.03163539077314825,0.0,-0.03163539077314825,0.001497063863260234
retrospective,2026092803,maest,blend_min,log_loss,0.08114105850264203,-0.07762067475898876,0.0,-0.07762067475898876,0.003520383743653266
retrospective,2026092803,mert_v0,raw,brier,0.04309800827132734,0.0,0.0,0.0,0.04309800827132734
retrospective,2026092803,mert_v0,raw,log_loss,0.10751472936463935,0.0,0.0,0.0,0.10751472936463935
retrospective,2026092803,mert_v0,prior_offset,brier,0.04309800827132734,-0.04342566275092413,0.0,-0.04342566275092413,-0.0003276544795967895
retrospective,2026092803,mert_v0,prior_offset,log_loss,0.10751472936463935,-0.11053992350429309,0.0,-0.11053992350429309,-0.003025194139653742
retrospective,2026092803,mert_v0,intercept,brier,0.04309800827132734,-0.04345105572605182,0.0011350613971130297,-0.04458611712316485,-0.0014881088518375052
retrospective,2026092803,mert_v0,intercept,log_loss,0.10751472936463935,-0.1105888055090064,0.0015387871544752518,-0.11212759266348166,-0.004612863298842307
retrospective,2026092803,mert_v0,sigmoid,brier,0.04309800827132734,-0.044964061542405565,-0.0013727285128645739,-0.04359133302954099,-0.000493324758213648
retrospective,2026092803,mert_v0,sigmoid,log_loss,0.10751472936463935,-0.11437035162171044,-0.004889978581793242,-0.1094803730399172,-0.0019656436752778506
retrospective,2026092803,mert_v0,temperature,brier,0.04309800827132734,-0.002472525083191318,0.0003726238301053064,-0.0028451489132966246,0.04025285935803072
retrospective,2026092803,mert_v0,temperature,log_loss,0.10751472936463935,-0.011801009120798067,-0.0008136938924420134,-0.010987315228356054,0.0965274141362833
retrospective,2026092803,mert_v0,conservative,brier,0.04309800827132734,-0.03589177459340567,0.0,-0.03589177459340567,0.00720623367792167
retrospective,2026092803,mert_v0,conservative,log_loss,0.10751472936463935,-0.0863576298511155,0.0,-0.0863576298511155,0.021157099513523847
retrospective,2026092803,mert_v0,blend_min,brier,0.04309800827132734,-0.044964061542405565,-0.0006196993407298346,-0.04434436220167573,-0.0012463539303483873
retrospective,2026092803,mert_v0,blend_min,log_loss,0.10751472936463935,-0.11437035162171044,-0.0023088880189737204,-0.11206146360273672,-0.004546734238097372
retrospective,2026092803,mert_v1,raw,brier,0.039183163538403065,0.0,0.0,0.0,0.039183163538403065
retrospective,2026092803,mert_v1,raw,log_loss,0.10116548808461928,0.0,0.0,0.0,0.10116548808461928
retrospective,2026092803,mert_v1,prior_offset,brier,0.039183163538403065,-0.03935022720764375,0.0,-0.03935022720764375,-0.00016706366924068572
retrospective,2026092803,mert_v1,prior_offset,log_loss,0.10116548808461928,-0.10472108660324497,0.0,-0.10472108660324497,-0.003555598518625691
retrospective,2026092803,mert_v1,intercept,brier,0.039183163538403065,-0.039160159500236186,0.0013206240207626063,-0.04048078352099879,-0.0012976199825957269
retrospective,2026092803,mert_v1,intercept,log_loss,0.10116548808461928,-0.10431067303502795,0.002280719948928478,-0.10659139298395642,-0.005425904899337142
retrospective,2026092803,mert_v1,sigmoid,brier,0.039183163538403065,-0.03947346637818758,0.0006291089594896715,-0.04010257533767725,-0.0009194117992741835
retrospective,2026092803,mert_v1,sigmoid,log_loss,0.10116548808461928,-0.10574227312391443,-0.0002575298853555452,-0.10548474323855889,-0.004319255153939605
retrospective,2026092803,mert_v1,temperature,brier,0.039183163538403065,-0.002663157546180406,0.001264284436483687,-0.003927441982664093,0.03525572155573897
retrospective,2026092803,mert_v1,temperature,log_loss,0.10116548808461928,-0.00969104807622212,0.0014933228598010273,-0.011184370936023147,0.08998111714859613
retrospective,2026092803,mert_v1,conservative,brier,0.039183163538403065,-0.03348335185909834,0.0,-0.03348335185909834,0.005699811679304723
retrospective,2026092803,mert_v1,conservative,log_loss,0.10116548808461928,-0.0833048275928372,0.0,-0.0833048275928372,0.017860660491782088
retrospective,2026092803,mert_v1,blend_min,brier,0.039183163538403065,-0.03947346637818758,0.0,-0.03947346637818758,-0.000290302839784512
retrospective,2026092803,mert_v1,blend_min,log_loss,0.10116548808461928,-0.10574227312391443,0.0,-0.10574227312391443,-0.00457678503929515
retrospective,2026092804,maest,raw,brier,0.04444556282782766,0.0,0.0,0.0,0.04444556282782766
retrospective,2026092804,maest,raw,log_loss,0.10664340775533798,0.0,0.0,0.0,0.10664340775533798
retrospective,2026092804,maest,prior_offset,brier,0.04444556282782766,-0.04376452820684382,0.0,-0.04376452820684382,0.0006810346209838447
retrospective,2026092804,maest,prior_offset,log_loss,0.10664340775533798,-0.10005292258025644,0.0,-0.10005292258025644,0.00659048517508154
retrospective,2026092804,maest,intercept,brier,0.04444556282782766,-0.04222925654399376,0.00033865937179358707,-0.04256791591578735,0.001877646912040315
retrospective,2026092804,maest,intercept,log_loss,0.10664340775533798,-0.09955753429043263,0.0006120272258491322,-0.10016956151628176,0.006473846239056225
retrospective,2026092804,maest,sigmoid,brier,0.04444556282782766,-0.04300461507405723,0.000479487270284934,-0.04348410234434216,0.000961460483485499
retrospective,2026092804,maest,sigmoid,log_loss,0.10664340775533798,-0.10306554950877217,0.0013791805577474392,-0.10444473006651961,0.0021986776888183734
retrospective,2026092804,maest,temperature,brier,0.04444556282782766,0.001387319070748294,4.93312154916381e-05,0.001337987855256656,0.04578355068308432
retrospective,2026092804,maest,temperature,log_loss,0.10664340775533798,0.006759132027701065,-7.742589783688025e-05,0.006836557925537945,0.11347996568087593
retrospective,2026092804,maest,conservative,brier,0.04444556282782766,-0.016795752923534774,0.0,-0.016795752923534774,0.027649809904292888
retrospective,2026092804,maest,conservative,log_loss,0.10664340775533798,-0.04203650131138148,0.0,-0.04203650131138148,0.0646069064439565
retrospective,2026092804,maest,blend_min,brier,0.04444556282782766,-0.04300461507405723,0.0,-0.04300461507405723,0.001440947753770433
retrospective,2026092804,maest,blend_min,log_loss,0.10664340775533798,-0.10306554950877217,0.0,-0.10306554950877217,0.0035778582465658126
retrospective,2026092804,mert_v0,raw,brier,0.05003577073535784,0.0,0.0,0.0,0.05003577073535784
retrospective,2026092804,mert_v0,raw,log_loss,0.12202986420281314,0.0,0.0,0.0,0.12202986420281314
retrospective,2026092804,mert_v0,prior_offset,brier,0.05003577073535784,-0.05028814496124526,0.0,-0.05028814496124526,-0.00025237422588741953
retrospective,2026092804,mert_v0,prior_offset,log_loss,0.12202986420281314,-0.1226828136709206,0.0,-0.1226828136709206,-0.0006529494681074555
retrospective,2026092804,mert_v0,intercept,brier,0.05003577073535784,-0.050901074468529595,1.1247919886853142e-05,-0.05091232238841645,-0.0008765516530586104
retrospective,2026092804,mert_v0,intercept,log_loss,0.12202986420281314,-0.12401906967141307,6.553949450149865e-06,-0.12402562362086322,-0.0019957594180500804
retrospective,2026092804,mert_v0,sigmoid,brier,0.05003577073535784,-0.05104932886352209,-0.0006694624008824201,-0.05037986646263967,-0.0003440957272818346
retrospective,2026092804,mert_v0,sigmoid,log_loss,0.12202986420281314,-0.12443232908342644,-0.0023344649350778846,-0.12209786414834856,-6.7999945535413e-05
retrospective,2026092804,mert_v0,temperature,brier,0.05003577073535784,0.00033085808580096687,-3.957150454425573e-06,0.00033481523625539245,0.05037058597161323
retrospective,2026092804,mert_v0,temperature,log_loss,0.12202986420281314,-0.0006981977885706092,-0.0005799919227783557,-0.00011820586579225356,0.12191165833702089
retrospective,2026092804,mert_v0,conservative,brier,0.05003577073535784,-0.03788480790478313,0.0,-0.03788480790478313,0.012150962830574707
retrospective,2026092804,mert_v0,conservative,log_loss,0.12202986420281314,-0.08916136455331797,0.0,-0.08916136455331797,0.032868499649495175
retrospective,2026092804,mert_v0,blend_min,brier,0.05003577073535784,-0.05104932886352209,0.0,-0.05104932886352209,-0.0010135581281642547
retrospective,2026092804,mert_v0,blend_min,log_loss,0.12202986420281314,-0.12443232908342644,0.0,-0.12443232908342644,-0.0024024648806132975
retrospective,2026092804,mert_v1,raw,brier,0.05138272912287867,0.0,0.0,0.0,0.05138272912287867
retrospective,2026092804,mert_v1,raw,log_loss,0.1253951773501959,0.0,0.0,0.0,0.1253951773501959
retrospective,2026092804,mert_v1,prior_offset,brier,0.05138272912287867,-0.05165677776728542,0.0,-0.05165677776728542,-0.00027404864440674914
retrospective,2026092804,mert_v1,prior_offset,log_loss,0.1253951773501959,-0.12690561785096383,0.0,-0.12690561785096383,-0.001510440500767929
retrospective,2026092804,mert_v1,intercept,brier,0.05138272912287867,-0.0522624895715289,0.00019711775657157982,-0.05245960732810048,-0.001076878205221815
retrospective,2026092804,mert_v1,intercept,log_loss,0.1253951773501959,-0.12797634195891622,0.0001343749232896596,-0.12811071688220588,-0.0027155395320099807
retrospective,2026092804,mert_v1,sigmoid,brier,0.05138272912287867,-0.05297372676883974,-0.0013565551796997088,-0.05161717158914003,-0.00023444246626136422
retrospective,2026092804,mert_v1,sigmoid,log_loss,0.1253951773501959,-0.129403921247351,-0.003757051838785719,-0.1256468694085653,-0.00025169205836939046
retrospective,2026092804,mert_v1,temperature,brier,0.05138272912287867,-0.0005053957865489844,-3.363912601678232e-05,-0.0004717566605322021,0.050910972462346465
retrospective,2026092804,mert_v1,temperature,log_loss,0.1253951773501959,-0.002900444852651507,-0.0010340622028739421,-0.0018663826497775649,0.12352879470041833
retrospective,2026092804,mert_v1,conservative,brier,0.05138272912287867,-0.039923321674903006,0.0,-0.039923321674903006,0.011459407447975661
retrospective,2026092804,mert_v1,conservative,log_loss,0.1253951773501959,-0.09346993014551552,0.0,-0.09346993014551552,0.031925247204680374
retrospective,2026092804,mert_v1,blend_min,brier,0.05138272912287867,-0.05297372676883974,0.0,-0.05297372676883974,-0.001590997645961073
retrospective,2026092804,mert_v1,blend_min,log_loss,0.1253951773501959,-0.129403921247351,0.0,-0.129403921247351,-0.004008743897155109
retrospective,2026092805,maest,raw,brier,0.035559109168285585,0.0,0.0,0.0,0.035559109168285585
retrospective,2026092805,maest,raw,log_loss,0.09096691638346494,0.0,0.0,0.0,0.09096691638346494
retrospective,2026092805,maest,prior_offset,brier,0.035559109168285585,-0.03478515866800652,0.0,-0.03478515866800652,0.0007739505002790636
retrospective,2026092805,maest,prior_offset,log_loss,0.09096691638346494,-0.08297889449470192,0.0,-0.08297889449470192,0.00798802188876302
retrospective,2026092805,maest,intercept,brier,0.035559109168285585,-0.034953161059048304,-2.840009501783869e-05,-0.034924760964030466,0.0006343482042551196
retrospective,2026092805,maest,intercept,log_loss,0.09096691638346494,-0.08556864592726343,6.643856655674796e-05,-0.08563508449382018,0.005331831889644756
retrospective,2026092805,maest,sigmoid,brier,0.035559109168285585,-0.035482128542252994,-8.2338650347763e-05,-0.03539978989190523,0.00015931927638035415
retrospective,2026092805,maest,sigmoid,log_loss,0.09096691638346494,-0.09019983152962469,-0.0007218973667208473,-0.08947793416290384,0.001488982220561097
retrospective,2026092805,maest,temperature,brier,0.035559109168285585,-7.259059964759285e-05,-8.85072839364176e-05,1.5916684288824756e-05,0.03557502585257441
retrospective,2026092805,maest,temperature,log_loss,0.09096691638346494,-0.0011080194795061171,-0.0007486776242283666,-0.00035934185527775053,0.09060757452818718
retrospective,2026092805,maest,conservative,brier,0.035559109168285585,-0.027796633700877843,0.0,-0.027796633700877843,0.007762475467407742
retrospective,2026092805,maest,conservative,log_loss,0.09096691638346494,-0.07029690253768711,0.0,-0.07029690253768711,0.020670013845777824
retrospective,2026092805,maest,blend_min,brier,0.035559109168285585,-0.035482128542252994,0.0,-0.035482128542252994,7.698062603259115e-05
retrospective,2026092805,maest,blend_min,log_loss,0.09096691638346494,-0.09019983152962469,0.0,-0.09019983152962469,0.0007670848538402497
retrospective,2026092805,mert_v0,raw,brier,0.04061846427801685,0.0,0.0,0.0,0.04061846427801685
retrospective,2026092805,mert_v0,raw,log_loss,0.10322012403814795,0.0,0.0,0.0,0.10322012403814795
retrospective,2026092805,mert_v0,prior_offset,brier,0.04061846427801685,-0.039611548595842594,0.0,-0.039611548595842594,0.0010069156821742586
retrospective,2026092805,mert_v0,prior_offset,log_loss,0.10322012403814795,-0.1002995574845783,0.0,-0.1002995574845783,0.002920566553569648
retrospective,2026092805,mert_v0,intercept,brier,0.04061846427801685,-0.04116095364783673,-0.0004161056169063315,-0.0407448480309304,-0.00012638375291354476
retrospective,2026092805,mert_v0,intercept,log_loss,0.10322012403814795,-0.10406981894388717,-0.0006457907033870502,-0.10342402824050012,-0.00020390420235216755
retrospective,2026092805,mert_v0,sigmoid,brier,0.04061846427801685,-0.040443794101656355,0.00019646744550047557,-0.04064026154715683,-2.1797269139978148e-05
retrospective,2026092805,mert_v0,sigmoid,log_loss,0.10322012403814795,-0.10197540160547636,0.0015124353117660916,-0.10348783691724245,-0.0002677128790944949
retrospective,2026092805,mert_v0,temperature,brier,0.04061846427801685,-0.0008161388702817296,-9.77879264503767e-05,-0.0007183509438313529,0.0399001133341855
retrospective,2026092805,mert_v0,temperature,log_loss,0.10322012403814795,-0.0024455015945274994,0.0007458614654876072,-0.0031913630600151066,0.10002876097813285
retrospective,2026092805,mert_v0,conservative,brier,0.04061846427801685,-0.031812842232426225,0.0,-0.031812842232426225,0.008805622045590628
retrospective,2026092805,mert_v0,conservative,log_loss,0.10322012403814795,-0.07601026638728686,0.0,-0.07601026638728686,0.02720985765086109
retrospective,2026092805,mert_v0,blend_min,brier,0.04061846427801685,-0.040443794101656355,0.0,-0.040443794101656355,0.00017467017636049742
retrospective,2026092805,mert_v0,blend_min,log_loss,0.10322012403814795,-0.10197540160547636,0.0,-0.10197540160547636,0.0012447224326715967
retrospective,2026092805,mert_v1,raw,brier,0.04439092581682741,0.0,0.0,0.0,0.04439092581682741
retrospective,2026092805,mert_v1,raw,log_loss,0.11169322948266969,0.0,0.0,0.0,0.11169322948266969
retrospective,2026092805,mert_v1,prior_offset,brier,0.04439092581682741,-0.04433299861157655,0.0,-0.04433299861157655,5.792720525085726e-05
retrospective,2026092805,mert_v1,prior_offset,log_loss,0.11169322948266969,-0.11287681086970525,0.0,-0.11287681086970525,-0.0011835813870355594
retrospective,2026092805,mert_v1,intercept,brier,0.04439092581682741,-0.045430231489388906,-0.0003368055612588683,-0.04509342592813004,-0.0007025001113026286
retrospective,2026092805,mert_v1,intercept,log_loss,0.11169322948266969,-0.11505534336333306,-0.0002052228388153554,-0.11485012052451771,-0.00315689104184802
retrospective,2026092805,mert_v1,sigmoid,brier,0.04439092581682741,-0.044958269531679834,0.0001052960388148727,-0.04506356557049471,-0.0006726397536672979
retrospective,2026092805,mert_v1,sigmoid,log_loss,0.11169322948266969,-0.11289270374455501,0.0015485193180144186,-0.11444122306256943,-0.0027479935798997435
retrospective,2026092805,mert_v1,temperature,brier,0.04439092581682741,-0.0009394821569830014,5.857624406477302e-05,-0.0009980584010477744,0.043392867415779635
retrospective,2026092805,mert_v1,temperature,log_loss,0.11169322948266969,-0.0029635091651069034,0.0014166482061355734,-0.004380157371242477,0.10731307211142721
retrospective,2026092805,mert_v1,conservative,brier,0.04439092581682741,-0.03425758793861469,0.0,-0.03425758793861469,0.010133337878212717
retrospective,2026092805,mert_v1,conservative,log_loss,0.11169322948266969,-0.08152564719852246,0.0,-0.08152564719852246,0.030167582284147232
retrospective,2026092805,mert_v1,blend_min,brier,0.04439092581682741,-0.044958269531679834,0.0,-0.044958269531679834,-0.0005673437148524252
retrospective,2026092805,mert_v1,blend_min,log_loss,0.11169322948266969,-0.11289270374455501,0.0,-0.11289270374455501,-0.001199474261885325
retrospective,2026092806,maest,raw,brier,0.034720927718955796,0.0,0.0,0.0,0.034720927718955796
retrospective,2026092806,maest,raw,log_loss,0.07994930545777457,0.0,0.0,0.0,0.07994930545777457
retrospective,2026092806,maest,prior_offset,brier,0.034720927718955796,-0.03255336699847805,0.0,-0.03255336699847805,0.002167560720477746
retrospective,2026092806,maest,prior_offset,log_loss,0.07994930545777457,-0.0658578257970624,0.0,-0.0658578257970624,0.01409147966071217
retrospective,2026092806,maest,intercept,brier,0.034720927718955796,-0.03333895724141325,-1.5337923840785805e-05,-0.03332361931757247,0.0013973084013833292
retrospective,2026092806,maest,intercept,log_loss,0.07994930545777457,-0.07280937445025704,-0.00040833784906052495,-0.07240103660119651,0.007548268856578055
retrospective,2026092806,maest,sigmoid,brier,0.034720927718955796,-0.03355768551460847,6.505965886760556e-05,-0.033622745173476076,0.00109818254547972
retrospective,2026092806,maest,sigmoid,log_loss,0.07994930545777457,-0.07531111207988572,0.0010358818213951348,-0.07634699390128086,0.003602311556493709
retrospective,2026092806,maest,temperature,brier,0.034720927718955796,0.0002733539527785267,7.416463385701011e-06,0.0002659374893928257,0.03498686520834862
retrospective,2026092806,maest,temperature,log_loss,0.07994930545777457,0.0012756011880835638,0.0002861564602462119,0.000989444727837352,0.08093875018561192
retrospective,2026092806,maest,conservative,brier,0.034720927718955796,-0.01426081392525233,0.0,-0.01426081392525233,0.020460113793703466
retrospective,2026092806,maest,conservative,log_loss,0.07994930545777457,-0.034073236179310074,0.0,-0.034073236179310074,0.04587606927846449
retrospective,2026092806,maest,blend_min,brier,0.034720927718955796,-0.031039656682556566,0.0,-0.031039656682556566,0.0036812710363992307
retrospective,2026092806,maest,blend_min,log_loss,0.07994930545777457,-0.07169310221005154,0.0,-0.07169310221005154,0.008256203247723026
retrospective,2026092806,mert_v0,raw,brier,0.04721561796194368,0.0,0.0,0.0,0.04721561796194368
retrospective,2026092806,mert_v0,raw,log_loss,0.1169457064634638,0.0,0.0,0.0,0.1169457064634638
retrospective,2026092806,mert_v0,prior_offset,brier,0.04721561796194368,-0.04582747926511782,0.0,-0.04582747926511782,0.001388138696825858
retrospective,2026092806,mert_v0,prior_offset,log_loss,0.1169457064634638,-0.11405222707549717,0.0,-0.11405222707549717,0.0028934793879666354
retrospective,2026092806,mert_v0,intercept,brier,0.04721561796194368,-0.04604841103581034,0.0010153572367715968,-0.047063768272581935,0.0001518496893617438
retrospective,2026092806,mert_v0,intercept,log_loss,0.1169457064634638,-0.11462767088186376,0.0019838766811950403,-0.1166115475630588,0.0003341589004050016
retrospective,2026092806,mert_v0,sigmoid,brier,0.04721561796194368,-0.04600979981539255,0.00047417719123254987,-0.0464839770066251,0.0007316409553185799
retrospective,2026092806,mert_v0,sigmoid,log_loss,0.1169457064634638,-0.11362679959089778,0.0007941037919794725,-0.11442090338287725,0.0025248030805865573
retrospective,2026092806,mert_v0,temperature,brier,0.04721561796194368,-0.00045341335412449335,0.0013593755450967415,-0.0018127888992212349,0.045402829062722444
retrospective,2026092806,mert_v0,temperature,log_loss,0.1169457064634638,-0.0017572642734640098,0.002852864528395116,-0.004610128801859126,0.11233557766160468
retrospective,2026092806,mert_v0,conservative,brier,0.04721561796194368,-0.03864909917351991,0.0,-0.03864909917351991,0.008566518788423766
retrospective,2026092806,mert_v0,conservative,log_loss,0.1169457064634638,-0.09239852358654971,0.0,-0.09239852358654971,0.024547182876914098
retrospective,2026092806,mert_v0,blend_min,brier,0.04721561796194368,-0.04600979981539255,0.0,-0.04600979981539255,0.0012058181465511297
retrospective,2026092806,mert_v0,blend_min,log_loss,0.1169457064634638,-0.11362679959089778,0.0,-0.11362679959089778,0.00331890687256603
retrospective,2026092806,mert_v1,raw,brier,0.04686630776069983,0.0,0.0,0.0,0.04686630776069983
retrospective,2026092806,mert_v1,raw,log_loss,0.11988043597291492,0.0,0.0,0.0,0.11988043597291492
retrospective,2026092806,mert_v1,prior_offset,brier,0.04686630776069983,-0.04580944867212822,0.0,-0.04580944867212822,0.0010568590885716156
retrospective,2026092806,mert_v1,prior_offset,log_loss,0.11988043597291492,-0.1189950493333305,0.0,-0.1189950493333305,0.000885386639584429
retrospective,2026092806,mert_v1,intercept,brier,0.04686630776069983,-0.04580201716235957,0.0011764893749892646,-0.046978506537348835,-0.00011219877664900291
retrospective,2026092806,mert_v1,intercept,log_loss,0.11988043597291492,-0.11897867785832811,0.0019735151112685867,-0.1209521929695967,-0.001071756996681772
retrospective,2026092806,mert_v1,sigmoid,brier,0.04686630776069983,-0.04601303530386203,0.00042981175380696346,-0.04644284705766899,0.0004234607030308424
retrospective,2026092806,mert_v1,sigmoid,log_loss,0.11988043597291492,-0.11934991481335228,-0.0004342772039212517,-0.11891563760943102,0.0009647983634838986
retrospective,2026092806,mert_v1,temperature,brier,0.04686630776069983,-0.0007044158413137547,0.001374143432168573,-0.0020785592734823277,0.044787748487217505
retrospective,2026092806,mert_v1,temperature,log_loss,0.11988043597291492,-0.001974001841545725,0.0018364717807119457,-0.0038104736222576707,0.11606996235065725
retrospective,2026092806,mert_v1,conservative,brier,0.04686630776069983,-0.0393526344253009,0.0,-0.0393526344253009,0.007513673335398929
retrospective,2026092806,mert_v1,conservative,log_loss,0.11988043597291492,-0.0956876426317248,0.0,-0.0956876426317248,0.024192793341190122
retrospective,2026092806,mert_v1,blend_min,brier,0.04686630776069983,-0.04601303530386203,0.0,-0.04601303530386203,0.0008532724568378058
retrospective,2026092806,mert_v1,blend_min,log_loss,0.11988043597291492,-0.11934991481335228,0.0,-0.11934991481335228,0.0005305211595626469
retrospective,2026092807,maest,raw,brier,0.035119691188244456,0.0,0.0,0.0,0.035119691188244456
retrospective,2026092807,maest,raw,log_loss,0.09008624980342639,0.0,0.0,0.0,0.09008624980342639
retrospective,2026092807,maest,prior_offset,brier,0.035119691188244456,-0.03250498325220599,0.0,-0.03250498325220599,0.002614707936038463
retrospective,2026092807,maest,prior_offset,log_loss,0.09008624980342639,-0.07840156519491753,0.0,-0.07840156519491753,0.011684684608508855
retrospective,2026092807,maest,intercept,brier,0.035119691188244456,-0.032768292120410436,-3.797117800027894e-05,-0.03273032094241016,0.002389370245834299
retrospective,2026092807,maest,intercept,log_loss,0.09008624980342639,-0.08155185888791794,0.00011270249629330431,-0.08166456138421124,0.008421688419215145
retrospective,2026092807,maest,sigmoid,brier,0.035119691188244456,-0.03403968433707491,-0.00041414282060869834,-0.03362554151646621,0.0014941496717782443
retrospective,2026092807,maest,sigmoid,log_loss,0.09008624980342639,-0.08793056681682027,-0.0019312758459036905,-0.08599929097091658,0.004086958832509813
retrospective,2026092807,maest,temperature,brier,0.035119691188244456,-0.00022798456362016495,-0.0001746418867586419,-5.334267686152305e-05,0.03506634851138293
retrospective,2026092807,maest,temperature,log_loss,0.09008624980342639,-0.0012086707329402868,-0.0011169470515099422,-9.17236814303446e-05,0.08999452612199604
retrospective,2026092807,maest,conservative,brier,0.035119691188244456,-0.01558812236202764,0.0,-0.01558812236202764,0.019531568826216816
retrospective,2026092807,maest,conservative,log_loss,0.09008624980342639,-0.04196816801513653,0.0,-0.04196816801513653,0.04811808178828986
retrospective,2026092807,maest,blend_min,brier,0.035119691188244456,-0.03403968433707491,0.0,-0.03403968433707491,0.001080006851169546
retrospective,2026092807,maest,blend_min,log_loss,0.09008624980342639,-0.08793056681682027,0.0,-0.08793056681682027,0.0021556829866061222
retrospective,2026092807,mert_v0,raw,brier,0.040132238921216784,0.0,0.0,0.0,0.040132238921216784
retrospective,2026092807,mert_v0,raw,log_loss,0.10171232842056127,0.0,0.0,0.0,0.10171232842056127
retrospective,2026092807,mert_v0,prior_offset,brier,0.040132238921216784,-0.03871410691870614,0.0,-0.03871410691870614,0.001418132002510647
retrospective,2026092807,mert_v0,prior_offset,log_loss,0.10171232842056127,-0.09809278059527765,0.0,-0.09809278059527765,0.00361954782528362
retrospective,2026092807,mert_v0,intercept,brier,0.040132238921216784,-0.039355954459431686,0.00040564441938159557,-0.03976159887881328,0.0003706400424035028
retrospective,2026092807,mert_v0,intercept,log_loss,0.10171232842056127,-0.10017550086011423,0.0010141440639089283,-0.10118964492402316,0.0005226834965381122
retrospective,2026092807,mert_v0,sigmoid,brier,0.040132238921216784,-0.039480360572305445,0.00040961965042396464,-0.03988998022272941,0.00024225869848737425
retrospective,2026092807,mert_v0,sigmoid,log_loss,0.10171232842056127,-0.10057400318830623,0.0009666428029433405,-0.10154064599124957,0.00017168242931170363
retrospective,2026092807,mert_v0,temperature,brier,0.040132238921216784,-0.00010255198840602997,0.0004245160424926342,-0.0005270680308986642,0.03960517089031812
retrospective,2026092807,mert_v0,temperature,log_loss,0.10171232842056127,-0.0008239852492114563,0.0010110517001752362,-0.0018350369493866925,0.09987729147117458
retrospective,2026092807,mert_v0,conservative,brier,0.040132238921216784,-0.03243571539404003,0.0,-0.03243571539404003,0.007696523527176757
retrospective,2026092807,mert_v0,conservative,log_loss,0.10171232842056127,-0.08025648249901796,0.0,-0.08025648249901796,0.021455845921543315
retrospective,2026092807,mert_v0,blend_min,brier,0.040132238921216784,-0.039480360572305445,0.0,-0.039480360572305445,0.0006518783489113389
retrospective,2026092807,mert_v0,blend_min,log_loss,0.10171232842056127,-0.10057400318830623,0.0,-0.10057400318830623,0.0011383252322550441
retrospective,2026092807,mert_v1,raw,brier,0.040499862324738206,0.0,0.0,0.0,0.040499862324738206
retrospective,2026092807,mert_v1,raw,log_loss,0.10035541321662278,0.0,0.0,0.0,0.10035541321662278
retrospective,2026092807,mert_v1,prior_offset,brier,0.040499862324738206,-0.03928201172998433,0.0,-0.03928201172998433,0.0012178505947538776
retrospective,2026092807,mert_v1,prior_offset,log_loss,0.10035541321662278,-0.09777491757561269,0.0,-0.09777491757561269,0.0025804956410100943
retrospective,2026092807,mert_v1,intercept,brier,0.040499862324738206,-0.03991696962611113,0.00027982780428026377,-0.040196797430391396,0.0003030648943468106
retrospective,2026092807,mert_v1,intercept,log_loss,0.10035541321662278,-0.10008303141864805,0.0007531192613974835,-0.10083615068004553,-0.0004807374634227535
retrospective,2026092807,mert_v1,sigmoid,brier,0.040499862324738206,-0.040162657195449425,0.0003122981795843083,-0.04047495537503373,2.4906949704472936e-05
retrospective,2026092807,mert_v1,sigmoid,log_loss,0.10035541321662278,-0.10042264043853205,0.0009289090142512446,-0.1013515494527833,-0.0009961362361605164
retrospective,2026092807,mert_v1,temperature,brier,0.040499862324738206,6.937589821007228e-05,8.934451133596477e-05,-1.9968613125892487e-05,0.040479893711612314
retrospective,2026092807,mert_v1,temperature,log_loss,0.10035541321662278,-0.001339783173645026,0.0001938600938261037,-0.0015336432674711298,0.09882176994915165
retrospective,2026092807,mert_v1,conservative,brier,0.040499862324738206,-0.03286234469340596,0.0,-0.03286234469340596,0.007637517631332247
retrospective,2026092807,mert_v1,conservative,log_loss,0.10035541321662278,-0.0800340494494432,0.0,-0.0800340494494432,0.02032136376717958
retrospective,2026092807,mert_v1,blend_min,brier,0.040499862324738206,-0.040162657195449425,0.0,-0.040162657195449425,0.0003372051292887812
retrospective,2026092807,mert_v1,blend_min,log_loss,0.10035541321662278,-0.10042264043853205,0.0,-0.10042264043853205,-6.722722190927177e-05
retrospective,2026092808,maest,raw,brier,0.03780590108193643,0.0,0.0,0.0,0.03780590108193643
retrospective,2026092808,maest,raw,log_loss,0.08772848685904222,0.0,0.0,0.0,0.08772848685904222
retrospective,2026092808,maest,prior_offset,brier,0.03780590108193643,-0.03578234369942834,0.0,-0.03578234369942834,0.00202355738250809
retrospective,2026092808,maest,prior_offset,log_loss,0.08772848685904222,-0.07166504954835345,0.0,-0.07166504954835345,0.016063437310688766
retrospective,2026092808,maest,intercept,brier,0.03780590108193643,-0.03497761392727464,0.0001437333593966028,-0.03512134728667124,0.0026845537952651932
retrospective,2026092808,maest,intercept,log_loss,0.08772848685904222,-0.07618814050945083,-2.0796292307667663e-05,-0.07616734421714316,0.011561142641899058
retrospective,2026092808,maest,sigmoid,brier,0.03780590108193643,-0.0365774962202475,-0.00028989239643387177,-0.03628760382381363,0.0015182972581228027
retrospective,2026092808,maest,sigmoid,log_loss,0.08772848685904222,-0.08415850043158363,-0.0020611295713275357,-0.08209737086025609,0.005631115998786129
retrospective,2026092808,maest,temperature,brier,0.03780590108193643,-0.0006051249748846577,-0.00014701509465392393,-0.00045810988023073373,0.0373477912017057
retrospective,2026092808,maest,temperature,log_loss,0.08772848685904222,-0.0024273267328936976,-0.0016819573388253128,-0.0007453693940683848,0.08698311746497384
retrospective,2026092808,maest,conservative,brier,0.03780590108193643,-0.02590685897148587,0.0,-0.02590685897148587,0.011899042110450564
retrospective,2026092808,maest,conservative,log_loss,0.08772848685904222,-0.06314915299869533,0.0,-0.06314915299869533,0.024579333860346886
retrospective,2026092808,maest,blend_min,brier,0.03780590108193643,-0.0365774962202475,0.0,-0.0365774962202475,0.001228404861688931
retrospective,2026092808,maest,blend_min,log_loss,0.08772848685904222,-0.08415850043158363,0.0,-0.08415850043158363,0.0035699864274585935
retrospective,2026092808,mert_v0,raw,brier,0.04157758200662201,0.0,0.0,0.0,0.04157758200662201
retrospective,2026092808,mert_v0,raw,log_loss,0.10285674571716663,0.0,0.0,0.0,0.10285674571716663
retrospective,2026092808,mert_v0,prior_offset,brier,0.04157758200662201,-0.04043435319157043,0.0,-0.04043435319157043,0.001143228815051578
retrospective,2026092808,mert_v0,prior_offset,log_loss,0.10285674571716663,-0.09935921258331748,0.0,-0.09935921258331748,0.003497533133849151
retrospective,2026092808,mert_v0,intercept,brier,0.04157758200662201,-0.04199876910562669,-0.00021051677406158653,-0.04178825233156511,-0.00021067032494309634
retrospective,2026092808,mert_v0,intercept,log_loss,0.10285674571716663,-0.10362619212751761,-0.0003903206808506532,-0.10323587144666696,-0.0003791257295003292
retrospective,2026092808,mert_v0,sigmoid,brier,0.04157758200662201,-0.04158693423439577,0.0003013763943882919,-0.041888310628784065,-0.0003107286221620542
retrospective,2026092808,mert_v0,sigmoid,log_loss,0.10285674571716663,-0.10124401887551782,0.0014985801112469277,-0.10274259898676474,0.00011414673040188728
retrospective,2026092808,mert_v0,temperature,brier,0.04157758200662201,-0.0005049618073349471,0.000809267409316472,-0.0013142292166514191,0.04026335278997059
retrospective,2026092808,mert_v0,temperature,log_loss,0.10285674571716663,-0.002993848650408637,0.001967693178271279,-0.004961541828679916,0.09789520388848671
retrospective,2026092808,mert_v0,conservative,brier,0.04157758200662201,-0.03256347707646007,0.0,-0.03256347707646007,0.009014104930161942
retrospective,2026092808,mert_v0,conservative,log_loss,0.10285674571716663,-0.07799614765038976,0.0,-0.07799614765038976,0.024860598066776873
retrospective,2026092808,mert_v0,blend_min,brier,0.04157758200662201,-0.04158693423439577,0.0,-0.04158693423439577,-9.352227773762323e-06
retrospective,2026092808,mert_v0,blend_min,log_loss,0.10285674571716663,-0.10124401887551782,0.0,-0.10124401887551782,0.001612726841648815
retrospective,2026092808,mert_v1,raw,brier,0.042951588803276486,0.0,0.0,0.0,0.042951588803276486
retrospective,2026092808,mert_v1,raw,log_loss,0.10830129792922744,0.0,0.0,0.0,0.10830129792922744
retrospective,2026092808,mert_v1,prior_offset,brier,0.042951588803276486,-0.04198661659044578,0.0,-0.04198661659044578,0.0009649722128307059
retrospective,2026092808,mert_v1,prior_offset,log_loss,0.10830129792922744,-0.10731921137216982,0.0,-0.10731921137216982,0.0009820865570576154
retrospective,2026092808,mert_v1,intercept,brier,0.042951588803276486,-0.043479010953818564,-0.00019353246774686528,-0.0432854784860717,-0.00033388968279521314
retrospective,2026092808,mert_v1,intercept,log_loss,0.10830129792922744,-0.1106881934587795,-0.00024319320963733793,-0.11044500024914217,-0.002143702319914731
retrospective,2026092808,mert_v1,sigmoid,brier,0.042951588803276486,-0.043204505504208235,-0.0003875777971587002,-0.042816927707049535,0.00013466109622695122
retrospective,2026092808,mert_v1,sigmoid,log_loss,0.10830129792922744,-0.11005736333138205,-0.0014164146334106897,-0.10864094869797136,-0.0003396507687439265
retrospective,2026092808,mert_v1,temperature,brier,0.042951588803276486,-0.0015914942647630992,0.0006672569813531426,-0.002258751246116242,0.040692837557160244
retrospective,2026092808,mert_v1,temperature,log_loss,0.10830129792922744,-0.0045922904223266725,0.0008821020112978473,-0.00547439243362452,0.10282690549560292
retrospective,2026092808,mert_v1,conservative,brier,0.042951588803276486,-0.03357019945850953,0.0,-0.03357019945850953,0.009381389344766955
retrospective,2026092808,mert_v1,conservative,log_loss,0.10830129792922744,-0.08175896077603556,0.0,-0.08175896077603556,0.026542337153191875
retrospective,2026092808,mert_v1,blend_min,brier,0.042951588803276486,-0.043204505504208235,-0.0004637247742350359,-0.0427407807299732,0.00021080807330328688
retrospective,2026092808,mert_v1,blend_min,log_loss,0.10830129792922744,-0.11005736333138205,-0.0015128076518705624,-0.10854455567951149,-0.00024325775028405383
retrospective,2026092809,maest,raw,brier,0.036610041939426685,0.0,0.0,0.0,0.036610041939426685
retrospective,2026092809,maest,raw,log_loss,0.08795621820615479,0.0,0.0,0.0,0.08795621820615479
retrospective,2026092809,maest,prior_offset,brier,0.036610041939426685,-0.03579437627874238,0.0,-0.03579437627874238,0.000815665660684306
retrospective,2026092809,maest,prior_offset,log_loss,0.08795621820615479,-0.07830533135726353,0.0,-0.07830533135726353,0.00965088684889126
retrospective,2026092809,maest,intercept,brier,0.036610041939426685,-0.03580297993657691,-0.0001894234511254922,-0.03561355648545142,0.0009964854539752654
retrospective,2026092809,maest,intercept,log_loss,0.08795621820615479,-0.07845300852386522,0.002300062314231577,-0.0807530708380968,0.007203147368057994
retrospective,2026092809,maest,sigmoid,brier,0.036610041939426685,-0.03645087187972801,-0.00031472489162878703,-0.03613614698809922,0.00047389495132746373
retrospective,2026092809,maest,sigmoid,log_loss,0.08795621820615479,-0.08715020889371988,-0.001127750016273188,-0.0860224588774467,0.0019337593287080956
retrospective,2026092809,maest,temperature,brier,0.036610041939426685,-0.00034310923581912234,0.0001200004965071777,-0.00046310973232630004,0.036146932207100385
retrospective,2026092809,maest,temperature,log_loss,0.08795621820615479,-0.0016670788964633365,0.0013456027863789077,-0.0030126816828422442,0.08494353652331255
retrospective,2026092809,maest,conservative,brier,0.036610041939426685,-0.029576246447621635,0.0,-0.029576246447621635,0.0070337954918050505
retrospective,2026092809,maest,conservative,log_loss,0.08795621820615479,-0.07287177944488993,0.0,-0.07287177944488993,0.015084438761264862
retrospective,2026092809,maest,blend_min,brier,0.036610041939426685,-0.03585126179061421,0.0,-0.03585126179061421,0.0007587801488124768
retrospective,2026092809,maest,blend_min,log_loss,0.08795621820615479,-0.08709031993321609,0.0,-0.08709031993321609,0.0008658982729387033
retrospective,2026092809,mert_v0,raw,brier,0.04617686502034207,0.0,0.0,0.0,0.04617686502034207
retrospective,2026092809,mert_v0,raw,log_loss,0.11296272434829657,0.0,0.0,0.0,0.11296272434829657
retrospective,2026092809,mert_v0,prior_offset,brier,0.04617686502034207,-0.04485554570000208,0.0,-0.04485554570000208,0.001321319320339992
retrospective,2026092809,mert_v0,prior_offset,log_loss,0.11296272434829657,-0.11024861989566248,0.0,-0.11024861989566248,0.002714104452634092
retrospective,2026092809,mert_v0,intercept,brier,0.04617686502034207,-0.044099364651964235,0.001661506231473181,-0.045760870883437416,0.00041599413690465714
retrospective,2026092809,mert_v0,intercept,log_loss,0.11296272434829657,-0.10809693988785213,0.0035826024627503283,-0.11167954235060246,0.0012831819976941161
retrospective,2026092809,mert_v0,sigmoid,brier,0.04617686502034207,-0.04364403334847608,0.0017274952079735784,-0.04537152855644966,0.0008053364638924143
retrospective,2026092809,mert_v0,sigmoid,log_loss,0.11296272434829657,-0.10714947656872176,0.003760651927559755,-0.11091012849628151,0.00205259585201506
retrospective,2026092809,mert_v0,temperature,brier,0.04617686502034207,-0.0005319679158838075,0.0005222838810229058,-0.0010542517969067133,0.04512261322343536
retrospective,2026092809,mert_v0,temperature,log_loss,0.11296272434829657,-0.002591494231545366,0.0005787667830578491,-0.003170261014603215,0.10979246333369336
retrospective,2026092809,mert_v0,conservative,brier,0.04617686502034207,-0.0380846825891325,0.0,-0.0380846825891325,0.008092182431209571
retrospective,2026092809,mert_v0,conservative,log_loss,0.11296272434829657,-0.08948476016321039,0.0,-0.08948476016321039,0.023477964185086186
retrospective,2026092809,mert_v0,blend_min,brier,0.04617686502034207,-0.04364403334847608,0.0,-0.04364403334847608,0.0025328316718659927
retrospective,2026092809,mert_v0,blend_min,log_loss,0.11296272434829657,-0.10714947656872176,0.0,-0.10714947656872176,0.005813247779574815
retrospective,2026092809,mert_v1,raw,brier,0.04690140424257305,0.0,0.0,0.0,0.04690140424257305
retrospective,2026092809,mert_v1,raw,log_loss,0.11451070708813688,0.0,0.0,0.0,0.11451070708813688
retrospective,2026092809,mert_v1,prior_offset,brier,0.04690140424257305,-0.046567597343893374,0.0,-0.046567597343893374,0.0003338068986796783
retrospective,2026092809,mert_v1,prior_offset,log_loss,0.11451070708813688,-0.11622988154813435,0.0,-0.11622988154813435,-0.0017191744599974745
retrospective,2026092809,mert_v1,intercept,brier,0.04690140424257305,-0.04588097809602257,0.0015806508591567625,-0.04746162895517933,-0.0005602247126062776
retrospective,2026092809,mert_v1,intercept,log_loss,0.11451070708813688,-0.1146751375859833,0.002807985300422089,-0.11748312288640539,-0.002972415798268513
retrospective,2026092809,mert_v1,sigmoid,brier,0.04690140424257305,-0.04653228504718249,0.0002064137906685748,-0.04673869883785106,0.00016270540472199113
retrospective,2026092809,mert_v1,sigmoid,log_loss,0.11451070708813688,-0.11613462831561377,-0.00040129572542751957,-0.11573333259018626,-0.0012226255020493793
retrospective,2026092809,mert_v1,temperature,brier,0.04690140424257305,-0.0010193623271965435,0.000500327268510431,-0.0015196895957069745,0.04538171464686608
retrospective,2026092809,mert_v1,temperature,log_loss,0.11451070708813688,-0.006711738719793581,0.00028552843081108836,-0.006997267150604669,0.10751343993753221
retrospective,2026092809,mert_v1,conservative,brier,0.04690140424257305,-0.03886816611854166,0.0,-0.03886816611854166,0.008033238124031394
retrospective,2026092809,mert_v1,conservative,log_loss,0.11451070708813688,-0.09191482268674112,0.0,-0.09191482268674112,0.02259588440139576
retrospective,2026092809,mert_v1,blend_min,brier,0.04690140424257305,-0.04653228504718249,0.0,-0.04653228504718249,0.0003691191953905659
retrospective,2026092809,mert_v1,blend_min,log_loss,0.11451070708813688,-0.11613462831561377,0.0,-0.11613462831561377,-0.0016239212274768988
retrospective,2026092810,maest,raw,brier,0.03623668289634657,0.0,0.0,0.0,0.03623668289634657
retrospective,2026092810,maest,raw,log_loss,0.0881539597138003,0.0,0.0,0.0,0.0881539597138003
retrospective,2026092810,maest,prior_offset,brier,0.03623668289634657,-0.033603201341749434,0.0,-0.033603201341749434,0.002633481554597139
retrospective,2026092810,maest,prior_offset,log_loss,0.0881539597138003,-0.07587470715997607,0.0,-0.07587470715997607,0.012279252553824227
retrospective,2026092810,maest,intercept,brier,0.03623668289634657,-0.03321307926180078,0.0003070941464120569,-0.03352017340821284,0.0027165094881337337
retrospective,2026092810,maest,intercept,log_loss,0.0881539597138003,-0.07937781820055739,0.0002112249847215919,-0.07958904318527898,0.008564916528521316
retrospective,2026092810,maest,sigmoid,brier,0.03623668289634657,-0.03440789754552817,0.00012728732949468524,-0.034535184875022856,0.0017014980213237163
retrospective,2026092810,maest,sigmoid,log_loss,0.0881539597138003,-0.08535385141991231,-0.0010215493328993297,-0.08433230208701298,0.0038216576267873226
retrospective,2026092810,maest,temperature,brier,0.03623668289634657,7.975504711624226e-05,3.945879075933911e-05,4.029625635690315e-05,0.036276979152703476
retrospective,2026092810,maest,temperature,log_loss,0.0881539597138003,0.0005305186230496473,-0.0014403550584191072,0.0019708736814687544,0.09012483339526906
retrospective,2026092810,maest,conservative,brier,0.03623668289634657,-0.014132829989325052,0.0,-0.014132829989325052,0.02210385290702152
retrospective,2026092810,maest,conservative,log_loss,0.0881539597138003,-0.0361650825998176,0.0,-0.0361650825998176,0.0519888771139827
retrospective,2026092810,maest,blend_min,brier,0.03623668289634657,-0.03440789754552817,0.0,-0.03440789754552817,0.0018287853508184015
retrospective,2026092810,maest,blend_min,log_loss,0.0881539597138003,-0.08535385141991231,0.0,-0.08535385141991231,0.002800108293887993
retrospective,2026092810,mert_v0,raw,brier,0.045056014757592716,0.0,0.0,0.0,0.045056014757592716
retrospective,2026092810,mert_v0,raw,log_loss,0.11234798451875444,0.0,0.0,0.0,0.11234798451875444
retrospective,2026092810,mert_v0,prior_offset,brier,0.045056014757592716,-0.043861058924695495,0.0,-0.043861058924695495,0.001194955832897221
retrospective,2026092810,mert_v0,prior_offset,log_loss,0.11234798451875444,-0.11026703634146084,0.0,-0.11026703634146084,0.0020809481772935956
retrospective,2026092810,mert_v0,intercept,brier,0.045056014757592716,-0.04509451963132011,0.00019122947990243833,-0.045285749111222545,-0.00022973435362982908
retrospective,2026092810,mert_v0,intercept,log_loss,0.11234798451875444,-0.1126619716452269,0.0002468675421368749,-0.11290883918736377,-0.0005608546686093341
retrospective,2026092810,mert_v0,sigmoid,brier,0.045056014757592716,-0.04577787421428914,-0.0016022630723768472,-0.04417561114191229,0.0008804036156804251
retrospective,2026092810,mert_v0,sigmoid,log_loss,0.11234798451875444,-0.11428628393762758,-0.004513657833931817,-0.10977262610369576,0.0025753584150586817
retrospective,2026092810,mert_v0,temperature,brier,0.045056014757592716,-0.002495219931521131,2.5270042422337324e-05,-0.0025204899739434683,0.04253552478364925
retrospective,2026092810,mert_v0,temperature,log_loss,0.11234798451875444,-0.009432863636592903,-0.000752845102353239,-0.008680018534239664,0.10366796598451478
retrospective,2026092810,mert_v0,conservative,brier,0.045056014757592716,-0.03574883965909584,0.0,-0.03574883965909584,0.009307175098496878
retrospective,2026092810,mert_v0,conservative,log_loss,0.11234798451875444,-0.08394036028166224,0.0,-0.08394036028166224,0.0284076242370922
retrospective,2026092810,mert_v0,blend_min,brier,0.045056014757592716,-0.04577787421428914,0.0,-0.04577787421428914,-0.000721859456696422
retrospective,2026092810,mert_v0,blend_min,log_loss,0.11234798451875444,-0.11428628393762758,0.0,-0.11428628393762758,-0.001938299418873135
retrospective,2026092810,mert_v1,raw,brier,0.04289703251844307,0.0,0.0,0.0,0.04289703251844307
retrospective,2026092810,mert_v1,raw,log_loss,0.1066030189754742,0.0,0.0,0.0,0.1066030189754742
retrospective,2026092810,mert_v1,prior_offset,brier,0.04289703251844307,-0.042162748893426916,0.0,-0.042162748893426916,0.0007342836250161522
retrospective,2026092810,mert_v1,prior_offset,log_loss,0.1066030189754742,-0.10598455886663932,0.0,-0.10598455886663932,0.0006184601088348729
retrospective,2026092810,mert_v1,intercept,brier,0.04289703251844307,-0.0436380190300136,-2.439986443997233e-05,-0.04361361916557363,-0.0007165866471305626
retrospective,2026092810,mert_v1,intercept,log_loss,0.1066030189754742,-0.1090550791941296,-3.3577394652373194e-05,-0.10902150179947723,-0.002418482824003032
retrospective,2026092810,mert_v1,sigmoid,brier,0.04289703251844307,-0.04363253578614382,-0.0010181338996375355,-0.04261440188650628,0.0002826306319367866
retrospective,2026092810,mert_v1,sigmoid,log_loss,0.1066030189754742,-0.10903968668227909,-0.0028413606879090225,-0.10619832599437007,0.00040469298110412666
retrospective,2026092810,mert_v1,temperature,brier,0.04289703251844307,-0.002265852138452401,2.6019859240611343e-05,-0.0022918719976930124,0.040605160520750055
retrospective,2026092810,mert_v1,temperature,log_loss,0.1066030189754742,-0.008961114710763884,-0.00030657987455162683,-0.008654534836212258,0.09794848413926194
retrospective,2026092810,mert_v1,conservative,brier,0.04289703251844307,-0.03409676935723252,0.0,-0.03409676935723252,0.008800263161210548
retrospective,2026092810,mert_v1,conservative,log_loss,0.1066030189754742,-0.08006663863380442,0.0,-0.08006663863380442,0.026536380341669774
retrospective,2026092810,mert_v1,blend_min,brier,0.04289703251844307,-0.04363253578614382,0.0,-0.04363253578614382,-0.0007355032677007489
retrospective,2026092810,mert_v1,blend_min,log_loss,0.1066030189754742,-0.10903968668227909,0.0,-0.10903968668227909,-0.002436667706804896
retrospective,2026092811,maest,raw,brier,0.030049081301889602,0.0,0.0,0.0,0.030049081301889602
retrospective,2026092811,maest,raw,log_loss,0.07141797568869768,0.0,0.0,0.0,0.07141797568869768
retrospective,2026092811,maest,prior_offset,brier,0.030049081301889602,-0.027520597087870552,0.0,-0.027520597087870552,0.00252848421401905
retrospective,2026092811,maest,prior_offset,log_loss,0.07141797568869768,-0.0553349245719566,0.0,-0.0553349245719566,0.016083051116741076
retrospective,2026092811,maest,intercept,brier,0.030049081301889602,-0.027567097407380725,2.6787016965956756e-06,-0.02756977610907732,0.002479305192812281
retrospective,2026092811,maest,intercept,log_loss,0.07141797568869768,-0.06156241502962845,-3.320020559699488e-05,-0.06152921482403145,0.009888760864666224
retrospective,2026092811,maest,sigmoid,brier,0.030049081301889602,-0.02862620720584047,0.0003559650088524047,-0.028982172214692875,0.0010669090871967268
retrospective,2026092811,maest,sigmoid,log_loss,0.07141797568869768,-0.07052967842459934,-0.0022872495700617113,-0.06824242885453763,0.003175546834160048
retrospective,2026092811,maest,temperature,brier,0.030049081301889602,-0.0012488476231838075,-0.0006200808214356923,-0.0006287668017481152,0.029420314500141487
retrospective,2026092811,maest,temperature,log_loss,0.07141797568869768,-0.003595537032457574,-0.0046554655458292404,0.0010599285133716663,0.07247790420206934
retrospective,2026092811,maest,conservative,brier,0.030049081301889602,-0.014883417435483909,0.0,-0.014883417435483909,0.015165663866405693
retrospective,2026092811,maest,conservative,log_loss,0.07141797568869768,-0.03925434771836711,0.0,-0.03925434771836711,0.032163627970330566
retrospective,2026092811,maest,blend_min,brier,0.030049081301889602,-0.029196521038404144,0.0,-0.029196521038404144,0.0008525602634854579
retrospective,2026092811,maest,blend_min,log_loss,0.07141797568869768,-0.07146815407869822,0.0,-0.07146815407869822,-5.017839000054369e-05
retrospective,2026092811,mert_v0,raw,brier,0.03757907583228429,0.0,0.0,0.0,0.03757907583228429
retrospective,2026092811,mert_v0,raw,log_loss,0.09207758336916766,0.0,0.0,0.0,0.09207758336916766
retrospective,2026092811,mert_v0,prior_offset,brier,0.03757907583228429,-0.03670769887549538,0.0,-0.03670769887549538,0.0008713769567889051
retrospective,2026092811,mert_v0,prior_offset,log_loss,0.09207758336916766,-0.08896069161470693,0.0,-0.08896069161470693,0.0031168917544607266
retrospective,2026092811,mert_v0,intercept,brier,0.03757907583228429,-0.03659594904790825,0.0014163774866780277,-0.03801232653458628,-0.0004332507023019905
retrospective,2026092811,mert_v0,intercept,log_loss,0.09207758336916766,-0.08858061013160035,0.003957498713154817,-0.09253810884475516,-0.00046052547558750323
retrospective,2026092811,mert_v0,sigmoid,brier,0.03757907583228429,-0.03583535896371112,0.002021526381383476,-0.0378568853450946,-0.00027780951281031196
retrospective,2026092811,mert_v0,sigmoid,log_loss,0.09207758336916766,-0.08732473500866145,0.0055902790076195474,-0.092915014016281,-0.0008374306471133353
retrospective,2026092811,mert_v0,temperature,brier,0.03757907583228429,0.0008355951136670703,8.898424985362419e-05,0.0007466108638134461,0.03832568669609773
retrospective,2026092811,mert_v0,temperature,log_loss,0.09207758336916766,0.003360926854415691,0.00019685688901710519,0.003164069965398586,0.09524165333456625
retrospective,2026092811,mert_v0,conservative,brier,0.03757907583228429,-0.03240274530664791,0.0,-0.03240274530664791,0.0051763305256363745
retrospective,2026092811,mert_v0,conservative,log_loss,0.09207758336916766,-0.07623473796400604,0.0,-0.07623473796400604,0.01584284540516162
retrospective,2026092811,mert_v0,blend_min,brier,0.03757907583228429,-0.03583535896371112,0.0,-0.03583535896371112,0.001743716868573164
retrospective,2026092811,mert_v0,blend_min,log_loss,0.09207758336916766,-0.08732473500866145,0.0,-0.08732473500866145,0.004752848360506212
retrospective,2026092811,mert_v1,raw,brier,0.036364261045186,0.0,0.0,0.0,0.036364261045186
retrospective,2026092811,mert_v1,raw,log_loss,0.09075933419824722,0.0,0.0,0.0,0.09075933419824722
retrospective,2026092811,mert_v1,prior_offset,brier,0.036364261045186,-0.03446326035023148,0.0,-0.03446326035023148,0.0019010006949545244
retrospective,2026092811,mert_v1,prior_offset,log_loss,0.09075933419824722,-0.0869953617665567,0.0,-0.0869953617665567,0.003763972431690521
retrospective,2026092811,mert_v1,intercept,brier,0.036364261045186,-0.0350313617380259,0.0009404550657095556,-0.03597181680373546,0.0003924442414505458
retrospective,2026092811,mert_v1,intercept,log_loss,0.09075933419824722,-0.0887131450167134,0.0023170648673747074,-0.09103020988408811,-0.00027087568584088784
retrospective,2026092811,mert_v1,sigmoid,brier,0.036364261045186,-0.03394894158685147,0.0021665883605124503,-0.03611552994736392,0.0002487310978220858
retrospective,2026092811,mert_v1,sigmoid,log_loss,0.09075933419824722,-0.08501833886752463,0.006173522977560464,-0.0911918618450851,-0.0004325276468378769
retrospective,2026092811,mert_v1,temperature,brier,0.036364261045186,0.0002968062434718921,-0.00014332034090097645,0.00044012658437286856,0.03680438762955887
retrospective,2026092811,mert_v1,temperature,log_loss,0.09075933419824722,0.0010809040927609592,-0.00018330342720213055,0.0012642075199630898,0.09202354171821031
retrospective,2026092811,mert_v1,conservative,brier,0.036364261045186,-0.030818001093919356,0.0,-0.030818001093919356,0.005546259951266647
retrospective,2026092811,mert_v1,conservative,log_loss,0.09075933419824722,-0.07343848646329276,0.0,-0.07343848646329276,0.01732084773495446
retrospective,2026092811,mert_v1,blend_min,brier,0.036364261045186,-0.03394894158685147,0.0,-0.03394894158685147,0.002415319458334536
retrospective,2026092811,mert_v1,blend_min,log_loss,0.09075933419824722,-0.08501833886752463,0.0,-0.08501833886752463,0.005740995330722587
retrospective,2026092812,maest,raw,brier,0.03020809869982438,0.0,0.0,0.0,0.03020809869982438
retrospective,2026092812,maest,raw,log_loss,0.06776511366205829,0.0,0.0,0.0,0.06776511366205829
retrospective,2026092812,maest,prior_offset,brier,0.03020809869982438,-0.027507955191691164,0.0,-0.027507955191691164,0.002700143508133218
retrospective,2026092812,maest,prior_offset,log_loss,0.06776511366205829,-0.05180632092731641,0.0,-0.05180632092731641,0.015958792734741878
retrospective,2026092812,maest,intercept,brier,0.03020809869982438,-0.028538951638979015,0.00040267953642750265,-0.028941631175406518,0.0012664675244178636
retrospective,2026092812,maest,intercept,log_loss,0.06776511366205829,-0.057171133524516804,0.0017123719820956729,-0.05888350550661248,0.008881608155445808
retrospective,2026092812,maest,sigmoid,brier,0.03020809869982438,-0.02853905854219918,-3.4514884682063096e-05,-0.028504543657517117,0.0017035550423072643
retrospective,2026092812,maest,sigmoid,log_loss,0.06776511366205829,-0.056230432894516846,0.0056345709041100145,-0.06186500379862686,0.005900109863431424
retrospective,2026092812,maest,temperature,brier,0.03020809869982438,0.000874688559210357,0.0001174088386204919,0.0007572797205898651,0.030965378420414247
retrospective,2026092812,maest,temperature,log_loss,0.06776511366205829,0.003585193280845611,0.005425138637232874,-0.0018399453563872625,0.06592516830567102
retrospective,2026092812,maest,conservative,brier,0.03020809869982438,-0.022375178251489852,0.0,-0.022375178251489852,0.00783292044833453
retrospective,2026092812,maest,conservative,log_loss,0.06776511366205829,-0.05025963808168532,0.0,-0.05025963808168532,0.017505475580372964
retrospective,2026092812,maest,blend_min,brier,0.03020809869982438,-0.02853905854219918,-6.261970052454102e-05,-0.02847643884167464,0.0017316598581497422
retrospective,2026092812,maest,blend_min,log_loss,0.06776511366205829,-0.056230432894516846,0.0008410655452763538,-0.0570714984397932,0.010693615222265085
retrospective,2026092812,mert_v0,raw,brier,0.040143830648589784,0.0,0.0,0.0,0.040143830648589784
retrospective,2026092812,mert_v0,raw,log_loss,0.09940561212579052,0.0,0.0,0.0,0.09940561212579052
retrospective,2026092812,mert_v0,prior_offset,brier,0.040143830648589784,-0.04058234508447903,0.0,-0.04058234508447903,-0.0004385144358892423
retrospective,2026092812,mert_v0,prior_offset,log_loss,0.09940561212579052,-0.10203912466731113,0.0,-0.10203912466731113,-0.0026335125415206107
retrospective,2026092812,mert_v0,intercept,brier,0.040143830648589784,-0.03980262745490856,0.0017434674374334769,-0.04154609489234204,-0.0014022642437522548
retrospective,2026092812,mert_v0,intercept,log_loss,0.09940561212579052,-0.10015341111362336,0.003432617870198107,-0.10358602898382147,-0.004180416858030944
retrospective,2026092812,mert_v0,sigmoid,brier,0.040143830648589784,-0.04080584091571643,-2.1985111284317238e-05,-0.04078385580443211,-0.0006400251558423276
retrospective,2026092812,mert_v0,sigmoid,log_loss,0.09940561212579052,-0.10107440149776287,0.0011063892031891176,-0.10218079070095198,-0.0027751785751614633
retrospective,2026092812,mert_v0,temperature,brier,0.040143830648589784,-0.0017918789094213128,0.0012518116933771806,-0.0030436906027984933,0.03710014004579129
retrospective,2026092812,mert_v0,temperature,log_loss,0.09940561212579052,-0.007053651930275628,0.003522925383881048,-0.010576577314156677,0.08882903481163384
retrospective,2026092812,mert_v0,conservative,brier,0.040143830648589784,-0.03553209912988067,0.0,-0.03553209912988067,0.004611731518709111
retrospective,2026092812,mert_v0,conservative,log_loss,0.09940561212579052,-0.0849979686324433,0.0,-0.0849979686324433,0.014407643493347222
retrospective,2026092812,mert_v0,blend_min,brier,0.040143830648589784,-0.04080584091571643,-0.00039819621142800354,-0.040407644704288426,-0.00026381405569864125
retrospective,2026092812,mert_v0,blend_min,log_loss,0.09940561212579052,-0.10107440149776287,-0.0014967185614758738,-0.099577682936287,-0.00017207081049647188
retrospective,2026092812,mert_v1,raw,brier,0.03696987220574602,0.0,0.0,0.0,0.03696987220574602
retrospective,2026092812,mert_v1,raw,log_loss,0.09356616327463319,0.0,0.0,0.0,0.09356616327463319
retrospective,2026092812,mert_v1,prior_offset,brier,0.03696987220574602,-0.037681303320894116,0.0,-0.037681303320894116,-0.0007114311151480979
retrospective,2026092812,mert_v1,prior_offset,log_loss,0.09356616327463319,-0.09724036318649337,0.0,-0.09724036318649337,-0.0036741999118601876
retrospective,2026092812,mert_v1,intercept,brier,0.03696987220574602,-0.03690088230978472,0.0019318160942539686,-0.03883269840403869,-0.001862826198292672
retrospective,2026092812,mert_v1,intercept,log_loss,0.09356616327463319,-0.09532657295713548,0.003929348359249962,-0.09925592131638544,-0.0056897580417522575
retrospective,2026092812,mert_v1,sigmoid,brier,0.03696987220574602,-0.03721583989137778,0.001127661999294316,-0.038343501890672094,-0.0013736296849260754
retrospective,2026092812,mert_v1,sigmoid,log_loss,0.09356616327463319,-0.09582649459348214,0.0023719908455289707,-0.09819848543901111,-0.004632322164377922
retrospective,2026092812,mert_v1,temperature,brier,0.03696987220574602,-0.001101256273000617,0.0016068904507662851,-0.002708146723766902,0.034261725481979116
retrospective,2026092812,mert_v1,temperature,log_loss,0.09356616327463319,-0.003994351407755614,0.0034292204990226116,-0.007423571906778226,0.08614259136785496
retrospective,2026092812,mert_v1,conservative,brier,0.03696987220574602,-0.033537716179450255,0.0,-0.033537716179450255,0.003432156026295763
retrospective,2026092812,mert_v1,conservative,log_loss,0.09356616327463319,-0.08127562020476753,0.0,-0.08127562020476753,0.012290543069865656
retrospective,2026092812,mert_v1,blend_min,brier,0.03696987220574602,-0.03721583989137778,0.0,-0.03721583989137778,-0.0002459676856317594
retrospective,2026092812,mert_v1,blend_min,log_loss,0.09356616327463319,-0.09582649459348214,0.0,-0.09582649459348214,-0.0022603313188489516
retrospective,2026092813,maest,raw,brier,0.03306121471228868,0.0,0.0,0.0,0.03306121471228868
retrospective,2026092813,maest,raw,log_loss,0.07553596132320067,0.0,0.0,0.0,0.07553596132320067
retrospective,2026092813,maest,prior_offset,brier,0.03306121471228868,-0.030600495372767156,0.0,-0.030600495372767156,0.002460719339521522
retrospective,2026092813,maest,prior_offset,log_loss,0.07553596132320067,-0.06165555056686173,0.0,-0.06165555056686173,0.013880410756338946
retrospective,2026092813,maest,intercept,brier,0.03306121471228868,-0.030986221132161235,0.0008917751007113117,-0.031877996232872546,0.0011832184794161316
retrospective,2026092813,maest,intercept,log_loss,0.07553596132320067,-0.0638238885848631,0.004414282298468408,-0.0682381708833315,0.007297790439869167
retrospective,2026092813,maest,sigmoid,brier,0.03306121471228868,-0.031133503203494867,0.0009103717383009968,-0.032043874941795863,0.0010173397704928144
retrospective,2026092813,maest,sigmoid,log_loss,0.07553596132320067,-0.0661152156936165,0.006374527256732376,-0.07248974295034888,0.0030462183728517944
retrospective,2026092813,maest,temperature,brier,0.03306121471228868,-2.9076729570781668e-05,0.0006639556236743005,-0.0006930323532450822,0.032368182359043596
retrospective,2026092813,maest,temperature,log_loss,0.07553596132320067,-8.614282670804663e-05,0.006563748383666024,-0.00664989121037407,0.0688860701128266
retrospective,2026092813,maest,conservative,brier,0.03306121471228868,-0.026100294823225678,0.0,-0.026100294823225678,0.006960919889063
retrospective,2026092813,maest,conservative,log_loss,0.07553596132320067,-0.061095453349647444,0.0,-0.061095453349647444,0.01444050797355323
retrospective,2026092813,maest,blend_min,brier,0.03306121471228868,-0.031133503203494867,0.0,-0.031133503203494867,0.0019277115087938113
retrospective,2026092813,maest,blend_min,log_loss,0.07553596132320067,-0.0661152156936165,0.0,-0.0661152156936165,0.00942074562958417
retrospective,2026092813,mert_v0,raw,brier,0.038394321579755114,0.0,0.0,0.0,0.038394321579755114
retrospective,2026092813,mert_v0,raw,log_loss,0.09648192362238239,0.0,0.0,0.0,0.09648192362238239
retrospective,2026092813,mert_v0,prior_offset,brier,0.038394321579755114,-0.037297236005683077,0.0,-0.037297236005683077,0.0010970855740720376
retrospective,2026092813,mert_v0,prior_offset,log_loss,0.09648192362238239,-0.09375142300600908,0.0,-0.09375142300600908,0.0027305006163733103
retrospective,2026092813,mert_v0,intercept,brier,0.038394321579755114,-0.03753293686751211,0.0017713486303873593,-0.039304285497899466,-0.000909963918144352
retrospective,2026092813,mert_v0,intercept,log_loss,0.09648192362238239,-0.09435608918177435,0.0038056686953432117,-0.09816175787711756,-0.0016798342547351686
retrospective,2026092813,mert_v0,sigmoid,brier,0.038394321579755114,-0.038185772346955194,0.000592719427775501,-0.038778491774730695,-0.00038417019497558047
retrospective,2026092813,mert_v0,sigmoid,log_loss,0.09648192362238239,-0.09531916307408317,0.0013158617444415377,-0.0966350248185247,-0.00015310119614231343
retrospective,2026092813,mert_v0,temperature,brier,0.038394321579755114,-0.0032010353201818997,0.0011674495526925177,-0.0043684848728744174,0.0340258367068807
retrospective,2026092813,mert_v0,temperature,log_loss,0.09648192362238239,-0.01154748241160719,0.002625012886661393,-0.014172495298268584,0.08230942832411381
retrospective,2026092813,mert_v0,conservative,brier,0.038394321579755114,-0.0337437322574205,0.0,-0.0337437322574205,0.004650589322334614
retrospective,2026092813,mert_v0,conservative,log_loss,0.09648192362238239,-0.08018811112209162,0.0,-0.08018811112209162,0.016293812500290772
retrospective,2026092813,mert_v0,blend_min,brier,0.038394321579755114,-0.038185772346955194,0.0,-0.038185772346955194,0.00020854923279992055
retrospective,2026092813,mert_v0,blend_min,log_loss,0.09648192362238239,-0.09531916307408317,0.0,-0.09531916307408317,0.0011627605482992243
retrospective,2026092813,mert_v1,raw,brier,0.037361287170977975,0.0,0.0,0.0,0.037361287170977975
retrospective,2026092813,mert_v1,raw,log_loss,0.09665375916178037,0.0,0.0,0.0,0.09665375916178037
retrospective,2026092813,mert_v1,prior_offset,brier,0.037361287170977975,-0.036281287432571085,0.0,-0.036281287432571085,0.0010799997384068893
retrospective,2026092813,mert_v1,prior_offset,log_loss,0.09665375916178037,-0.09556750462991598,0.0,-0.09556750462991598,0.0010862545318643946
retrospective,2026092813,mert_v1,intercept,brier,0.037361287170977975,-0.03649547858433286,0.0015984119325358759,-0.038093890516868734,-0.0007326033458907588
retrospective,2026092813,mert_v1,intercept,log_loss,0.09665375916178037,-0.0960963349748421,0.0034043504116509915,-0.09950068538649309,-0.0028469262247127203
retrospective,2026092813,mert_v1,sigmoid,brier,0.037361287170977975,-0.03698486705212309,0.0005447979871199826,-0.03752966503924307,-0.00016837786826509604
retrospective,2026092813,mert_v1,sigmoid,log_loss,0.09665375916178037,-0.09626180220512565,0.0015675172954660588,-0.0978293195005917,-0.0011755603388113323
retrospective,2026092813,mert_v1,temperature,brier,0.037361287170977975,-0.004735503046506384,0.001966506103478649,-0.006702009149985033,0.03065927802099294
retrospective,2026092813,mert_v1,temperature,log_loss,0.09665375916178037,-0.013005462509691257,0.004760894366879265,-0.01776635687657052,0.07888740228520985
retrospective,2026092813,mert_v1,conservative,brier,0.037361287170977975,-0.033342066739918325,0.0,-0.033342066739918325,0.00401922043105965
retrospective,2026092813,mert_v1,conservative,log_loss,0.09665375916178037,-0.08212699747296215,0.0,-0.08212699747296215,0.014526761688818224
retrospective,2026092813,mert_v1,blend_min,brier,0.037361287170977975,-0.03698486705212309,0.0,-0.03698486705212309,0.0003764201188548866
retrospective,2026092813,mert_v1,blend_min,log_loss,0.09665375916178037,-0.09626180220512565,0.0,-0.09626180220512565,0.0003919569566547265
retrospective,2026092814,maest,raw,brier,0.03258020961626934,0.0,0.0,0.0,0.03258020961626934
retrospective,2026092814,maest,raw,log_loss,0.0792794635959852,0.0,0.0,0.0,0.0792794635959852
retrospective,2026092814,maest,prior_offset,brier,0.03258020961626934,-0.03112792037821205,0.0,-0.03112792037821205,0.0014522892380572916
retrospective,2026092814,maest,prior_offset,log_loss,0.0792794635959852,-0.06888506837948394,0.0,-0.06888506837948394,0.010394395216501262
retrospective,2026092814,maest,intercept,brier,0.03258020961626934,-0.031567081563723176,0.00038545655340166407,-0.03195253811712484,0.0006276714991444998
retrospective,2026092814,maest,intercept,log_loss,0.0792794635959852,-0.07142315665969218,0.0018694821265228256,-0.073292638786215,0.005986824809770197
retrospective,2026092814,maest,sigmoid,brier,0.03258020961626934,-0.03160499425612853,0.00033904423568670294,-0.031944038491815235,0.0006361711244541046
retrospective,2026092814,maest,sigmoid,log_loss,0.0792794635959852,-0.07254004919026458,0.0038510008714125465,-0.07639105006167712,0.0028884135343080763
retrospective,2026092814,maest,temperature,brier,0.03258020961626934,0.0011613112285263627,0.0003383337771710737,0.000822977451355289,0.03340318706762463
retrospective,2026092814,maest,temperature,log_loss,0.0792794635959852,0.007326492854467792,0.004020606811713567,0.0033058860427542247,0.08258534963873942
retrospective,2026092814,maest,conservative,brier,0.03258020961626934,-0.02509808819412465,0.0,-0.02509808819412465,0.0074821214221446886
retrospective,2026092814,maest,conservative,log_loss,0.0792794635959852,-0.06090064067166506,0.0,-0.06090064067166506,0.018378822924320137
retrospective,2026092814,maest,blend_min,brier,0.03258020961626934,-0.03160499425612853,0.0,-0.03160499425612853,0.0009752153601408076
retrospective,2026092814,maest,blend_min,log_loss,0.0792794635959852,-0.07254004919026458,0.0,-0.07254004919026458,0.006739414405720623
retrospective,2026092814,mert_v0,raw,brier,0.03951701617504694,0.0,0.0,0.0,0.03951701617504694
retrospective,2026092814,mert_v0,raw,log_loss,0.10041003911293317,0.0,0.0,0.0,0.10041003911293317
retrospective,2026092814,mert_v0,prior_offset,brier,0.03951701617504694,-0.03924195974514666,0.0,-0.03924195974514666,0.0002750564299002778
retrospective,2026092814,mert_v0,prior_offset,log_loss,0.10041003911293317,-0.09959378503188737,0.0,-0.09959378503188737,0.0008162540810457974
retrospective,2026092814,mert_v0,intercept,brier,0.03951701617504694,-0.0388771622405471,0.0018415677218613646,-0.04071872996240847,-0.0012017137873615302
retrospective,2026092814,mert_v0,intercept,log_loss,0.10041003911293317,-0.09871252436805528,0.00357811230481786,-0.10229063667287314,-0.0018805975599399671
retrospective,2026092814,mert_v0,sigmoid,brier,0.03951701617504694,-0.03960760766634755,-9.214076304786545e-05,-0.039515466903299684,1.549271747253167e-06
retrospective,2026092814,mert_v0,sigmoid,log_loss,0.10041003911293317,-0.10010201430596355,-0.000990572342260354,-0.0991114419637032,0.0012985971492299742
retrospective,2026092814,mert_v0,temperature,brier,0.03951701617504694,-0.004327375348626483,0.0007625860209806989,-0.005089961369607182,0.034427054805439755
retrospective,2026092814,mert_v0,temperature,log_loss,0.10041003911293317,-0.013632359490615698,0.0009992186447188578,-0.014631578135334555,0.08577846097759861
retrospective,2026092814,mert_v0,conservative,brier,0.03951701617504694,-0.03438748467213937,0.0,-0.03438748467213937,0.005129531502907569
retrospective,2026092814,mert_v0,conservative,log_loss,0.10041003911293317,-0.08189606381259745,0.0,-0.08189606381259745,0.018513975300335717
retrospective,2026092814,mert_v0,blend_min,brier,0.03951701617504694,-0.03960760766634755,0.0,-0.03960760766634755,-9.059149130061228e-05
retrospective,2026092814,mert_v0,blend_min,log_loss,0.10041003911293317,-0.10010201430596355,0.0,-0.10010201430596355,0.0003080248069696201
retrospective,2026092814,mert_v1,raw,brier,0.04246045234942736,0.0,0.0,0.0,0.04246045234942736
retrospective,2026092814,mert_v1,raw,log_loss,0.10791614025950896,0.0,0.0,0.0,0.10791614025950896
retrospective,2026092814,mert_v1,prior_offset,brier,0.04246045234942736,-0.042464784708832526,0.0,-0.042464784708832526,-4.332359405168074e-06
retrospective,2026092814,mert_v1,prior_offset,log_loss,0.10791614025950896,-0.10976403163420545,0.0,-0.10976403163420545,-0.0018478913746964865
retrospective,2026092814,mert_v1,intercept,brier,0.04246045234942736,-0.040916531219015756,0.0028955636793633888,-0.043812094898379145,-0.001351642548951787
retrospective,2026092814,mert_v1,intercept,log_loss,0.10791614025950896,-0.10640465836765123,0.0050677941896764,-0.11147245255732763,-0.0035563122978186645
retrospective,2026092814,mert_v1,sigmoid,brier,0.04246045234942736,-0.04314697115215843,-0.0007834675325990303,-0.0423635036195594,9.694872986795722e-05
retrospective,2026092814,mert_v1,sigmoid,log_loss,0.10791614025950896,-0.11086772750459961,-0.003260217902707696,-0.10760750960189192,0.00030863065761704833
retrospective,2026092814,mert_v1,temperature,brier,0.04246045234942736,-0.004753525755561844,0.001059720772749989,-0.005813246528311833,0.036647205821115525
retrospective,2026092814,mert_v1,temperature,log_loss,0.10791614025950896,-0.01586072230818314,0.0008611579714183359,-0.016721880279601475,0.09119425997990749
retrospective,2026092814,mert_v1,conservative,brier,0.04246045234942736,-0.03771018955107608,0.0,-0.03771018955107608,0.004750262798351279
retrospective,2026092814,mert_v1,conservative,log_loss,0.10791614025950896,-0.0906509952569704,0.0,-0.0906509952569704,0.017265145002538562
retrospective,2026092814,mert_v1,blend_min,brier,0.04246045234942736,-0.04314697115215843,0.0,-0.04314697115215843,-0.0006865188027310731
retrospective,2026092814,mert_v1,blend_min,log_loss,0.10791614025950896,-0.11086772750459961,0.0,-0.11086772750459961,-0.0029515872450906477
retrospective,2026092815,maest,raw,brier,0.035554540687146974,0.0,0.0,0.0,0.035554540687146974
retrospective,2026092815,maest,raw,log_loss,0.09405797496652302,0.0,0.0,0.0,0.09405797496652302
retrospective,2026092815,maest,prior_offset,brier,0.035554540687146974,-0.033757135508028724,0.0,-0.033757135508028724,0.00179740517911825
retrospective,2026092815,maest,prior_offset,log_loss,0.09405797496652302,-0.083657595987019,0.0,-0.083657595987019,0.010400378979504021
retrospective,2026092815,maest,intercept,brier,0.035554540687146974,-0.03323984780213529,0.00016356498352165794,-0.03340341278565695,0.002151127901490024
retrospective,2026092815,maest,intercept,log_loss,0.09405797496652302,-0.08455248057015557,0.00030557153400906367,-0.08485805210416464,0.009199922862358378
retrospective,2026092815,maest,sigmoid,brier,0.035554540687146974,-0.03481847917807962,-0.0004911211024604678,-0.03432735807561915,0.0012271826115278217
retrospective,2026092815,maest,sigmoid,log_loss,0.09405797496652302,-0.09692369443173365,-0.005832376570899245,-0.09109131786083441,0.002966657105688608
retrospective,2026092815,maest,temperature,brier,0.035554540687146974,3.092099830939721e-05,0.00012771435276068277,-9.679335445128556e-05,0.03545774733269569
retrospective,2026092815,maest,temperature,log_loss,0.09405797496652302,-0.0032448085819022365,-0.0027866942814867013,-0.00045811430041553525,0.09359986066610748
retrospective,2026092815,maest,conservative,brier,0.035554540687146974,-0.026083122707040357,0.0,-0.026083122707040357,0.009471417980106617
retrospective,2026092815,maest,conservative,log_loss,0.09405797496652302,-0.07242454041053792,0.0,-0.07242454041053792,0.021633434555985098
retrospective,2026092815,maest,blend_min,brier,0.035554540687146974,-0.03261927172206011,0.0,-0.03261927172206011,0.0029352689650868624
retrospective,2026092815,maest,blend_min,log_loss,0.09405797496652302,-0.08957918358474515,0.0,-0.08957918358474515,0.004478791381777869
retrospective,2026092815,mert_v0,raw,brier,0.04193419941994689,0.0,0.0,0.0,0.04193419941994689
retrospective,2026092815,mert_v0,raw,log_loss,0.10488664683360488,0.0,0.0,0.0,0.10488664683360488
retrospective,2026092815,mert_v0,prior_offset,brier,0.04193419941994689,-0.04183482396355995,0.0,-0.04183482396355995,9.93754563869409e-05
retrospective,2026092815,mert_v0,prior_offset,log_loss,0.10488664683360488,-0.10429099211572324,0.0,-0.10429099211572324,0.000595654717881644
retrospective,2026092815,mert_v0,intercept,brier,0.04193419941994689,-0.04266508149721157,5.112438080587256e-05,-0.042716205878017444,-0.0007820064580705555
retrospective,2026092815,mert_v0,intercept,log_loss,0.10488664683360488,-0.10635959258696437,7.965420167760362e-05,-0.10643924678864197,-0.0015525999550370928
retrospective,2026092815,mert_v0,sigmoid,brier,0.04193419941994689,-0.042073368612935313,0.0004974089130676818,-0.042570777526002995,-0.0006365781060561071
retrospective,2026092815,mert_v0,sigmoid,log_loss,0.10488664683360488,-0.10504354035874502,0.0013855228732111424,-0.10642906323195617,-0.0015424163983512873
retrospective,2026092815,mert_v0,temperature,brier,0.04193419941994689,-0.00105880817121215,-1.5620930430559898e-06,-0.001057246078169094,0.040876953341777794
retrospective,2026092815,mert_v0,temperature,log_loss,0.10488664683360488,-0.003173404524805634,0.0001849788921663431,-0.0033583834169719773,0.1015282634166329
retrospective,2026092815,mert_v0,conservative,brier,0.04193419941994689,-0.033122911911410785,0.0,-0.033122911911410785,0.008811287508536103
retrospective,2026092815,mert_v0,conservative,log_loss,0.10488664683360488,-0.07874614984036415,0.0,-0.07874614984036415,0.026140496993240725
retrospective,2026092815,mert_v0,blend_min,brier,0.04193419941994689,-0.042073368612935313,0.0,-0.042073368612935313,-0.00013916919298842534
retrospective,2026092815,mert_v0,blend_min,log_loss,0.10488664683360488,-0.10504354035874502,0.0,-0.10504354035874502,-0.00015689352514014487
retrospective,2026092815,mert_v1,raw,brier,0.04268122003191535,0.0,0.0,0.0,0.04268122003191535
retrospective,2026092815,mert_v1,raw,log_loss,0.10695933098258781,0.0,0.0,0.0,0.10695933098258781
retrospective,2026092815,mert_v1,prior_offset,brier,0.04268122003191535,-0.041996601354868296,0.0,-0.041996601354868296,0.0006846186770470553
retrospective,2026092815,mert_v1,prior_offset,log_loss,0.10695933098258781,-0.10684052215460049,0.0,-0.10684052215460049,0.00011880882798731562
retrospective,2026092815,mert_v1,intercept,brier,0.04268122003191535,-0.04287982970274362,-3.1589099064865955e-06,-0.042876670792837135,-0.0001954507609217837
retrospective,2026092815,mert_v1,intercept,log_loss,0.10695933098258781,-0.10884305497975949,-3.647835631281904e-06,-0.10883940714412821,-0.0018800761615404005
retrospective,2026092815,mert_v1,sigmoid,brier,0.04268122003191535,-0.041756804408340814,0.0009683278564609488,-0.04272513226480176,-4.391223288641166e-05
retrospective,2026092815,mert_v1,sigmoid,log_loss,0.10695933098258781,-0.10505058072178153,0.0030748024940076557,-0.10812538321578918,-0.0011660522332013756
retrospective,2026092815,mert_v1,temperature,brier,0.04268122003191535,-0.0006670327161168998,3.2230499381752375e-05,-0.0006992632154986522,0.0419819568164167
retrospective,2026092815,mert_v1,temperature,log_loss,0.10695933098258781,-0.0019518780108120914,0.0007541478956433201,-0.0027060259064554115,0.1042533050761324
retrospective,2026092815,mert_v1,conservative,brier,0.04268122003191535,-0.033617245539314444,0.0,-0.033617245539314444,0.009063974492600907
retrospective,2026092815,mert_v1,conservative,log_loss,0.10695933098258781,-0.07978143585890796,0.0,-0.07978143585890796,0.02717789512367985
retrospective,2026092815,mert_v1,blend_min,brier,0.04268122003191535,-0.041756804408340814,0.0,-0.041756804408340814,0.0009244156235745371
retrospective,2026092815,mert_v1,blend_min,log_loss,0.10695933098258781,-0.10505058072178153,0.0,-0.10505058072178153,0.00190875026080628
retrospective,2026092816,maest,raw,brier,0.03694008447847269,0.0,0.0,0.0,0.03694008447847269
retrospective,2026092816,maest,raw,log_loss,0.08577748945932173,0.0,0.0,0.0,0.08577748945932173
retrospective,2026092816,maest,prior_offset,brier,0.03694008447847269,-0.034471065948304125,0.0,-0.034471065948304125,0.002469018530168565
retrospective,2026092816,maest,prior_offset,log_loss,0.08577748945932173,-0.07272905636172627,0.0,-0.07272905636172627,0.013048433097595458
retrospective,2026092816,maest,intercept,brier,0.03694008447847269,-0.03457129812165133,0.0006576099318804374,-0.035228908053531766,0.0017111764249409245
retrospective,2026092816,maest,intercept,log_loss,0.08577748945932173,-0.0733940581684468,0.00449217951369657,-0.07788623768214337,0.007891251777178365
retrospective,2026092816,maest,sigmoid,brier,0.03694008447847269,-0.0345789101169591,0.0014418219751069772,-0.03602073209206608,0.0009193523864066133
retrospective,2026092816,maest,sigmoid,log_loss,0.08577748945932173,-0.08291529476323245,0.000498601085333894,-0.08341389584856634,0.002363593610755388
retrospective,2026092816,maest,temperature,brier,0.03694008447847269,0.0002580882086958003,-2.4473689898857343e-05,0.00028256189859465763,0.03722264637706735
retrospective,2026092816,maest,temperature,log_loss,0.08577748945932173,0.0015985048599426177,-0.0017001738956110568,0.0032986787555536745,0.0890761682148754
retrospective,2026092816,maest,conservative,brier,0.03694008447847269,-0.029249658721303,0.0,-0.029249658721303,0.007690425757169689
retrospective,2026092816,maest,conservative,log_loss,0.08577748945932173,-0.06989225471652288,0.0,-0.06989225471652288,0.01588523474279885
retrospective,2026092816,maest,blend_min,brier,0.03694008447847269,-0.034904335334836945,0.0,-0.034904335334836945,0.0020357491436357456
retrospective,2026092816,maest,blend_min,log_loss,0.08577748945932173,-0.08312329126266815,0.0,-0.08312329126266815,0.002654198196653579
retrospective,2026092816,mert_v0,raw,brier,0.04423925818301416,0.0,0.0,0.0,0.04423925818301416
retrospective,2026092816,mert_v0,raw,log_loss,0.11531926697509598,0.0,0.0,0.0,0.11531926697509598
retrospective,2026092816,mert_v0,prior_offset,brier,0.04423925818301416,-0.04317435352204638,0.0,-0.04317435352204638,0.001064904660967786
retrospective,2026092816,mert_v0,prior_offset,log_loss,0.11531926697509598,-0.11423260097814553,0.0,-0.11423260097814553,0.0010866659969504533
retrospective,2026092816,mert_v0,intercept,brier,0.04423925818301416,-0.042538353032453735,0.0018338065123123248,-0.04437215954476606,-0.00013290136175189704
retrospective,2026092816,mert_v0,intercept,log_loss,0.11531926697509598,-0.11266578060177795,0.003604334623608596,-0.11627011522538655,-0.0009508482502905702
retrospective,2026092816,mert_v0,sigmoid,brier,0.04423925818301416,-0.04107537862277383,0.003285347264828542,-0.04436072588760237,-0.00012146770458820733
retrospective,2026092816,mert_v0,sigmoid,log_loss,0.11531926697509598,-0.10691497656224752,0.009334793628852589,-0.11624977019110011,-0.0009305032160041304
retrospective,2026092816,mert_v0,temperature,brier,0.04423925818301416,0.007968751596498097,-4.9436840976274654e-05,0.008018188437474372,0.052257446620488535
retrospective,2026092816,mert_v0,temperature,log_loss,0.11531926697509598,0.020312918159792415,0.000296417921775316,0.0200165002380171,0.13533576721311308
retrospective,2026092816,mert_v0,conservative,brier,0.04423925818301416,-0.036756173643449463,0.0,-0.036756173643449463,0.007483084539564699
retrospective,2026092816,mert_v0,conservative,log_loss,0.11531926697509598,-0.0893803983160904,0.0,-0.0893803983160904,0.025938868659005576
retrospective,2026092816,mert_v0,blend_min,brier,0.04423925818301416,-0.04107537862277383,0.0,-0.04107537862277383,0.0031638795602403347
retrospective,2026092816,mert_v0,blend_min,log_loss,0.11531926697509598,-0.10691497656224752,0.0,-0.10691497656224752,0.008404290412848459
retrospective,2026092816,mert_v1,raw,brier,0.04917128185417055,0.0,0.0,0.0,0.04917128185417055
retrospective,2026092816,mert_v1,raw,log_loss,0.1246549193830096,0.0,0.0,0.0,0.1246549193830096
retrospective,2026092816,mert_v1,prior_offset,brier,0.04917128185417055,-0.04870362346782334,0.0,-0.04870362346782334,0.0004676583863472139
retrospective,2026092816,mert_v1,prior_offset,log_loss,0.1246549193830096,-0.12531574969408282,0.0,-0.12531574969408282,-0.0006608303110732239
retrospective,2026092816,mert_v1,intercept,brier,0.04917128185417055,-0.048176962142665425,0.0012358015912774245,-0.04941276373394285,-0.0002414818797722984
retrospective,2026092816,mert_v1,intercept,log_loss,0.1246549193830096,-0.12400731191483766,0.0021418902524284467,-0.1261492021672661,-0.0014942827842565065
retrospective,2026092816,mert_v1,sigmoid,brier,0.04917128185417055,-0.04665275040438771,0.002876484196987744,-0.049529234601375455,-0.0003579527472049038
retrospective,2026092816,mert_v1,sigmoid,log_loss,0.1246549193830096,-0.11779367192789247,0.008597114579554144,-0.12639078650744662,-0.0017358671244370183
retrospective,2026092816,mert_v1,temperature,brier,0.04917128185417055,0.0069709622049717035,1.3455477077123357e-05,0.00695750672789458,0.05612878858206513
retrospective,2026092816,mert_v1,temperature,log_loss,0.1246549193830096,0.018034654190482557,0.0006066738514727832,0.017427980339009774,0.14208289972201937
retrospective,2026092816,mert_v1,conservative,brier,0.04917128185417055,-0.040257435755953946,0.0,-0.040257435755953946,0.008913846098216605
retrospective,2026092816,mert_v1,conservative,log_loss,0.1246549193830096,-0.09586026308664192,0.0,-0.09586026308664192,0.028794656296367682
retrospective,2026092816,mert_v1,blend_min,brier,0.04917128185417055,-0.04665275040438771,0.0,-0.04665275040438771,0.0025185314497828404
retrospective,2026092816,mert_v1,blend_min,log_loss,0.1246549193830096,-0.11779367192789247,0.0,-0.11779367192789247,0.006861247455117125
retrospective,2026092817,maest,raw,brier,0.03569727165636011,0.0,0.0,0.0,0.03569727165636011
retrospective,2026092817,maest,raw,log_loss,0.08650945426557832,0.0,0.0,0.0,0.08650945426557832
retrospective,2026092817,maest,prior_offset,brier,0.03569727165636011,-0.032593474354529195,0.0,-0.032593474354529195,0.003103797301830913
retrospective,2026092817,maest,prior_offset,log_loss,0.08650945426557832,-0.07043544811090319,0.0,-0.07043544811090319,0.016074006154675136
retrospective,2026092817,maest,intercept,brier,0.03569727165636011,-0.03299278919584772,7.456498628266583e-07,-0.03299353484571055,0.0027037368106495596
retrospective,2026092817,maest,intercept,log_loss,0.08650945426557832,-0.0757118449610486,-2.455414886748386e-05,-0.07568729081218112,0.010822163453397204
retrospective,2026092817,maest,sigmoid,brier,0.03569727165636011,-0.033172621428003396,0.0011270249748928929,-0.03429964640289629,0.001397625253463819
retrospective,2026092817,maest,sigmoid,log_loss,0.08650945426557832,-0.08400993876325608,-0.0012306285942536577,-0.08277931016900242,0.0037301440965759047
retrospective,2026092817,maest,temperature,brier,0.03569727165636011,-0.0006327109075930648,-0.00012420217121600352,-0.0005085087363770613,0.035188762919983047
retrospective,2026092817,maest,temperature,log_loss,0.08650945426557832,-0.003958277598143933,-0.002924396295110321,-0.0010338813030336125,0.08547557296254471
retrospective,2026092817,maest,conservative,brier,0.03569727165636011,-0.02837463506185875,0.0,-0.02837463506185875,0.007322636594501358
retrospective,2026092817,maest,conservative,log_loss,0.08650945426557832,-0.07058072180479324,0.0,-0.07058072180479324,0.015928732460785078
retrospective,2026092817,maest,blend_min,brier,0.03569727165636011,-0.033172621428003396,-0.00029187559734389357,-0.0328807458306595,0.0028165258257006054
retrospective,2026092817,maest,blend_min,log_loss,0.08650945426557832,-0.08400993876325608,-0.002651803777423023,-0.08135813498583305,0.00515131927974527
retrospective,2026092817,mert_v0,raw,brier,0.0481770232937844,0.0,0.0,0.0,0.0481770232937844
retrospective,2026092817,mert_v0,raw,log_loss,0.1196523655855628,0.0,0.0,0.0,0.1196523655855628
retrospective,2026092817,mert_v0,prior_offset,brier,0.0481770232937844,-0.04763651588780318,0.0,-0.04763651588780318,0.0005405074059812165
retrospective,2026092817,mert_v0,prior_offset,log_loss,0.1196523655855628,-0.1187454391859879,0.0,-0.1187454391859879,0.0009069263995749033
retrospective,2026092817,mert_v0,intercept,brier,0.0481770232937844,-0.04784664902214475,0.000682228298851506,-0.048528877320996255,-0.00035185402721185643
retrospective,2026092817,mert_v0,intercept,log_loss,0.1196523655855628,-0.11927700981377565,0.0012368341253135573,-0.1205138439390892,-0.0008614783535264015
retrospective,2026092817,mert_v0,sigmoid,brier,0.0481770232937844,-0.046568495175932784,0.0013908615556893489,-0.04795935673162213,0.00021766656216226643
retrospective,2026092817,mert_v0,sigmoid,log_loss,0.1196523655855628,-0.11618150798206195,0.0031715893263226103,-0.11935309730838456,0.000299268277178244
retrospective,2026092817,mert_v0,temperature,brier,0.0481770232937844,-0.0003470555806316389,5.84763904345198e-05,-0.0004055319710661587,0.04777149132271824
retrospective,2026092817,mert_v0,temperature,log_loss,0.1196523655855628,-0.001325851276243517,-0.00014881985423426114,-0.001177031422009256,0.11847533416355355
retrospective,2026092817,mert_v0,conservative,brier,0.0481770232937844,-0.039143724249782325,0.0,-0.039143724249782325,0.009033299044002074
retrospective,2026092817,mert_v0,conservative,log_loss,0.1196523655855628,-0.0924859117106625,0.0,-0.0924859117106625,0.027166453874900298
retrospective,2026092817,mert_v0,blend_min,brier,0.0481770232937844,-0.046568495175932784,0.0,-0.046568495175932784,0.0016085281178516153
retrospective,2026092817,mert_v0,blend_min,log_loss,0.1196523655855628,-0.11618150798206195,0.0,-0.11618150798206195,0.0034708576035008543
retrospective,2026092817,mert_v1,raw,brier,0.050327143537715585,0.0,0.0,0.0,0.050327143537715585
retrospective,2026092817,mert_v1,raw,log_loss,0.1203888052292299,0.0,0.0,0.0,0.1203888052292299
retrospective,2026092817,mert_v1,prior_offset,brier,0.050327143537715585,-0.04998216463462085,0.0,-0.04998216463462085,0.00034497890309473367
retrospective,2026092817,mert_v1,prior_offset,log_loss,0.1203888052292299,-0.11992404743936291,0.0,-0.11992404743936291,0.00046475778986698746
retrospective,2026092817,mert_v1,intercept,brier,0.050327143537715585,-0.04988687623388091,0.0008675184310637518,-0.05075439466494466,-0.000427251127229078
retrospective,2026092817,mert_v1,intercept,log_loss,0.1203888052292299,-0.11963981080048564,0.001918962680305003,-0.12155877348079064,-0.001169968251560738
retrospective,2026092817,mert_v1,sigmoid,brier,0.050327143537715585,-0.04729927116147947,0.002921535829737615,-0.05022080699121709,0.00010633654649849777
retrospective,2026092817,mert_v1,sigmoid,log_loss,0.1203888052292299,-0.11438333539701834,0.006526814769524214,-0.12091015016654255,-0.0005213449373126511
retrospective,2026092817,mert_v1,temperature,brier,0.050327143537715585,0.0002824891556672815,-3.7106008727028073e-06,0.0002861997565399843,0.05061334329425557
retrospective,2026092817,mert_v1,temperature,log_loss,0.1203888052292299,0.0012017989521745376,-4.771763885341729e-05,0.0012495165910279549,0.12163832182025786
retrospective,2026092817,mert_v1,conservative,brier,0.050327143537715585,-0.04094679330450021,0.0,-0.04094679330450021,0.009380350233215373
retrospective,2026092817,mert_v1,conservative,log_loss,0.1203888052292299,-0.09410014894329449,0.0,-0.09410014894329449,0.026288656285935408
retrospective,2026092817,mert_v1,blend_min,brier,0.050327143537715585,-0.04729927116147947,0.0,-0.04729927116147947,0.0030278723762361126
retrospective,2026092817,mert_v1,blend_min,log_loss,0.1203888052292299,-0.11438333539701834,0.0,-0.11438333539701834,0.006005469832211563
retrospective,2026092818,maest,raw,brier,0.032633003601739846,0.0,0.0,0.0,0.032633003601739846
retrospective,2026092818,maest,raw,log_loss,0.07600930321679883,0.0,0.0,0.0,0.07600930321679883
retrospective,2026092818,maest,prior_offset,brier,0.032633003601739846,-0.02807725305926284,0.0,-0.02807725305926284,0.004555750542477005
retrospective,2026092818,maest,prior_offset,log_loss,0.07600930321679883,-0.05029440671223123,0.0,-0.05029440671223123,0.025714896504567597
retrospective,2026092818,maest,intercept,brier,0.032633003601739846,-0.028211517275454567,0.0008126603934295318,-0.0290241776688841,0.003608825932855747
retrospective,2026092818,maest,intercept,log_loss,0.07600930321679883,-0.06450785995190422,-0.002108167501990499,-0.062399692449913724,0.013609610766885105
retrospective,2026092818,maest,sigmoid,brier,0.032633003601739846,-0.030144556532732736,0.00031292735449484077,-0.030457483887227577,0.0021755197145122696
retrospective,2026092818,maest,sigmoid,log_loss,0.07600930321679883,-0.07417558156124132,-0.0046013613463709024,-0.06957422021487042,0.00643508300192841
retrospective,2026092818,maest,temperature,brier,0.032633003601739846,-0.0001252302451375531,-4.5355675356129055e-05,-7.987456978142404e-05,0.03255312903195842
retrospective,2026092818,maest,temperature,log_loss,0.07600930321679883,-0.0022660492656212394,-0.005600834958290224,0.0033347856926689845,0.07934408890946781
retrospective,2026092818,maest,conservative,brier,0.032633003601739846,-0.011316155976467263,0.0,-0.011316155976467263,0.021316847625272584
retrospective,2026092818,maest,conservative,log_loss,0.07600930321679883,-0.029291156444575972,0.0,-0.029291156444575972,0.04671814677222286
retrospective,2026092818,maest,blend_min,brier,0.032633003601739846,-0.02638843424283363,0.00031292735449484077,-0.02670136159732847,0.005931642004411375
retrospective,2026092818,maest,blend_min,log_loss,0.07600930321679883,-0.06511748798641176,-0.0046013613463709024,-0.06051612664004086,0.015493176576757972
retrospective,2026092818,mert_v0,raw,brier,0.040447737455290594,0.0,0.0,0.0,0.040447737455290594
retrospective,2026092818,mert_v0,raw,log_loss,0.10272341058533047,0.0,0.0,0.0,0.10272341058533047
retrospective,2026092818,mert_v0,prior_offset,brier,0.040447737455290594,-0.037053309508932264,0.0,-0.037053309508932264,0.0033944279463583305
retrospective,2026092818,mert_v0,prior_offset,log_loss,0.10272341058533047,-0.09104401360571063,0.0,-0.09104401360571063,0.011679396979619838
retrospective,2026092818,mert_v0,intercept,brier,0.040447737455290594,-0.040186045731208236,-0.0014991498571324535,-0.03868689587407578,0.0017608415812148115
retrospective,2026092818,mert_v0,intercept,log_loss,0.10272341058533047,-0.09958193439031648,7.561369333219936e-05,-0.09965754808364868,0.003065862501681782
retrospective,2026092818,mert_v0,sigmoid,brier,0.040447737455290594,-0.03986232636204362,-0.0012492630003237415,-0.03861306336171988,0.001834674093570715
retrospective,2026092818,mert_v0,sigmoid,log_loss,0.10272341058533047,-0.0967675377199142,0.0013812041491960136,-0.09814874186911021,0.004574668716220254
retrospective,2026092818,mert_v0,temperature,brier,0.040447737455290594,0.001400290850698982,0.000305855684952977,0.001094435165746005,0.0415421726210366
retrospective,2026092818,mert_v0,temperature,log_loss,0.10272341058533047,0.004617763551956644,0.006931525283855489,-0.0023137617318988446,0.10040964885343162
retrospective,2026092818,mert_v0,conservative,brier,0.040447737455290594,-0.01548614483571567,0.0,-0.01548614483571567,0.024961592619574924
retrospective,2026092818,mert_v0,conservative,log_loss,0.10272341058533047,-0.036115194331946876,0.0,-0.036115194331946876,0.06660821625338359
retrospective,2026092818,mert_v0,blend_min,brier,0.040447737455290594,-0.03986232636204362,-0.0020323646997064126,-0.03782996166233721,0.0026177757929533862
retrospective,2026092818,mert_v0,blend_min,log_loss,0.10272341058533047,-0.0967675377199142,-0.0018991841634276585,-0.09486835355648654,0.007855057028843926
retrospective,2026092818,mert_v1,raw,brier,0.037609128148251264,0.0,0.0,0.0,0.037609128148251264
retrospective,2026092818,mert_v1,raw,log_loss,0.09917079915230981,0.0,0.0,0.0,0.09917079915230981
retrospective,2026092818,mert_v1,prior_offset,brier,0.037609128148251264,-0.03510366054399258,0.0,-0.03510366054399258,0.002505467604258682
retrospective,2026092818,mert_v1,prior_offset,log_loss,0.09917079915230981,-0.09158001392400672,0.0,-0.09158001392400672,0.0075907852283030874
retrospective,2026092818,mert_v1,intercept,brier,0.037609128148251264,-0.03913319255101344,-0.00174182000657358,-0.03739137254443986,0.00021775560381140369
retrospective,2026092818,mert_v1,intercept,log_loss,0.09917079915230981,-0.09959721498013174,0.0008177392829536445,-0.10041495426308539,-0.00124415511077558
retrospective,2026092818,mert_v1,sigmoid,brier,0.037609128148251264,-0.03919526182015426,-0.0024300645159228695,-0.03676519730423139,0.0008439308440198745
retrospective,2026092818,mert_v1,sigmoid,log_loss,0.09917079915230981,-0.10011959299280737,-0.0029053979510018646,-0.0972141950418055,0.001956604110504301
retrospective,2026092818,mert_v1,temperature,brier,0.037609128148251264,-0.0009136154702101551,5.7166581626522106e-05,-0.0009707820518366772,0.03663834609641459
retrospective,2026092818,mert_v1,temperature,log_loss,0.09917079915230981,-0.0027280417987413097,0.005807258978350716,-0.008535300777092025,0.09063549837521778
retrospective,2026092818,mert_v1,conservative,brier,0.037609128148251264,-0.015224414830031924,0.0,-0.015224414830031924,0.02238471331821934
retrospective,2026092818,mert_v1,conservative,log_loss,0.09917079915230981,-0.03635193738844955,0.0,-0.03635193738844955,0.06281886176386026
retrospective,2026092818,mert_v1,blend_min,brier,0.037609128148251264,-0.03919526182015426,-0.0030895032653860954,-0.036105758554768164,0.0015033695934831004
retrospective,2026092818,mert_v1,blend_min,log_loss,0.09917079915230981,-0.10011959299280737,-0.005278143857762263,-0.09484144913504511,0.004329350017264699
retrospective,2026092819,maest,raw,brier,0.033582718916924506,0.0,0.0,0.0,0.033582718916924506
retrospective,2026092819,maest,raw,log_loss,0.08158770145786226,0.0,0.0,0.0,0.08158770145786226
retrospective,2026092819,maest,prior_offset,brier,0.033582718916924506,-0.0320362094779255,0.0,-0.0320362094779255,0.0015465094389990053
retrospective,2026092819,maest,prior_offset,log_loss,0.08158770145786226,-0.07080955371232567,0.0,-0.07080955371232567,0.010778147745536593
retrospective,2026092819,maest,intercept,brier,0.033582718916924506,-0.030731607632316915,0.0025645653523029416,-0.03329617298461986,0.0002865459323046493
retrospective,2026092819,maest,intercept,log_loss,0.08158770145786226,-0.0642906842298605,0.011154207760916468,-0.07544489199077697,0.006142809467085286
retrospective,2026092819,maest,sigmoid,brier,0.033582718916924506,-0.020308165565166264,0.011882749166474485,-0.03219091473164075,0.001391804185283757
retrospective,2026092819,maest,sigmoid,log_loss,0.08158770145786226,-0.056376359211169125,0.021828565954797263,-0.07820492516596639,0.0033827762918958726
retrospective,2026092819,maest,temperature,brier,0.033582718916924506,0.0039122261140574766,0.0007216220851475885,0.003190604028909888,0.036773322945834394
retrospective,2026092819,maest,temperature,log_loss,0.08158770145786226,0.010535253183861448,-0.0005241469197392878,0.011059400103600736,0.092647101561463
retrospective,2026092819,maest,conservative,brier,0.033582718916924506,-0.027987963739577237,0.0,-0.027987963739577237,0.005594755177347269
retrospective,2026092819,maest,conservative,log_loss,0.08158770145786226,-0.0689619682194677,0.0,-0.0689619682194677,0.012625733238394554
retrospective,2026092819,maest,blend_min,brier,0.033582718916924506,-0.020308165565166264,0.0026039925812459813,-0.022912158146412245,0.01067056077051226
retrospective,2026092819,maest,blend_min,log_loss,0.08158770145786226,-0.056376359211169125,0.002239506150156112,-0.05861586536132524,0.022971836096537024
retrospective,2026092819,mert_v0,raw,brier,0.044344045334401616,0.0,0.0,0.0,0.044344045334401616
retrospective,2026092819,mert_v0,raw,log_loss,0.11063420055747708,0.0,0.0,0.0,0.11063420055747708
retrospective,2026092819,mert_v0,prior_offset,brier,0.044344045334401616,-0.044194267890614314,0.0,-0.044194267890614314,0.0001497774437873023
retrospective,2026092819,mert_v0,prior_offset,log_loss,0.11063420055747708,-0.11112578342484103,0.0,-0.11112578342484103,-0.0004915828673639488
retrospective,2026092819,mert_v0,intercept,brier,0.044344045334401616,-0.041813649122372065,0.0038971208582265215,-0.04571076998059859,-0.0013667246461969706
retrospective,2026092819,mert_v0,intercept,log_loss,0.11063420055747708,-0.10476527081952669,0.008641298705529099,-0.11340656952505579,-0.002772368967578709
retrospective,2026092819,mert_v0,sigmoid,brier,0.044344045334401616,-0.037055182661334146,0.007027404799642173,-0.04408258746097632,0.00026145787342529703
retrospective,2026092819,mert_v0,sigmoid,log_loss,0.11063420055747708,-0.09422151667522372,0.016043777268061,-0.11026529394328471,0.0003689066141923658
retrospective,2026092819,mert_v0,temperature,brier,0.044344045334401616,0.002841793124739561,0.0001497461162721092,0.002692047008467452,0.04703609234286907
retrospective,2026092819,mert_v0,temperature,log_loss,0.11063420055747708,0.008723215995073308,-0.0002331694529217332,0.008956385447995041,0.11959058600547212
retrospective,2026092819,mert_v0,conservative,brier,0.044344045334401616,-0.03793580892417653,0.0,-0.03793580892417653,0.006408236410225088
retrospective,2026092819,mert_v0,conservative,log_loss,0.11063420055747708,-0.08871270490048994,0.0,-0.08871270490048994,0.021921495656987144
retrospective,2026092819,mert_v0,blend_min,brier,0.044344045334401616,-0.037055182661334146,0.0,-0.037055182661334146,0.00728886267306747
retrospective,2026092819,mert_v0,blend_min,log_loss,0.11063420055747708,-0.09422151667522372,0.0,-0.09422151667522372,0.016412683882253365
retrospective,2026092819,mert_v1,raw,brier,0.04157857450921365,0.0,0.0,0.0,0.04157857450921365
retrospective,2026092819,mert_v1,raw,log_loss,0.10597558329197265,0.0,0.0,0.0,0.10597558329197265
retrospective,2026092819,mert_v1,prior_offset,brier,0.04157857450921365,-0.04069745320255119,0.0,-0.04069745320255119,0.0008811213066624579
retrospective,2026092819,mert_v1,prior_offset,log_loss,0.10597558329197265,-0.10550775411568292,0.0,-0.10550775411568292,0.00046782917628973575
retrospective,2026092819,mert_v1,intercept,brier,0.04157857450921365,-0.03778315618719974,0.004277613649728562,-0.0420607698369283,-0.0004821953277146518
retrospective,2026092819,mert_v1,intercept,log_loss,0.10597558329197265,-0.09665831816837944,0.011000635783403545,-0.10765895395178299,-0.0016833706598103348
retrospective,2026092819,mert_v1,sigmoid,brier,0.04157857450921365,-0.03469589681046936,0.006548688858515256,-0.04124458566898462,0.0003339888402290325
retrospective,2026092819,mert_v1,sigmoid,log_loss,0.10597558329197265,-0.08895774542918633,0.016759947614928328,-0.10571769304411466,0.00025789024785799475
retrospective,2026092819,mert_v1,temperature,brier,0.04157857450921365,0.004545115068939842,0.0005876039288512935,0.003957511140088549,0.0455360856493022
retrospective,2026092819,mert_v1,temperature,log_loss,0.10597558329197265,0.012897417168934444,0.0009304008672103015,0.011967016301724143,0.1179425995936968
retrospective,2026092819,mert_v1,conservative,brier,0.04157857450921365,-0.037154596868680945,0.0,-0.037154596868680945,0.004423977640532706
retrospective,2026092819,mert_v1,conservative,log_loss,0.10597558329197265,-0.08938425321231697,0.0,-0.08938425321231697,0.016591330079655686
retrospective,2026092819,mert_v1,blend_min,brier,0.04157857450921365,-0.03469589681046936,0.0008074245628100496,-0.03550332137327941,0.006075253135934239
retrospective,2026092819,mert_v1,blend_min,log_loss,0.10597558329197265,-0.08895774542918633,0.0020117906477803427,-0.09096953607696667,0.01500604721500598
